[0.023s] Invoking command in '/home/jiaverso/Desktop/SparkCar_ROS2_WS/SparkCar_Perception/build/realsense2_camera_msgs': CMAKE_PREFIX_PATH=${CMAKE_PREFIX_PATH}:/opt/ros/humble /usr/bin/cmake /home/jiaverso/Desktop/SparkCar_ROS2_WS/SparkCar_Perception/src/realsense-ros/realsense2_camera_msgs -DCMAKE_INSTALL_PREFIX=/home/jiaverso/Desktop/SparkCar_ROS2_WS/SparkCar_Perception/install/realsense2_camera_msgs
[0.067s] -- The C compiler identification is GNU 11.4.0
[0.151s] -- The CXX compiler identification is GNU 11.4.0
[0.168s] -- Detecting C compiler ABI info
[0.309s] -- Detecting C compiler ABI info - done
[0.323s] -- Check for working C compiler: /usr/bin/cc - skipped
[0.323s] -- Detecting C compile features
[0.323s] -- Detecting C compile features - done
[0.327s] -- Detecting CXX compiler ABI info
[0.469s] -- Detecting CXX compiler ABI info - done
[0.480s] -- Check for working CXX compiler: /usr/bin/c++ - skipped
[0.481s] -- Detecting CXX compile features
[0.482s] -- Detecting CXX compile features - done
[0.486s] -- Found ament_cmake: 1.3.14 (/opt/ros/humble/share/ament_cmake/cmake)
[0.706s] -- Found Python3: /usr/bin/python3 (found version "3.10.12") found components: Interpreter 
[0.910s] -- Found rosidl_default_generators: 1.2.1 (/opt/ros/humble/share/rosidl_default_generators/cmake)
[0.921s] -- Using all available rosidl_typesupport_c: rosidl_typesupport_fastrtps_c;rosidl_typesupport_introspection_c
[0.941s] -- Found rosidl_adapter: 3.1.9 (/opt/ros/humble/share/rosidl_adapter/cmake)
[1.027s] -- Using all available rosidl_typesupport_cpp: rosidl_typesupport_fastrtps_cpp;rosidl_typesupport_introspection_cpp
[1.118s] -- Found builtin_interfaces: 1.2.3 (/opt/ros/humble/share/builtin_interfaces/cmake)
[1.144s] -- Found std_msgs: 4.9.1 (/opt/ros/humble/share/std_msgs/cmake)
[1.161s] -- Found sensor_msgs: 4.9.1 (/opt/ros/humble/share/sensor_msgs/cmake)
[1.947s] -- Found ament_cmake_cppcheck: 0.12.15 (/opt/ros/humble/share/ament_cmake_cppcheck/cmake)
[1.954s] -- Found ament_cmake_cpplint: 0.12.15 (/opt/ros/humble/share/ament_cmake_cpplint/cmake)
[1.958s] -- Found ament_cmake_uncrustify: 0.12.15 (/opt/ros/humble/share/ament_cmake_uncrustify/cmake)
[1.962s] -- Found ament_cmake_ros: 0.10.0 (/opt/ros/humble/share/ament_cmake_ros/cmake)
[2.603s] -- Using all available rosidl_typesupport_c: rosidl_typesupport_fastrtps_c;rosidl_typesupport_introspection_c
[3.152s] -- Using all available rosidl_typesupport_cpp: rosidl_typesupport_fastrtps_cpp;rosidl_typesupport_introspection_cpp
[3.178s] -- Found PythonInterp: /usr/bin/python3 (found suitable version "3.10.12", minimum required is "3.6") 
[3.180s] -- Found python_cmake_module: 0.10.0 (/opt/ros/humble/share/python_cmake_module/cmake)
[3.214s] -- Found PythonLibs: /usr/lib/x86_64-linux-gnu/libpython3.10.so (found suitable version "3.10.12", minimum required is "3.5") 
[3.214s] -- Using PYTHON_EXECUTABLE: /usr/bin/python3
[3.214s] -- Using PYTHON_INCLUDE_DIRS: /usr/include/python3.10
[3.214s] -- Using PYTHON_LIBRARIES: /usr/lib/x86_64-linux-gnu/libpython3.10.so
[3.239s] -- Found PythonExtra: .so  
[3.393s] -- Found ament_cmake_flake8: 0.12.15 (/opt/ros/humble/share/ament_cmake_flake8/cmake)
[3.398s] -- Found ament_cmake_pep257: 0.12.15 (/opt/ros/humble/share/ament_cmake_pep257/cmake)
[3.613s] -- Configuring done
[3.793s] -- Generating done
[3.815s] -- Build files have been written to: /home/jiaverso/Desktop/SparkCar_ROS2_WS/SparkCar_Perception/build/realsense2_camera_msgs
[3.835s] Invoked command in '/home/jiaverso/Desktop/SparkCar_ROS2_WS/SparkCar_Perception/build/realsense2_camera_msgs' returned '0': CMAKE_PREFIX_PATH=${CMAKE_PREFIX_PATH}:/opt/ros/humble /usr/bin/cmake /home/jiaverso/Desktop/SparkCar_ROS2_WS/SparkCar_Perception/src/realsense-ros/realsense2_camera_msgs -DCMAKE_INSTALL_PREFIX=/home/jiaverso/Desktop/SparkCar_ROS2_WS/SparkCar_Perception/install/realsense2_camera_msgs
[3.837s] Invoking command in '/home/jiaverso/Desktop/SparkCar_ROS2_WS/SparkCar_Perception/build/realsense2_camera_msgs': CMAKE_PREFIX_PATH=${CMAKE_PREFIX_PATH}:/opt/ros/humble /usr/bin/cmake --build /home/jiaverso/Desktop/SparkCar_ROS2_WS/SparkCar_Perception/build/realsense2_camera_msgs -- -j8 -l8
[3.916s] [  2%] [34m[1mGenerating Rust code for ROS interfaces[0m
[3.917s] [  2%] [34m[1mGenerating C code for ROS interfaces[0m
[3.937s] [  2%] [34m[1mGenerating C++ code for ROS interfaces[0m
[3.970s] [  2%] Built target ament_cmake_python_copy_realsense2_camera_msgs
[4.702s] running egg_info
[4.704s] creating realsense2_camera_msgs.egg-info
[4.706s] writing realsense2_camera_msgs.egg-info/PKG-INFO
[4.707s] writing dependency_links to realsense2_camera_msgs.egg-info/dependency_links.txt
[4.708s] writing top-level names to realsense2_camera_msgs.egg-info/top_level.txt
[4.710s] writing manifest file 'realsense2_camera_msgs.egg-info/SOURCES.txt'
[4.718s] reading manifest file 'realsense2_camera_msgs.egg-info/SOURCES.txt'
[4.724s] writing manifest file 'realsense2_camera_msgs.egg-info/SOURCES.txt'
[4.843s] [  2%] Built target ament_cmake_python_build_realsense2_camera_msgs_egg
[5.084s] [  2%] Built target realsense2_camera_msgs__rs
[6.821s] [  2%] Built target realsense2_camera_msgs__cpp
[6.834s] [  3%] [34m[1mGenerating C++ type support for eProsima Fast-RTPS[0m
[6.834s] [  4%] [34m[1mGenerating C++ introspection for ROS interfaces[0m
[6.834s] [  5%] [34m[1mGenerating C++ type support dispatch for ROS interfaces[0m
[8.053s] [  5%] [32mBuilding C object CMakeFiles/realsense2_camera_msgs__rosidl_generator_c.dir/rosidl_generator_c/realsense2_camera_msgs/msg/detail/imu_info__functions.c.o[0m
[8.056s] [  5%] [32mBuilding C object CMakeFiles/realsense2_camera_msgs__rosidl_generator_c.dir/rosidl_generator_c/realsense2_camera_msgs/msg/detail/rgbd__functions.c.o[0m
[8.056s] [  6%] [32mBuilding C object CMakeFiles/realsense2_camera_msgs__rosidl_generator_c.dir/rosidl_generator_c/realsense2_camera_msgs/srv/detail/device_info__functions.c.o[0m
[8.078s] [  8%] [32mBuilding C object CMakeFiles/realsense2_camera_msgs__rosidl_generator_c.dir/rosidl_generator_c/realsense2_camera_msgs/msg/detail/metadata__functions.c.o[0m
[8.078s] [  8%] [32mBuilding C object CMakeFiles/realsense2_camera_msgs__rosidl_generator_c.dir/rosidl_generator_c/realsense2_camera_msgs/msg/detail/extrinsics__functions.c.o[0m
[8.195s] [  9%] [32mBuilding C object CMakeFiles/realsense2_camera_msgs__rosidl_generator_c.dir/rosidl_generator_c/realsense2_camera_msgs/srv/detail/safety_preset_read__functions.c.o[0m
[8.206s] [ 10%] [32mBuilding C object CMakeFiles/realsense2_camera_msgs__rosidl_generator_c.dir/rosidl_generator_c/realsense2_camera_msgs/srv/detail/safety_interface_config_read__functions.c.o[0m
[8.216s] [ 10%] [32mBuilding C object CMakeFiles/realsense2_camera_msgs__rosidl_generator_c.dir/rosidl_generator_c/realsense2_camera_msgs/srv/detail/safety_preset_write__functions.c.o[0m
[8.235s] [ 11%] [32mBuilding C object CMakeFiles/realsense2_camera_msgs__rosidl_generator_c.dir/rosidl_generator_c/realsense2_camera_msgs/srv/detail/safety_interface_config_write__functions.c.o[0m
[8.251s] [ 12%] [32mBuilding C object CMakeFiles/realsense2_camera_msgs__rosidl_generator_c.dir/rosidl_generator_c/realsense2_camera_msgs/srv/detail/calib_config_read__functions.c.o[0m
[8.305s] [ 12%] [32mBuilding C object CMakeFiles/realsense2_camera_msgs__rosidl_generator_c.dir/rosidl_generator_c/realsense2_camera_msgs/srv/detail/calib_config_write__functions.c.o[0m
[8.332s] [ 13%] [32mBuilding C object CMakeFiles/realsense2_camera_msgs__rosidl_generator_c.dir/rosidl_generator_c/realsense2_camera_msgs/srv/detail/application_config_read__functions.c.o[0m
[8.400s] [ 14%] [32mBuilding C object CMakeFiles/realsense2_camera_msgs__rosidl_generator_c.dir/rosidl_generator_c/realsense2_camera_msgs/srv/detail/application_config_write__functions.c.o[0m
[8.415s] [ 14%] [32mBuilding C object CMakeFiles/realsense2_camera_msgs__rosidl_generator_c.dir/rosidl_generator_c/realsense2_camera_msgs/srv/detail/hardware_monitor_command_send__functions.c.o[0m
[8.417s] [ 15%] [32mBuilding C object CMakeFiles/realsense2_camera_msgs__rosidl_generator_c.dir/rosidl_generator_c/realsense2_camera_msgs/action/detail/triggered_calibration__functions.c.o[0m
[8.481s] [ 16%] [32mBuilding CXX object CMakeFiles/realsense2_camera_msgs__rosidl_typesupport_cpp.dir/rosidl_typesupport_cpp/realsense2_camera_msgs/msg/extrinsics__type_support.cpp.o[0m
[8.482s] [ 16%] [32mBuilding CXX object CMakeFiles/realsense2_camera_msgs__rosidl_typesupport_cpp.dir/rosidl_typesupport_cpp/realsense2_camera_msgs/msg/imu_info__type_support.cpp.o[0m
[8.495s] [ 17%] [32mBuilding CXX object CMakeFiles/realsense2_camera_msgs__rosidl_typesupport_cpp.dir/rosidl_typesupport_cpp/realsense2_camera_msgs/msg/metadata__type_support.cpp.o[0m
[8.580s] [ 17%] [32mBuilding CXX object CMakeFiles/realsense2_camera_msgs__rosidl_typesupport_cpp.dir/rosidl_typesupport_cpp/realsense2_camera_msgs/msg/rgbd__type_support.cpp.o[0m
[8.625s] [ 18%] [32m[1mLinking C shared library librealsense2_camera_msgs__rosidl_generator_c.so[0m
[8.635s] [ 19%] [32mBuilding CXX object CMakeFiles/realsense2_camera_msgs__rosidl_typesupport_cpp.dir/rosidl_typesupport_cpp/realsense2_camera_msgs/srv/device_info__type_support.cpp.o[0m
[8.733s] [ 19%] Built target realsense2_camera_msgs__rosidl_generator_c
[8.753s] [ 20%] [32mBuilding CXX object CMakeFiles/realsense2_camera_msgs__rosidl_typesupport_cpp.dir/rosidl_typesupport_cpp/realsense2_camera_msgs/srv/safety_preset_read__type_support.cpp.o[0m
[8.990s] [ 21%] [34m[1mGenerating C type support for eProsima Fast-RTPS[0m
[9.097s] [ 22%] [32mBuilding CXX object CMakeFiles/realsense2_camera_msgs__rosidl_typesupport_cpp.dir/rosidl_typesupport_cpp/realsense2_camera_msgs/srv/safety_preset_write__type_support.cpp.o[0m
[9.144s] [ 22%] [32mBuilding CXX object CMakeFiles/realsense2_camera_msgs__rosidl_typesupport_introspection_cpp.dir/rosidl_typesupport_introspection_cpp/realsense2_camera_msgs/msg/detail/imu_info__type_support.cpp.o[0m
[9.302s] [ 23%] [34m[1mGenerating C introspection for ROS interfaces[0m
[9.560s] [ 24%] [34m[1mGenerating C type support dispatch for ROS interfaces[0m
[9.695s] [ 24%] [32mBuilding CXX object CMakeFiles/realsense2_camera_msgs__rosidl_typesupport_fastrtps_cpp.dir/rosidl_typesupport_fastrtps_cpp/realsense2_camera_msgs/msg/detail/dds_fastrtps/imu_info__type_support.cpp.o[0m
[9.754s] [ 25%] [32mBuilding CXX object CMakeFiles/realsense2_camera_msgs__rosidl_typesupport_fastrtps_cpp.dir/rosidl_typesupport_fastrtps_cpp/realsense2_camera_msgs/msg/detail/dds_fastrtps/extrinsics__type_support.cpp.o[0m
[9.858s] [ 26%] [32mBuilding CXX object CMakeFiles/realsense2_camera_msgs__rosidl_typesupport_introspection_cpp.dir/rosidl_typesupport_introspection_cpp/realsense2_camera_msgs/msg/detail/extrinsics__type_support.cpp.o[0m
[9.878s] [ 27%] [32mBuilding CXX object CMakeFiles/realsense2_camera_msgs__rosidl_typesupport_introspection_cpp.dir/rosidl_typesupport_introspection_cpp/realsense2_camera_msgs/msg/detail/metadata__type_support.cpp.o[0m
[10.003s] [ 27%] [32mBuilding CXX object CMakeFiles/realsense2_camera_msgs__rosidl_typesupport_cpp.dir/rosidl_typesupport_cpp/realsense2_camera_msgs/srv/safety_interface_config_read__type_support.cpp.o[0m
[10.694s] [ 28%] [32mBuilding CXX object CMakeFiles/realsense2_camera_msgs__rosidl_typesupport_cpp.dir/rosidl_typesupport_cpp/realsense2_camera_msgs/srv/safety_interface_config_write__type_support.cpp.o[0m
[10.818s] [ 28%] [32mBuilding CXX object CMakeFiles/realsense2_camera_msgs__rosidl_typesupport_introspection_cpp.dir/rosidl_typesupport_introspection_cpp/realsense2_camera_msgs/msg/detail/rgbd__type_support.cpp.o[0m
[10.989s] [ 29%] [32mBuilding CXX object CMakeFiles/realsense2_camera_msgs__rosidl_typesupport_introspection_cpp.dir/rosidl_typesupport_introspection_cpp/realsense2_camera_msgs/srv/detail/device_info__type_support.cpp.o[0m
[11.078s] [ 30%] [32mBuilding CXX object CMakeFiles/realsense2_camera_msgs__rosidl_typesupport_fastrtps_cpp.dir/rosidl_typesupport_fastrtps_cpp/realsense2_camera_msgs/msg/detail/dds_fastrtps/metadata__type_support.cpp.o[0m
[11.092s] [ 31%] [32mBuilding CXX object CMakeFiles/realsense2_camera_msgs__rosidl_typesupport_cpp.dir/rosidl_typesupport_cpp/realsense2_camera_msgs/srv/calib_config_read__type_support.cpp.o[0m
[11.163s] [ 31%] [32mBuilding CXX object CMakeFiles/realsense2_camera_msgs__rosidl_typesupport_fastrtps_cpp.dir/rosidl_typesupport_fastrtps_cpp/realsense2_camera_msgs/msg/detail/dds_fastrtps/rgbd__type_support.cpp.o[0m
[11.686s] [ 32%] [32mBuilding CXX object CMakeFiles/realsense2_camera_msgs__rosidl_typesupport_fastrtps_cpp.dir/rosidl_typesupport_fastrtps_cpp/realsense2_camera_msgs/srv/detail/dds_fastrtps/device_info__type_support.cpp.o[0m
[11.779s] [ 32%] [32mBuilding CXX object CMakeFiles/realsense2_camera_msgs__rosidl_typesupport_cpp.dir/rosidl_typesupport_cpp/realsense2_camera_msgs/srv/calib_config_write__type_support.cpp.o[0m
[11.887s] [ 32%] [32mBuilding CXX object CMakeFiles/realsense2_camera_msgs__rosidl_typesupport_c.dir/rosidl_typesupport_c/realsense2_camera_msgs/msg/imu_info__type_support.cpp.o[0m
[11.914s] [ 32%] [32mBuilding CXX object CMakeFiles/realsense2_camera_msgs__rosidl_typesupport_fastrtps_c.dir/rosidl_typesupport_fastrtps_c/realsense2_camera_msgs/msg/detail/imu_info__type_support_c.cpp.o[0m
[11.959s] [ 33%] [32mBuilding CXX object CMakeFiles/realsense2_camera_msgs__rosidl_typesupport_c.dir/rosidl_typesupport_c/realsense2_camera_msgs/msg/extrinsics__type_support.cpp.o[0m
[12.011s] [ 34%] [32mBuilding CXX object CMakeFiles/realsense2_camera_msgs__rosidl_typesupport_c.dir/rosidl_typesupport_c/realsense2_camera_msgs/msg/metadata__type_support.cpp.o[0m
[12.081s] [ 34%] [32mBuilding CXX object CMakeFiles/realsense2_camera_msgs__rosidl_typesupport_c.dir/rosidl_typesupport_c/realsense2_camera_msgs/msg/rgbd__type_support.cpp.o[0m
[12.160s] [ 35%] [32mBuilding CXX object CMakeFiles/realsense2_camera_msgs__rosidl_typesupport_c.dir/rosidl_typesupport_c/realsense2_camera_msgs/srv/device_info__type_support.cpp.o[0m
[12.182s] [ 36%] [32mBuilding CXX object CMakeFiles/realsense2_camera_msgs__rosidl_typesupport_c.dir/rosidl_typesupport_c/realsense2_camera_msgs/srv/safety_preset_read__type_support.cpp.o[0m
[12.235s] [ 37%] [32mBuilding CXX object CMakeFiles/realsense2_camera_msgs__rosidl_typesupport_cpp.dir/rosidl_typesupport_cpp/realsense2_camera_msgs/srv/application_config_read__type_support.cpp.o[0m
[12.249s] [ 37%] [32mBuilding CXX object CMakeFiles/realsense2_camera_msgs__rosidl_typesupport_c.dir/rosidl_typesupport_c/realsense2_camera_msgs/srv/safety_preset_write__type_support.cpp.o[0m
[12.283s] [ 38%] [32mBuilding CXX object CMakeFiles/realsense2_camera_msgs__rosidl_typesupport_cpp.dir/rosidl_typesupport_cpp/realsense2_camera_msgs/srv/application_config_write__type_support.cpp.o[0m
[12.345s] [ 39%] [32mBuilding CXX object CMakeFiles/realsense2_camera_msgs__rosidl_typesupport_c.dir/rosidl_typesupport_c/realsense2_camera_msgs/srv/safety_interface_config_read__type_support.cpp.o[0m
[12.377s] [ 40%] [32mBuilding CXX object CMakeFiles/realsense2_camera_msgs__rosidl_typesupport_fastrtps_cpp.dir/rosidl_typesupport_fastrtps_cpp/realsense2_camera_msgs/srv/detail/dds_fastrtps/safety_preset_read__type_support.cpp.o[0m
[12.422s] [ 41%] [32mBuilding CXX object CMakeFiles/realsense2_camera_msgs__rosidl_typesupport_c.dir/rosidl_typesupport_c/realsense2_camera_msgs/srv/safety_interface_config_write__type_support.cpp.o[0m
[12.482s] [ 41%] [32mBuilding CXX object CMakeFiles/realsense2_camera_msgs__rosidl_typesupport_c.dir/rosidl_typesupport_c/realsense2_camera_msgs/srv/calib_config_read__type_support.cpp.o[0m
[12.502s] [ 42%] [32mBuilding CXX object CMakeFiles/realsense2_camera_msgs__rosidl_typesupport_fastrtps_cpp.dir/rosidl_typesupport_fastrtps_cpp/realsense2_camera_msgs/srv/detail/dds_fastrtps/safety_preset_write__type_support.cpp.o[0m
[12.574s] [ 43%] [32mBuilding CXX object CMakeFiles/realsense2_camera_msgs__rosidl_typesupport_c.dir/rosidl_typesupport_c/realsense2_camera_msgs/srv/calib_config_write__type_support.cpp.o[0m
[12.670s] [ 44%] [32mBuilding CXX object CMakeFiles/realsense2_camera_msgs__rosidl_typesupport_c.dir/rosidl_typesupport_c/realsense2_camera_msgs/srv/application_config_read__type_support.cpp.o[0m
[12.704s] [ 45%] [32mBuilding CXX object CMakeFiles/realsense2_camera_msgs__rosidl_typesupport_introspection_cpp.dir/rosidl_typesupport_introspection_cpp/realsense2_camera_msgs/srv/detail/safety_preset_read__type_support.cpp.o[0m
[12.741s] [ 46%] [32mBuilding CXX object CMakeFiles/realsense2_camera_msgs__rosidl_typesupport_c.dir/rosidl_typesupport_c/realsense2_camera_msgs/srv/application_config_write__type_support.cpp.o[0m
[12.743s] [ 47%] [32mBuilding CXX object CMakeFiles/realsense2_camera_msgs__rosidl_typesupport_introspection_cpp.dir/rosidl_typesupport_introspection_cpp/realsense2_camera_msgs/srv/detail/safety_preset_write__type_support.cpp.o[0m
[12.760s] [ 48%] [32mBuilding CXX object CMakeFiles/realsense2_camera_msgs__rosidl_typesupport_fastrtps_c.dir/rosidl_typesupport_fastrtps_c/realsense2_camera_msgs/msg/detail/extrinsics__type_support_c.cpp.o[0m
[12.800s] [ 48%] [32mBuilding CXX object CMakeFiles/realsense2_camera_msgs__rosidl_typesupport_c.dir/rosidl_typesupport_c/realsense2_camera_msgs/srv/hardware_monitor_command_send__type_support.cpp.o[0m
[12.850s] [ 48%] [32mBuilding CXX object CMakeFiles/realsense2_camera_msgs__rosidl_typesupport_cpp.dir/rosidl_typesupport_cpp/realsense2_camera_msgs/srv/hardware_monitor_command_send__type_support.cpp.o[0m
[12.889s] [ 49%] [32mBuilding CXX object CMakeFiles/realsense2_camera_msgs__rosidl_typesupport_c.dir/rosidl_typesupport_c/realsense2_camera_msgs/action/triggered_calibration__type_support.cpp.o[0m
[13.011s] [ 50%] [32m[1mLinking CXX shared library librealsense2_camera_msgs__rosidl_typesupport_c.so[0m
[13.102s] [ 50%] Built target realsense2_camera_msgs__rosidl_typesupport_c
[13.128s] [ 50%] [32mBuilding CXX object CMakeFiles/realsense2_camera_msgs__rosidl_typesupport_introspection_cpp.dir/rosidl_typesupport_introspection_cpp/realsense2_camera_msgs/srv/detail/safety_interface_config_read__type_support.cpp.o[0m
[13.276s] [ 51%] [32mBuilding CXX object CMakeFiles/realsense2_camera_msgs__rosidl_typesupport_fastrtps_c.dir/rosidl_typesupport_fastrtps_c/realsense2_camera_msgs/msg/detail/metadata__type_support_c.cpp.o[0m
[13.326s] [ 52%] [32mBuilding CXX object CMakeFiles/realsense2_camera_msgs__rosidl_typesupport_cpp.dir/rosidl_typesupport_cpp/realsense2_camera_msgs/action/triggered_calibration__type_support.cpp.o[0m
[13.326s] [ 52%] [32mBuilding CXX object CMakeFiles/realsense2_camera_msgs__rosidl_typesupport_fastrtps_cpp.dir/rosidl_typesupport_fastrtps_cpp/realsense2_camera_msgs/srv/detail/dds_fastrtps/safety_interface_config_read__type_support.cpp.o[0m
[13.366s] [ 53%] [32mBuilding CXX object CMakeFiles/realsense2_camera_msgs__rosidl_typesupport_introspection_cpp.dir/rosidl_typesupport_introspection_cpp/realsense2_camera_msgs/srv/detail/safety_interface_config_write__type_support.cpp.o[0m
[13.470s] [ 53%] [32mBuilding CXX object CMakeFiles/realsense2_camera_msgs__rosidl_typesupport_fastrtps_c.dir/rosidl_typesupport_fastrtps_c/realsense2_camera_msgs/msg/detail/rgbd__type_support_c.cpp.o[0m
[13.558s] [ 53%] [32mBuilding C object CMakeFiles/realsense2_camera_msgs__rosidl_typesupport_introspection_c.dir/rosidl_typesupport_introspection_c/realsense2_camera_msgs/msg/detail/imu_info__type_support.c.o[0m
[13.616s] [ 54%] [32mBuilding CXX object CMakeFiles/realsense2_camera_msgs__rosidl_typesupport_introspection_cpp.dir/rosidl_typesupport_introspection_cpp/realsense2_camera_msgs/srv/detail/calib_config_read__type_support.cpp.o[0m
[13.665s] [ 55%] [32mBuilding C object CMakeFiles/realsense2_camera_msgs__rosidl_typesupport_introspection_c.dir/rosidl_typesupport_introspection_c/realsense2_camera_msgs/msg/detail/extrinsics__type_support.c.o[0m
[13.735s] [ 56%] [32mBuilding CXX object CMakeFiles/realsense2_camera_msgs__rosidl_typesupport_fastrtps_c.dir/rosidl_typesupport_fastrtps_c/realsense2_camera_msgs/srv/detail/device_info__type_support_c.cpp.o[0m
[13.764s] [ 57%] [32mBuilding C object CMakeFiles/realsense2_camera_msgs__rosidl_typesupport_introspection_c.dir/rosidl_typesupport_introspection_c/realsense2_camera_msgs/msg/detail/metadata__type_support.c.o[0m
[13.839s] [ 57%] [32mBuilding C object CMakeFiles/realsense2_camera_msgs__rosidl_typesupport_introspection_c.dir/rosidl_typesupport_introspection_c/realsense2_camera_msgs/msg/detail/rgbd__type_support.c.o[0m
[13.921s] [ 58%] [32mBuilding C object CMakeFiles/realsense2_camera_msgs__rosidl_typesupport_introspection_c.dir/rosidl_typesupport_introspection_c/realsense2_camera_msgs/srv/detail/device_info__type_support.c.o[0m
[13.974s] [ 59%] [32m[1mLinking CXX shared library librealsense2_camera_msgs__rosidl_typesupport_cpp.so[0m
[14.042s] [ 60%] [32mBuilding C object CMakeFiles/realsense2_camera_msgs__rosidl_typesupport_introspection_c.dir/rosidl_typesupport_introspection_c/realsense2_camera_msgs/srv/detail/safety_preset_read__type_support.c.o[0m
[14.056s] [ 61%] [32mBuilding CXX object CMakeFiles/realsense2_camera_msgs__rosidl_typesupport_fastrtps_c.dir/rosidl_typesupport_fastrtps_c/realsense2_camera_msgs/srv/detail/safety_preset_read__type_support_c.cpp.o[0m
[14.090s] [ 61%] Built target realsense2_camera_msgs__rosidl_typesupport_cpp
[14.108s] [ 61%] [32mBuilding CXX object CMakeFiles/realsense2_camera_msgs__rosidl_typesupport_introspection_cpp.dir/rosidl_typesupport_introspection_cpp/realsense2_camera_msgs/srv/detail/calib_config_write__type_support.cpp.o[0m
[14.126s] [ 61%] [32mBuilding C object CMakeFiles/realsense2_camera_msgs__rosidl_typesupport_introspection_c.dir/rosidl_typesupport_introspection_c/realsense2_camera_msgs/srv/detail/safety_preset_write__type_support.c.o[0m
[14.163s] [ 62%] [32mBuilding CXX object CMakeFiles/realsense2_camera_msgs__rosidl_typesupport_fastrtps_cpp.dir/rosidl_typesupport_fastrtps_cpp/realsense2_camera_msgs/srv/detail/dds_fastrtps/safety_interface_config_write__type_support.cpp.o[0m
[14.164s] [ 63%] [32mBuilding C object CMakeFiles/realsense2_camera_msgs__rosidl_typesupport_introspection_c.dir/rosidl_typesupport_introspection_c/realsense2_camera_msgs/srv/detail/safety_interface_config_read__type_support.c.o[0m
[14.188s] [ 64%] [32mBuilding CXX object CMakeFiles/realsense2_camera_msgs__rosidl_typesupport_introspection_cpp.dir/rosidl_typesupport_introspection_cpp/realsense2_camera_msgs/srv/detail/application_config_read__type_support.cpp.o[0m
[14.193s] [ 65%] [32mBuilding CXX object CMakeFiles/realsense2_camera_msgs__rosidl_typesupport_introspection_cpp.dir/rosidl_typesupport_introspection_cpp/realsense2_camera_msgs/srv/detail/application_config_write__type_support.cpp.o[0m
[14.226s] [ 66%] [32mBuilding C object CMakeFiles/realsense2_camera_msgs__rosidl_typesupport_introspection_c.dir/rosidl_typesupport_introspection_c/realsense2_camera_msgs/srv/detail/safety_interface_config_write__type_support.c.o[0m
[14.301s] [ 66%] [32mBuilding C object CMakeFiles/realsense2_camera_msgs__rosidl_typesupport_introspection_c.dir/rosidl_typesupport_introspection_c/realsense2_camera_msgs/srv/detail/calib_config_read__type_support.c.o[0m
[14.394s] [ 67%] [32mBuilding C object CMakeFiles/realsense2_camera_msgs__rosidl_typesupport_introspection_c.dir/rosidl_typesupport_introspection_c/realsense2_camera_msgs/srv/detail/calib_config_write__type_support.c.o[0m
[14.407s] [ 67%] [32mBuilding CXX object CMakeFiles/realsense2_camera_msgs__rosidl_typesupport_fastrtps_c.dir/rosidl_typesupport_fastrtps_c/realsense2_camera_msgs/srv/detail/safety_preset_write__type_support_c.cpp.o[0m
[14.426s] [ 68%] [32mBuilding CXX object CMakeFiles/realsense2_camera_msgs__rosidl_typesupport_fastrtps_cpp.dir/rosidl_typesupport_fastrtps_cpp/realsense2_camera_msgs/srv/detail/dds_fastrtps/calib_config_read__type_support.cpp.o[0m
[14.494s] [ 69%] [32mBuilding C object CMakeFiles/realsense2_camera_msgs__rosidl_typesupport_introspection_c.dir/rosidl_typesupport_introspection_c/realsense2_camera_msgs/srv/detail/application_config_read__type_support.c.o[0m
[14.584s] [ 70%] [32mBuilding C object CMakeFiles/realsense2_camera_msgs__rosidl_typesupport_introspection_c.dir/rosidl_typesupport_introspection_c/realsense2_camera_msgs/srv/detail/application_config_write__type_support.c.o[0m
[14.600s] [ 70%] [32mBuilding CXX object CMakeFiles/realsense2_camera_msgs__rosidl_typesupport_introspection_cpp.dir/rosidl_typesupport_introspection_cpp/realsense2_camera_msgs/srv/detail/hardware_monitor_command_send__type_support.cpp.o[0m
[14.682s] [ 71%] [32mBuilding CXX object CMakeFiles/realsense2_camera_msgs__rosidl_typesupport_introspection_cpp.dir/rosidl_typesupport_introspection_cpp/realsense2_camera_msgs/action/detail/triggered_calibration__type_support.cpp.o[0m
[14.704s] [ 71%] [32mBuilding C object CMakeFiles/realsense2_camera_msgs__rosidl_typesupport_introspection_c.dir/rosidl_typesupport_introspection_c/realsense2_camera_msgs/srv/detail/hardware_monitor_command_send__type_support.c.o[0m
[14.784s] [ 72%] [32mBuilding C object CMakeFiles/realsense2_camera_msgs__rosidl_typesupport_introspection_c.dir/rosidl_typesupport_introspection_c/realsense2_camera_msgs/action/detail/triggered_calibration__type_support.c.o[0m
[14.835s] [ 72%] [32mBuilding CXX object CMakeFiles/realsense2_camera_msgs__rosidl_typesupport_fastrtps_cpp.dir/rosidl_typesupport_fastrtps_cpp/realsense2_camera_msgs/srv/detail/dds_fastrtps/calib_config_write__type_support.cpp.o[0m
[14.869s] [ 73%] [32m[1mLinking C shared library librealsense2_camera_msgs__rosidl_typesupport_introspection_c.so[0m
[14.875s] [ 74%] [32mBuilding CXX object CMakeFiles/realsense2_camera_msgs__rosidl_typesupport_fastrtps_c.dir/rosidl_typesupport_fastrtps_c/realsense2_camera_msgs/srv/detail/safety_interface_config_read__type_support_c.cpp.o[0m
[14.939s] [ 75%] [32mBuilding CXX object CMakeFiles/realsense2_camera_msgs__rosidl_typesupport_fastrtps_cpp.dir/rosidl_typesupport_fastrtps_cpp/realsense2_camera_msgs/srv/detail/dds_fastrtps/application_config_read__type_support.cpp.o[0m
[14.946s] [ 75%] Built target realsense2_camera_msgs__rosidl_typesupport_introspection_c
[14.986s] [ 76%] [32mBuilding CXX object CMakeFiles/realsense2_camera_msgs__rosidl_typesupport_fastrtps_cpp.dir/rosidl_typesupport_fastrtps_cpp/realsense2_camera_msgs/srv/detail/dds_fastrtps/application_config_write__type_support.cpp.o[0m
[15.275s] [ 77%] [32mBuilding CXX object CMakeFiles/realsense2_camera_msgs__rosidl_typesupport_fastrtps_c.dir/rosidl_typesupport_fastrtps_c/realsense2_camera_msgs/srv/detail/safety_interface_config_write__type_support_c.cpp.o[0m
[15.383s] [ 77%] [32mBuilding CXX object CMakeFiles/realsense2_camera_msgs__rosidl_typesupport_fastrtps_cpp.dir/rosidl_typesupport_fastrtps_cpp/realsense2_camera_msgs/srv/detail/dds_fastrtps/hardware_monitor_command_send__type_support.cpp.o[0m
[15.390s] [ 78%] [32mBuilding CXX object CMakeFiles/realsense2_camera_msgs__rosidl_typesupport_fastrtps_cpp.dir/rosidl_typesupport_fastrtps_cpp/realsense2_camera_msgs/action/detail/dds_fastrtps/triggered_calibration__type_support.cpp.o[0m
[15.486s] [ 78%] [32mBuilding CXX object CMakeFiles/realsense2_camera_msgs__rosidl_typesupport_fastrtps_c.dir/rosidl_typesupport_fastrtps_c/realsense2_camera_msgs/srv/detail/calib_config_read__type_support_c.cpp.o[0m
[15.584s] [ 79%] [32mBuilding CXX object CMakeFiles/realsense2_camera_msgs__rosidl_typesupport_fastrtps_c.dir/rosidl_typesupport_fastrtps_c/realsense2_camera_msgs/srv/detail/calib_config_write__type_support_c.cpp.o[0m
[15.726s] [ 80%] [32m[1mLinking CXX shared library librealsense2_camera_msgs__rosidl_typesupport_introspection_cpp.so[0m
[15.824s] [ 81%] [32mBuilding CXX object CMakeFiles/realsense2_camera_msgs__rosidl_typesupport_fastrtps_c.dir/rosidl_typesupport_fastrtps_c/realsense2_camera_msgs/srv/detail/application_config_read__type_support_c.cpp.o[0m
[15.879s] [ 82%] [32mBuilding CXX object CMakeFiles/realsense2_camera_msgs__rosidl_typesupport_fastrtps_c.dir/rosidl_typesupport_fastrtps_c/realsense2_camera_msgs/srv/detail/application_config_write__type_support_c.cpp.o[0m
[15.974s] [ 82%] Built target realsense2_camera_msgs__rosidl_typesupport_introspection_cpp
[16.005s] [ 82%] [32mBuilding CXX object CMakeFiles/realsense2_camera_msgs__rosidl_typesupport_fastrtps_c.dir/rosidl_typesupport_fastrtps_c/realsense2_camera_msgs/srv/detail/hardware_monitor_command_send__type_support_c.cpp.o[0m
[16.023s] [ 83%] [32mBuilding CXX object CMakeFiles/realsense2_camera_msgs__rosidl_typesupport_fastrtps_c.dir/rosidl_typesupport_fastrtps_c/realsense2_camera_msgs/action/detail/triggered_calibration__type_support_c.cpp.o[0m
[16.401s] [ 84%] [32m[1mLinking CXX shared library librealsense2_camera_msgs__rosidl_typesupport_fastrtps_cpp.so[0m
[16.495s] [ 84%] Built target realsense2_camera_msgs__rosidl_typesupport_fastrtps_cpp
[16.515s] [ 85%] [32m[1mLinking CXX shared library librealsense2_camera_msgs__rosidl_typesupport_fastrtps_c.so[0m
[16.594s] [ 85%] Built target realsense2_camera_msgs__rosidl_typesupport_fastrtps_c
[16.611s] [ 85%] Built target realsense2_camera_msgs
[16.627s] [ 86%] [34m[1mGenerating Python code for ROS interfaces[0m
[19.005s] [ 86%] Built target realsense2_camera_msgs__py
[19.026s] [ 86%] [32mBuilding C object CMakeFiles/realsense2_camera_msgs__rosidl_generator_py.dir/rosidl_generator_py/realsense2_camera_msgs/msg/_imu_info_s.c.o[0m
[19.026s] [ 87%] [32mBuilding C object CMakeFiles/realsense2_camera_msgs__rosidl_generator_py.dir/rosidl_generator_py/realsense2_camera_msgs/msg/_extrinsics_s.c.o[0m
[19.029s] [ 88%] [32mBuilding C object CMakeFiles/realsense2_camera_msgs__rosidl_generator_py.dir/rosidl_generator_py/realsense2_camera_msgs/srv/_safety_preset_read_s.c.o[0m
[19.029s] [ 89%] [32mBuilding C object CMakeFiles/realsense2_camera_msgs__rosidl_generator_py.dir/rosidl_generator_py/realsense2_camera_msgs/srv/_safety_preset_write_s.c.o[0m
[19.033s] [ 90%] [32mBuilding C object CMakeFiles/realsense2_camera_msgs__rosidl_generator_py.dir/rosidl_generator_py/realsense2_camera_msgs/srv/_device_info_s.c.o[0m
[19.034s] [ 91%] [32mBuilding C object CMakeFiles/realsense2_camera_msgs__rosidl_generator_py.dir/rosidl_generator_py/realsense2_camera_msgs/msg/_metadata_s.c.o[0m
[19.035s] [ 91%] [32mBuilding C object CMakeFiles/realsense2_camera_msgs__rosidl_generator_py.dir/rosidl_generator_py/realsense2_camera_msgs/srv/_safety_interface_config_read_s.c.o[0m
[19.039s] [ 91%] [32mBuilding C object CMakeFiles/realsense2_camera_msgs__rosidl_generator_py.dir/rosidl_generator_py/realsense2_camera_msgs/msg/_rgbd_s.c.o[0m
[19.182s] [ 92%] [32mBuilding C object CMakeFiles/realsense2_camera_msgs__rosidl_generator_py.dir/rosidl_generator_py/realsense2_camera_msgs/srv/_safety_interface_config_write_s.c.o[0m
[19.192s] [ 93%] [32mBuilding C object CMakeFiles/realsense2_camera_msgs__rosidl_generator_py.dir/rosidl_generator_py/realsense2_camera_msgs/srv/_calib_config_read_s.c.o[0m
[19.198s] [ 94%] [32mBuilding C object CMakeFiles/realsense2_camera_msgs__rosidl_generator_py.dir/rosidl_generator_py/realsense2_camera_msgs/srv/_application_config_read_s.c.o[0m
[19.198s] [ 94%] [32mBuilding C object CMakeFiles/realsense2_camera_msgs__rosidl_generator_py.dir/rosidl_generator_py/realsense2_camera_msgs/srv/_calib_config_write_s.c.o[0m
[19.225s] [ 95%] [32mBuilding C object CMakeFiles/realsense2_camera_msgs__rosidl_generator_py.dir/rosidl_generator_py/realsense2_camera_msgs/srv/_application_config_write_s.c.o[0m
[19.233s] [ 95%] [32mBuilding C object CMakeFiles/realsense2_camera_msgs__rosidl_generator_py.dir/rosidl_generator_py/realsense2_camera_msgs/srv/_hardware_monitor_command_send_s.c.o[0m
[19.257s] [ 96%] [32mBuilding C object CMakeFiles/realsense2_camera_msgs__rosidl_generator_py.dir/rosidl_generator_py/realsense2_camera_msgs/action/_triggered_calibration_s.c.o[0m
[19.460s] [ 97%] [32m[1mLinking C shared library rosidl_generator_py/realsense2_camera_msgs/librealsense2_camera_msgs__rosidl_generator_py.so[0m
[19.501s] [ 97%] Built target realsense2_camera_msgs__rosidl_generator_py
[19.519s] [ 97%] [32mBuilding C object CMakeFiles/realsense2_camera_msgs__rosidl_typesupport_fastrtps_c__pyext.dir/rosidl_generator_py/realsense2_camera_msgs/_realsense2_camera_msgs_s.ep.rosidl_typesupport_fastrtps_c.c.o[0m
[19.519s] [ 97%] [32mBuilding C object CMakeFiles/realsense2_camera_msgs__rosidl_typesupport_c__pyext.dir/rosidl_generator_py/realsense2_camera_msgs/_realsense2_camera_msgs_s.ep.rosidl_typesupport_c.c.o[0m
[19.563s] [ 97%] [32mBuilding C object CMakeFiles/realsense2_camera_msgs__rosidl_typesupport_introspection_c__pyext.dir/rosidl_generator_py/realsense2_camera_msgs/_realsense2_camera_msgs_s.ep.rosidl_typesupport_introspection_c.c.o[0m
[19.734s] [ 98%] [32m[1mLinking C shared library rosidl_generator_py/realsense2_camera_msgs/realsense2_camera_msgs_s__rosidl_typesupport_c.cpython-310-x86_64-linux-gnu.so[0m
[19.768s] [ 99%] [32m[1mLinking C shared library rosidl_generator_py/realsense2_camera_msgs/realsense2_camera_msgs_s__rosidl_typesupport_fastrtps_c.cpython-310-x86_64-linux-gnu.so[0m
[19.791s] [ 99%] Built target realsense2_camera_msgs__rosidl_typesupport_c__pyext
[19.825s] [100%] [32m[1mLinking C shared library rosidl_generator_py/realsense2_camera_msgs/realsense2_camera_msgs_s__rosidl_typesupport_introspection_c.cpython-310-x86_64-linux-gnu.so[0m
[19.832s] [100%] Built target realsense2_camera_msgs__rosidl_typesupport_fastrtps_c__pyext
[19.894s] [100%] Built target realsense2_camera_msgs__rosidl_typesupport_introspection_c__pyext
[19.908s] Invoked command in '/home/jiaverso/Desktop/SparkCar_ROS2_WS/SparkCar_Perception/build/realsense2_camera_msgs' returned '0': CMAKE_PREFIX_PATH=${CMAKE_PREFIX_PATH}:/opt/ros/humble /usr/bin/cmake --build /home/jiaverso/Desktop/SparkCar_ROS2_WS/SparkCar_Perception/build/realsense2_camera_msgs -- -j8 -l8
[19.909s] Invoking command in '/home/jiaverso/Desktop/SparkCar_ROS2_WS/SparkCar_Perception/build/realsense2_camera_msgs': CMAKE_PREFIX_PATH=${CMAKE_PREFIX_PATH}:/opt/ros/humble /usr/bin/cmake --install /home/jiaverso/Desktop/SparkCar_ROS2_WS/SparkCar_Perception/build/realsense2_camera_msgs
[19.916s] -- Install configuration: ""
[19.916s] -- Installing: /home/jiaverso/Desktop/SparkCar_ROS2_WS/SparkCar_Perception/install/realsense2_camera_msgs/share/ament_index/resource_index/rosidl_interfaces/realsense2_camera_msgs
[19.916s] -- Installing: /home/jiaverso/Desktop/SparkCar_ROS2_WS/SparkCar_Perception/install/realsense2_camera_msgs/include/realsense2_camera_msgs/realsense2_camera_msgs
[19.916s] -- Installing: /home/jiaverso/Desktop/SparkCar_ROS2_WS/SparkCar_Perception/install/realsense2_camera_msgs/include/realsense2_camera_msgs/realsense2_camera_msgs/srv
[19.916s] -- Installing: /home/jiaverso/Desktop/SparkCar_ROS2_WS/SparkCar_Perception/install/realsense2_camera_msgs/include/realsense2_camera_msgs/realsense2_camera_msgs/srv/safety_preset_read.h
[19.916s] -- Installing: /home/jiaverso/Desktop/SparkCar_ROS2_WS/SparkCar_Perception/install/realsense2_camera_msgs/include/realsense2_camera_msgs/realsense2_camera_msgs/srv/application_config_read.h
[19.916s] -- Installing: /home/jiaverso/Desktop/SparkCar_ROS2_WS/SparkCar_Perception/install/realsense2_camera_msgs/include/realsense2_camera_msgs/realsense2_camera_msgs/srv/hardware_monitor_command_send.h
[19.917s] -- Installing: /home/jiaverso/Desktop/SparkCar_ROS2_WS/SparkCar_Perception/install/realsense2_camera_msgs/include/realsense2_camera_msgs/realsense2_camera_msgs/srv/detail
[19.917s] -- Installing: /home/jiaverso/Desktop/SparkCar_ROS2_WS/SparkCar_Perception/install/realsense2_camera_msgs/include/realsense2_camera_msgs/realsense2_camera_msgs/srv/detail/safety_preset_read__functions.h
[19.917s] -- Installing: /home/jiaverso/Desktop/SparkCar_ROS2_WS/SparkCar_Perception/install/realsense2_camera_msgs/include/realsense2_camera_msgs/realsense2_camera_msgs/srv/detail/calib_config_read__struct.h
[19.917s] -- Installing: /home/jiaverso/Desktop/SparkCar_ROS2_WS/SparkCar_Perception/install/realsense2_camera_msgs/include/realsense2_camera_msgs/realsense2_camera_msgs/srv/detail/safety_interface_config_write__struct.h
[19.917s] -- Installing: /home/jiaverso/Desktop/SparkCar_ROS2_WS/SparkCar_Perception/install/realsense2_camera_msgs/include/realsense2_camera_msgs/realsense2_camera_msgs/srv/detail/safety_interface_config_write__type_support.h
[19.917s] -- Installing: /home/jiaverso/Desktop/SparkCar_ROS2_WS/SparkCar_Perception/install/realsense2_camera_msgs/include/realsense2_camera_msgs/realsense2_camera_msgs/srv/detail/safety_interface_config_write__functions.c
[19.917s] -- Installing: /home/jiaverso/Desktop/SparkCar_ROS2_WS/SparkCar_Perception/install/realsense2_camera_msgs/include/realsense2_camera_msgs/realsense2_camera_msgs/srv/detail/calib_config_read__type_support.h
[19.917s] -- Installing: /home/jiaverso/Desktop/SparkCar_ROS2_WS/SparkCar_Perception/install/realsense2_camera_msgs/include/realsense2_camera_msgs/realsense2_camera_msgs/srv/detail/safety_interface_config_write__functions.h
[19.917s] -- Installing: /home/jiaverso/Desktop/SparkCar_ROS2_WS/SparkCar_Perception/install/realsense2_camera_msgs/include/realsense2_camera_msgs/realsense2_camera_msgs/srv/detail/application_config_write__type_support.h
[19.917s] -- Installing: /home/jiaverso/Desktop/SparkCar_ROS2_WS/SparkCar_Perception/install/realsense2_camera_msgs/include/realsense2_camera_msgs/realsense2_camera_msgs/srv/detail/safety_interface_config_read__functions.c
[19.917s] -- Installing: /home/jiaverso/Desktop/SparkCar_ROS2_WS/SparkCar_Perception/install/realsense2_camera_msgs/include/realsense2_camera_msgs/realsense2_camera_msgs/srv/detail/device_info__struct.h
[19.917s] -- Installing: /home/jiaverso/Desktop/SparkCar_ROS2_WS/SparkCar_Perception/install/realsense2_camera_msgs/include/realsense2_camera_msgs/realsense2_camera_msgs/srv/detail/calib_config_read__functions.c
[19.918s] -- Installing: /home/jiaverso/Desktop/SparkCar_ROS2_WS/SparkCar_Perception/install/realsense2_camera_msgs/include/realsense2_camera_msgs/realsense2_camera_msgs/srv/detail/safety_preset_write__functions.c
[19.918s] -- Installing: /home/jiaverso/Desktop/SparkCar_ROS2_WS/SparkCar_Perception/install/realsense2_camera_msgs/include/realsense2_camera_msgs/realsense2_camera_msgs/srv/detail/application_config_write__functions.c
[19.918s] -- Installing: /home/jiaverso/Desktop/SparkCar_ROS2_WS/SparkCar_Perception/install/realsense2_camera_msgs/include/realsense2_camera_msgs/realsense2_camera_msgs/srv/detail/safety_interface_config_read__struct.h
[19.918s] -- Installing: /home/jiaverso/Desktop/SparkCar_ROS2_WS/SparkCar_Perception/install/realsense2_camera_msgs/include/realsense2_camera_msgs/realsense2_camera_msgs/srv/detail/safety_preset_read__type_support.h
[19.918s] -- Installing: /home/jiaverso/Desktop/SparkCar_ROS2_WS/SparkCar_Perception/install/realsense2_camera_msgs/include/realsense2_camera_msgs/realsense2_camera_msgs/srv/detail/device_info__type_support.h
[19.918s] -- Installing: /home/jiaverso/Desktop/SparkCar_ROS2_WS/SparkCar_Perception/install/realsense2_camera_msgs/include/realsense2_camera_msgs/realsense2_camera_msgs/srv/detail/calib_config_read__functions.h
[19.918s] -- Installing: /home/jiaverso/Desktop/SparkCar_ROS2_WS/SparkCar_Perception/install/realsense2_camera_msgs/include/realsense2_camera_msgs/realsense2_camera_msgs/srv/detail/safety_preset_read__struct.h
[19.918s] -- Installing: /home/jiaverso/Desktop/SparkCar_ROS2_WS/SparkCar_Perception/install/realsense2_camera_msgs/include/realsense2_camera_msgs/realsense2_camera_msgs/srv/detail/application_config_read__functions.c
[19.918s] -- Installing: /home/jiaverso/Desktop/SparkCar_ROS2_WS/SparkCar_Perception/install/realsense2_camera_msgs/include/realsense2_camera_msgs/realsense2_camera_msgs/srv/detail/safety_preset_write__functions.h
[19.918s] -- Installing: /home/jiaverso/Desktop/SparkCar_ROS2_WS/SparkCar_Perception/install/realsense2_camera_msgs/include/realsense2_camera_msgs/realsense2_camera_msgs/srv/detail/application_config_read__type_support.h
[19.918s] -- Installing: /home/jiaverso/Desktop/SparkCar_ROS2_WS/SparkCar_Perception/install/realsense2_camera_msgs/include/realsense2_camera_msgs/realsense2_camera_msgs/srv/detail/application_config_read__functions.h
[19.918s] -- Installing: /home/jiaverso/Desktop/SparkCar_ROS2_WS/SparkCar_Perception/install/realsense2_camera_msgs/include/realsense2_camera_msgs/realsense2_camera_msgs/srv/detail/calib_config_write__functions.h
[19.919s] -- Installing: /home/jiaverso/Desktop/SparkCar_ROS2_WS/SparkCar_Perception/install/realsense2_camera_msgs/include/realsense2_camera_msgs/realsense2_camera_msgs/srv/detail/application_config_write__functions.h
[19.919s] -- Installing: /home/jiaverso/Desktop/SparkCar_ROS2_WS/SparkCar_Perception/install/realsense2_camera_msgs/include/realsense2_camera_msgs/realsense2_camera_msgs/srv/detail/safety_preset_write__type_support.h
[19.919s] -- Installing: /home/jiaverso/Desktop/SparkCar_ROS2_WS/SparkCar_Perception/install/realsense2_camera_msgs/include/realsense2_camera_msgs/realsense2_camera_msgs/srv/detail/safety_preset_write__struct.h
[19.919s] -- Installing: /home/jiaverso/Desktop/SparkCar_ROS2_WS/SparkCar_Perception/install/realsense2_camera_msgs/include/realsense2_camera_msgs/realsense2_camera_msgs/srv/detail/safety_interface_config_read__functions.h
[19.919s] -- Installing: /home/jiaverso/Desktop/SparkCar_ROS2_WS/SparkCar_Perception/install/realsense2_camera_msgs/include/realsense2_camera_msgs/realsense2_camera_msgs/srv/detail/safety_interface_config_read__type_support.h
[19.919s] -- Installing: /home/jiaverso/Desktop/SparkCar_ROS2_WS/SparkCar_Perception/install/realsense2_camera_msgs/include/realsense2_camera_msgs/realsense2_camera_msgs/srv/detail/calib_config_write__struct.h
[19.919s] -- Installing: /home/jiaverso/Desktop/SparkCar_ROS2_WS/SparkCar_Perception/install/realsense2_camera_msgs/include/realsense2_camera_msgs/realsense2_camera_msgs/srv/detail/hardware_monitor_command_send__struct.h
[19.919s] -- Installing: /home/jiaverso/Desktop/SparkCar_ROS2_WS/SparkCar_Perception/install/realsense2_camera_msgs/include/realsense2_camera_msgs/realsense2_camera_msgs/srv/detail/hardware_monitor_command_send__functions.c
[19.919s] -- Installing: /home/jiaverso/Desktop/SparkCar_ROS2_WS/SparkCar_Perception/install/realsense2_camera_msgs/include/realsense2_camera_msgs/realsense2_camera_msgs/srv/detail/device_info__functions.h
[19.919s] -- Installing: /home/jiaverso/Desktop/SparkCar_ROS2_WS/SparkCar_Perception/install/realsense2_camera_msgs/include/realsense2_camera_msgs/realsense2_camera_msgs/srv/detail/hardware_monitor_command_send__type_support.h
[19.919s] -- Installing: /home/jiaverso/Desktop/SparkCar_ROS2_WS/SparkCar_Perception/install/realsense2_camera_msgs/include/realsense2_camera_msgs/realsense2_camera_msgs/srv/detail/application_config_write__struct.h
[19.920s] -- Installing: /home/jiaverso/Desktop/SparkCar_ROS2_WS/SparkCar_Perception/install/realsense2_camera_msgs/include/realsense2_camera_msgs/realsense2_camera_msgs/srv/detail/safety_preset_read__functions.c
[19.920s] -- Installing: /home/jiaverso/Desktop/SparkCar_ROS2_WS/SparkCar_Perception/install/realsense2_camera_msgs/include/realsense2_camera_msgs/realsense2_camera_msgs/srv/detail/hardware_monitor_command_send__functions.h
[19.920s] -- Installing: /home/jiaverso/Desktop/SparkCar_ROS2_WS/SparkCar_Perception/install/realsense2_camera_msgs/include/realsense2_camera_msgs/realsense2_camera_msgs/srv/detail/device_info__functions.c
[19.920s] -- Installing: /home/jiaverso/Desktop/SparkCar_ROS2_WS/SparkCar_Perception/install/realsense2_camera_msgs/include/realsense2_camera_msgs/realsense2_camera_msgs/srv/detail/calib_config_write__type_support.h
[19.920s] -- Installing: /home/jiaverso/Desktop/SparkCar_ROS2_WS/SparkCar_Perception/install/realsense2_camera_msgs/include/realsense2_camera_msgs/realsense2_camera_msgs/srv/detail/calib_config_write__functions.c
[19.920s] -- Installing: /home/jiaverso/Desktop/SparkCar_ROS2_WS/SparkCar_Perception/install/realsense2_camera_msgs/include/realsense2_camera_msgs/realsense2_camera_msgs/srv/detail/application_config_read__struct.h
[19.920s] -- Installing: /home/jiaverso/Desktop/SparkCar_ROS2_WS/SparkCar_Perception/install/realsense2_camera_msgs/include/realsense2_camera_msgs/realsense2_camera_msgs/srv/safety_interface_config_write.h
[19.920s] -- Installing: /home/jiaverso/Desktop/SparkCar_ROS2_WS/SparkCar_Perception/install/realsense2_camera_msgs/include/realsense2_camera_msgs/realsense2_camera_msgs/srv/application_config_write.h
[19.920s] -- Installing: /home/jiaverso/Desktop/SparkCar_ROS2_WS/SparkCar_Perception/install/realsense2_camera_msgs/include/realsense2_camera_msgs/realsense2_camera_msgs/srv/safety_interface_config_read.h
[19.921s] -- Installing: /home/jiaverso/Desktop/SparkCar_ROS2_WS/SparkCar_Perception/install/realsense2_camera_msgs/include/realsense2_camera_msgs/realsense2_camera_msgs/srv/device_info.h
[19.921s] -- Installing: /home/jiaverso/Desktop/SparkCar_ROS2_WS/SparkCar_Perception/install/realsense2_camera_msgs/include/realsense2_camera_msgs/realsense2_camera_msgs/srv/calib_config_write.h
[19.921s] -- Installing: /home/jiaverso/Desktop/SparkCar_ROS2_WS/SparkCar_Perception/install/realsense2_camera_msgs/include/realsense2_camera_msgs/realsense2_camera_msgs/srv/safety_preset_write.h
[19.921s] -- Installing: /home/jiaverso/Desktop/SparkCar_ROS2_WS/SparkCar_Perception/install/realsense2_camera_msgs/include/realsense2_camera_msgs/realsense2_camera_msgs/srv/calib_config_read.h
[19.921s] -- Installing: /home/jiaverso/Desktop/SparkCar_ROS2_WS/SparkCar_Perception/install/realsense2_camera_msgs/include/realsense2_camera_msgs/realsense2_camera_msgs/msg
[19.921s] -- Installing: /home/jiaverso/Desktop/SparkCar_ROS2_WS/SparkCar_Perception/install/realsense2_camera_msgs/include/realsense2_camera_msgs/realsense2_camera_msgs/msg/imu_info.h
[19.921s] -- Installing: /home/jiaverso/Desktop/SparkCar_ROS2_WS/SparkCar_Perception/install/realsense2_camera_msgs/include/realsense2_camera_msgs/realsense2_camera_msgs/msg/detail
[19.921s] -- Installing: /home/jiaverso/Desktop/SparkCar_ROS2_WS/SparkCar_Perception/install/realsense2_camera_msgs/include/realsense2_camera_msgs/realsense2_camera_msgs/msg/detail/rgbd__type_support.h
[19.921s] -- Installing: /home/jiaverso/Desktop/SparkCar_ROS2_WS/SparkCar_Perception/install/realsense2_camera_msgs/include/realsense2_camera_msgs/realsense2_camera_msgs/msg/detail/metadata__struct.h
[19.921s] -- Installing: /home/jiaverso/Desktop/SparkCar_ROS2_WS/SparkCar_Perception/install/realsense2_camera_msgs/include/realsense2_camera_msgs/realsense2_camera_msgs/msg/detail/extrinsics__struct.h
[19.921s] -- Installing: /home/jiaverso/Desktop/SparkCar_ROS2_WS/SparkCar_Perception/install/realsense2_camera_msgs/include/realsense2_camera_msgs/realsense2_camera_msgs/msg/detail/rgbd__functions.h
[19.922s] -- Installing: /home/jiaverso/Desktop/SparkCar_ROS2_WS/SparkCar_Perception/install/realsense2_camera_msgs/include/realsense2_camera_msgs/realsense2_camera_msgs/msg/detail/metadata__functions.h
[19.922s] -- Installing: /home/jiaverso/Desktop/SparkCar_ROS2_WS/SparkCar_Perception/install/realsense2_camera_msgs/include/realsense2_camera_msgs/realsense2_camera_msgs/msg/detail/metadata__functions.c
[19.922s] -- Installing: /home/jiaverso/Desktop/SparkCar_ROS2_WS/SparkCar_Perception/install/realsense2_camera_msgs/include/realsense2_camera_msgs/realsense2_camera_msgs/msg/detail/rgbd__functions.c
[19.922s] -- Installing: /home/jiaverso/Desktop/SparkCar_ROS2_WS/SparkCar_Perception/install/realsense2_camera_msgs/include/realsense2_camera_msgs/realsense2_camera_msgs/msg/detail/imu_info__functions.c
[19.922s] -- Installing: /home/jiaverso/Desktop/SparkCar_ROS2_WS/SparkCar_Perception/install/realsense2_camera_msgs/include/realsense2_camera_msgs/realsense2_camera_msgs/msg/detail/metadata__type_support.h
[19.922s] -- Installing: /home/jiaverso/Desktop/SparkCar_ROS2_WS/SparkCar_Perception/install/realsense2_camera_msgs/include/realsense2_camera_msgs/realsense2_camera_msgs/msg/detail/imu_info__struct.h
[19.922s] -- Installing: /home/jiaverso/Desktop/SparkCar_ROS2_WS/SparkCar_Perception/install/realsense2_camera_msgs/include/realsense2_camera_msgs/realsense2_camera_msgs/msg/detail/imu_info__functions.h
[19.922s] -- Installing: /home/jiaverso/Desktop/SparkCar_ROS2_WS/SparkCar_Perception/install/realsense2_camera_msgs/include/realsense2_camera_msgs/realsense2_camera_msgs/msg/detail/extrinsics__functions.h
[19.922s] -- Installing: /home/jiaverso/Desktop/SparkCar_ROS2_WS/SparkCar_Perception/install/realsense2_camera_msgs/include/realsense2_camera_msgs/realsense2_camera_msgs/msg/detail/rgbd__struct.h
[19.922s] -- Installing: /home/jiaverso/Desktop/SparkCar_ROS2_WS/SparkCar_Perception/install/realsense2_camera_msgs/include/realsense2_camera_msgs/realsense2_camera_msgs/msg/detail/imu_info__type_support.h
[19.923s] -- Installing: /home/jiaverso/Desktop/SparkCar_ROS2_WS/SparkCar_Perception/install/realsense2_camera_msgs/include/realsense2_camera_msgs/realsense2_camera_msgs/msg/detail/extrinsics__functions.c
[19.923s] -- Installing: /home/jiaverso/Desktop/SparkCar_ROS2_WS/SparkCar_Perception/install/realsense2_camera_msgs/include/realsense2_camera_msgs/realsense2_camera_msgs/msg/detail/extrinsics__type_support.h
[19.923s] -- Installing: /home/jiaverso/Desktop/SparkCar_ROS2_WS/SparkCar_Perception/install/realsense2_camera_msgs/include/realsense2_camera_msgs/realsense2_camera_msgs/msg/metadata.h
[19.923s] -- Installing: /home/jiaverso/Desktop/SparkCar_ROS2_WS/SparkCar_Perception/install/realsense2_camera_msgs/include/realsense2_camera_msgs/realsense2_camera_msgs/msg/extrinsics.h
[19.923s] -- Installing: /home/jiaverso/Desktop/SparkCar_ROS2_WS/SparkCar_Perception/install/realsense2_camera_msgs/include/realsense2_camera_msgs/realsense2_camera_msgs/msg/rgbd.h
[19.923s] -- Installing: /home/jiaverso/Desktop/SparkCar_ROS2_WS/SparkCar_Perception/install/realsense2_camera_msgs/include/realsense2_camera_msgs/realsense2_camera_msgs/msg/rosidl_generator_c__visibility_control.h
[19.923s] -- Installing: /home/jiaverso/Desktop/SparkCar_ROS2_WS/SparkCar_Perception/install/realsense2_camera_msgs/include/realsense2_camera_msgs/realsense2_camera_msgs/action
[19.923s] -- Installing: /home/jiaverso/Desktop/SparkCar_ROS2_WS/SparkCar_Perception/install/realsense2_camera_msgs/include/realsense2_camera_msgs/realsense2_camera_msgs/action/detail
[19.923s] -- Installing: /home/jiaverso/Desktop/SparkCar_ROS2_WS/SparkCar_Perception/install/realsense2_camera_msgs/include/realsense2_camera_msgs/realsense2_camera_msgs/action/detail/triggered_calibration__functions.h
[19.923s] -- Installing: /home/jiaverso/Desktop/SparkCar_ROS2_WS/SparkCar_Perception/install/realsense2_camera_msgs/include/realsense2_camera_msgs/realsense2_camera_msgs/action/detail/triggered_calibration__struct.h
[19.924s] -- Installing: /home/jiaverso/Desktop/SparkCar_ROS2_WS/SparkCar_Perception/install/realsense2_camera_msgs/include/realsense2_camera_msgs/realsense2_camera_msgs/action/detail/triggered_calibration__functions.c
[19.924s] -- Installing: /home/jiaverso/Desktop/SparkCar_ROS2_WS/SparkCar_Perception/install/realsense2_camera_msgs/include/realsense2_camera_msgs/realsense2_camera_msgs/action/detail/triggered_calibration__type_support.h
[19.924s] -- Installing: /home/jiaverso/Desktop/SparkCar_ROS2_WS/SparkCar_Perception/install/realsense2_camera_msgs/include/realsense2_camera_msgs/realsense2_camera_msgs/action/triggered_calibration.h
[19.924s] -- Installing: /home/jiaverso/Desktop/SparkCar_ROS2_WS/SparkCar_Perception/install/realsense2_camera_msgs/share/realsense2_camera_msgs/environment/library_path.sh
[19.924s] -- Installing: /home/jiaverso/Desktop/SparkCar_ROS2_WS/SparkCar_Perception/install/realsense2_camera_msgs/share/realsense2_camera_msgs/environment/library_path.dsv
[19.925s] -- Installing: /home/jiaverso/Desktop/SparkCar_ROS2_WS/SparkCar_Perception/install/realsense2_camera_msgs/lib/librealsense2_camera_msgs__rosidl_generator_c.so
[19.925s] -- Set runtime path of "/home/jiaverso/Desktop/SparkCar_ROS2_WS/SparkCar_Perception/install/realsense2_camera_msgs/lib/librealsense2_camera_msgs__rosidl_generator_c.so" to ""
[19.925s] -- Up-to-date: /home/jiaverso/Desktop/SparkCar_ROS2_WS/SparkCar_Perception/install/realsense2_camera_msgs/include/realsense2_camera_msgs/realsense2_camera_msgs
[19.925s] -- Up-to-date: /home/jiaverso/Desktop/SparkCar_ROS2_WS/SparkCar_Perception/install/realsense2_camera_msgs/include/realsense2_camera_msgs/realsense2_camera_msgs/srv
[19.925s] -- Up-to-date: /home/jiaverso/Desktop/SparkCar_ROS2_WS/SparkCar_Perception/install/realsense2_camera_msgs/include/realsense2_camera_msgs/realsense2_camera_msgs/srv/detail
[19.925s] -- Installing: /home/jiaverso/Desktop/SparkCar_ROS2_WS/SparkCar_Perception/install/realsense2_camera_msgs/include/realsense2_camera_msgs/realsense2_camera_msgs/srv/detail/device_info__rosidl_typesupport_fastrtps_c.h
[19.925s] -- Installing: /home/jiaverso/Desktop/SparkCar_ROS2_WS/SparkCar_Perception/install/realsense2_camera_msgs/include/realsense2_camera_msgs/realsense2_camera_msgs/srv/detail/safety_preset_write__rosidl_typesupport_fastrtps_c.h
[19.925s] -- Installing: /home/jiaverso/Desktop/SparkCar_ROS2_WS/SparkCar_Perception/install/realsense2_camera_msgs/include/realsense2_camera_msgs/realsense2_camera_msgs/srv/detail/safety_interface_config_write__rosidl_typesupport_fastrtps_c.h
[19.926s] -- Installing: /home/jiaverso/Desktop/SparkCar_ROS2_WS/SparkCar_Perception/install/realsense2_camera_msgs/include/realsense2_camera_msgs/realsense2_camera_msgs/srv/detail/safety_interface_config_read__rosidl_typesupport_fastrtps_c.h
[19.926s] -- Installing: /home/jiaverso/Desktop/SparkCar_ROS2_WS/SparkCar_Perception/install/realsense2_camera_msgs/include/realsense2_camera_msgs/realsense2_camera_msgs/srv/detail/application_config_read__rosidl_typesupport_fastrtps_c.h
[19.926s] -- Installing: /home/jiaverso/Desktop/SparkCar_ROS2_WS/SparkCar_Perception/install/realsense2_camera_msgs/include/realsense2_camera_msgs/realsense2_camera_msgs/srv/detail/application_config_write__rosidl_typesupport_fastrtps_c.h
[19.926s] -- Installing: /home/jiaverso/Desktop/SparkCar_ROS2_WS/SparkCar_Perception/install/realsense2_camera_msgs/include/realsense2_camera_msgs/realsense2_camera_msgs/srv/detail/calib_config_read__rosidl_typesupport_fastrtps_c.h
[19.926s] -- Installing: /home/jiaverso/Desktop/SparkCar_ROS2_WS/SparkCar_Perception/install/realsense2_camera_msgs/include/realsense2_camera_msgs/realsense2_camera_msgs/srv/detail/calib_config_write__rosidl_typesupport_fastrtps_c.h
[19.926s] -- Installing: /home/jiaverso/Desktop/SparkCar_ROS2_WS/SparkCar_Perception/install/realsense2_camera_msgs/include/realsense2_camera_msgs/realsense2_camera_msgs/srv/detail/safety_preset_read__rosidl_typesupport_fastrtps_c.h
[19.926s] -- Installing: /home/jiaverso/Desktop/SparkCar_ROS2_WS/SparkCar_Perception/install/realsense2_camera_msgs/include/realsense2_camera_msgs/realsense2_camera_msgs/srv/detail/hardware_monitor_command_send__rosidl_typesupport_fastrtps_c.h
[19.926s] -- Up-to-date: /home/jiaverso/Desktop/SparkCar_ROS2_WS/SparkCar_Perception/install/realsense2_camera_msgs/include/realsense2_camera_msgs/realsense2_camera_msgs/msg
[19.926s] -- Up-to-date: /home/jiaverso/Desktop/SparkCar_ROS2_WS/SparkCar_Perception/install/realsense2_camera_msgs/include/realsense2_camera_msgs/realsense2_camera_msgs/msg/detail
[19.926s] -- Installing: /home/jiaverso/Desktop/SparkCar_ROS2_WS/SparkCar_Perception/install/realsense2_camera_msgs/include/realsense2_camera_msgs/realsense2_camera_msgs/msg/detail/imu_info__rosidl_typesupport_fastrtps_c.h
[19.927s] -- Installing: /home/jiaverso/Desktop/SparkCar_ROS2_WS/SparkCar_Perception/install/realsense2_camera_msgs/include/realsense2_camera_msgs/realsense2_camera_msgs/msg/detail/extrinsics__rosidl_typesupport_fastrtps_c.h
[19.927s] -- Installing: /home/jiaverso/Desktop/SparkCar_ROS2_WS/SparkCar_Perception/install/realsense2_camera_msgs/include/realsense2_camera_msgs/realsense2_camera_msgs/msg/detail/rgbd__rosidl_typesupport_fastrtps_c.h
[19.927s] -- Installing: /home/jiaverso/Desktop/SparkCar_ROS2_WS/SparkCar_Perception/install/realsense2_camera_msgs/include/realsense2_camera_msgs/realsense2_camera_msgs/msg/detail/metadata__rosidl_typesupport_fastrtps_c.h
[19.927s] -- Installing: /home/jiaverso/Desktop/SparkCar_ROS2_WS/SparkCar_Perception/install/realsense2_camera_msgs/include/realsense2_camera_msgs/realsense2_camera_msgs/msg/rosidl_typesupport_fastrtps_c__visibility_control.h
[19.927s] -- Up-to-date: /home/jiaverso/Desktop/SparkCar_ROS2_WS/SparkCar_Perception/install/realsense2_camera_msgs/include/realsense2_camera_msgs/realsense2_camera_msgs/action
[19.927s] -- Up-to-date: /home/jiaverso/Desktop/SparkCar_ROS2_WS/SparkCar_Perception/install/realsense2_camera_msgs/include/realsense2_camera_msgs/realsense2_camera_msgs/action/detail
[19.927s] -- Installing: /home/jiaverso/Desktop/SparkCar_ROS2_WS/SparkCar_Perception/install/realsense2_camera_msgs/include/realsense2_camera_msgs/realsense2_camera_msgs/action/detail/triggered_calibration__rosidl_typesupport_fastrtps_c.h
[19.927s] -- Installing: /home/jiaverso/Desktop/SparkCar_ROS2_WS/SparkCar_Perception/install/realsense2_camera_msgs/lib/librealsense2_camera_msgs__rosidl_typesupport_fastrtps_c.so
[19.927s] -- Set runtime path of "/home/jiaverso/Desktop/SparkCar_ROS2_WS/SparkCar_Perception/install/realsense2_camera_msgs/lib/librealsense2_camera_msgs__rosidl_typesupport_fastrtps_c.so" to ""
[19.927s] -- Up-to-date: /home/jiaverso/Desktop/SparkCar_ROS2_WS/SparkCar_Perception/install/realsense2_camera_msgs/include/realsense2_camera_msgs/realsense2_camera_msgs
[19.928s] -- Up-to-date: /home/jiaverso/Desktop/SparkCar_ROS2_WS/SparkCar_Perception/install/realsense2_camera_msgs/include/realsense2_camera_msgs/realsense2_camera_msgs/srv
[19.928s] -- Up-to-date: /home/jiaverso/Desktop/SparkCar_ROS2_WS/SparkCar_Perception/install/realsense2_camera_msgs/include/realsense2_camera_msgs/realsense2_camera_msgs/srv/detail
[19.928s] -- Installing: /home/jiaverso/Desktop/SparkCar_ROS2_WS/SparkCar_Perception/install/realsense2_camera_msgs/include/realsense2_camera_msgs/realsense2_camera_msgs/srv/detail/calib_config_read__type_support.c
[19.928s] -- Installing: /home/jiaverso/Desktop/SparkCar_ROS2_WS/SparkCar_Perception/install/realsense2_camera_msgs/include/realsense2_camera_msgs/realsense2_camera_msgs/srv/detail/calib_config_read__rosidl_typesupport_introspection_c.h
[19.928s] -- Installing: /home/jiaverso/Desktop/SparkCar_ROS2_WS/SparkCar_Perception/install/realsense2_camera_msgs/include/realsense2_camera_msgs/realsense2_camera_msgs/srv/detail/safety_preset_write__type_support.c
[19.928s] -- Installing: /home/jiaverso/Desktop/SparkCar_ROS2_WS/SparkCar_Perception/install/realsense2_camera_msgs/include/realsense2_camera_msgs/realsense2_camera_msgs/srv/detail/calib_config_write__type_support.c
[19.928s] -- Installing: /home/jiaverso/Desktop/SparkCar_ROS2_WS/SparkCar_Perception/install/realsense2_camera_msgs/include/realsense2_camera_msgs/realsense2_camera_msgs/srv/detail/device_info__type_support.c
[19.928s] -- Installing: /home/jiaverso/Desktop/SparkCar_ROS2_WS/SparkCar_Perception/install/realsense2_camera_msgs/include/realsense2_camera_msgs/realsense2_camera_msgs/srv/detail/calib_config_write__rosidl_typesupport_introspection_c.h
[19.928s] -- Installing: /home/jiaverso/Desktop/SparkCar_ROS2_WS/SparkCar_Perception/install/realsense2_camera_msgs/include/realsense2_camera_msgs/realsense2_camera_msgs/srv/detail/safety_preset_read__type_support.c
[19.928s] -- Installing: /home/jiaverso/Desktop/SparkCar_ROS2_WS/SparkCar_Perception/install/realsense2_camera_msgs/include/realsense2_camera_msgs/realsense2_camera_msgs/srv/detail/application_config_write__type_support.c
[19.928s] -- Installing: /home/jiaverso/Desktop/SparkCar_ROS2_WS/SparkCar_Perception/install/realsense2_camera_msgs/include/realsense2_camera_msgs/realsense2_camera_msgs/srv/detail/application_config_write__rosidl_typesupport_introspection_c.h
[19.928s] -- Installing: /home/jiaverso/Desktop/SparkCar_ROS2_WS/SparkCar_Perception/install/realsense2_camera_msgs/include/realsense2_camera_msgs/realsense2_camera_msgs/srv/detail/device_info__rosidl_typesupport_introspection_c.h
[19.928s] -- Installing: /home/jiaverso/Desktop/SparkCar_ROS2_WS/SparkCar_Perception/install/realsense2_camera_msgs/include/realsense2_camera_msgs/realsense2_camera_msgs/srv/detail/hardware_monitor_command_send__type_support.c
[19.928s] -- Installing: /home/jiaverso/Desktop/SparkCar_ROS2_WS/SparkCar_Perception/install/realsense2_camera_msgs/include/realsense2_camera_msgs/realsense2_camera_msgs/srv/detail/safety_interface_config_write__rosidl_typesupport_introspection_c.h
[19.928s] -- Installing: /home/jiaverso/Desktop/SparkCar_ROS2_WS/SparkCar_Perception/install/realsense2_camera_msgs/include/realsense2_camera_msgs/realsense2_camera_msgs/srv/detail/safety_interface_config_read__rosidl_typesupport_introspection_c.h
[19.929s] -- Installing: /home/jiaverso/Desktop/SparkCar_ROS2_WS/SparkCar_Perception/install/realsense2_camera_msgs/include/realsense2_camera_msgs/realsense2_camera_msgs/srv/detail/safety_interface_config_read__type_support.c
[19.929s] -- Installing: /home/jiaverso/Desktop/SparkCar_ROS2_WS/SparkCar_Perception/install/realsense2_camera_msgs/include/realsense2_camera_msgs/realsense2_camera_msgs/srv/detail/application_config_read__rosidl_typesupport_introspection_c.h
[19.929s] -- Installing: /home/jiaverso/Desktop/SparkCar_ROS2_WS/SparkCar_Perception/install/realsense2_camera_msgs/include/realsense2_camera_msgs/realsense2_camera_msgs/srv/detail/safety_interface_config_write__type_support.c
[19.929s] -- Installing: /home/jiaverso/Desktop/SparkCar_ROS2_WS/SparkCar_Perception/install/realsense2_camera_msgs/include/realsense2_camera_msgs/realsense2_camera_msgs/srv/detail/safety_preset_write__rosidl_typesupport_introspection_c.h
[19.929s] -- Installing: /home/jiaverso/Desktop/SparkCar_ROS2_WS/SparkCar_Perception/install/realsense2_camera_msgs/include/realsense2_camera_msgs/realsense2_camera_msgs/srv/detail/application_config_read__type_support.c
[19.929s] -- Installing: /home/jiaverso/Desktop/SparkCar_ROS2_WS/SparkCar_Perception/install/realsense2_camera_msgs/include/realsense2_camera_msgs/realsense2_camera_msgs/srv/detail/hardware_monitor_command_send__rosidl_typesupport_introspection_c.h
[19.929s] -- Installing: /home/jiaverso/Desktop/SparkCar_ROS2_WS/SparkCar_Perception/install/realsense2_camera_msgs/include/realsense2_camera_msgs/realsense2_camera_msgs/srv/detail/safety_preset_read__rosidl_typesupport_introspection_c.h
[19.929s] -- Up-to-date: /home/jiaverso/Desktop/SparkCar_ROS2_WS/SparkCar_Perception/install/realsense2_camera_msgs/include/realsense2_camera_msgs/realsense2_camera_msgs/msg
[19.929s] -- Up-to-date: /home/jiaverso/Desktop/SparkCar_ROS2_WS/SparkCar_Perception/install/realsense2_camera_msgs/include/realsense2_camera_msgs/realsense2_camera_msgs/msg/detail
[19.929s] -- Installing: /home/jiaverso/Desktop/SparkCar_ROS2_WS/SparkCar_Perception/install/realsense2_camera_msgs/include/realsense2_camera_msgs/realsense2_camera_msgs/msg/detail/imu_info__type_support.c
[19.929s] -- Installing: /home/jiaverso/Desktop/SparkCar_ROS2_WS/SparkCar_Perception/install/realsense2_camera_msgs/include/realsense2_camera_msgs/realsense2_camera_msgs/msg/detail/metadata__rosidl_typesupport_introspection_c.h
[19.929s] -- Installing: /home/jiaverso/Desktop/SparkCar_ROS2_WS/SparkCar_Perception/install/realsense2_camera_msgs/include/realsense2_camera_msgs/realsense2_camera_msgs/msg/detail/extrinsics__type_support.c
[19.930s] -- Installing: /home/jiaverso/Desktop/SparkCar_ROS2_WS/SparkCar_Perception/install/realsense2_camera_msgs/include/realsense2_camera_msgs/realsense2_camera_msgs/msg/detail/metadata__type_support.c
[19.930s] -- Installing: /home/jiaverso/Desktop/SparkCar_ROS2_WS/SparkCar_Perception/install/realsense2_camera_msgs/include/realsense2_camera_msgs/realsense2_camera_msgs/msg/detail/extrinsics__rosidl_typesupport_introspection_c.h
[19.930s] -- Installing: /home/jiaverso/Desktop/SparkCar_ROS2_WS/SparkCar_Perception/install/realsense2_camera_msgs/include/realsense2_camera_msgs/realsense2_camera_msgs/msg/detail/imu_info__rosidl_typesupport_introspection_c.h
[19.930s] -- Installing: /home/jiaverso/Desktop/SparkCar_ROS2_WS/SparkCar_Perception/install/realsense2_camera_msgs/include/realsense2_camera_msgs/realsense2_camera_msgs/msg/detail/rgbd__type_support.c
[19.930s] -- Installing: /home/jiaverso/Desktop/SparkCar_ROS2_WS/SparkCar_Perception/install/realsense2_camera_msgs/include/realsense2_camera_msgs/realsense2_camera_msgs/msg/detail/rgbd__rosidl_typesupport_introspection_c.h
[19.930s] -- Installing: /home/jiaverso/Desktop/SparkCar_ROS2_WS/SparkCar_Perception/install/realsense2_camera_msgs/include/realsense2_camera_msgs/realsense2_camera_msgs/msg/rosidl_typesupport_introspection_c__visibility_control.h
[19.930s] -- Up-to-date: /home/jiaverso/Desktop/SparkCar_ROS2_WS/SparkCar_Perception/install/realsense2_camera_msgs/include/realsense2_camera_msgs/realsense2_camera_msgs/action
[19.930s] -- Up-to-date: /home/jiaverso/Desktop/SparkCar_ROS2_WS/SparkCar_Perception/install/realsense2_camera_msgs/include/realsense2_camera_msgs/realsense2_camera_msgs/action/detail
[19.930s] -- Installing: /home/jiaverso/Desktop/SparkCar_ROS2_WS/SparkCar_Perception/install/realsense2_camera_msgs/include/realsense2_camera_msgs/realsense2_camera_msgs/action/detail/triggered_calibration__rosidl_typesupport_introspection_c.h
[19.930s] -- Installing: /home/jiaverso/Desktop/SparkCar_ROS2_WS/SparkCar_Perception/install/realsense2_camera_msgs/include/realsense2_camera_msgs/realsense2_camera_msgs/action/detail/triggered_calibration__type_support.c
[19.931s] -- Installing: /home/jiaverso/Desktop/SparkCar_ROS2_WS/SparkCar_Perception/install/realsense2_camera_msgs/lib/librealsense2_camera_msgs__rosidl_typesupport_introspection_c.so
[19.931s] -- Set runtime path of "/home/jiaverso/Desktop/SparkCar_ROS2_WS/SparkCar_Perception/install/realsense2_camera_msgs/lib/librealsense2_camera_msgs__rosidl_typesupport_introspection_c.so" to ""
[19.931s] -- Installing: /home/jiaverso/Desktop/SparkCar_ROS2_WS/SparkCar_Perception/install/realsense2_camera_msgs/lib/librealsense2_camera_msgs__rosidl_typesupport_c.so
[19.931s] -- Set runtime path of "/home/jiaverso/Desktop/SparkCar_ROS2_WS/SparkCar_Perception/install/realsense2_camera_msgs/lib/librealsense2_camera_msgs__rosidl_typesupport_c.so" to ""
[19.931s] -- Up-to-date: /home/jiaverso/Desktop/SparkCar_ROS2_WS/SparkCar_Perception/install/realsense2_camera_msgs/include/realsense2_camera_msgs/realsense2_camera_msgs
[19.931s] -- Up-to-date: /home/jiaverso/Desktop/SparkCar_ROS2_WS/SparkCar_Perception/install/realsense2_camera_msgs/include/realsense2_camera_msgs/realsense2_camera_msgs/srv
[19.932s] -- Installing: /home/jiaverso/Desktop/SparkCar_ROS2_WS/SparkCar_Perception/install/realsense2_camera_msgs/include/realsense2_camera_msgs/realsense2_camera_msgs/srv/hardware_monitor_command_send.hpp
[19.932s] -- Installing: /home/jiaverso/Desktop/SparkCar_ROS2_WS/SparkCar_Perception/install/realsense2_camera_msgs/include/realsense2_camera_msgs/realsense2_camera_msgs/srv/application_config_read.hpp
[19.932s] -- Installing: /home/jiaverso/Desktop/SparkCar_ROS2_WS/SparkCar_Perception/install/realsense2_camera_msgs/include/realsense2_camera_msgs/realsense2_camera_msgs/srv/safety_preset_write.hpp
[19.932s] -- Installing: /home/jiaverso/Desktop/SparkCar_ROS2_WS/SparkCar_Perception/install/realsense2_camera_msgs/include/realsense2_camera_msgs/realsense2_camera_msgs/srv/safety_preset_read.hpp
[19.932s] -- Installing: /home/jiaverso/Desktop/SparkCar_ROS2_WS/SparkCar_Perception/install/realsense2_camera_msgs/include/realsense2_camera_msgs/realsense2_camera_msgs/srv/device_info.hpp
[19.932s] -- Up-to-date: /home/jiaverso/Desktop/SparkCar_ROS2_WS/SparkCar_Perception/install/realsense2_camera_msgs/include/realsense2_camera_msgs/realsense2_camera_msgs/srv/detail
[19.932s] -- Installing: /home/jiaverso/Desktop/SparkCar_ROS2_WS/SparkCar_Perception/install/realsense2_camera_msgs/include/realsense2_camera_msgs/realsense2_camera_msgs/srv/detail/safety_preset_write__struct.hpp
[19.932s] -- Installing: /home/jiaverso/Desktop/SparkCar_ROS2_WS/SparkCar_Perception/install/realsense2_camera_msgs/include/realsense2_camera_msgs/realsense2_camera_msgs/srv/detail/safety_preset_read__type_support.hpp
[19.932s] -- Installing: /home/jiaverso/Desktop/SparkCar_ROS2_WS/SparkCar_Perception/install/realsense2_camera_msgs/include/realsense2_camera_msgs/realsense2_camera_msgs/srv/detail/safety_interface_config_write__builder.hpp
[19.932s] -- Installing: /home/jiaverso/Desktop/SparkCar_ROS2_WS/SparkCar_Perception/install/realsense2_camera_msgs/include/realsense2_camera_msgs/realsense2_camera_msgs/srv/detail/application_config_read__builder.hpp
[19.932s] -- Installing: /home/jiaverso/Desktop/SparkCar_ROS2_WS/SparkCar_Perception/install/realsense2_camera_msgs/include/realsense2_camera_msgs/realsense2_camera_msgs/srv/detail/application_config_write__traits.hpp
[19.933s] -- Installing: /home/jiaverso/Desktop/SparkCar_ROS2_WS/SparkCar_Perception/install/realsense2_camera_msgs/include/realsense2_camera_msgs/realsense2_camera_msgs/srv/detail/safety_preset_write__traits.hpp
[19.933s] -- Installing: /home/jiaverso/Desktop/SparkCar_ROS2_WS/SparkCar_Perception/install/realsense2_camera_msgs/include/realsense2_camera_msgs/realsense2_camera_msgs/srv/detail/device_info__builder.hpp
[19.933s] -- Installing: /home/jiaverso/Desktop/SparkCar_ROS2_WS/SparkCar_Perception/install/realsense2_camera_msgs/include/realsense2_camera_msgs/realsense2_camera_msgs/srv/detail/calib_config_read__struct.hpp
[19.933s] -- Installing: /home/jiaverso/Desktop/SparkCar_ROS2_WS/SparkCar_Perception/install/realsense2_camera_msgs/include/realsense2_camera_msgs/realsense2_camera_msgs/srv/detail/safety_interface_config_read__traits.hpp
[19.934s] -- Installing: /home/jiaverso/Desktop/SparkCar_ROS2_WS/SparkCar_Perception/install/realsense2_camera_msgs/include/realsense2_camera_msgs/realsense2_camera_msgs/srv/detail/safety_preset_read__traits.hpp
[19.934s] -- Installing: /home/jiaverso/Desktop/SparkCar_ROS2_WS/SparkCar_Perception/install/realsense2_camera_msgs/include/realsense2_camera_msgs/realsense2_camera_msgs/srv/detail/hardware_monitor_command_send__type_support.hpp
[19.934s] -- Installing: /home/jiaverso/Desktop/SparkCar_ROS2_WS/SparkCar_Perception/install/realsense2_camera_msgs/include/realsense2_camera_msgs/realsense2_camera_msgs/srv/detail/application_config_read__type_support.hpp
[19.934s] -- Installing: /home/jiaverso/Desktop/SparkCar_ROS2_WS/SparkCar_Perception/install/realsense2_camera_msgs/include/realsense2_camera_msgs/realsense2_camera_msgs/srv/detail/device_info__type_support.hpp
[19.934s] -- Installing: /home/jiaverso/Desktop/SparkCar_ROS2_WS/SparkCar_Perception/install/realsense2_camera_msgs/include/realsense2_camera_msgs/realsense2_camera_msgs/srv/detail/calib_config_write__traits.hpp
[19.934s] -- Installing: /home/jiaverso/Desktop/SparkCar_ROS2_WS/SparkCar_Perception/install/realsense2_camera_msgs/include/realsense2_camera_msgs/realsense2_camera_msgs/srv/detail/safety_preset_read__builder.hpp
[19.934s] -- Installing: /home/jiaverso/Desktop/SparkCar_ROS2_WS/SparkCar_Perception/install/realsense2_camera_msgs/include/realsense2_camera_msgs/realsense2_camera_msgs/srv/detail/safety_preset_write__builder.hpp
[19.934s] -- Installing: /home/jiaverso/Desktop/SparkCar_ROS2_WS/SparkCar_Perception/install/realsense2_camera_msgs/include/realsense2_camera_msgs/realsense2_camera_msgs/srv/detail/calib_config_read__type_support.hpp
[19.935s] -- Installing: /home/jiaverso/Desktop/SparkCar_ROS2_WS/SparkCar_Perception/install/realsense2_camera_msgs/include/realsense2_camera_msgs/realsense2_camera_msgs/srv/detail/calib_config_write__struct.hpp
[19.935s] -- Installing: /home/jiaverso/Desktop/SparkCar_ROS2_WS/SparkCar_Perception/install/realsense2_camera_msgs/include/realsense2_camera_msgs/realsense2_camera_msgs/srv/detail/safety_preset_write__type_support.hpp
[19.935s] -- Installing: /home/jiaverso/Desktop/SparkCar_ROS2_WS/SparkCar_Perception/install/realsense2_camera_msgs/include/realsense2_camera_msgs/realsense2_camera_msgs/srv/detail/calib_config_write__builder.hpp
[19.935s] -- Installing: /home/jiaverso/Desktop/SparkCar_ROS2_WS/SparkCar_Perception/install/realsense2_camera_msgs/include/realsense2_camera_msgs/realsense2_camera_msgs/srv/detail/hardware_monitor_command_send__traits.hpp
[19.935s] -- Installing: /home/jiaverso/Desktop/SparkCar_ROS2_WS/SparkCar_Perception/install/realsense2_camera_msgs/include/realsense2_camera_msgs/realsense2_camera_msgs/srv/detail/calib_config_write__type_support.hpp
[19.935s] -- Installing: /home/jiaverso/Desktop/SparkCar_ROS2_WS/SparkCar_Perception/install/realsense2_camera_msgs/include/realsense2_camera_msgs/realsense2_camera_msgs/srv/detail/hardware_monitor_command_send__builder.hpp
[19.935s] -- Installing: /home/jiaverso/Desktop/SparkCar_ROS2_WS/SparkCar_Perception/install/realsense2_camera_msgs/include/realsense2_camera_msgs/realsense2_camera_msgs/srv/detail/application_config_read__struct.hpp
[19.935s] -- Installing: /home/jiaverso/Desktop/SparkCar_ROS2_WS/SparkCar_Perception/install/realsense2_camera_msgs/include/realsense2_camera_msgs/realsense2_camera_msgs/srv/detail/safety_preset_read__struct.hpp
[19.935s] -- Installing: /home/jiaverso/Desktop/SparkCar_ROS2_WS/SparkCar_Perception/install/realsense2_camera_msgs/include/realsense2_camera_msgs/realsense2_camera_msgs/srv/detail/safety_interface_config_read__struct.hpp
[19.935s] -- Installing: /home/jiaverso/Desktop/SparkCar_ROS2_WS/SparkCar_Perception/install/realsense2_camera_msgs/include/realsense2_camera_msgs/realsense2_camera_msgs/srv/detail/safety_interface_config_read__type_support.hpp
[19.935s] -- Installing: /home/jiaverso/Desktop/SparkCar_ROS2_WS/SparkCar_Perception/install/realsense2_camera_msgs/include/realsense2_camera_msgs/realsense2_camera_msgs/srv/detail/application_config_write__struct.hpp
[19.935s] -- Installing: /home/jiaverso/Desktop/SparkCar_ROS2_WS/SparkCar_Perception/install/realsense2_camera_msgs/include/realsense2_camera_msgs/realsense2_camera_msgs/srv/detail/safety_interface_config_write__struct.hpp
[19.935s] -- Installing: /home/jiaverso/Desktop/SparkCar_ROS2_WS/SparkCar_Perception/install/realsense2_camera_msgs/include/realsense2_camera_msgs/realsense2_camera_msgs/srv/detail/safety_interface_config_write__traits.hpp
[19.936s] -- Installing: /home/jiaverso/Desktop/SparkCar_ROS2_WS/SparkCar_Perception/install/realsense2_camera_msgs/include/realsense2_camera_msgs/realsense2_camera_msgs/srv/detail/calib_config_read__builder.hpp
[19.936s] -- Installing: /home/jiaverso/Desktop/SparkCar_ROS2_WS/SparkCar_Perception/install/realsense2_camera_msgs/include/realsense2_camera_msgs/realsense2_camera_msgs/srv/detail/device_info__struct.hpp
[19.936s] -- Installing: /home/jiaverso/Desktop/SparkCar_ROS2_WS/SparkCar_Perception/install/realsense2_camera_msgs/include/realsense2_camera_msgs/realsense2_camera_msgs/srv/detail/hardware_monitor_command_send__struct.hpp
[19.936s] -- Installing: /home/jiaverso/Desktop/SparkCar_ROS2_WS/SparkCar_Perception/install/realsense2_camera_msgs/include/realsense2_camera_msgs/realsense2_camera_msgs/srv/detail/device_info__traits.hpp
[19.936s] -- Installing: /home/jiaverso/Desktop/SparkCar_ROS2_WS/SparkCar_Perception/install/realsense2_camera_msgs/include/realsense2_camera_msgs/realsense2_camera_msgs/srv/detail/application_config_write__type_support.hpp
[19.936s] -- Installing: /home/jiaverso/Desktop/SparkCar_ROS2_WS/SparkCar_Perception/install/realsense2_camera_msgs/include/realsense2_camera_msgs/realsense2_camera_msgs/srv/detail/calib_config_read__traits.hpp
[19.936s] -- Installing: /home/jiaverso/Desktop/SparkCar_ROS2_WS/SparkCar_Perception/install/realsense2_camera_msgs/include/realsense2_camera_msgs/realsense2_camera_msgs/srv/detail/safety_interface_config_read__builder.hpp
[19.936s] -- Installing: /home/jiaverso/Desktop/SparkCar_ROS2_WS/SparkCar_Perception/install/realsense2_camera_msgs/include/realsense2_camera_msgs/realsense2_camera_msgs/srv/detail/safety_interface_config_write__type_support.hpp
[19.936s] -- Installing: /home/jiaverso/Desktop/SparkCar_ROS2_WS/SparkCar_Perception/install/realsense2_camera_msgs/include/realsense2_camera_msgs/realsense2_camera_msgs/srv/detail/application_config_write__builder.hpp
[19.936s] -- Installing: /home/jiaverso/Desktop/SparkCar_ROS2_WS/SparkCar_Perception/install/realsense2_camera_msgs/include/realsense2_camera_msgs/realsense2_camera_msgs/srv/detail/application_config_read__traits.hpp
[19.936s] -- Installing: /home/jiaverso/Desktop/SparkCar_ROS2_WS/SparkCar_Perception/install/realsense2_camera_msgs/include/realsense2_camera_msgs/realsense2_camera_msgs/srv/safety_interface_config_read.hpp
[19.936s] -- Installing: /home/jiaverso/Desktop/SparkCar_ROS2_WS/SparkCar_Perception/install/realsense2_camera_msgs/include/realsense2_camera_msgs/realsense2_camera_msgs/srv/safety_interface_config_write.hpp
[19.937s] -- Installing: /home/jiaverso/Desktop/SparkCar_ROS2_WS/SparkCar_Perception/install/realsense2_camera_msgs/include/realsense2_camera_msgs/realsense2_camera_msgs/srv/calib_config_write.hpp
[19.937s] -- Installing: /home/jiaverso/Desktop/SparkCar_ROS2_WS/SparkCar_Perception/install/realsense2_camera_msgs/include/realsense2_camera_msgs/realsense2_camera_msgs/srv/application_config_write.hpp
[19.937s] -- Installing: /home/jiaverso/Desktop/SparkCar_ROS2_WS/SparkCar_Perception/install/realsense2_camera_msgs/include/realsense2_camera_msgs/realsense2_camera_msgs/srv/calib_config_read.hpp
[19.937s] -- Up-to-date: /home/jiaverso/Desktop/SparkCar_ROS2_WS/SparkCar_Perception/install/realsense2_camera_msgs/include/realsense2_camera_msgs/realsense2_camera_msgs/msg
[19.937s] -- Installing: /home/jiaverso/Desktop/SparkCar_ROS2_WS/SparkCar_Perception/install/realsense2_camera_msgs/include/realsense2_camera_msgs/realsense2_camera_msgs/msg/imu_info.hpp
[19.937s] -- Up-to-date: /home/jiaverso/Desktop/SparkCar_ROS2_WS/SparkCar_Perception/install/realsense2_camera_msgs/include/realsense2_camera_msgs/realsense2_camera_msgs/msg/detail
[19.937s] -- Installing: /home/jiaverso/Desktop/SparkCar_ROS2_WS/SparkCar_Perception/install/realsense2_camera_msgs/include/realsense2_camera_msgs/realsense2_camera_msgs/msg/detail/imu_info__traits.hpp
[19.937s] -- Installing: /home/jiaverso/Desktop/SparkCar_ROS2_WS/SparkCar_Perception/install/realsense2_camera_msgs/include/realsense2_camera_msgs/realsense2_camera_msgs/msg/detail/metadata__type_support.hpp
[19.937s] -- Installing: /home/jiaverso/Desktop/SparkCar_ROS2_WS/SparkCar_Perception/install/realsense2_camera_msgs/include/realsense2_camera_msgs/realsense2_camera_msgs/msg/detail/imu_info__struct.hpp
[19.937s] -- Installing: /home/jiaverso/Desktop/SparkCar_ROS2_WS/SparkCar_Perception/install/realsense2_camera_msgs/include/realsense2_camera_msgs/realsense2_camera_msgs/msg/detail/imu_info__builder.hpp
[19.937s] -- Installing: /home/jiaverso/Desktop/SparkCar_ROS2_WS/SparkCar_Perception/install/realsense2_camera_msgs/include/realsense2_camera_msgs/realsense2_camera_msgs/msg/detail/metadata__traits.hpp
[19.937s] -- Installing: /home/jiaverso/Desktop/SparkCar_ROS2_WS/SparkCar_Perception/install/realsense2_camera_msgs/include/realsense2_camera_msgs/realsense2_camera_msgs/msg/detail/extrinsics__traits.hpp
[19.938s] -- Installing: /home/jiaverso/Desktop/SparkCar_ROS2_WS/SparkCar_Perception/install/realsense2_camera_msgs/include/realsense2_camera_msgs/realsense2_camera_msgs/msg/detail/imu_info__type_support.hpp
[19.938s] -- Installing: /home/jiaverso/Desktop/SparkCar_ROS2_WS/SparkCar_Perception/install/realsense2_camera_msgs/include/realsense2_camera_msgs/realsense2_camera_msgs/msg/detail/rgbd__type_support.hpp
[19.938s] -- Installing: /home/jiaverso/Desktop/SparkCar_ROS2_WS/SparkCar_Perception/install/realsense2_camera_msgs/include/realsense2_camera_msgs/realsense2_camera_msgs/msg/detail/rgbd__traits.hpp
[19.938s] -- Installing: /home/jiaverso/Desktop/SparkCar_ROS2_WS/SparkCar_Perception/install/realsense2_camera_msgs/include/realsense2_camera_msgs/realsense2_camera_msgs/msg/detail/rgbd__builder.hpp
[19.938s] -- Installing: /home/jiaverso/Desktop/SparkCar_ROS2_WS/SparkCar_Perception/install/realsense2_camera_msgs/include/realsense2_camera_msgs/realsense2_camera_msgs/msg/detail/metadata__builder.hpp
[19.938s] -- Installing: /home/jiaverso/Desktop/SparkCar_ROS2_WS/SparkCar_Perception/install/realsense2_camera_msgs/include/realsense2_camera_msgs/realsense2_camera_msgs/msg/detail/extrinsics__struct.hpp
[19.938s] -- Installing: /home/jiaverso/Desktop/SparkCar_ROS2_WS/SparkCar_Perception/install/realsense2_camera_msgs/include/realsense2_camera_msgs/realsense2_camera_msgs/msg/detail/extrinsics__type_support.hpp
[19.938s] -- Installing: /home/jiaverso/Desktop/SparkCar_ROS2_WS/SparkCar_Perception/install/realsense2_camera_msgs/include/realsense2_camera_msgs/realsense2_camera_msgs/msg/detail/rgbd__struct.hpp
[19.938s] -- Installing: /home/jiaverso/Desktop/SparkCar_ROS2_WS/SparkCar_Perception/install/realsense2_camera_msgs/include/realsense2_camera_msgs/realsense2_camera_msgs/msg/detail/extrinsics__builder.hpp
[19.938s] -- Installing: /home/jiaverso/Desktop/SparkCar_ROS2_WS/SparkCar_Perception/install/realsense2_camera_msgs/include/realsense2_camera_msgs/realsense2_camera_msgs/msg/detail/metadata__struct.hpp
[19.938s] -- Installing: /home/jiaverso/Desktop/SparkCar_ROS2_WS/SparkCar_Perception/install/realsense2_camera_msgs/include/realsense2_camera_msgs/realsense2_camera_msgs/msg/rosidl_generator_cpp__visibility_control.hpp
[19.938s] -- Installing: /home/jiaverso/Desktop/SparkCar_ROS2_WS/SparkCar_Perception/install/realsense2_camera_msgs/include/realsense2_camera_msgs/realsense2_camera_msgs/msg/extrinsics.hpp
[19.939s] -- Installing: /home/jiaverso/Desktop/SparkCar_ROS2_WS/SparkCar_Perception/install/realsense2_camera_msgs/include/realsense2_camera_msgs/realsense2_camera_msgs/msg/rgbd.hpp
[19.939s] -- Installing: /home/jiaverso/Desktop/SparkCar_ROS2_WS/SparkCar_Perception/install/realsense2_camera_msgs/include/realsense2_camera_msgs/realsense2_camera_msgs/msg/metadata.hpp
[19.939s] -- Up-to-date: /home/jiaverso/Desktop/SparkCar_ROS2_WS/SparkCar_Perception/install/realsense2_camera_msgs/include/realsense2_camera_msgs/realsense2_camera_msgs/action
[19.939s] -- Up-to-date: /home/jiaverso/Desktop/SparkCar_ROS2_WS/SparkCar_Perception/install/realsense2_camera_msgs/include/realsense2_camera_msgs/realsense2_camera_msgs/action/detail
[19.939s] -- Installing: /home/jiaverso/Desktop/SparkCar_ROS2_WS/SparkCar_Perception/install/realsense2_camera_msgs/include/realsense2_camera_msgs/realsense2_camera_msgs/action/detail/triggered_calibration__traits.hpp
[19.939s] -- Installing: /home/jiaverso/Desktop/SparkCar_ROS2_WS/SparkCar_Perception/install/realsense2_camera_msgs/include/realsense2_camera_msgs/realsense2_camera_msgs/action/detail/triggered_calibration__builder.hpp
[19.940s] -- Installing: /home/jiaverso/Desktop/SparkCar_ROS2_WS/SparkCar_Perception/install/realsense2_camera_msgs/include/realsense2_camera_msgs/realsense2_camera_msgs/action/detail/triggered_calibration__type_support.hpp
[19.940s] -- Installing: /home/jiaverso/Desktop/SparkCar_ROS2_WS/SparkCar_Perception/install/realsense2_camera_msgs/include/realsense2_camera_msgs/realsense2_camera_msgs/action/detail/triggered_calibration__struct.hpp
[19.940s] -- Installing: /home/jiaverso/Desktop/SparkCar_ROS2_WS/SparkCar_Perception/install/realsense2_camera_msgs/include/realsense2_camera_msgs/realsense2_camera_msgs/action/triggered_calibration.hpp
[19.940s] -- Up-to-date: /home/jiaverso/Desktop/SparkCar_ROS2_WS/SparkCar_Perception/install/realsense2_camera_msgs/include/realsense2_camera_msgs/realsense2_camera_msgs
[19.940s] -- Up-to-date: /home/jiaverso/Desktop/SparkCar_ROS2_WS/SparkCar_Perception/install/realsense2_camera_msgs/include/realsense2_camera_msgs/realsense2_camera_msgs/srv
[19.941s] -- Up-to-date: /home/jiaverso/Desktop/SparkCar_ROS2_WS/SparkCar_Perception/install/realsense2_camera_msgs/include/realsense2_camera_msgs/realsense2_camera_msgs/srv/detail
[19.941s] -- Installing: /home/jiaverso/Desktop/SparkCar_ROS2_WS/SparkCar_Perception/install/realsense2_camera_msgs/include/realsense2_camera_msgs/realsense2_camera_msgs/srv/detail/dds_fastrtps
[19.941s] -- Installing: /home/jiaverso/Desktop/SparkCar_ROS2_WS/SparkCar_Perception/install/realsense2_camera_msgs/include/realsense2_camera_msgs/realsense2_camera_msgs/srv/detail/safety_preset_read__rosidl_typesupport_fastrtps_cpp.hpp
[19.941s] -- Installing: /home/jiaverso/Desktop/SparkCar_ROS2_WS/SparkCar_Perception/install/realsense2_camera_msgs/include/realsense2_camera_msgs/realsense2_camera_msgs/srv/detail/device_info__rosidl_typesupport_fastrtps_cpp.hpp
[19.941s] -- Installing: /home/jiaverso/Desktop/SparkCar_ROS2_WS/SparkCar_Perception/install/realsense2_camera_msgs/include/realsense2_camera_msgs/realsense2_camera_msgs/srv/detail/calib_config_read__rosidl_typesupport_fastrtps_cpp.hpp
[19.941s] -- Installing: /home/jiaverso/Desktop/SparkCar_ROS2_WS/SparkCar_Perception/install/realsense2_camera_msgs/include/realsense2_camera_msgs/realsense2_camera_msgs/srv/detail/calib_config_write__rosidl_typesupport_fastrtps_cpp.hpp
[19.942s] -- Installing: /home/jiaverso/Desktop/SparkCar_ROS2_WS/SparkCar_Perception/install/realsense2_camera_msgs/include/realsense2_camera_msgs/realsense2_camera_msgs/srv/detail/application_config_write__rosidl_typesupport_fastrtps_cpp.hpp
[19.942s] -- Installing: /home/jiaverso/Desktop/SparkCar_ROS2_WS/SparkCar_Perception/install/realsense2_camera_msgs/include/realsense2_camera_msgs/realsense2_camera_msgs/srv/detail/hardware_monitor_command_send__rosidl_typesupport_fastrtps_cpp.hpp
[19.942s] -- Installing: /home/jiaverso/Desktop/SparkCar_ROS2_WS/SparkCar_Perception/install/realsense2_camera_msgs/include/realsense2_camera_msgs/realsense2_camera_msgs/srv/detail/safety_preset_write__rosidl_typesupport_fastrtps_cpp.hpp
[19.942s] -- Installing: /home/jiaverso/Desktop/SparkCar_ROS2_WS/SparkCar_Perception/install/realsense2_camera_msgs/include/realsense2_camera_msgs/realsense2_camera_msgs/srv/detail/safety_interface_config_read__rosidl_typesupport_fastrtps_cpp.hpp
[19.942s] -- Installing: /home/jiaverso/Desktop/SparkCar_ROS2_WS/SparkCar_Perception/install/realsense2_camera_msgs/include/realsense2_camera_msgs/realsense2_camera_msgs/srv/detail/safety_interface_config_write__rosidl_typesupport_fastrtps_cpp.hpp
[19.943s] -- Installing: /home/jiaverso/Desktop/SparkCar_ROS2_WS/SparkCar_Perception/install/realsense2_camera_msgs/include/realsense2_camera_msgs/realsense2_camera_msgs/srv/detail/application_config_read__rosidl_typesupport_fastrtps_cpp.hpp
[19.943s] -- Up-to-date: /home/jiaverso/Desktop/SparkCar_ROS2_WS/SparkCar_Perception/install/realsense2_camera_msgs/include/realsense2_camera_msgs/realsense2_camera_msgs/msg
[19.943s] -- Up-to-date: /home/jiaverso/Desktop/SparkCar_ROS2_WS/SparkCar_Perception/install/realsense2_camera_msgs/include/realsense2_camera_msgs/realsense2_camera_msgs/msg/detail
[19.943s] -- Installing: /home/jiaverso/Desktop/SparkCar_ROS2_WS/SparkCar_Perception/install/realsense2_camera_msgs/include/realsense2_camera_msgs/realsense2_camera_msgs/msg/detail/rgbd__rosidl_typesupport_fastrtps_cpp.hpp
[19.943s] -- Installing: /home/jiaverso/Desktop/SparkCar_ROS2_WS/SparkCar_Perception/install/realsense2_camera_msgs/include/realsense2_camera_msgs/realsense2_camera_msgs/msg/detail/dds_fastrtps
[19.943s] -- Installing: /home/jiaverso/Desktop/SparkCar_ROS2_WS/SparkCar_Perception/install/realsense2_camera_msgs/include/realsense2_camera_msgs/realsense2_camera_msgs/msg/detail/metadata__rosidl_typesupport_fastrtps_cpp.hpp
[19.943s] -- Installing: /home/jiaverso/Desktop/SparkCar_ROS2_WS/SparkCar_Perception/install/realsense2_camera_msgs/include/realsense2_camera_msgs/realsense2_camera_msgs/msg/detail/imu_info__rosidl_typesupport_fastrtps_cpp.hpp
[19.944s] -- Installing: /home/jiaverso/Desktop/SparkCar_ROS2_WS/SparkCar_Perception/install/realsense2_camera_msgs/include/realsense2_camera_msgs/realsense2_camera_msgs/msg/detail/extrinsics__rosidl_typesupport_fastrtps_cpp.hpp
[19.944s] -- Installing: /home/jiaverso/Desktop/SparkCar_ROS2_WS/SparkCar_Perception/install/realsense2_camera_msgs/include/realsense2_camera_msgs/realsense2_camera_msgs/msg/rosidl_typesupport_fastrtps_cpp__visibility_control.h
[19.944s] -- Up-to-date: /home/jiaverso/Desktop/SparkCar_ROS2_WS/SparkCar_Perception/install/realsense2_camera_msgs/include/realsense2_camera_msgs/realsense2_camera_msgs/action
[19.944s] -- Up-to-date: /home/jiaverso/Desktop/SparkCar_ROS2_WS/SparkCar_Perception/install/realsense2_camera_msgs/include/realsense2_camera_msgs/realsense2_camera_msgs/action/detail
[19.944s] -- Installing: /home/jiaverso/Desktop/SparkCar_ROS2_WS/SparkCar_Perception/install/realsense2_camera_msgs/include/realsense2_camera_msgs/realsense2_camera_msgs/action/detail/dds_fastrtps
[19.944s] -- Installing: /home/jiaverso/Desktop/SparkCar_ROS2_WS/SparkCar_Perception/install/realsense2_camera_msgs/include/realsense2_camera_msgs/realsense2_camera_msgs/action/detail/triggered_calibration__rosidl_typesupport_fastrtps_cpp.hpp
[19.945s] -- Installing: /home/jiaverso/Desktop/SparkCar_ROS2_WS/SparkCar_Perception/install/realsense2_camera_msgs/lib/librealsense2_camera_msgs__rosidl_typesupport_fastrtps_cpp.so
[19.945s] -- Set runtime path of "/home/jiaverso/Desktop/SparkCar_ROS2_WS/SparkCar_Perception/install/realsense2_camera_msgs/lib/librealsense2_camera_msgs__rosidl_typesupport_fastrtps_cpp.so" to ""
[19.945s] -- Up-to-date: /home/jiaverso/Desktop/SparkCar_ROS2_WS/SparkCar_Perception/install/realsense2_camera_msgs/include/realsense2_camera_msgs/realsense2_camera_msgs
[19.945s] -- Up-to-date: /home/jiaverso/Desktop/SparkCar_ROS2_WS/SparkCar_Perception/install/realsense2_camera_msgs/include/realsense2_camera_msgs/realsense2_camera_msgs/srv
[19.945s] -- Up-to-date: /home/jiaverso/Desktop/SparkCar_ROS2_WS/SparkCar_Perception/install/realsense2_camera_msgs/include/realsense2_camera_msgs/realsense2_camera_msgs/srv/detail
[19.945s] -- Installing: /home/jiaverso/Desktop/SparkCar_ROS2_WS/SparkCar_Perception/install/realsense2_camera_msgs/include/realsense2_camera_msgs/realsense2_camera_msgs/srv/detail/application_config_write__type_support.cpp
[19.945s] -- Installing: /home/jiaverso/Desktop/SparkCar_ROS2_WS/SparkCar_Perception/install/realsense2_camera_msgs/include/realsense2_camera_msgs/realsense2_camera_msgs/srv/detail/device_info__type_support.cpp
[19.945s] -- Installing: /home/jiaverso/Desktop/SparkCar_ROS2_WS/SparkCar_Perception/install/realsense2_camera_msgs/include/realsense2_camera_msgs/realsense2_camera_msgs/srv/detail/safety_interface_config_read__rosidl_typesupport_introspection_cpp.hpp
[19.946s] -- Installing: /home/jiaverso/Desktop/SparkCar_ROS2_WS/SparkCar_Perception/install/realsense2_camera_msgs/include/realsense2_camera_msgs/realsense2_camera_msgs/srv/detail/safety_interface_config_write__type_support.cpp
[19.946s] -- Installing: /home/jiaverso/Desktop/SparkCar_ROS2_WS/SparkCar_Perception/install/realsense2_camera_msgs/include/realsense2_camera_msgs/realsense2_camera_msgs/srv/detail/calib_config_read__type_support.cpp
[19.946s] -- Installing: /home/jiaverso/Desktop/SparkCar_ROS2_WS/SparkCar_Perception/install/realsense2_camera_msgs/include/realsense2_camera_msgs/realsense2_camera_msgs/srv/detail/safety_interface_config_write__rosidl_typesupport_introspection_cpp.hpp
[19.946s] -- Installing: /home/jiaverso/Desktop/SparkCar_ROS2_WS/SparkCar_Perception/install/realsense2_camera_msgs/include/realsense2_camera_msgs/realsense2_camera_msgs/srv/detail/safety_interface_config_read__type_support.cpp
[19.946s] -- Installing: /home/jiaverso/Desktop/SparkCar_ROS2_WS/SparkCar_Perception/install/realsense2_camera_msgs/include/realsense2_camera_msgs/realsense2_camera_msgs/srv/detail/safety_preset_read__type_support.cpp
[19.946s] -- Installing: /home/jiaverso/Desktop/SparkCar_ROS2_WS/SparkCar_Perception/install/realsense2_camera_msgs/include/realsense2_camera_msgs/realsense2_camera_msgs/srv/detail/hardware_monitor_command_send__type_support.cpp
[19.946s] -- Installing: /home/jiaverso/Desktop/SparkCar_ROS2_WS/SparkCar_Perception/install/realsense2_camera_msgs/include/realsense2_camera_msgs/realsense2_camera_msgs/srv/detail/calib_config_write__rosidl_typesupport_introspection_cpp.hpp
[19.946s] -- Installing: /home/jiaverso/Desktop/SparkCar_ROS2_WS/SparkCar_Perception/install/realsense2_camera_msgs/include/realsense2_camera_msgs/realsense2_camera_msgs/srv/detail/application_config_write__rosidl_typesupport_introspection_cpp.hpp
[19.947s] -- Installing: /home/jiaverso/Desktop/SparkCar_ROS2_WS/SparkCar_Perception/install/realsense2_camera_msgs/include/realsense2_camera_msgs/realsense2_camera_msgs/srv/detail/calib_config_read__rosidl_typesupport_introspection_cpp.hpp
[19.947s] -- Installing: /home/jiaverso/Desktop/SparkCar_ROS2_WS/SparkCar_Perception/install/realsense2_camera_msgs/include/realsense2_camera_msgs/realsense2_camera_msgs/srv/detail/device_info__rosidl_typesupport_introspection_cpp.hpp
[19.947s] -- Installing: /home/jiaverso/Desktop/SparkCar_ROS2_WS/SparkCar_Perception/install/realsense2_camera_msgs/include/realsense2_camera_msgs/realsense2_camera_msgs/srv/detail/application_config_read__rosidl_typesupport_introspection_cpp.hpp
[19.947s] -- Installing: /home/jiaverso/Desktop/SparkCar_ROS2_WS/SparkCar_Perception/install/realsense2_camera_msgs/include/realsense2_camera_msgs/realsense2_camera_msgs/srv/detail/hardware_monitor_command_send__rosidl_typesupport_introspection_cpp.hpp
[19.947s] -- Installing: /home/jiaverso/Desktop/SparkCar_ROS2_WS/SparkCar_Perception/install/realsense2_camera_msgs/include/realsense2_camera_msgs/realsense2_camera_msgs/srv/detail/safety_preset_write__rosidl_typesupport_introspection_cpp.hpp
[19.947s] -- Installing: /home/jiaverso/Desktop/SparkCar_ROS2_WS/SparkCar_Perception/install/realsense2_camera_msgs/include/realsense2_camera_msgs/realsense2_camera_msgs/srv/detail/safety_preset_write__type_support.cpp
[19.947s] -- Installing: /home/jiaverso/Desktop/SparkCar_ROS2_WS/SparkCar_Perception/install/realsense2_camera_msgs/include/realsense2_camera_msgs/realsense2_camera_msgs/srv/detail/safety_preset_read__rosidl_typesupport_introspection_cpp.hpp
[19.948s] -- Installing: /home/jiaverso/Desktop/SparkCar_ROS2_WS/SparkCar_Perception/install/realsense2_camera_msgs/include/realsense2_camera_msgs/realsense2_camera_msgs/srv/detail/application_config_read__type_support.cpp
[19.948s] -- Installing: /home/jiaverso/Desktop/SparkCar_ROS2_WS/SparkCar_Perception/install/realsense2_camera_msgs/include/realsense2_camera_msgs/realsense2_camera_msgs/srv/detail/calib_config_write__type_support.cpp
[19.948s] -- Up-to-date: /home/jiaverso/Desktop/SparkCar_ROS2_WS/SparkCar_Perception/install/realsense2_camera_msgs/include/realsense2_camera_msgs/realsense2_camera_msgs/msg
[19.948s] -- Up-to-date: /home/jiaverso/Desktop/SparkCar_ROS2_WS/SparkCar_Perception/install/realsense2_camera_msgs/include/realsense2_camera_msgs/realsense2_camera_msgs/msg/detail
[19.948s] -- Installing: /home/jiaverso/Desktop/SparkCar_ROS2_WS/SparkCar_Perception/install/realsense2_camera_msgs/include/realsense2_camera_msgs/realsense2_camera_msgs/msg/detail/imu_info__type_support.cpp
[19.948s] -- Installing: /home/jiaverso/Desktop/SparkCar_ROS2_WS/SparkCar_Perception/install/realsense2_camera_msgs/include/realsense2_camera_msgs/realsense2_camera_msgs/msg/detail/metadata__type_support.cpp
[19.948s] -- Installing: /home/jiaverso/Desktop/SparkCar_ROS2_WS/SparkCar_Perception/install/realsense2_camera_msgs/include/realsense2_camera_msgs/realsense2_camera_msgs/msg/detail/metadata__rosidl_typesupport_introspection_cpp.hpp
[19.949s] -- Installing: /home/jiaverso/Desktop/SparkCar_ROS2_WS/SparkCar_Perception/install/realsense2_camera_msgs/include/realsense2_camera_msgs/realsense2_camera_msgs/msg/detail/rgbd__type_support.cpp
[19.949s] -- Installing: /home/jiaverso/Desktop/SparkCar_ROS2_WS/SparkCar_Perception/install/realsense2_camera_msgs/include/realsense2_camera_msgs/realsense2_camera_msgs/msg/detail/imu_info__rosidl_typesupport_introspection_cpp.hpp
[19.949s] -- Installing: /home/jiaverso/Desktop/SparkCar_ROS2_WS/SparkCar_Perception/install/realsense2_camera_msgs/include/realsense2_camera_msgs/realsense2_camera_msgs/msg/detail/rgbd__rosidl_typesupport_introspection_cpp.hpp
[19.949s] -- Installing: /home/jiaverso/Desktop/SparkCar_ROS2_WS/SparkCar_Perception/install/realsense2_camera_msgs/include/realsense2_camera_msgs/realsense2_camera_msgs/msg/detail/extrinsics__rosidl_typesupport_introspection_cpp.hpp
[19.949s] -- Installing: /home/jiaverso/Desktop/SparkCar_ROS2_WS/SparkCar_Perception/install/realsense2_camera_msgs/include/realsense2_camera_msgs/realsense2_camera_msgs/msg/detail/extrinsics__type_support.cpp
[19.949s] -- Up-to-date: /home/jiaverso/Desktop/SparkCar_ROS2_WS/SparkCar_Perception/install/realsense2_camera_msgs/include/realsense2_camera_msgs/realsense2_camera_msgs/action
[19.950s] -- Up-to-date: /home/jiaverso/Desktop/SparkCar_ROS2_WS/SparkCar_Perception/install/realsense2_camera_msgs/include/realsense2_camera_msgs/realsense2_camera_msgs/action/detail
[19.950s] -- Installing: /home/jiaverso/Desktop/SparkCar_ROS2_WS/SparkCar_Perception/install/realsense2_camera_msgs/include/realsense2_camera_msgs/realsense2_camera_msgs/action/detail/triggered_calibration__type_support.cpp
[19.950s] -- Installing: /home/jiaverso/Desktop/SparkCar_ROS2_WS/SparkCar_Perception/install/realsense2_camera_msgs/include/realsense2_camera_msgs/realsense2_camera_msgs/action/detail/triggered_calibration__rosidl_typesupport_introspection_cpp.hpp
[19.950s] -- Installing: /home/jiaverso/Desktop/SparkCar_ROS2_WS/SparkCar_Perception/install/realsense2_camera_msgs/lib/librealsense2_camera_msgs__rosidl_typesupport_introspection_cpp.so
[19.950s] -- Set runtime path of "/home/jiaverso/Desktop/SparkCar_ROS2_WS/SparkCar_Perception/install/realsense2_camera_msgs/lib/librealsense2_camera_msgs__rosidl_typesupport_introspection_cpp.so" to ""
[19.951s] -- Installing: /home/jiaverso/Desktop/SparkCar_ROS2_WS/SparkCar_Perception/install/realsense2_camera_msgs/lib/librealsense2_camera_msgs__rosidl_typesupport_cpp.so
[19.951s] -- Set runtime path of "/home/jiaverso/Desktop/SparkCar_ROS2_WS/SparkCar_Perception/install/realsense2_camera_msgs/lib/librealsense2_camera_msgs__rosidl_typesupport_cpp.so" to ""
[19.951s] -- Installing: /home/jiaverso/Desktop/SparkCar_ROS2_WS/SparkCar_Perception/install/realsense2_camera_msgs/share/realsense2_camera_msgs/environment/pythonpath.sh
[19.951s] -- Installing: /home/jiaverso/Desktop/SparkCar_ROS2_WS/SparkCar_Perception/install/realsense2_camera_msgs/share/realsense2_camera_msgs/environment/pythonpath.dsv
[19.951s] -- Installing: /home/jiaverso/Desktop/SparkCar_ROS2_WS/SparkCar_Perception/install/realsense2_camera_msgs/local/lib/python3.10/dist-packages/realsense2_camera_msgs-4.58.2-py3.10.egg-info
[19.951s] -- Installing: /home/jiaverso/Desktop/SparkCar_ROS2_WS/SparkCar_Perception/install/realsense2_camera_msgs/local/lib/python3.10/dist-packages/realsense2_camera_msgs-4.58.2-py3.10.egg-info/top_level.txt
[19.951s] -- Installing: /home/jiaverso/Desktop/SparkCar_ROS2_WS/SparkCar_Perception/install/realsense2_camera_msgs/local/lib/python3.10/dist-packages/realsense2_camera_msgs-4.58.2-py3.10.egg-info/dependency_links.txt
[19.952s] -- Installing: /home/jiaverso/Desktop/SparkCar_ROS2_WS/SparkCar_Perception/install/realsense2_camera_msgs/local/lib/python3.10/dist-packages/realsense2_camera_msgs-4.58.2-py3.10.egg-info/SOURCES.txt
[19.952s] -- Installing: /home/jiaverso/Desktop/SparkCar_ROS2_WS/SparkCar_Perception/install/realsense2_camera_msgs/local/lib/python3.10/dist-packages/realsense2_camera_msgs-4.58.2-py3.10.egg-info/PKG-INFO
[19.952s] -- Installing: /home/jiaverso/Desktop/SparkCar_ROS2_WS/SparkCar_Perception/install/realsense2_camera_msgs/local/lib/python3.10/dist-packages/realsense2_camera_msgs
[19.952s] -- Installing: /home/jiaverso/Desktop/SparkCar_ROS2_WS/SparkCar_Perception/install/realsense2_camera_msgs/local/lib/python3.10/dist-packages/realsense2_camera_msgs/realsense2_camera_msgs_s__rosidl_typesupport_fastrtps_c.cpython-310-x86_64-linux-gnu.so
[19.952s] -- Installing: /home/jiaverso/Desktop/SparkCar_ROS2_WS/SparkCar_Perception/install/realsense2_camera_msgs/local/lib/python3.10/dist-packages/realsense2_camera_msgs/srv
[19.952s] -- Installing: /home/jiaverso/Desktop/SparkCar_ROS2_WS/SparkCar_Perception/install/realsense2_camera_msgs/local/lib/python3.10/dist-packages/realsense2_camera_msgs/srv/_safety_interface_config_read.py
[19.952s] -- Installing: /home/jiaverso/Desktop/SparkCar_ROS2_WS/SparkCar_Perception/install/realsense2_camera_msgs/local/lib/python3.10/dist-packages/realsense2_camera_msgs/srv/_application_config_write.py
[19.952s] -- Installing: /home/jiaverso/Desktop/SparkCar_ROS2_WS/SparkCar_Perception/install/realsense2_camera_msgs/local/lib/python3.10/dist-packages/realsense2_camera_msgs/srv/_hardware_monitor_command_send_s.c
[19.953s] -- Installing: /home/jiaverso/Desktop/SparkCar_ROS2_WS/SparkCar_Perception/install/realsense2_camera_msgs/local/lib/python3.10/dist-packages/realsense2_camera_msgs/srv/_device_info.py
[19.953s] -- Installing: /home/jiaverso/Desktop/SparkCar_ROS2_WS/SparkCar_Perception/install/realsense2_camera_msgs/local/lib/python3.10/dist-packages/realsense2_camera_msgs/srv/_calib_config_read.py
[19.953s] -- Installing: /home/jiaverso/Desktop/SparkCar_ROS2_WS/SparkCar_Perception/install/realsense2_camera_msgs/local/lib/python3.10/dist-packages/realsense2_camera_msgs/srv/_calib_config_write.py
[19.953s] -- Installing: /home/jiaverso/Desktop/SparkCar_ROS2_WS/SparkCar_Perception/install/realsense2_camera_msgs/local/lib/python3.10/dist-packages/realsense2_camera_msgs/srv/_application_config_read.py
[19.953s] -- Installing: /home/jiaverso/Desktop/SparkCar_ROS2_WS/SparkCar_Perception/install/realsense2_camera_msgs/local/lib/python3.10/dist-packages/realsense2_camera_msgs/srv/_application_config_read_s.c
[19.953s] -- Installing: /home/jiaverso/Desktop/SparkCar_ROS2_WS/SparkCar_Perception/install/realsense2_camera_msgs/local/lib/python3.10/dist-packages/realsense2_camera_msgs/srv/_calib_config_read_s.c
[19.953s] -- Installing: /home/jiaverso/Desktop/SparkCar_ROS2_WS/SparkCar_Perception/install/realsense2_camera_msgs/local/lib/python3.10/dist-packages/realsense2_camera_msgs/srv/__init__.py
[19.954s] -- Installing: /home/jiaverso/Desktop/SparkCar_ROS2_WS/SparkCar_Perception/install/realsense2_camera_msgs/local/lib/python3.10/dist-packages/realsense2_camera_msgs/srv/_device_info_s.c
[19.954s] -- Installing: /home/jiaverso/Desktop/SparkCar_ROS2_WS/SparkCar_Perception/install/realsense2_camera_msgs/local/lib/python3.10/dist-packages/realsense2_camera_msgs/srv/_application_config_write_s.c
[19.954s] -- Installing: /home/jiaverso/Desktop/SparkCar_ROS2_WS/SparkCar_Perception/install/realsense2_camera_msgs/local/lib/python3.10/dist-packages/realsense2_camera_msgs/srv/_safety_preset_read.py
[19.954s] -- Installing: /home/jiaverso/Desktop/SparkCar_ROS2_WS/SparkCar_Perception/install/realsense2_camera_msgs/local/lib/python3.10/dist-packages/realsense2_camera_msgs/srv/_safety_preset_write_s.c
[19.954s] -- Installing: /home/jiaverso/Desktop/SparkCar_ROS2_WS/SparkCar_Perception/install/realsense2_camera_msgs/local/lib/python3.10/dist-packages/realsense2_camera_msgs/srv/_safety_preset_write.py
[19.954s] -- Installing: /home/jiaverso/Desktop/SparkCar_ROS2_WS/SparkCar_Perception/install/realsense2_camera_msgs/local/lib/python3.10/dist-packages/realsense2_camera_msgs/srv/_safety_preset_read_s.c
[19.954s] -- Installing: /home/jiaverso/Desktop/SparkCar_ROS2_WS/SparkCar_Perception/install/realsense2_camera_msgs/local/lib/python3.10/dist-packages/realsense2_camera_msgs/srv/_safety_interface_config_write_s.c
[19.954s] -- Installing: /home/jiaverso/Desktop/SparkCar_ROS2_WS/SparkCar_Perception/install/realsense2_camera_msgs/local/lib/python3.10/dist-packages/realsense2_camera_msgs/srv/_hardware_monitor_command_send.py
[19.955s] -- Installing: /home/jiaverso/Desktop/SparkCar_ROS2_WS/SparkCar_Perception/install/realsense2_camera_msgs/local/lib/python3.10/dist-packages/realsense2_camera_msgs/srv/_calib_config_write_s.c
[19.955s] -- Installing: /home/jiaverso/Desktop/SparkCar_ROS2_WS/SparkCar_Perception/install/realsense2_camera_msgs/local/lib/python3.10/dist-packages/realsense2_camera_msgs/srv/_safety_interface_config_write.py
[19.955s] -- Installing: /home/jiaverso/Desktop/SparkCar_ROS2_WS/SparkCar_Perception/install/realsense2_camera_msgs/local/lib/python3.10/dist-packages/realsense2_camera_msgs/srv/_safety_interface_config_read_s.c
[19.955s] -- Installing: /home/jiaverso/Desktop/SparkCar_ROS2_WS/SparkCar_Perception/install/realsense2_camera_msgs/local/lib/python3.10/dist-packages/realsense2_camera_msgs/_realsense2_camera_msgs_s.ep.rosidl_typesupport_fastrtps_c.c
[19.955s] -- Installing: /home/jiaverso/Desktop/SparkCar_ROS2_WS/SparkCar_Perception/install/realsense2_camera_msgs/local/lib/python3.10/dist-packages/realsense2_camera_msgs/_realsense2_camera_msgs_s.ep.rosidl_typesupport_introspection_c.c
[19.955s] -- Installing: /home/jiaverso/Desktop/SparkCar_ROS2_WS/SparkCar_Perception/install/realsense2_camera_msgs/local/lib/python3.10/dist-packages/realsense2_camera_msgs/__init__.py
[19.955s] -- Installing: /home/jiaverso/Desktop/SparkCar_ROS2_WS/SparkCar_Perception/install/realsense2_camera_msgs/local/lib/python3.10/dist-packages/realsense2_camera_msgs/librealsense2_camera_msgs__rosidl_generator_py.so
[19.955s] -- Installing: /home/jiaverso/Desktop/SparkCar_ROS2_WS/SparkCar_Perception/install/realsense2_camera_msgs/local/lib/python3.10/dist-packages/realsense2_camera_msgs/realsense2_camera_msgs_s__rosidl_typesupport_c.cpython-310-x86_64-linux-gnu.so
[19.956s] -- Installing: /home/jiaverso/Desktop/SparkCar_ROS2_WS/SparkCar_Perception/install/realsense2_camera_msgs/local/lib/python3.10/dist-packages/realsense2_camera_msgs/realsense2_camera_msgs_s__rosidl_typesupport_introspection_c.cpython-310-x86_64-linux-gnu.so
[19.956s] -- Installing: /home/jiaverso/Desktop/SparkCar_ROS2_WS/SparkCar_Perception/install/realsense2_camera_msgs/local/lib/python3.10/dist-packages/realsense2_camera_msgs/_realsense2_camera_msgs_s.ep.rosidl_typesupport_c.c
[19.956s] -- Installing: /home/jiaverso/Desktop/SparkCar_ROS2_WS/SparkCar_Perception/install/realsense2_camera_msgs/local/lib/python3.10/dist-packages/realsense2_camera_msgs/msg
[19.956s] -- Installing: /home/jiaverso/Desktop/SparkCar_ROS2_WS/SparkCar_Perception/install/realsense2_camera_msgs/local/lib/python3.10/dist-packages/realsense2_camera_msgs/msg/_rgbd.py
[19.956s] -- Installing: /home/jiaverso/Desktop/SparkCar_ROS2_WS/SparkCar_Perception/install/realsense2_camera_msgs/local/lib/python3.10/dist-packages/realsense2_camera_msgs/msg/_rgbd_s.c
[19.956s] -- Installing: /home/jiaverso/Desktop/SparkCar_ROS2_WS/SparkCar_Perception/install/realsense2_camera_msgs/local/lib/python3.10/dist-packages/realsense2_camera_msgs/msg/_extrinsics.py
[19.956s] -- Installing: /home/jiaverso/Desktop/SparkCar_ROS2_WS/SparkCar_Perception/install/realsense2_camera_msgs/local/lib/python3.10/dist-packages/realsense2_camera_msgs/msg/__init__.py
[19.956s] -- Installing: /home/jiaverso/Desktop/SparkCar_ROS2_WS/SparkCar_Perception/install/realsense2_camera_msgs/local/lib/python3.10/dist-packages/realsense2_camera_msgs/msg/_metadata.py
[19.956s] -- Installing: /home/jiaverso/Desktop/SparkCar_ROS2_WS/SparkCar_Perception/install/realsense2_camera_msgs/local/lib/python3.10/dist-packages/realsense2_camera_msgs/msg/_imu_info.py
[19.957s] -- Installing: /home/jiaverso/Desktop/SparkCar_ROS2_WS/SparkCar_Perception/install/realsense2_camera_msgs/local/lib/python3.10/dist-packages/realsense2_camera_msgs/msg/_imu_info_s.c
[19.957s] -- Installing: /home/jiaverso/Desktop/SparkCar_ROS2_WS/SparkCar_Perception/install/realsense2_camera_msgs/local/lib/python3.10/dist-packages/realsense2_camera_msgs/msg/_extrinsics_s.c
[19.957s] -- Installing: /home/jiaverso/Desktop/SparkCar_ROS2_WS/SparkCar_Perception/install/realsense2_camera_msgs/local/lib/python3.10/dist-packages/realsense2_camera_msgs/msg/_metadata_s.c
[19.957s] -- Installing: /home/jiaverso/Desktop/SparkCar_ROS2_WS/SparkCar_Perception/install/realsense2_camera_msgs/local/lib/python3.10/dist-packages/realsense2_camera_msgs/action
[19.957s] -- Installing: /home/jiaverso/Desktop/SparkCar_ROS2_WS/SparkCar_Perception/install/realsense2_camera_msgs/local/lib/python3.10/dist-packages/realsense2_camera_msgs/action/_triggered_calibration_s.c
[19.957s] -- Installing: /home/jiaverso/Desktop/SparkCar_ROS2_WS/SparkCar_Perception/install/realsense2_camera_msgs/local/lib/python3.10/dist-packages/realsense2_camera_msgs/action/_triggered_calibration.py
[19.957s] -- Installing: /home/jiaverso/Desktop/SparkCar_ROS2_WS/SparkCar_Perception/install/realsense2_camera_msgs/local/lib/python3.10/dist-packages/realsense2_camera_msgs/action/__init__.py
[20.000s] Listing '/home/jiaverso/Desktop/SparkCar_ROS2_WS/SparkCar_Perception/install/realsense2_camera_msgs/local/lib/python3.10/dist-packages/realsense2_camera_msgs'...
[20.001s] Compiling '/home/jiaverso/Desktop/SparkCar_ROS2_WS/SparkCar_Perception/install/realsense2_camera_msgs/local/lib/python3.10/dist-packages/realsense2_camera_msgs/__init__.py'...
[20.001s] Listing '/home/jiaverso/Desktop/SparkCar_ROS2_WS/SparkCar_Perception/install/realsense2_camera_msgs/local/lib/python3.10/dist-packages/realsense2_camera_msgs/action'...
[20.001s] Compiling '/home/jiaverso/Desktop/SparkCar_ROS2_WS/SparkCar_Perception/install/realsense2_camera_msgs/local/lib/python3.10/dist-packages/realsense2_camera_msgs/action/__init__.py'...
[20.001s] Compiling '/home/jiaverso/Desktop/SparkCar_ROS2_WS/SparkCar_Perception/install/realsense2_camera_msgs/local/lib/python3.10/dist-packages/realsense2_camera_msgs/action/_triggered_calibration.py'...
[20.001s] Listing '/home/jiaverso/Desktop/SparkCar_ROS2_WS/SparkCar_Perception/install/realsense2_camera_msgs/local/lib/python3.10/dist-packages/realsense2_camera_msgs/msg'...
[20.001s] Compiling '/home/jiaverso/Desktop/SparkCar_ROS2_WS/SparkCar_Perception/install/realsense2_camera_msgs/local/lib/python3.10/dist-packages/realsense2_camera_msgs/msg/__init__.py'...
[20.001s] Compiling '/home/jiaverso/Desktop/SparkCar_ROS2_WS/SparkCar_Perception/install/realsense2_camera_msgs/local/lib/python3.10/dist-packages/realsense2_camera_msgs/msg/_extrinsics.py'...
[20.001s] Compiling '/home/jiaverso/Desktop/SparkCar_ROS2_WS/SparkCar_Perception/install/realsense2_camera_msgs/local/lib/python3.10/dist-packages/realsense2_camera_msgs/msg/_imu_info.py'...
[20.001s] Compiling '/home/jiaverso/Desktop/SparkCar_ROS2_WS/SparkCar_Perception/install/realsense2_camera_msgs/local/lib/python3.10/dist-packages/realsense2_camera_msgs/msg/_metadata.py'...
[20.001s] Compiling '/home/jiaverso/Desktop/SparkCar_ROS2_WS/SparkCar_Perception/install/realsense2_camera_msgs/local/lib/python3.10/dist-packages/realsense2_camera_msgs/msg/_rgbd.py'...
[20.001s] Listing '/home/jiaverso/Desktop/SparkCar_ROS2_WS/SparkCar_Perception/install/realsense2_camera_msgs/local/lib/python3.10/dist-packages/realsense2_camera_msgs/srv'...
[20.001s] Compiling '/home/jiaverso/Desktop/SparkCar_ROS2_WS/SparkCar_Perception/install/realsense2_camera_msgs/local/lib/python3.10/dist-packages/realsense2_camera_msgs/srv/__init__.py'...
[20.001s] Compiling '/home/jiaverso/Desktop/SparkCar_ROS2_WS/SparkCar_Perception/install/realsense2_camera_msgs/local/lib/python3.10/dist-packages/realsense2_camera_msgs/srv/_application_config_read.py'...
[20.001s] Compiling '/home/jiaverso/Desktop/SparkCar_ROS2_WS/SparkCar_Perception/install/realsense2_camera_msgs/local/lib/python3.10/dist-packages/realsense2_camera_msgs/srv/_application_config_write.py'...
[20.002s] Compiling '/home/jiaverso/Desktop/SparkCar_ROS2_WS/SparkCar_Perception/install/realsense2_camera_msgs/local/lib/python3.10/dist-packages/realsense2_camera_msgs/srv/_calib_config_read.py'...
[20.002s] Compiling '/home/jiaverso/Desktop/SparkCar_ROS2_WS/SparkCar_Perception/install/realsense2_camera_msgs/local/lib/python3.10/dist-packages/realsense2_camera_msgs/srv/_calib_config_write.py'...
[20.002s] Compiling '/home/jiaverso/Desktop/SparkCar_ROS2_WS/SparkCar_Perception/install/realsense2_camera_msgs/local/lib/python3.10/dist-packages/realsense2_camera_msgs/srv/_device_info.py'...
[20.002s] Compiling '/home/jiaverso/Desktop/SparkCar_ROS2_WS/SparkCar_Perception/install/realsense2_camera_msgs/local/lib/python3.10/dist-packages/realsense2_camera_msgs/srv/_hardware_monitor_command_send.py'...
[20.002s] Compiling '/home/jiaverso/Desktop/SparkCar_ROS2_WS/SparkCar_Perception/install/realsense2_camera_msgs/local/lib/python3.10/dist-packages/realsense2_camera_msgs/srv/_safety_interface_config_read.py'...
[20.002s] Compiling '/home/jiaverso/Desktop/SparkCar_ROS2_WS/SparkCar_Perception/install/realsense2_camera_msgs/local/lib/python3.10/dist-packages/realsense2_camera_msgs/srv/_safety_interface_config_write.py'...
[20.002s] Compiling '/home/jiaverso/Desktop/SparkCar_ROS2_WS/SparkCar_Perception/install/realsense2_camera_msgs/local/lib/python3.10/dist-packages/realsense2_camera_msgs/srv/_safety_preset_read.py'...
[20.002s] Compiling '/home/jiaverso/Desktop/SparkCar_ROS2_WS/SparkCar_Perception/install/realsense2_camera_msgs/local/lib/python3.10/dist-packages/realsense2_camera_msgs/srv/_safety_preset_write.py'...
[20.004s] -- Installing: /home/jiaverso/Desktop/SparkCar_ROS2_WS/SparkCar_Perception/install/realsense2_camera_msgs/local/lib/python3.10/dist-packages/realsense2_camera_msgs/realsense2_camera_msgs_s__rosidl_typesupport_fastrtps_c.cpython-310-x86_64-linux-gnu.so
[20.005s] -- Set runtime path of "/home/jiaverso/Desktop/SparkCar_ROS2_WS/SparkCar_Perception/install/realsense2_camera_msgs/local/lib/python3.10/dist-packages/realsense2_camera_msgs/realsense2_camera_msgs_s__rosidl_typesupport_fastrtps_c.cpython-310-x86_64-linux-gnu.so" to ""
[20.005s] -- Installing: /home/jiaverso/Desktop/SparkCar_ROS2_WS/SparkCar_Perception/install/realsense2_camera_msgs/local/lib/python3.10/dist-packages/realsense2_camera_msgs/realsense2_camera_msgs_s__rosidl_typesupport_introspection_c.cpython-310-x86_64-linux-gnu.so
[20.005s] -- Set runtime path of "/home/jiaverso/Desktop/SparkCar_ROS2_WS/SparkCar_Perception/install/realsense2_camera_msgs/local/lib/python3.10/dist-packages/realsense2_camera_msgs/realsense2_camera_msgs_s__rosidl_typesupport_introspection_c.cpython-310-x86_64-linux-gnu.so" to ""
[20.005s] -- Installing: /home/jiaverso/Desktop/SparkCar_ROS2_WS/SparkCar_Perception/install/realsense2_camera_msgs/local/lib/python3.10/dist-packages/realsense2_camera_msgs/realsense2_camera_msgs_s__rosidl_typesupport_c.cpython-310-x86_64-linux-gnu.so
[20.006s] -- Set runtime path of "/home/jiaverso/Desktop/SparkCar_ROS2_WS/SparkCar_Perception/install/realsense2_camera_msgs/local/lib/python3.10/dist-packages/realsense2_camera_msgs/realsense2_camera_msgs_s__rosidl_typesupport_c.cpython-310-x86_64-linux-gnu.so" to ""
[20.006s] -- Installing: /home/jiaverso/Desktop/SparkCar_ROS2_WS/SparkCar_Perception/install/realsense2_camera_msgs/lib/librealsense2_camera_msgs__rosidl_generator_py.so
[20.006s] -- Set runtime path of "/home/jiaverso/Desktop/SparkCar_ROS2_WS/SparkCar_Perception/install/realsense2_camera_msgs/lib/librealsense2_camera_msgs__rosidl_generator_py.so" to ""
[20.006s] -- Installing: /home/jiaverso/Desktop/SparkCar_ROS2_WS/SparkCar_Perception/install/realsense2_camera_msgs/share/ament_index/resource_index/rust_packages/realsense2_camera_msgs
[20.006s] -- Installing: /home/jiaverso/Desktop/SparkCar_ROS2_WS/SparkCar_Perception/install/realsense2_camera_msgs/share/realsense2_camera_msgs/rust
[20.007s] -- Installing: /home/jiaverso/Desktop/SparkCar_ROS2_WS/SparkCar_Perception/install/realsense2_camera_msgs/share/realsense2_camera_msgs/rust/Cargo.toml
[20.007s] -- Installing: /home/jiaverso/Desktop/SparkCar_ROS2_WS/SparkCar_Perception/install/realsense2_camera_msgs/share/realsense2_camera_msgs/rust/src
[20.007s] -- Installing: /home/jiaverso/Desktop/SparkCar_ROS2_WS/SparkCar_Perception/install/realsense2_camera_msgs/share/realsense2_camera_msgs/rust/src/srv
[20.007s] -- Installing: /home/jiaverso/Desktop/SparkCar_ROS2_WS/SparkCar_Perception/install/realsense2_camera_msgs/share/realsense2_camera_msgs/rust/src/srv/rmw.rs
[20.007s] -- Installing: /home/jiaverso/Desktop/SparkCar_ROS2_WS/SparkCar_Perception/install/realsense2_camera_msgs/share/realsense2_camera_msgs/rust/src/srv.rs
[20.007s] -- Installing: /home/jiaverso/Desktop/SparkCar_ROS2_WS/SparkCar_Perception/install/realsense2_camera_msgs/share/realsense2_camera_msgs/rust/src/msg.rs
[20.008s] -- Installing: /home/jiaverso/Desktop/SparkCar_ROS2_WS/SparkCar_Perception/install/realsense2_camera_msgs/share/realsense2_camera_msgs/rust/src/action.rs
[20.008s] -- Installing: /home/jiaverso/Desktop/SparkCar_ROS2_WS/SparkCar_Perception/install/realsense2_camera_msgs/share/realsense2_camera_msgs/rust/src/msg
[20.008s] -- Installing: /home/jiaverso/Desktop/SparkCar_ROS2_WS/SparkCar_Perception/install/realsense2_camera_msgs/share/realsense2_camera_msgs/rust/src/msg/rmw.rs
[20.008s] -- Installing: /home/jiaverso/Desktop/SparkCar_ROS2_WS/SparkCar_Perception/install/realsense2_camera_msgs/share/realsense2_camera_msgs/rust/src/lib.rs
[20.008s] -- Installing: /home/jiaverso/Desktop/SparkCar_ROS2_WS/SparkCar_Perception/install/realsense2_camera_msgs/share/realsense2_camera_msgs/rust/src/action
[20.008s] -- Installing: /home/jiaverso/Desktop/SparkCar_ROS2_WS/SparkCar_Perception/install/realsense2_camera_msgs/share/realsense2_camera_msgs/rust/src/action/rmw.rs
[20.008s] -- Installing: /home/jiaverso/Desktop/SparkCar_ROS2_WS/SparkCar_Perception/install/realsense2_camera_msgs/share/realsense2_camera_msgs/rust/build.rs
[20.009s] -- Installing: /home/jiaverso/Desktop/SparkCar_ROS2_WS/SparkCar_Perception/install/realsense2_camera_msgs/share/realsense2_camera_msgs/msg/IMUInfo.idl
[20.009s] -- Installing: /home/jiaverso/Desktop/SparkCar_ROS2_WS/SparkCar_Perception/install/realsense2_camera_msgs/share/realsense2_camera_msgs/msg/Extrinsics.idl
[20.009s] -- Installing: /home/jiaverso/Desktop/SparkCar_ROS2_WS/SparkCar_Perception/install/realsense2_camera_msgs/share/realsense2_camera_msgs/msg/Metadata.idl
[20.009s] -- Installing: /home/jiaverso/Desktop/SparkCar_ROS2_WS/SparkCar_Perception/install/realsense2_camera_msgs/share/realsense2_camera_msgs/msg/RGBD.idl
[20.009s] -- Installing: /home/jiaverso/Desktop/SparkCar_ROS2_WS/SparkCar_Perception/install/realsense2_camera_msgs/share/realsense2_camera_msgs/srv/DeviceInfo.idl
[20.009s] -- Installing: /home/jiaverso/Desktop/SparkCar_ROS2_WS/SparkCar_Perception/install/realsense2_camera_msgs/share/realsense2_camera_msgs/srv/SafetyPresetRead.idl
[20.009s] -- Installing: /home/jiaverso/Desktop/SparkCar_ROS2_WS/SparkCar_Perception/install/realsense2_camera_msgs/share/realsense2_camera_msgs/srv/SafetyPresetWrite.idl
[20.010s] -- Installing: /home/jiaverso/Desktop/SparkCar_ROS2_WS/SparkCar_Perception/install/realsense2_camera_msgs/share/realsense2_camera_msgs/srv/SafetyInterfaceConfigRead.idl
[20.010s] -- Installing: /home/jiaverso/Desktop/SparkCar_ROS2_WS/SparkCar_Perception/install/realsense2_camera_msgs/share/realsense2_camera_msgs/srv/SafetyInterfaceConfigWrite.idl
[20.010s] -- Installing: /home/jiaverso/Desktop/SparkCar_ROS2_WS/SparkCar_Perception/install/realsense2_camera_msgs/share/realsense2_camera_msgs/srv/CalibConfigRead.idl
[20.010s] -- Installing: /home/jiaverso/Desktop/SparkCar_ROS2_WS/SparkCar_Perception/install/realsense2_camera_msgs/share/realsense2_camera_msgs/srv/CalibConfigWrite.idl
[20.010s] -- Installing: /home/jiaverso/Desktop/SparkCar_ROS2_WS/SparkCar_Perception/install/realsense2_camera_msgs/share/realsense2_camera_msgs/srv/ApplicationConfigRead.idl
[20.010s] -- Installing: /home/jiaverso/Desktop/SparkCar_ROS2_WS/SparkCar_Perception/install/realsense2_camera_msgs/share/realsense2_camera_msgs/srv/ApplicationConfigWrite.idl
[20.011s] -- Installing: /home/jiaverso/Desktop/SparkCar_ROS2_WS/SparkCar_Perception/install/realsense2_camera_msgs/share/realsense2_camera_msgs/srv/HardwareMonitorCommandSend.idl
[20.011s] -- Installing: /home/jiaverso/Desktop/SparkCar_ROS2_WS/SparkCar_Perception/install/realsense2_camera_msgs/share/realsense2_camera_msgs/action/TriggeredCalibration.idl
[20.011s] -- Installing: /home/jiaverso/Desktop/SparkCar_ROS2_WS/SparkCar_Perception/install/realsense2_camera_msgs/share/realsense2_camera_msgs/msg/IMUInfo.msg
[20.011s] -- Installing: /home/jiaverso/Desktop/SparkCar_ROS2_WS/SparkCar_Perception/install/realsense2_camera_msgs/share/realsense2_camera_msgs/msg/Extrinsics.msg
[20.011s] -- Installing: /home/jiaverso/Desktop/SparkCar_ROS2_WS/SparkCar_Perception/install/realsense2_camera_msgs/share/realsense2_camera_msgs/msg/Metadata.msg
[20.011s] -- Installing: /home/jiaverso/Desktop/SparkCar_ROS2_WS/SparkCar_Perception/install/realsense2_camera_msgs/share/realsense2_camera_msgs/msg/RGBD.msg
[20.011s] -- Installing: /home/jiaverso/Desktop/SparkCar_ROS2_WS/SparkCar_Perception/install/realsense2_camera_msgs/share/realsense2_camera_msgs/srv/DeviceInfo.srv
[20.012s] -- Installing: /home/jiaverso/Desktop/SparkCar_ROS2_WS/SparkCar_Perception/install/realsense2_camera_msgs/share/realsense2_camera_msgs/srv/DeviceInfo_Request.msg
[20.012s] -- Installing: /home/jiaverso/Desktop/SparkCar_ROS2_WS/SparkCar_Perception/install/realsense2_camera_msgs/share/realsense2_camera_msgs/srv/DeviceInfo_Response.msg
[20.012s] -- Installing: /home/jiaverso/Desktop/SparkCar_ROS2_WS/SparkCar_Perception/install/realsense2_camera_msgs/share/realsense2_camera_msgs/srv/SafetyPresetRead.srv
[20.012s] -- Installing: /home/jiaverso/Desktop/SparkCar_ROS2_WS/SparkCar_Perception/install/realsense2_camera_msgs/share/realsense2_camera_msgs/srv/SafetyPresetRead_Request.msg
[20.012s] -- Installing: /home/jiaverso/Desktop/SparkCar_ROS2_WS/SparkCar_Perception/install/realsense2_camera_msgs/share/realsense2_camera_msgs/srv/SafetyPresetRead_Response.msg
[20.012s] -- Installing: /home/jiaverso/Desktop/SparkCar_ROS2_WS/SparkCar_Perception/install/realsense2_camera_msgs/share/realsense2_camera_msgs/srv/SafetyPresetWrite.srv
[20.012s] -- Installing: /home/jiaverso/Desktop/SparkCar_ROS2_WS/SparkCar_Perception/install/realsense2_camera_msgs/share/realsense2_camera_msgs/srv/SafetyPresetWrite_Request.msg
[20.013s] -- Installing: /home/jiaverso/Desktop/SparkCar_ROS2_WS/SparkCar_Perception/install/realsense2_camera_msgs/share/realsense2_camera_msgs/srv/SafetyPresetWrite_Response.msg
[20.013s] -- Installing: /home/jiaverso/Desktop/SparkCar_ROS2_WS/SparkCar_Perception/install/realsense2_camera_msgs/share/realsense2_camera_msgs/srv/SafetyInterfaceConfigRead.srv
[20.013s] -- Installing: /home/jiaverso/Desktop/SparkCar_ROS2_WS/SparkCar_Perception/install/realsense2_camera_msgs/share/realsense2_camera_msgs/srv/SafetyInterfaceConfigRead_Request.msg
[20.013s] -- Installing: /home/jiaverso/Desktop/SparkCar_ROS2_WS/SparkCar_Perception/install/realsense2_camera_msgs/share/realsense2_camera_msgs/srv/SafetyInterfaceConfigRead_Response.msg
[20.013s] -- Installing: /home/jiaverso/Desktop/SparkCar_ROS2_WS/SparkCar_Perception/install/realsense2_camera_msgs/share/realsense2_camera_msgs/srv/SafetyInterfaceConfigWrite.srv
[20.013s] -- Installing: /home/jiaverso/Desktop/SparkCar_ROS2_WS/SparkCar_Perception/install/realsense2_camera_msgs/share/realsense2_camera_msgs/srv/SafetyInterfaceConfigWrite_Request.msg
[20.013s] -- Installing: /home/jiaverso/Desktop/SparkCar_ROS2_WS/SparkCar_Perception/install/realsense2_camera_msgs/share/realsense2_camera_msgs/srv/SafetyInterfaceConfigWrite_Response.msg
[20.013s] -- Installing: /home/jiaverso/Desktop/SparkCar_ROS2_WS/SparkCar_Perception/install/realsense2_camera_msgs/share/realsense2_camera_msgs/srv/CalibConfigRead.srv
[20.014s] -- Installing: /home/jiaverso/Desktop/SparkCar_ROS2_WS/SparkCar_Perception/install/realsense2_camera_msgs/share/realsense2_camera_msgs/srv/CalibConfigRead_Request.msg
[20.014s] -- Installing: /home/jiaverso/Desktop/SparkCar_ROS2_WS/SparkCar_Perception/install/realsense2_camera_msgs/share/realsense2_camera_msgs/srv/CalibConfigRead_Response.msg
[20.014s] -- Installing: /home/jiaverso/Desktop/SparkCar_ROS2_WS/SparkCar_Perception/install/realsense2_camera_msgs/share/realsense2_camera_msgs/srv/CalibConfigWrite.srv
[20.014s] -- Installing: /home/jiaverso/Desktop/SparkCar_ROS2_WS/SparkCar_Perception/install/realsense2_camera_msgs/share/realsense2_camera_msgs/srv/CalibConfigWrite_Request.msg
[20.014s] -- Installing: /home/jiaverso/Desktop/SparkCar_ROS2_WS/SparkCar_Perception/install/realsense2_camera_msgs/share/realsense2_camera_msgs/srv/CalibConfigWrite_Response.msg
[20.014s] -- Installing: /home/jiaverso/Desktop/SparkCar_ROS2_WS/SparkCar_Perception/install/realsense2_camera_msgs/share/realsense2_camera_msgs/srv/ApplicationConfigRead.srv
[20.014s] -- Installing: /home/jiaverso/Desktop/SparkCar_ROS2_WS/SparkCar_Perception/install/realsense2_camera_msgs/share/realsense2_camera_msgs/srv/ApplicationConfigRead_Request.msg
[20.015s] -- Installing: /home/jiaverso/Desktop/SparkCar_ROS2_WS/SparkCar_Perception/install/realsense2_camera_msgs/share/realsense2_camera_msgs/srv/ApplicationConfigRead_Response.msg
[20.015s] -- Installing: /home/jiaverso/Desktop/SparkCar_ROS2_WS/SparkCar_Perception/install/realsense2_camera_msgs/share/realsense2_camera_msgs/srv/ApplicationConfigWrite.srv
[20.015s] -- Installing: /home/jiaverso/Desktop/SparkCar_ROS2_WS/SparkCar_Perception/install/realsense2_camera_msgs/share/realsense2_camera_msgs/srv/ApplicationConfigWrite_Request.msg
[20.015s] -- Installing: /home/jiaverso/Desktop/SparkCar_ROS2_WS/SparkCar_Perception/install/realsense2_camera_msgs/share/realsense2_camera_msgs/srv/ApplicationConfigWrite_Response.msg
[20.015s] -- Installing: /home/jiaverso/Desktop/SparkCar_ROS2_WS/SparkCar_Perception/install/realsense2_camera_msgs/share/realsense2_camera_msgs/srv/HardwareMonitorCommandSend.srv
[20.015s] -- Installing: /home/jiaverso/Desktop/SparkCar_ROS2_WS/SparkCar_Perception/install/realsense2_camera_msgs/share/realsense2_camera_msgs/srv/HardwareMonitorCommandSend_Request.msg
[20.015s] -- Installing: /home/jiaverso/Desktop/SparkCar_ROS2_WS/SparkCar_Perception/install/realsense2_camera_msgs/share/realsense2_camera_msgs/srv/HardwareMonitorCommandSend_Response.msg
[20.015s] -- Installing: /home/jiaverso/Desktop/SparkCar_ROS2_WS/SparkCar_Perception/install/realsense2_camera_msgs/share/realsense2_camera_msgs/action/TriggeredCalibration.action
[20.016s] -- Installing: /home/jiaverso/Desktop/SparkCar_ROS2_WS/SparkCar_Perception/install/realsense2_camera_msgs/share/ament_index/resource_index/package_run_dependencies/realsense2_camera_msgs
[20.016s] -- Installing: /home/jiaverso/Desktop/SparkCar_ROS2_WS/SparkCar_Perception/install/realsense2_camera_msgs/share/ament_index/resource_index/parent_prefix_path/realsense2_camera_msgs
[20.016s] -- Installing: /home/jiaverso/Desktop/SparkCar_ROS2_WS/SparkCar_Perception/install/realsense2_camera_msgs/share/realsense2_camera_msgs/environment/ament_prefix_path.sh
[20.016s] -- Installing: /home/jiaverso/Desktop/SparkCar_ROS2_WS/SparkCar_Perception/install/realsense2_camera_msgs/share/realsense2_camera_msgs/environment/ament_prefix_path.dsv
[20.016s] -- Installing: /home/jiaverso/Desktop/SparkCar_ROS2_WS/SparkCar_Perception/install/realsense2_camera_msgs/share/realsense2_camera_msgs/environment/path.sh
[20.016s] -- Installing: /home/jiaverso/Desktop/SparkCar_ROS2_WS/SparkCar_Perception/install/realsense2_camera_msgs/share/realsense2_camera_msgs/environment/path.dsv
[20.016s] -- Installing: /home/jiaverso/Desktop/SparkCar_ROS2_WS/SparkCar_Perception/install/realsense2_camera_msgs/share/realsense2_camera_msgs/local_setup.bash
[20.017s] -- Installing: /home/jiaverso/Desktop/SparkCar_ROS2_WS/SparkCar_Perception/install/realsense2_camera_msgs/share/realsense2_camera_msgs/local_setup.sh
[20.017s] -- Installing: /home/jiaverso/Desktop/SparkCar_ROS2_WS/SparkCar_Perception/install/realsense2_camera_msgs/share/realsense2_camera_msgs/local_setup.zsh
[20.017s] -- Installing: /home/jiaverso/Desktop/SparkCar_ROS2_WS/SparkCar_Perception/install/realsense2_camera_msgs/share/realsense2_camera_msgs/local_setup.dsv
[20.017s] -- Installing: /home/jiaverso/Desktop/SparkCar_ROS2_WS/SparkCar_Perception/install/realsense2_camera_msgs/share/realsense2_camera_msgs/package.dsv
[20.017s] -- Installing: /home/jiaverso/Desktop/SparkCar_ROS2_WS/SparkCar_Perception/install/realsense2_camera_msgs/share/ament_index/resource_index/packages/realsense2_camera_msgs
[20.017s] -- Installing: /home/jiaverso/Desktop/SparkCar_ROS2_WS/SparkCar_Perception/install/realsense2_camera_msgs/share/realsense2_camera_msgs/cmake/export_realsense2_camera_msgs__rosidl_generator_cExport.cmake
[20.018s] -- Installing: /home/jiaverso/Desktop/SparkCar_ROS2_WS/SparkCar_Perception/install/realsense2_camera_msgs/share/realsense2_camera_msgs/cmake/export_realsense2_camera_msgs__rosidl_generator_cExport-noconfig.cmake
[20.018s] -- Installing: /home/jiaverso/Desktop/SparkCar_ROS2_WS/SparkCar_Perception/install/realsense2_camera_msgs/share/realsense2_camera_msgs/cmake/export_realsense2_camera_msgs__rosidl_typesupport_fastrtps_cExport.cmake
[20.018s] -- Installing: /home/jiaverso/Desktop/SparkCar_ROS2_WS/SparkCar_Perception/install/realsense2_camera_msgs/share/realsense2_camera_msgs/cmake/export_realsense2_camera_msgs__rosidl_typesupport_fastrtps_cExport-noconfig.cmake
[20.018s] -- Installing: /home/jiaverso/Desktop/SparkCar_ROS2_WS/SparkCar_Perception/install/realsense2_camera_msgs/share/realsense2_camera_msgs/cmake/realsense2_camera_msgs__rosidl_typesupport_introspection_cExport.cmake
[20.018s] -- Installing: /home/jiaverso/Desktop/SparkCar_ROS2_WS/SparkCar_Perception/install/realsense2_camera_msgs/share/realsense2_camera_msgs/cmake/realsense2_camera_msgs__rosidl_typesupport_introspection_cExport-noconfig.cmake
[20.018s] -- Installing: /home/jiaverso/Desktop/SparkCar_ROS2_WS/SparkCar_Perception/install/realsense2_camera_msgs/share/realsense2_camera_msgs/cmake/realsense2_camera_msgs__rosidl_typesupport_cExport.cmake
[20.018s] -- Installing: /home/jiaverso/Desktop/SparkCar_ROS2_WS/SparkCar_Perception/install/realsense2_camera_msgs/share/realsense2_camera_msgs/cmake/realsense2_camera_msgs__rosidl_typesupport_cExport-noconfig.cmake
[20.018s] -- Installing: /home/jiaverso/Desktop/SparkCar_ROS2_WS/SparkCar_Perception/install/realsense2_camera_msgs/share/realsense2_camera_msgs/cmake/export_realsense2_camera_msgs__rosidl_generator_cppExport.cmake
[20.018s] -- Installing: /home/jiaverso/Desktop/SparkCar_ROS2_WS/SparkCar_Perception/install/realsense2_camera_msgs/share/realsense2_camera_msgs/cmake/export_realsense2_camera_msgs__rosidl_typesupport_fastrtps_cppExport.cmake
[20.018s] -- Installing: /home/jiaverso/Desktop/SparkCar_ROS2_WS/SparkCar_Perception/install/realsense2_camera_msgs/share/realsense2_camera_msgs/cmake/export_realsense2_camera_msgs__rosidl_typesupport_fastrtps_cppExport-noconfig.cmake
[20.019s] -- Installing: /home/jiaverso/Desktop/SparkCar_ROS2_WS/SparkCar_Perception/install/realsense2_camera_msgs/share/realsense2_camera_msgs/cmake/realsense2_camera_msgs__rosidl_typesupport_introspection_cppExport.cmake
[20.019s] -- Installing: /home/jiaverso/Desktop/SparkCar_ROS2_WS/SparkCar_Perception/install/realsense2_camera_msgs/share/realsense2_camera_msgs/cmake/realsense2_camera_msgs__rosidl_typesupport_introspection_cppExport-noconfig.cmake
[20.019s] -- Installing: /home/jiaverso/Desktop/SparkCar_ROS2_WS/SparkCar_Perception/install/realsense2_camera_msgs/share/realsense2_camera_msgs/cmake/realsense2_camera_msgs__rosidl_typesupport_cppExport.cmake
[20.019s] -- Installing: /home/jiaverso/Desktop/SparkCar_ROS2_WS/SparkCar_Perception/install/realsense2_camera_msgs/share/realsense2_camera_msgs/cmake/realsense2_camera_msgs__rosidl_typesupport_cppExport-noconfig.cmake
[20.019s] -- Installing: /home/jiaverso/Desktop/SparkCar_ROS2_WS/SparkCar_Perception/install/realsense2_camera_msgs/share/realsense2_camera_msgs/cmake/export_realsense2_camera_msgs__rosidl_generator_pyExport.cmake
[20.019s] -- Installing: /home/jiaverso/Desktop/SparkCar_ROS2_WS/SparkCar_Perception/install/realsense2_camera_msgs/share/realsense2_camera_msgs/cmake/export_realsense2_camera_msgs__rosidl_generator_pyExport-noconfig.cmake
[20.019s] -- Installing: /home/jiaverso/Desktop/SparkCar_ROS2_WS/SparkCar_Perception/install/realsense2_camera_msgs/share/realsense2_camera_msgs/cmake/rosidl_cmake-extras.cmake
[20.019s] -- Installing: /home/jiaverso/Desktop/SparkCar_ROS2_WS/SparkCar_Perception/install/realsense2_camera_msgs/share/realsense2_camera_msgs/cmake/ament_cmake_export_dependencies-extras.cmake
[20.019s] -- Installing: /home/jiaverso/Desktop/SparkCar_ROS2_WS/SparkCar_Perception/install/realsense2_camera_msgs/share/realsense2_camera_msgs/cmake/ament_cmake_export_include_directories-extras.cmake
[20.019s] -- Installing: /home/jiaverso/Desktop/SparkCar_ROS2_WS/SparkCar_Perception/install/realsense2_camera_msgs/share/realsense2_camera_msgs/cmake/ament_cmake_export_libraries-extras.cmake
[20.019s] -- Installing: /home/jiaverso/Desktop/SparkCar_ROS2_WS/SparkCar_Perception/install/realsense2_camera_msgs/share/realsense2_camera_msgs/cmake/ament_cmake_export_targets-extras.cmake
[20.020s] -- Installing: /home/jiaverso/Desktop/SparkCar_ROS2_WS/SparkCar_Perception/install/realsense2_camera_msgs/share/realsense2_camera_msgs/cmake/rosidl_cmake_export_typesupport_targets-extras.cmake
[20.020s] -- Installing: /home/jiaverso/Desktop/SparkCar_ROS2_WS/SparkCar_Perception/install/realsense2_camera_msgs/share/realsense2_camera_msgs/cmake/rosidl_cmake_export_typesupport_libraries-extras.cmake
[20.020s] -- Installing: /home/jiaverso/Desktop/SparkCar_ROS2_WS/SparkCar_Perception/install/realsense2_camera_msgs/share/realsense2_camera_msgs/cmake/rosidl_cmake_aggregate_target-extras.cmake
[20.020s] -- Installing: /home/jiaverso/Desktop/SparkCar_ROS2_WS/SparkCar_Perception/install/realsense2_camera_msgs/share/realsense2_camera_msgs/cmake/realsense2_camera_msgsConfig.cmake
[20.020s] -- Installing: /home/jiaverso/Desktop/SparkCar_ROS2_WS/SparkCar_Perception/install/realsense2_camera_msgs/share/realsense2_camera_msgs/cmake/realsense2_camera_msgsConfig-version.cmake
[20.020s] -- Installing: /home/jiaverso/Desktop/SparkCar_ROS2_WS/SparkCar_Perception/install/realsense2_camera_msgs/share/realsense2_camera_msgs/package.xml
[20.022s] Invoked command in '/home/jiaverso/Desktop/SparkCar_ROS2_WS/SparkCar_Perception/build/realsense2_camera_msgs' returned '0': CMAKE_PREFIX_PATH=${CMAKE_PREFIX_PATH}:/opt/ros/humble /usr/bin/cmake --install /home/jiaverso/Desktop/SparkCar_ROS2_WS/SparkCar_Perception/build/realsense2_camera_msgs
