[0.143s] DEBUG:colcon:Command line arguments: ['/usr/bin/colcon', 'build']
[0.143s] DEBUG:colcon:Parsed command line arguments: Namespace(log_base=None, log_level=None, verb_name='build', build_base='build', install_base='install', merge_install=False, symlink_install=False, test_result_base=None, continue_on_error=False, executor='parallel', parallel_workers=8, event_handlers=None, ignore_user_meta=False, metas=['./colcon.meta'], base_paths=['.'], packages_ignore=None, packages_ignore_regex=None, paths=None, packages_up_to=None, packages_up_to_regex=None, packages_above=None, packages_above_and_dependencies=None, packages_above_depth=None, packages_select_by_dep=None, packages_skip_by_dep=None, packages_skip_up_to=None, packages_select_build_failed=False, packages_skip_build_finished=False, packages_select_test_failures=False, packages_skip_test_passed=False, packages_select=None, packages_skip=None, packages_select_regex=None, packages_skip_regex=None, packages_start=None, packages_end=None, cmake_args=None, cmake_target=None, cmake_target_skip_unavailable=False, cmake_clean_cache=False, cmake_clean_first=False, cmake_force_configure=False, ament_cmake_args=None, catkin_cmake_args=None, catkin_skip_building_tests=False, mixin_files=None, mixin=None, verb_parser=<colcon_mixin.mixin.mixin_argument.MixinArgumentDecorator object at 0x7f8ced7bb0>, verb_extension=<colcon_core.verb.build.BuildVerb object at 0x7f8ced7700>, main=<bound method BuildVerb.main of <colcon_core.verb.build.BuildVerb object at 0x7f8ced7700>>, mixin_verb=('build',))
[0.342s] Level 1:colcon.colcon_core.package_discovery:discover_packages(colcon_meta) check parameters
[0.342s] Level 1:colcon.colcon_core.package_discovery:discover_packages(recursive) check parameters
[0.342s] Level 1:colcon.colcon_core.package_discovery:discover_packages(ignore) check parameters
[0.342s] Level 1:colcon.colcon_core.package_discovery:discover_packages(path) check parameters
[0.342s] Level 1:colcon.colcon_core.package_discovery:discover_packages(colcon_meta) discover
[0.342s] Level 1:colcon.colcon_core.package_discovery:discover_packages(recursive) discover
[0.342s] INFO:colcon.colcon_core.package_discovery:Crawling recursively for packages in '/home/orangepi/Desktop/SparkCar_ROS2_WS/SparkCar_Perception'
[0.342s] Level 1:colcon.colcon_core.package_identification:_identify(.) by extensions ['ignore', 'ignore_ament_install']
[0.342s] Level 1:colcon.colcon_core.package_identification:_identify(.) by extension 'ignore'
[0.342s] Level 1:colcon.colcon_core.package_identification:_identify(.) by extension 'ignore_ament_install'
[0.342s] Level 1:colcon.colcon_core.package_identification:_identify(.) by extensions ['colcon_pkg']
[0.342s] Level 1:colcon.colcon_core.package_identification:_identify(.) by extension 'colcon_pkg'
[0.342s] Level 1:colcon.colcon_core.package_identification:_identify(.) by extensions ['colcon_meta']
[0.342s] Level 1:colcon.colcon_core.package_identification:_identify(.) by extension 'colcon_meta'
[0.343s] Level 1:colcon.colcon_core.package_identification:_identify(.) by extensions ['ros']
[0.343s] Level 1:colcon.colcon_core.package_identification:_identify(.) by extension 'ros'
[0.357s] Level 1:colcon.colcon_core.package_identification:_identify(.) by extensions ['cmake', 'python']
[0.358s] Level 1:colcon.colcon_core.package_identification:_identify(.) by extension 'cmake'
[0.358s] Level 1:colcon.colcon_core.package_identification:_identify(.) by extension 'python'
[0.358s] Level 1:colcon.colcon_core.package_identification:_identify(.) by extensions ['python_setup_py']
[0.358s] Level 1:colcon.colcon_core.package_identification:_identify(.) by extension 'python_setup_py'
[0.358s] Level 1:colcon.colcon_core.package_identification:_identify(build) by extensions ['ignore', 'ignore_ament_install']
[0.358s] Level 1:colcon.colcon_core.package_identification:_identify(build) by extension 'ignore'
[0.358s] Level 1:colcon.colcon_core.package_identification:_identify(build) ignored
[0.358s] Level 1:colcon.colcon_core.package_identification:_identify(install) by extensions ['ignore', 'ignore_ament_install']
[0.358s] Level 1:colcon.colcon_core.package_identification:_identify(install) by extension 'ignore'
[0.358s] Level 1:colcon.colcon_core.package_identification:_identify(install) ignored
[0.359s] Level 1:colcon.colcon_core.package_identification:_identify(log) by extensions ['ignore', 'ignore_ament_install']
[0.359s] Level 1:colcon.colcon_core.package_identification:_identify(log) by extension 'ignore'
[0.359s] Level 1:colcon.colcon_core.package_identification:_identify(log) ignored
[0.359s] Level 1:colcon.colcon_core.package_identification:_identify(src) by extensions ['ignore', 'ignore_ament_install']
[0.359s] Level 1:colcon.colcon_core.package_identification:_identify(src) by extension 'ignore'
[0.359s] Level 1:colcon.colcon_core.package_identification:_identify(src) by extension 'ignore_ament_install'
[0.359s] Level 1:colcon.colcon_core.package_identification:_identify(src) by extensions ['colcon_pkg']
[0.359s] Level 1:colcon.colcon_core.package_identification:_identify(src) by extension 'colcon_pkg'
[0.359s] Level 1:colcon.colcon_core.package_identification:_identify(src) by extensions ['colcon_meta']
[0.359s] Level 1:colcon.colcon_core.package_identification:_identify(src) by extension 'colcon_meta'
[0.359s] Level 1:colcon.colcon_core.package_identification:_identify(src) by extensions ['ros']
[0.359s] Level 1:colcon.colcon_core.package_identification:_identify(src) by extension 'ros'
[0.359s] Level 1:colcon.colcon_core.package_identification:_identify(src) by extensions ['cmake', 'python']
[0.359s] Level 1:colcon.colcon_core.package_identification:_identify(src) by extension 'cmake'
[0.359s] Level 1:colcon.colcon_core.package_identification:_identify(src) by extension 'python'
[0.359s] Level 1:colcon.colcon_core.package_identification:_identify(src) by extensions ['python_setup_py']
[0.359s] Level 1:colcon.colcon_core.package_identification:_identify(src) by extension 'python_setup_py'
[0.360s] Level 1:colcon.colcon_core.package_identification:_identify(src/VINS-Fusion-ROS2) by extensions ['ignore', 'ignore_ament_install']
[0.360s] Level 1:colcon.colcon_core.package_identification:_identify(src/VINS-Fusion-ROS2) by extension 'ignore'
[0.360s] Level 1:colcon.colcon_core.package_identification:_identify(src/VINS-Fusion-ROS2) by extension 'ignore_ament_install'
[0.360s] Level 1:colcon.colcon_core.package_identification:_identify(src/VINS-Fusion-ROS2) by extensions ['colcon_pkg']
[0.360s] Level 1:colcon.colcon_core.package_identification:_identify(src/VINS-Fusion-ROS2) by extension 'colcon_pkg'
[0.360s] Level 1:colcon.colcon_core.package_identification:_identify(src/VINS-Fusion-ROS2) by extensions ['colcon_meta']
[0.360s] Level 1:colcon.colcon_core.package_identification:_identify(src/VINS-Fusion-ROS2) by extension 'colcon_meta'
[0.360s] Level 1:colcon.colcon_core.package_identification:_identify(src/VINS-Fusion-ROS2) by extensions ['ros']
[0.360s] Level 1:colcon.colcon_core.package_identification:_identify(src/VINS-Fusion-ROS2) by extension 'ros'
[0.360s] Level 1:colcon.colcon_core.package_identification:_identify(src/VINS-Fusion-ROS2) by extensions ['cmake', 'python']
[0.360s] Level 1:colcon.colcon_core.package_identification:_identify(src/VINS-Fusion-ROS2) by extension 'cmake'
[0.360s] Level 1:colcon.colcon_core.package_identification:_identify(src/VINS-Fusion-ROS2) by extension 'python'
[0.360s] Level 1:colcon.colcon_core.package_identification:_identify(src/VINS-Fusion-ROS2) by extensions ['python_setup_py']
[0.360s] Level 1:colcon.colcon_core.package_identification:_identify(src/VINS-Fusion-ROS2) by extension 'python_setup_py'
[0.360s] Level 1:colcon.colcon_core.package_identification:_identify(src/VINS-Fusion-ROS2/camera_models) by extensions ['ignore', 'ignore_ament_install']
[0.360s] Level 1:colcon.colcon_core.package_identification:_identify(src/VINS-Fusion-ROS2/camera_models) by extension 'ignore'
[0.360s] Level 1:colcon.colcon_core.package_identification:_identify(src/VINS-Fusion-ROS2/camera_models) by extension 'ignore_ament_install'
[0.360s] Level 1:colcon.colcon_core.package_identification:_identify(src/VINS-Fusion-ROS2/camera_models) by extensions ['colcon_pkg']
[0.360s] Level 1:colcon.colcon_core.package_identification:_identify(src/VINS-Fusion-ROS2/camera_models) by extension 'colcon_pkg'
[0.361s] Level 1:colcon.colcon_core.package_identification:_identify(src/VINS-Fusion-ROS2/camera_models) by extensions ['colcon_meta']
[0.361s] Level 1:colcon.colcon_core.package_identification:_identify(src/VINS-Fusion-ROS2/camera_models) by extension 'colcon_meta'
[0.361s] Level 1:colcon.colcon_core.package_identification:_identify(src/VINS-Fusion-ROS2/camera_models) by extensions ['ros']
[0.361s] Level 1:colcon.colcon_core.package_identification:_identify(src/VINS-Fusion-ROS2/camera_models) by extension 'ros'
[0.364s] DEBUG:colcon.colcon_core.package_identification:Package 'src/VINS-Fusion-ROS2/camera_models' with type 'ros.ament_cmake' and name 'camera_models'
[0.364s] Level 1:colcon.colcon_core.package_identification:_identify(src/VINS-Fusion-ROS2/config) by extensions ['ignore', 'ignore_ament_install']
[0.365s] Level 1:colcon.colcon_core.package_identification:_identify(src/VINS-Fusion-ROS2/config) by extension 'ignore'
[0.365s] Level 1:colcon.colcon_core.package_identification:_identify(src/VINS-Fusion-ROS2/config) by extension 'ignore_ament_install'
[0.365s] Level 1:colcon.colcon_core.package_identification:_identify(src/VINS-Fusion-ROS2/config) by extensions ['colcon_pkg']
[0.365s] Level 1:colcon.colcon_core.package_identification:_identify(src/VINS-Fusion-ROS2/config) by extension 'colcon_pkg'
[0.365s] Level 1:colcon.colcon_core.package_identification:_identify(src/VINS-Fusion-ROS2/config) by extensions ['colcon_meta']
[0.365s] Level 1:colcon.colcon_core.package_identification:_identify(src/VINS-Fusion-ROS2/config) by extension 'colcon_meta'
[0.365s] Level 1:colcon.colcon_core.package_identification:_identify(src/VINS-Fusion-ROS2/config) by extensions ['ros']
[0.365s] Level 1:colcon.colcon_core.package_identification:_identify(src/VINS-Fusion-ROS2/config) by extension 'ros'
[0.365s] Level 1:colcon.colcon_core.package_identification:_identify(src/VINS-Fusion-ROS2/config) by extensions ['cmake', 'python']
[0.365s] Level 1:colcon.colcon_core.package_identification:_identify(src/VINS-Fusion-ROS2/config) by extension 'cmake'
[0.365s] Level 1:colcon.colcon_core.package_identification:_identify(src/VINS-Fusion-ROS2/config) by extension 'python'
[0.365s] Level 1:colcon.colcon_core.package_identification:_identify(src/VINS-Fusion-ROS2/config) by extensions ['python_setup_py']
[0.365s] Level 1:colcon.colcon_core.package_identification:_identify(src/VINS-Fusion-ROS2/config) by extension 'python_setup_py'
[0.365s] Level 1:colcon.colcon_core.package_identification:_identify(src/VINS-Fusion-ROS2/config/A3_ptgrey) by extensions ['ignore', 'ignore_ament_install']
[0.365s] Level 1:colcon.colcon_core.package_identification:_identify(src/VINS-Fusion-ROS2/config/A3_ptgrey) by extension 'ignore'
[0.365s] Level 1:colcon.colcon_core.package_identification:_identify(src/VINS-Fusion-ROS2/config/A3_ptgrey) by extension 'ignore_ament_install'
[0.365s] Level 1:colcon.colcon_core.package_identification:_identify(src/VINS-Fusion-ROS2/config/A3_ptgrey) by extensions ['colcon_pkg']
[0.365s] Level 1:colcon.colcon_core.package_identification:_identify(src/VINS-Fusion-ROS2/config/A3_ptgrey) by extension 'colcon_pkg'
[0.366s] Level 1:colcon.colcon_core.package_identification:_identify(src/VINS-Fusion-ROS2/config/A3_ptgrey) by extensions ['colcon_meta']
[0.366s] Level 1:colcon.colcon_core.package_identification:_identify(src/VINS-Fusion-ROS2/config/A3_ptgrey) by extension 'colcon_meta'
[0.366s] Level 1:colcon.colcon_core.package_identification:_identify(src/VINS-Fusion-ROS2/config/A3_ptgrey) by extensions ['ros']
[0.366s] Level 1:colcon.colcon_core.package_identification:_identify(src/VINS-Fusion-ROS2/config/A3_ptgrey) by extension 'ros'
[0.366s] Level 1:colcon.colcon_core.package_identification:_identify(src/VINS-Fusion-ROS2/config/A3_ptgrey) by extensions ['cmake', 'python']
[0.366s] Level 1:colcon.colcon_core.package_identification:_identify(src/VINS-Fusion-ROS2/config/A3_ptgrey) by extension 'cmake'
[0.366s] Level 1:colcon.colcon_core.package_identification:_identify(src/VINS-Fusion-ROS2/config/A3_ptgrey) by extension 'python'
[0.366s] Level 1:colcon.colcon_core.package_identification:_identify(src/VINS-Fusion-ROS2/config/A3_ptgrey) by extensions ['python_setup_py']
[0.366s] Level 1:colcon.colcon_core.package_identification:_identify(src/VINS-Fusion-ROS2/config/A3_ptgrey) by extension 'python_setup_py'
[0.366s] Level 1:colcon.colcon_core.package_identification:_identify(src/VINS-Fusion-ROS2/config/euroc) by extensions ['ignore', 'ignore_ament_install']
[0.366s] Level 1:colcon.colcon_core.package_identification:_identify(src/VINS-Fusion-ROS2/config/euroc) by extension 'ignore'
[0.366s] Level 1:colcon.colcon_core.package_identification:_identify(src/VINS-Fusion-ROS2/config/euroc) by extension 'ignore_ament_install'
[0.366s] Level 1:colcon.colcon_core.package_identification:_identify(src/VINS-Fusion-ROS2/config/euroc) by extensions ['colcon_pkg']
[0.366s] Level 1:colcon.colcon_core.package_identification:_identify(src/VINS-Fusion-ROS2/config/euroc) by extension 'colcon_pkg'
[0.366s] Level 1:colcon.colcon_core.package_identification:_identify(src/VINS-Fusion-ROS2/config/euroc) by extensions ['colcon_meta']
[0.366s] Level 1:colcon.colcon_core.package_identification:_identify(src/VINS-Fusion-ROS2/config/euroc) by extension 'colcon_meta'
[0.366s] Level 1:colcon.colcon_core.package_identification:_identify(src/VINS-Fusion-ROS2/config/euroc) by extensions ['ros']
[0.366s] Level 1:colcon.colcon_core.package_identification:_identify(src/VINS-Fusion-ROS2/config/euroc) by extension 'ros'
[0.366s] Level 1:colcon.colcon_core.package_identification:_identify(src/VINS-Fusion-ROS2/config/euroc) by extensions ['cmake', 'python']
[0.367s] Level 1:colcon.colcon_core.package_identification:_identify(src/VINS-Fusion-ROS2/config/euroc) by extension 'cmake'
[0.367s] Level 1:colcon.colcon_core.package_identification:_identify(src/VINS-Fusion-ROS2/config/euroc) by extension 'python'
[0.367s] Level 1:colcon.colcon_core.package_identification:_identify(src/VINS-Fusion-ROS2/config/euroc) by extensions ['python_setup_py']
[0.367s] Level 1:colcon.colcon_core.package_identification:_identify(src/VINS-Fusion-ROS2/config/euroc) by extension 'python_setup_py'
[0.367s] Level 1:colcon.colcon_core.package_identification:_identify(src/VINS-Fusion-ROS2/config/kitti_odom) by extensions ['ignore', 'ignore_ament_install']
[0.367s] Level 1:colcon.colcon_core.package_identification:_identify(src/VINS-Fusion-ROS2/config/kitti_odom) by extension 'ignore'
[0.367s] Level 1:colcon.colcon_core.package_identification:_identify(src/VINS-Fusion-ROS2/config/kitti_odom) by extension 'ignore_ament_install'
[0.367s] Level 1:colcon.colcon_core.package_identification:_identify(src/VINS-Fusion-ROS2/config/kitti_odom) by extensions ['colcon_pkg']
[0.367s] Level 1:colcon.colcon_core.package_identification:_identify(src/VINS-Fusion-ROS2/config/kitti_odom) by extension 'colcon_pkg'
[0.367s] Level 1:colcon.colcon_core.package_identification:_identify(src/VINS-Fusion-ROS2/config/kitti_odom) by extensions ['colcon_meta']
[0.367s] Level 1:colcon.colcon_core.package_identification:_identify(src/VINS-Fusion-ROS2/config/kitti_odom) by extension 'colcon_meta'
[0.367s] Level 1:colcon.colcon_core.package_identification:_identify(src/VINS-Fusion-ROS2/config/kitti_odom) by extensions ['ros']
[0.367s] Level 1:colcon.colcon_core.package_identification:_identify(src/VINS-Fusion-ROS2/config/kitti_odom) by extension 'ros'
[0.367s] Level 1:colcon.colcon_core.package_identification:_identify(src/VINS-Fusion-ROS2/config/kitti_odom) by extensions ['cmake', 'python']
[0.367s] Level 1:colcon.colcon_core.package_identification:_identify(src/VINS-Fusion-ROS2/config/kitti_odom) by extension 'cmake'
[0.367s] Level 1:colcon.colcon_core.package_identification:_identify(src/VINS-Fusion-ROS2/config/kitti_odom) by extension 'python'
[0.367s] Level 1:colcon.colcon_core.package_identification:_identify(src/VINS-Fusion-ROS2/config/kitti_odom) by extensions ['python_setup_py']
[0.367s] Level 1:colcon.colcon_core.package_identification:_identify(src/VINS-Fusion-ROS2/config/kitti_odom) by extension 'python_setup_py'
[0.367s] Level 1:colcon.colcon_core.package_identification:_identify(src/VINS-Fusion-ROS2/config/kitti_raw) by extensions ['ignore', 'ignore_ament_install']
[0.368s] Level 1:colcon.colcon_core.package_identification:_identify(src/VINS-Fusion-ROS2/config/kitti_raw) by extension 'ignore'
[0.368s] Level 1:colcon.colcon_core.package_identification:_identify(src/VINS-Fusion-ROS2/config/kitti_raw) by extension 'ignore_ament_install'
[0.368s] Level 1:colcon.colcon_core.package_identification:_identify(src/VINS-Fusion-ROS2/config/kitti_raw) by extensions ['colcon_pkg']
[0.368s] Level 1:colcon.colcon_core.package_identification:_identify(src/VINS-Fusion-ROS2/config/kitti_raw) by extension 'colcon_pkg'
[0.368s] Level 1:colcon.colcon_core.package_identification:_identify(src/VINS-Fusion-ROS2/config/kitti_raw) by extensions ['colcon_meta']
[0.368s] Level 1:colcon.colcon_core.package_identification:_identify(src/VINS-Fusion-ROS2/config/kitti_raw) by extension 'colcon_meta'
[0.368s] Level 1:colcon.colcon_core.package_identification:_identify(src/VINS-Fusion-ROS2/config/kitti_raw) by extensions ['ros']
[0.368s] Level 1:colcon.colcon_core.package_identification:_identify(src/VINS-Fusion-ROS2/config/kitti_raw) by extension 'ros'
[0.368s] Level 1:colcon.colcon_core.package_identification:_identify(src/VINS-Fusion-ROS2/config/kitti_raw) by extensions ['cmake', 'python']
[0.368s] Level 1:colcon.colcon_core.package_identification:_identify(src/VINS-Fusion-ROS2/config/kitti_raw) by extension 'cmake'
[0.368s] Level 1:colcon.colcon_core.package_identification:_identify(src/VINS-Fusion-ROS2/config/kitti_raw) by extension 'python'
[0.368s] Level 1:colcon.colcon_core.package_identification:_identify(src/VINS-Fusion-ROS2/config/kitti_raw) by extensions ['python_setup_py']
[0.368s] Level 1:colcon.colcon_core.package_identification:_identify(src/VINS-Fusion-ROS2/config/kitti_raw) by extension 'python_setup_py'
[0.368s] Level 1:colcon.colcon_core.package_identification:_identify(src/VINS-Fusion-ROS2/config/mynteye) by extensions ['ignore', 'ignore_ament_install']
[0.368s] Level 1:colcon.colcon_core.package_identification:_identify(src/VINS-Fusion-ROS2/config/mynteye) by extension 'ignore'
[0.368s] Level 1:colcon.colcon_core.package_identification:_identify(src/VINS-Fusion-ROS2/config/mynteye) by extension 'ignore_ament_install'
[0.368s] Level 1:colcon.colcon_core.package_identification:_identify(src/VINS-Fusion-ROS2/config/mynteye) by extensions ['colcon_pkg']
[0.368s] Level 1:colcon.colcon_core.package_identification:_identify(src/VINS-Fusion-ROS2/config/mynteye) by extension 'colcon_pkg'
[0.368s] Level 1:colcon.colcon_core.package_identification:_identify(src/VINS-Fusion-ROS2/config/mynteye) by extensions ['colcon_meta']
[0.368s] Level 1:colcon.colcon_core.package_identification:_identify(src/VINS-Fusion-ROS2/config/mynteye) by extension 'colcon_meta'
[0.368s] Level 1:colcon.colcon_core.package_identification:_identify(src/VINS-Fusion-ROS2/config/mynteye) by extensions ['ros']
[0.369s] Level 1:colcon.colcon_core.package_identification:_identify(src/VINS-Fusion-ROS2/config/mynteye) by extension 'ros'
[0.369s] Level 1:colcon.colcon_core.package_identification:_identify(src/VINS-Fusion-ROS2/config/mynteye) by extensions ['cmake', 'python']
[0.369s] Level 1:colcon.colcon_core.package_identification:_identify(src/VINS-Fusion-ROS2/config/mynteye) by extension 'cmake'
[0.369s] Level 1:colcon.colcon_core.package_identification:_identify(src/VINS-Fusion-ROS2/config/mynteye) by extension 'python'
[0.369s] Level 1:colcon.colcon_core.package_identification:_identify(src/VINS-Fusion-ROS2/config/mynteye) by extensions ['python_setup_py']
[0.369s] Level 1:colcon.colcon_core.package_identification:_identify(src/VINS-Fusion-ROS2/config/mynteye) by extension 'python_setup_py'
[0.369s] Level 1:colcon.colcon_core.package_identification:_identify(src/VINS-Fusion-ROS2/config/realsense_d435) by extensions ['ignore', 'ignore_ament_install']
[0.369s] Level 1:colcon.colcon_core.package_identification:_identify(src/VINS-Fusion-ROS2/config/realsense_d435) by extension 'ignore'
[0.369s] Level 1:colcon.colcon_core.package_identification:_identify(src/VINS-Fusion-ROS2/config/realsense_d435) by extension 'ignore_ament_install'
[0.369s] Level 1:colcon.colcon_core.package_identification:_identify(src/VINS-Fusion-ROS2/config/realsense_d435) by extensions ['colcon_pkg']
[0.369s] Level 1:colcon.colcon_core.package_identification:_identify(src/VINS-Fusion-ROS2/config/realsense_d435) by extension 'colcon_pkg'
[0.369s] Level 1:colcon.colcon_core.package_identification:_identify(src/VINS-Fusion-ROS2/config/realsense_d435) by extensions ['colcon_meta']
[0.369s] Level 1:colcon.colcon_core.package_identification:_identify(src/VINS-Fusion-ROS2/config/realsense_d435) by extension 'colcon_meta'
[0.369s] Level 1:colcon.colcon_core.package_identification:_identify(src/VINS-Fusion-ROS2/config/realsense_d435) by extensions ['ros']
[0.369s] Level 1:colcon.colcon_core.package_identification:_identify(src/VINS-Fusion-ROS2/config/realsense_d435) by extension 'ros'
[0.369s] Level 1:colcon.colcon_core.package_identification:_identify(src/VINS-Fusion-ROS2/config/realsense_d435) by extensions ['cmake', 'python']
[0.369s] Level 1:colcon.colcon_core.package_identification:_identify(src/VINS-Fusion-ROS2/config/realsense_d435) by extension 'cmake'
[0.369s] Level 1:colcon.colcon_core.package_identification:_identify(src/VINS-Fusion-ROS2/config/realsense_d435) by extension 'python'
[0.369s] Level 1:colcon.colcon_core.package_identification:_identify(src/VINS-Fusion-ROS2/config/realsense_d435) by extensions ['python_setup_py']
[0.369s] Level 1:colcon.colcon_core.package_identification:_identify(src/VINS-Fusion-ROS2/config/realsense_d435) by extension 'python_setup_py'
[0.370s] Level 1:colcon.colcon_core.package_identification:_identify(src/VINS-Fusion-ROS2/config/realsense_d435i) by extensions ['ignore', 'ignore_ament_install']
[0.370s] Level 1:colcon.colcon_core.package_identification:_identify(src/VINS-Fusion-ROS2/config/realsense_d435i) by extension 'ignore'
[0.370s] Level 1:colcon.colcon_core.package_identification:_identify(src/VINS-Fusion-ROS2/config/realsense_d435i) by extension 'ignore_ament_install'
[0.370s] Level 1:colcon.colcon_core.package_identification:_identify(src/VINS-Fusion-ROS2/config/realsense_d435i) by extensions ['colcon_pkg']
[0.370s] Level 1:colcon.colcon_core.package_identification:_identify(src/VINS-Fusion-ROS2/config/realsense_d435i) by extension 'colcon_pkg'
[0.370s] Level 1:colcon.colcon_core.package_identification:_identify(src/VINS-Fusion-ROS2/config/realsense_d435i) by extensions ['colcon_meta']
[0.370s] Level 1:colcon.colcon_core.package_identification:_identify(src/VINS-Fusion-ROS2/config/realsense_d435i) by extension 'colcon_meta'
[0.370s] Level 1:colcon.colcon_core.package_identification:_identify(src/VINS-Fusion-ROS2/config/realsense_d435i) by extensions ['ros']
[0.370s] Level 1:colcon.colcon_core.package_identification:_identify(src/VINS-Fusion-ROS2/config/realsense_d435i) by extension 'ros'
[0.370s] Level 1:colcon.colcon_core.package_identification:_identify(src/VINS-Fusion-ROS2/config/realsense_d435i) by extensions ['cmake', 'python']
[0.370s] Level 1:colcon.colcon_core.package_identification:_identify(src/VINS-Fusion-ROS2/config/realsense_d435i) by extension 'cmake'
[0.370s] Level 1:colcon.colcon_core.package_identification:_identify(src/VINS-Fusion-ROS2/config/realsense_d435i) by extension 'python'
[0.370s] Level 1:colcon.colcon_core.package_identification:_identify(src/VINS-Fusion-ROS2/config/realsense_d435i) by extensions ['python_setup_py']
[0.370s] Level 1:colcon.colcon_core.package_identification:_identify(src/VINS-Fusion-ROS2/config/realsense_d435i) by extension 'python_setup_py'
[0.370s] Level 1:colcon.colcon_core.package_identification:_identify(src/VINS-Fusion-ROS2/config/simulation) by extensions ['ignore', 'ignore_ament_install']
[0.370s] Level 1:colcon.colcon_core.package_identification:_identify(src/VINS-Fusion-ROS2/config/simulation) by extension 'ignore'
[0.370s] Level 1:colcon.colcon_core.package_identification:_identify(src/VINS-Fusion-ROS2/config/simulation) by extension 'ignore_ament_install'
[0.370s] Level 1:colcon.colcon_core.package_identification:_identify(src/VINS-Fusion-ROS2/config/simulation) by extensions ['colcon_pkg']
[0.371s] Level 1:colcon.colcon_core.package_identification:_identify(src/VINS-Fusion-ROS2/config/simulation) by extension 'colcon_pkg'
[0.371s] Level 1:colcon.colcon_core.package_identification:_identify(src/VINS-Fusion-ROS2/config/simulation) by extensions ['colcon_meta']
[0.371s] Level 1:colcon.colcon_core.package_identification:_identify(src/VINS-Fusion-ROS2/config/simulation) by extension 'colcon_meta'
[0.371s] Level 1:colcon.colcon_core.package_identification:_identify(src/VINS-Fusion-ROS2/config/simulation) by extensions ['ros']
[0.371s] Level 1:colcon.colcon_core.package_identification:_identify(src/VINS-Fusion-ROS2/config/simulation) by extension 'ros'
[0.371s] Level 1:colcon.colcon_core.package_identification:_identify(src/VINS-Fusion-ROS2/config/simulation) by extensions ['cmake', 'python']
[0.371s] Level 1:colcon.colcon_core.package_identification:_identify(src/VINS-Fusion-ROS2/config/simulation) by extension 'cmake'
[0.371s] Level 1:colcon.colcon_core.package_identification:_identify(src/VINS-Fusion-ROS2/config/simulation) by extension 'python'
[0.371s] Level 1:colcon.colcon_core.package_identification:_identify(src/VINS-Fusion-ROS2/config/simulation) by extensions ['python_setup_py']
[0.371s] Level 1:colcon.colcon_core.package_identification:_identify(src/VINS-Fusion-ROS2/config/simulation) by extension 'python_setup_py'
[0.371s] Level 1:colcon.colcon_core.package_identification:_identify(src/VINS-Fusion-ROS2/config/vi_car) by extensions ['ignore', 'ignore_ament_install']
[0.371s] Level 1:colcon.colcon_core.package_identification:_identify(src/VINS-Fusion-ROS2/config/vi_car) by extension 'ignore'
[0.371s] Level 1:colcon.colcon_core.package_identification:_identify(src/VINS-Fusion-ROS2/config/vi_car) by extension 'ignore_ament_install'
[0.371s] Level 1:colcon.colcon_core.package_identification:_identify(src/VINS-Fusion-ROS2/config/vi_car) by extensions ['colcon_pkg']
[0.371s] Level 1:colcon.colcon_core.package_identification:_identify(src/VINS-Fusion-ROS2/config/vi_car) by extension 'colcon_pkg'
[0.371s] Level 1:colcon.colcon_core.package_identification:_identify(src/VINS-Fusion-ROS2/config/vi_car) by extensions ['colcon_meta']
[0.371s] Level 1:colcon.colcon_core.package_identification:_identify(src/VINS-Fusion-ROS2/config/vi_car) by extension 'colcon_meta'
[0.371s] Level 1:colcon.colcon_core.package_identification:_identify(src/VINS-Fusion-ROS2/config/vi_car) by extensions ['ros']
[0.371s] Level 1:colcon.colcon_core.package_identification:_identify(src/VINS-Fusion-ROS2/config/vi_car) by extension 'ros'
[0.371s] Level 1:colcon.colcon_core.package_identification:_identify(src/VINS-Fusion-ROS2/config/vi_car) by extensions ['cmake', 'python']
[0.371s] Level 1:colcon.colcon_core.package_identification:_identify(src/VINS-Fusion-ROS2/config/vi_car) by extension 'cmake'
[0.372s] Level 1:colcon.colcon_core.package_identification:_identify(src/VINS-Fusion-ROS2/config/vi_car) by extension 'python'
[0.372s] Level 1:colcon.colcon_core.package_identification:_identify(src/VINS-Fusion-ROS2/config/vi_car) by extensions ['python_setup_py']
[0.372s] Level 1:colcon.colcon_core.package_identification:_identify(src/VINS-Fusion-ROS2/config/vi_car) by extension 'python_setup_py'
[0.372s] Level 1:colcon.colcon_core.package_identification:_identify(src/VINS-Fusion-ROS2/docker) by extensions ['ignore', 'ignore_ament_install']
[0.372s] Level 1:colcon.colcon_core.package_identification:_identify(src/VINS-Fusion-ROS2/docker) by extension 'ignore'
[0.372s] Level 1:colcon.colcon_core.package_identification:_identify(src/VINS-Fusion-ROS2/docker) by extension 'ignore_ament_install'
[0.372s] Level 1:colcon.colcon_core.package_identification:_identify(src/VINS-Fusion-ROS2/docker) by extensions ['colcon_pkg']
[0.372s] Level 1:colcon.colcon_core.package_identification:_identify(src/VINS-Fusion-ROS2/docker) by extension 'colcon_pkg'
[0.372s] Level 1:colcon.colcon_core.package_identification:_identify(src/VINS-Fusion-ROS2/docker) by extensions ['colcon_meta']
[0.372s] Level 1:colcon.colcon_core.package_identification:_identify(src/VINS-Fusion-ROS2/docker) by extension 'colcon_meta'
[0.372s] Level 1:colcon.colcon_core.package_identification:_identify(src/VINS-Fusion-ROS2/docker) by extensions ['ros']
[0.372s] Level 1:colcon.colcon_core.package_identification:_identify(src/VINS-Fusion-ROS2/docker) by extension 'ros'
[0.372s] Level 1:colcon.colcon_core.package_identification:_identify(src/VINS-Fusion-ROS2/docker) by extensions ['cmake', 'python']
[0.372s] Level 1:colcon.colcon_core.package_identification:_identify(src/VINS-Fusion-ROS2/docker) by extension 'cmake'
[0.372s] Level 1:colcon.colcon_core.package_identification:_identify(src/VINS-Fusion-ROS2/docker) by extension 'python'
[0.372s] Level 1:colcon.colcon_core.package_identification:_identify(src/VINS-Fusion-ROS2/docker) by extensions ['python_setup_py']
[0.372s] Level 1:colcon.colcon_core.package_identification:_identify(src/VINS-Fusion-ROS2/docker) by extension 'python_setup_py'
[0.372s] Level 1:colcon.colcon_core.package_identification:_identify(src/VINS-Fusion-ROS2/global_fusion) by extensions ['ignore', 'ignore_ament_install']
[0.372s] Level 1:colcon.colcon_core.package_identification:_identify(src/VINS-Fusion-ROS2/global_fusion) by extension 'ignore'
[0.373s] Level 1:colcon.colcon_core.package_identification:_identify(src/VINS-Fusion-ROS2/global_fusion) by extension 'ignore_ament_install'
[0.373s] Level 1:colcon.colcon_core.package_identification:_identify(src/VINS-Fusion-ROS2/global_fusion) by extensions ['colcon_pkg']
[0.373s] Level 1:colcon.colcon_core.package_identification:_identify(src/VINS-Fusion-ROS2/global_fusion) by extension 'colcon_pkg'
[0.373s] Level 1:colcon.colcon_core.package_identification:_identify(src/VINS-Fusion-ROS2/global_fusion) by extensions ['colcon_meta']
[0.373s] Level 1:colcon.colcon_core.package_identification:_identify(src/VINS-Fusion-ROS2/global_fusion) by extension 'colcon_meta'
[0.373s] Level 1:colcon.colcon_core.package_identification:_identify(src/VINS-Fusion-ROS2/global_fusion) by extensions ['ros']
[0.373s] Level 1:colcon.colcon_core.package_identification:_identify(src/VINS-Fusion-ROS2/global_fusion) by extension 'ros'
[0.374s] DEBUG:colcon.colcon_core.package_identification:Package 'src/VINS-Fusion-ROS2/global_fusion' with type 'ros.ament_cmake' and name 'global_fusion'
[0.374s] Level 1:colcon.colcon_core.package_identification:_identify(src/VINS-Fusion-ROS2/loop_fusion) by extensions ['ignore', 'ignore_ament_install']
[0.374s] Level 1:colcon.colcon_core.package_identification:_identify(src/VINS-Fusion-ROS2/loop_fusion) by extension 'ignore'
[0.374s] Level 1:colcon.colcon_core.package_identification:_identify(src/VINS-Fusion-ROS2/loop_fusion) by extension 'ignore_ament_install'
[0.375s] Level 1:colcon.colcon_core.package_identification:_identify(src/VINS-Fusion-ROS2/loop_fusion) by extensions ['colcon_pkg']
[0.375s] Level 1:colcon.colcon_core.package_identification:_identify(src/VINS-Fusion-ROS2/loop_fusion) by extension 'colcon_pkg'
[0.375s] Level 1:colcon.colcon_core.package_identification:_identify(src/VINS-Fusion-ROS2/loop_fusion) by extensions ['colcon_meta']
[0.375s] Level 1:colcon.colcon_core.package_identification:_identify(src/VINS-Fusion-ROS2/loop_fusion) by extension 'colcon_meta'
[0.375s] Level 1:colcon.colcon_core.package_identification:_identify(src/VINS-Fusion-ROS2/loop_fusion) by extensions ['ros']
[0.375s] Level 1:colcon.colcon_core.package_identification:_identify(src/VINS-Fusion-ROS2/loop_fusion) by extension 'ros'
[0.376s] DEBUG:colcon.colcon_core.package_identification:Package 'src/VINS-Fusion-ROS2/loop_fusion' with type 'ros.ament_cmake' and name 'loop_fusion'
[0.376s] Level 1:colcon.colcon_core.package_identification:_identify(src/VINS-Fusion-ROS2/support_files) by extensions ['ignore', 'ignore_ament_install']
[0.376s] Level 1:colcon.colcon_core.package_identification:_identify(src/VINS-Fusion-ROS2/support_files) by extension 'ignore'
[0.376s] Level 1:colcon.colcon_core.package_identification:_identify(src/VINS-Fusion-ROS2/support_files) by extension 'ignore_ament_install'
[0.377s] Level 1:colcon.colcon_core.package_identification:_identify(src/VINS-Fusion-ROS2/support_files) by extensions ['colcon_pkg']
[0.377s] Level 1:colcon.colcon_core.package_identification:_identify(src/VINS-Fusion-ROS2/support_files) by extension 'colcon_pkg'
[0.377s] Level 1:colcon.colcon_core.package_identification:_identify(src/VINS-Fusion-ROS2/support_files) by extensions ['colcon_meta']
[0.377s] Level 1:colcon.colcon_core.package_identification:_identify(src/VINS-Fusion-ROS2/support_files) by extension 'colcon_meta'
[0.377s] Level 1:colcon.colcon_core.package_identification:_identify(src/VINS-Fusion-ROS2/support_files) by extensions ['ros']
[0.377s] Level 1:colcon.colcon_core.package_identification:_identify(src/VINS-Fusion-ROS2/support_files) by extension 'ros'
[0.377s] Level 1:colcon.colcon_core.package_identification:_identify(src/VINS-Fusion-ROS2/support_files) by extensions ['cmake', 'python']
[0.377s] Level 1:colcon.colcon_core.package_identification:_identify(src/VINS-Fusion-ROS2/support_files) by extension 'cmake'
[0.377s] Level 1:colcon.colcon_core.package_identification:_identify(src/VINS-Fusion-ROS2/support_files) by extension 'python'
[0.377s] Level 1:colcon.colcon_core.package_identification:_identify(src/VINS-Fusion-ROS2/support_files) by extensions ['python_setup_py']
[0.377s] Level 1:colcon.colcon_core.package_identification:_identify(src/VINS-Fusion-ROS2/support_files) by extension 'python_setup_py'
[0.377s] Level 1:colcon.colcon_core.package_identification:_identify(src/VINS-Fusion-ROS2/support_files/image) by extensions ['ignore', 'ignore_ament_install']
[0.377s] Level 1:colcon.colcon_core.package_identification:_identify(src/VINS-Fusion-ROS2/support_files/image) by extension 'ignore'
[0.377s] Level 1:colcon.colcon_core.package_identification:_identify(src/VINS-Fusion-ROS2/support_files/image) by extension 'ignore_ament_install'
[0.377s] Level 1:colcon.colcon_core.package_identification:_identify(src/VINS-Fusion-ROS2/support_files/image) by extensions ['colcon_pkg']
[0.377s] Level 1:colcon.colcon_core.package_identification:_identify(src/VINS-Fusion-ROS2/support_files/image) by extension 'colcon_pkg'
[0.377s] Level 1:colcon.colcon_core.package_identification:_identify(src/VINS-Fusion-ROS2/support_files/image) by extensions ['colcon_meta']
[0.377s] Level 1:colcon.colcon_core.package_identification:_identify(src/VINS-Fusion-ROS2/support_files/image) by extension 'colcon_meta'
[0.377s] Level 1:colcon.colcon_core.package_identification:_identify(src/VINS-Fusion-ROS2/support_files/image) by extensions ['ros']
[0.377s] Level 1:colcon.colcon_core.package_identification:_identify(src/VINS-Fusion-ROS2/support_files/image) by extension 'ros'
[0.378s] Level 1:colcon.colcon_core.package_identification:_identify(src/VINS-Fusion-ROS2/support_files/image) by extensions ['cmake', 'python']
[0.378s] Level 1:colcon.colcon_core.package_identification:_identify(src/VINS-Fusion-ROS2/support_files/image) by extension 'cmake'
[0.378s] Level 1:colcon.colcon_core.package_identification:_identify(src/VINS-Fusion-ROS2/support_files/image) by extension 'python'
[0.378s] Level 1:colcon.colcon_core.package_identification:_identify(src/VINS-Fusion-ROS2/support_files/image) by extensions ['python_setup_py']
[0.378s] Level 1:colcon.colcon_core.package_identification:_identify(src/VINS-Fusion-ROS2/support_files/image) by extension 'python_setup_py'
[0.378s] Level 1:colcon.colcon_core.package_identification:_identify(src/VINS-Fusion-ROS2/vins) by extensions ['ignore', 'ignore_ament_install']
[0.378s] Level 1:colcon.colcon_core.package_identification:_identify(src/VINS-Fusion-ROS2/vins) by extension 'ignore'
[0.378s] Level 1:colcon.colcon_core.package_identification:_identify(src/VINS-Fusion-ROS2/vins) by extension 'ignore_ament_install'
[0.378s] Level 1:colcon.colcon_core.package_identification:_identify(src/VINS-Fusion-ROS2/vins) by extensions ['colcon_pkg']
[0.378s] Level 1:colcon.colcon_core.package_identification:_identify(src/VINS-Fusion-ROS2/vins) by extension 'colcon_pkg'
[0.378s] Level 1:colcon.colcon_core.package_identification:_identify(src/VINS-Fusion-ROS2/vins) by extensions ['colcon_meta']
[0.378s] Level 1:colcon.colcon_core.package_identification:_identify(src/VINS-Fusion-ROS2/vins) by extension 'colcon_meta'
[0.378s] Level 1:colcon.colcon_core.package_identification:_identify(src/VINS-Fusion-ROS2/vins) by extensions ['ros']
[0.378s] Level 1:colcon.colcon_core.package_identification:_identify(src/VINS-Fusion-ROS2/vins) by extension 'ros'
[0.380s] DEBUG:colcon.colcon_core.package_identification:Package 'src/VINS-Fusion-ROS2/vins' with type 'ros.ament_cmake' and name 'vins'
[0.380s] Level 1:colcon.colcon_core.package_identification:_identify(src/fastlio2_ros2) by extensions ['ignore', 'ignore_ament_install']
[0.380s] Level 1:colcon.colcon_core.package_identification:_identify(src/fastlio2_ros2) by extension 'ignore'
[0.380s] Level 1:colcon.colcon_core.package_identification:_identify(src/fastlio2_ros2) by extension 'ignore_ament_install'
[0.380s] Level 1:colcon.colcon_core.package_identification:_identify(src/fastlio2_ros2) by extensions ['colcon_pkg']
[0.380s] Level 1:colcon.colcon_core.package_identification:_identify(src/fastlio2_ros2) by extension 'colcon_pkg'
[0.380s] Level 1:colcon.colcon_core.package_identification:_identify(src/fastlio2_ros2) by extensions ['colcon_meta']
[0.380s] Level 1:colcon.colcon_core.package_identification:_identify(src/fastlio2_ros2) by extension 'colcon_meta'
[0.380s] Level 1:colcon.colcon_core.package_identification:_identify(src/fastlio2_ros2) by extensions ['ros']
[0.380s] Level 1:colcon.colcon_core.package_identification:_identify(src/fastlio2_ros2) by extension 'ros'
[0.381s] Level 1:colcon.colcon_core.package_identification:_identify(src/fastlio2_ros2) by extensions ['cmake', 'python']
[0.381s] Level 1:colcon.colcon_core.package_identification:_identify(src/fastlio2_ros2) by extension 'cmake'
[0.381s] Level 1:colcon.colcon_core.package_identification:_identify(src/fastlio2_ros2) by extension 'python'
[0.381s] Level 1:colcon.colcon_core.package_identification:_identify(src/fastlio2_ros2) by extensions ['python_setup_py']
[0.381s] Level 1:colcon.colcon_core.package_identification:_identify(src/fastlio2_ros2) by extension 'python_setup_py'
[0.381s] Level 1:colcon.colcon_core.package_identification:_identify(src/livox_ros_driver2) by extensions ['ignore', 'ignore_ament_install']
[0.381s] Level 1:colcon.colcon_core.package_identification:_identify(src/livox_ros_driver2) by extension 'ignore'
[0.381s] Level 1:colcon.colcon_core.package_identification:_identify(src/livox_ros_driver2) by extension 'ignore_ament_install'
[0.381s] Level 1:colcon.colcon_core.package_identification:_identify(src/livox_ros_driver2) by extensions ['colcon_pkg']
[0.381s] Level 1:colcon.colcon_core.package_identification:_identify(src/livox_ros_driver2) by extension 'colcon_pkg'
[0.381s] Level 1:colcon.colcon_core.package_identification:_identify(src/livox_ros_driver2) by extensions ['colcon_meta']
[0.381s] Level 1:colcon.colcon_core.package_identification:_identify(src/livox_ros_driver2) by extension 'colcon_meta'
[0.381s] Level 1:colcon.colcon_core.package_identification:_identify(src/livox_ros_driver2) by extensions ['ros']
[0.381s] Level 1:colcon.colcon_core.package_identification:_identify(src/livox_ros_driver2) by extension 'ros'
[0.381s] Level 1:colcon.colcon_core.package_identification:_identify(src/livox_ros_driver2) by extensions ['cmake', 'python']
[0.381s] Level 1:colcon.colcon_core.package_identification:_identify(src/livox_ros_driver2) by extension 'cmake'
[0.381s] Level 1:colcon.colcon_core.package_identification:_identify(src/livox_ros_driver2) by extension 'python'
[0.381s] Level 1:colcon.colcon_core.package_identification:_identify(src/livox_ros_driver2) by extensions ['python_setup_py']
[0.381s] Level 1:colcon.colcon_core.package_identification:_identify(src/livox_ros_driver2) by extension 'python_setup_py'
[0.382s] Level 1:colcon.colcon_core.package_identification:_identify(src/realsense-ros) by extensions ['ignore', 'ignore_ament_install']
[0.382s] Level 1:colcon.colcon_core.package_identification:_identify(src/realsense-ros) by extension 'ignore'
[0.382s] Level 1:colcon.colcon_core.package_identification:_identify(src/realsense-ros) by extension 'ignore_ament_install'
[0.382s] Level 1:colcon.colcon_core.package_identification:_identify(src/realsense-ros) by extensions ['colcon_pkg']
[0.382s] Level 1:colcon.colcon_core.package_identification:_identify(src/realsense-ros) by extension 'colcon_pkg'
[0.382s] Level 1:colcon.colcon_core.package_identification:_identify(src/realsense-ros) by extensions ['colcon_meta']
[0.382s] Level 1:colcon.colcon_core.package_identification:_identify(src/realsense-ros) by extension 'colcon_meta'
[0.382s] Level 1:colcon.colcon_core.package_identification:_identify(src/realsense-ros) by extensions ['ros']
[0.382s] Level 1:colcon.colcon_core.package_identification:_identify(src/realsense-ros) by extension 'ros'
[0.382s] Level 1:colcon.colcon_core.package_identification:_identify(src/realsense-ros) by extensions ['cmake', 'python']
[0.382s] Level 1:colcon.colcon_core.package_identification:_identify(src/realsense-ros) by extension 'cmake'
[0.382s] Level 1:colcon.colcon_core.package_identification:_identify(src/realsense-ros) by extension 'python'
[0.382s] Level 1:colcon.colcon_core.package_identification:_identify(src/realsense-ros) by extensions ['python_setup_py']
[0.382s] Level 1:colcon.colcon_core.package_identification:_identify(src/realsense-ros) by extension 'python_setup_py'
[0.382s] Level 1:colcon.colcon_core.package_identification:_identify(src/realsense-ros/realsense2_camera) by extensions ['ignore', 'ignore_ament_install']
[0.382s] Level 1:colcon.colcon_core.package_identification:_identify(src/realsense-ros/realsense2_camera) by extension 'ignore'
[0.382s] Level 1:colcon.colcon_core.package_identification:_identify(src/realsense-ros/realsense2_camera) by extension 'ignore_ament_install'
[0.382s] Level 1:colcon.colcon_core.package_identification:_identify(src/realsense-ros/realsense2_camera) by extensions ['colcon_pkg']
[0.382s] Level 1:colcon.colcon_core.package_identification:_identify(src/realsense-ros/realsense2_camera) by extension 'colcon_pkg'
[0.383s] Level 1:colcon.colcon_core.package_identification:_identify(src/realsense-ros/realsense2_camera) by extensions ['colcon_meta']
[0.383s] Level 1:colcon.colcon_core.package_identification:_identify(src/realsense-ros/realsense2_camera) by extension 'colcon_meta'
[0.383s] Level 1:colcon.colcon_core.package_identification:_identify(src/realsense-ros/realsense2_camera) by extensions ['ros']
[0.383s] Level 1:colcon.colcon_core.package_identification:_identify(src/realsense-ros/realsense2_camera) by extension 'ros'
[0.392s] DEBUG:colcon.colcon_core.package_identification:Package 'src/realsense-ros/realsense2_camera' with type 'ros.ament_cmake' and name 'realsense2_camera'
[0.392s] Level 1:colcon.colcon_core.package_identification:_identify(src/realsense-ros/realsense2_camera_msgs) by extensions ['ignore', 'ignore_ament_install']
[0.393s] Level 1:colcon.colcon_core.package_identification:_identify(src/realsense-ros/realsense2_camera_msgs) by extension 'ignore'
[0.393s] Level 1:colcon.colcon_core.package_identification:_identify(src/realsense-ros/realsense2_camera_msgs) by extension 'ignore_ament_install'
[0.393s] Level 1:colcon.colcon_core.package_identification:_identify(src/realsense-ros/realsense2_camera_msgs) by extensions ['colcon_pkg']
[0.393s] Level 1:colcon.colcon_core.package_identification:_identify(src/realsense-ros/realsense2_camera_msgs) by extension 'colcon_pkg'
[0.393s] Level 1:colcon.colcon_core.package_identification:_identify(src/realsense-ros/realsense2_camera_msgs) by extensions ['colcon_meta']
[0.393s] Level 1:colcon.colcon_core.package_identification:_identify(src/realsense-ros/realsense2_camera_msgs) by extension 'colcon_meta'
[0.393s] Level 1:colcon.colcon_core.package_identification:_identify(src/realsense-ros/realsense2_camera_msgs) by extensions ['ros']
[0.393s] Level 1:colcon.colcon_core.package_identification:_identify(src/realsense-ros/realsense2_camera_msgs) by extension 'ros'
[0.394s] DEBUG:colcon.colcon_core.package_identification:Package 'src/realsense-ros/realsense2_camera_msgs' with type 'ros.ament_cmake' and name 'realsense2_camera_msgs'
[0.394s] Level 1:colcon.colcon_core.package_identification:_identify(src/realsense-ros/realsense2_description) by extensions ['ignore', 'ignore_ament_install']
[0.394s] Level 1:colcon.colcon_core.package_identification:_identify(src/realsense-ros/realsense2_description) by extension 'ignore'
[0.394s] Level 1:colcon.colcon_core.package_identification:_identify(src/realsense-ros/realsense2_description) by extension 'ignore_ament_install'
[0.395s] Level 1:colcon.colcon_core.package_identification:_identify(src/realsense-ros/realsense2_description) by extensions ['colcon_pkg']
[0.395s] Level 1:colcon.colcon_core.package_identification:_identify(src/realsense-ros/realsense2_description) by extension 'colcon_pkg'
[0.395s] Level 1:colcon.colcon_core.package_identification:_identify(src/realsense-ros/realsense2_description) by extensions ['colcon_meta']
[0.395s] Level 1:colcon.colcon_core.package_identification:_identify(src/realsense-ros/realsense2_description) by extension 'colcon_meta'
[0.395s] Level 1:colcon.colcon_core.package_identification:_identify(src/realsense-ros/realsense2_description) by extensions ['ros']
[0.395s] Level 1:colcon.colcon_core.package_identification:_identify(src/realsense-ros/realsense2_description) by extension 'ros'
[0.396s] DEBUG:colcon.colcon_core.package_identification:Package 'src/realsense-ros/realsense2_description' with type 'ros.ament_cmake' and name 'realsense2_description'
[0.396s] Level 1:colcon.colcon_core.package_identification:_identify(src/realsense-ros/realsense2_rgbd_plugin) by extensions ['ignore', 'ignore_ament_install']
[0.396s] Level 1:colcon.colcon_core.package_identification:_identify(src/realsense-ros/realsense2_rgbd_plugin) by extension 'ignore'
[0.396s] Level 1:colcon.colcon_core.package_identification:_identify(src/realsense-ros/realsense2_rgbd_plugin) by extension 'ignore_ament_install'
[0.396s] Level 1:colcon.colcon_core.package_identification:_identify(src/realsense-ros/realsense2_rgbd_plugin) by extensions ['colcon_pkg']
[0.396s] Level 1:colcon.colcon_core.package_identification:_identify(src/realsense-ros/realsense2_rgbd_plugin) by extension 'colcon_pkg'
[0.396s] Level 1:colcon.colcon_core.package_identification:_identify(src/realsense-ros/realsense2_rgbd_plugin) by extensions ['colcon_meta']
[0.396s] Level 1:colcon.colcon_core.package_identification:_identify(src/realsense-ros/realsense2_rgbd_plugin) by extension 'colcon_meta'
[0.396s] Level 1:colcon.colcon_core.package_identification:_identify(src/realsense-ros/realsense2_rgbd_plugin) by extensions ['ros']
[0.396s] Level 1:colcon.colcon_core.package_identification:_identify(src/realsense-ros/realsense2_rgbd_plugin) by extension 'ros'
[0.396s] Level 1:colcon.colcon_core.package_identification:_identify(src/realsense-ros/realsense2_rgbd_plugin) ignored
[0.396s] Level 1:colcon.colcon_core.package_identification:_identify(src/realsense-ros/realsense2_ros_mqtt_bridge) by extensions ['ignore', 'ignore_ament_install']
[0.397s] Level 1:colcon.colcon_core.package_identification:_identify(src/realsense-ros/realsense2_ros_mqtt_bridge) by extension 'ignore'
[0.397s] Level 1:colcon.colcon_core.package_identification:_identify(src/realsense-ros/realsense2_ros_mqtt_bridge) by extension 'ignore_ament_install'
[0.397s] Level 1:colcon.colcon_core.package_identification:_identify(src/realsense-ros/realsense2_ros_mqtt_bridge) by extensions ['colcon_pkg']
[0.397s] Level 1:colcon.colcon_core.package_identification:_identify(src/realsense-ros/realsense2_ros_mqtt_bridge) by extension 'colcon_pkg'
[0.397s] Level 1:colcon.colcon_core.package_identification:_identify(src/realsense-ros/realsense2_ros_mqtt_bridge) by extensions ['colcon_meta']
[0.397s] Level 1:colcon.colcon_core.package_identification:_identify(src/realsense-ros/realsense2_ros_mqtt_bridge) by extension 'colcon_meta'
[0.397s] Level 1:colcon.colcon_core.package_identification:_identify(src/realsense-ros/realsense2_ros_mqtt_bridge) by extensions ['ros']
[0.397s] Level 1:colcon.colcon_core.package_identification:_identify(src/realsense-ros/realsense2_ros_mqtt_bridge) by extension 'ros'
[0.397s] Level 1:colcon.colcon_core.package_identification:_identify(src/realsense-ros/realsense2_ros_mqtt_bridge) ignored
[0.397s] Level 1:colcon.colcon_core.package_identification:_identify(src/realsense-ros/res) by extensions ['ignore', 'ignore_ament_install']
[0.397s] Level 1:colcon.colcon_core.package_identification:_identify(src/realsense-ros/res) by extension 'ignore'
[0.397s] Level 1:colcon.colcon_core.package_identification:_identify(src/realsense-ros/res) by extension 'ignore_ament_install'
[0.397s] Level 1:colcon.colcon_core.package_identification:_identify(src/realsense-ros/res) by extensions ['colcon_pkg']
[0.397s] Level 1:colcon.colcon_core.package_identification:_identify(src/realsense-ros/res) by extension 'colcon_pkg'
[0.397s] Level 1:colcon.colcon_core.package_identification:_identify(src/realsense-ros/res) by extensions ['colcon_meta']
[0.397s] Level 1:colcon.colcon_core.package_identification:_identify(src/realsense-ros/res) by extension 'colcon_meta'
[0.397s] Level 1:colcon.colcon_core.package_identification:_identify(src/realsense-ros/res) by extensions ['ros']
[0.397s] Level 1:colcon.colcon_core.package_identification:_identify(src/realsense-ros/res) by extension 'ros'
[0.397s] Level 1:colcon.colcon_core.package_identification:_identify(src/realsense-ros/res) by extensions ['cmake', 'python']
[0.398s] Level 1:colcon.colcon_core.package_identification:_identify(src/realsense-ros/res) by extension 'cmake'
[0.398s] Level 1:colcon.colcon_core.package_identification:_identify(src/realsense-ros/res) by extension 'python'
[0.398s] Level 1:colcon.colcon_core.package_identification:_identify(src/realsense-ros/res) by extensions ['python_setup_py']
[0.398s] Level 1:colcon.colcon_core.package_identification:_identify(src/realsense-ros/res) by extension 'python_setup_py'
[0.398s] Level 1:colcon.colcon_core.package_identification:_identify(src/realsense-ros/scripts) by extensions ['ignore', 'ignore_ament_install']
[0.398s] Level 1:colcon.colcon_core.package_identification:_identify(src/realsense-ros/scripts) by extension 'ignore'
[0.398s] Level 1:colcon.colcon_core.package_identification:_identify(src/realsense-ros/scripts) by extension 'ignore_ament_install'
[0.398s] Level 1:colcon.colcon_core.package_identification:_identify(src/realsense-ros/scripts) by extensions ['colcon_pkg']
[0.398s] Level 1:colcon.colcon_core.package_identification:_identify(src/realsense-ros/scripts) by extension 'colcon_pkg'
[0.398s] Level 1:colcon.colcon_core.package_identification:_identify(src/realsense-ros/scripts) by extensions ['colcon_meta']
[0.398s] Level 1:colcon.colcon_core.package_identification:_identify(src/realsense-ros/scripts) by extension 'colcon_meta'
[0.398s] Level 1:colcon.colcon_core.package_identification:_identify(src/realsense-ros/scripts) by extensions ['ros']
[0.398s] Level 1:colcon.colcon_core.package_identification:_identify(src/realsense-ros/scripts) by extension 'ros'
[0.398s] Level 1:colcon.colcon_core.package_identification:_identify(src/realsense-ros/scripts) by extensions ['cmake', 'python']
[0.398s] Level 1:colcon.colcon_core.package_identification:_identify(src/realsense-ros/scripts) by extension 'cmake'
[0.398s] Level 1:colcon.colcon_core.package_identification:_identify(src/realsense-ros/scripts) by extension 'python'
[0.398s] Level 1:colcon.colcon_core.package_identification:_identify(src/realsense-ros/scripts) by extensions ['python_setup_py']
[0.398s] Level 1:colcon.colcon_core.package_identification:_identify(src/realsense-ros/scripts) by extension 'python_setup_py'
[0.398s] Level 1:colcon.colcon_core.package_discovery:discover_packages(recursive) using defaults
[0.398s] Level 1:colcon.colcon_core.package_discovery:discover_packages(ignore) discover
[0.399s] Level 1:colcon.colcon_core.package_discovery:discover_packages(ignore) using defaults
[0.399s] Level 1:colcon.colcon_core.package_discovery:discover_packages(path) discover
[0.399s] Level 1:colcon.colcon_core.package_discovery:discover_packages(path) using defaults
[0.448s] Level 5:colcon.colcon_core.verb:set package 'camera_models' build argument 'cmake_args' from command line to 'None'
[0.448s] Level 5:colcon.colcon_core.verb:set package 'camera_models' build argument 'cmake_target' from command line to 'None'
[0.448s] Level 5:colcon.colcon_core.verb:set package 'camera_models' build argument 'cmake_target_skip_unavailable' from command line to 'False'
[0.448s] Level 5:colcon.colcon_core.verb:set package 'camera_models' build argument 'cmake_clean_cache' from command line to 'False'
[0.448s] Level 5:colcon.colcon_core.verb:set package 'camera_models' build argument 'cmake_clean_first' from command line to 'False'
[0.448s] Level 5:colcon.colcon_core.verb:set package 'camera_models' build argument 'cmake_force_configure' from command line to 'False'
[0.448s] Level 5:colcon.colcon_core.verb:set package 'camera_models' build argument 'ament_cmake_args' from command line to 'None'
[0.448s] Level 5:colcon.colcon_core.verb:set package 'camera_models' build argument 'catkin_cmake_args' from command line to 'None'
[0.449s] Level 5:colcon.colcon_core.verb:set package 'camera_models' build argument 'catkin_skip_building_tests' from command line to 'False'
[0.449s] DEBUG:colcon.colcon_core.verb:Building package 'camera_models' with the following arguments: {'ament_cmake_args': None, 'build_base': '/home/orangepi/Desktop/SparkCar_ROS2_WS/SparkCar_Perception/build/camera_models', 'catkin_cmake_args': None, 'catkin_skip_building_tests': False, 'cmake_args': None, 'cmake_clean_cache': False, 'cmake_clean_first': False, 'cmake_force_configure': False, 'cmake_target': None, 'cmake_target_skip_unavailable': False, 'install_base': '/home/orangepi/Desktop/SparkCar_ROS2_WS/SparkCar_Perception/install/camera_models', 'merge_install': False, 'path': '/home/orangepi/Desktop/SparkCar_ROS2_WS/SparkCar_Perception/src/VINS-Fusion-ROS2/camera_models', 'symlink_install': False, 'test_result_base': None}
[0.449s] Level 5:colcon.colcon_core.verb:set package 'global_fusion' build argument 'cmake_args' from command line to 'None'
[0.449s] Level 5:colcon.colcon_core.verb:set package 'global_fusion' build argument 'cmake_target' from command line to 'None'
[0.449s] Level 5:colcon.colcon_core.verb:set package 'global_fusion' build argument 'cmake_target_skip_unavailable' from command line to 'False'
[0.449s] Level 5:colcon.colcon_core.verb:set package 'global_fusion' build argument 'cmake_clean_cache' from command line to 'False'
[0.449s] Level 5:colcon.colcon_core.verb:set package 'global_fusion' build argument 'cmake_clean_first' from command line to 'False'
[0.449s] Level 5:colcon.colcon_core.verb:set package 'global_fusion' build argument 'cmake_force_configure' from command line to 'False'
[0.449s] Level 5:colcon.colcon_core.verb:set package 'global_fusion' build argument 'ament_cmake_args' from command line to 'None'
[0.449s] Level 5:colcon.colcon_core.verb:set package 'global_fusion' build argument 'catkin_cmake_args' from command line to 'None'
[0.449s] Level 5:colcon.colcon_core.verb:set package 'global_fusion' build argument 'catkin_skip_building_tests' from command line to 'False'
[0.449s] DEBUG:colcon.colcon_core.verb:Building package 'global_fusion' with the following arguments: {'ament_cmake_args': None, 'build_base': '/home/orangepi/Desktop/SparkCar_ROS2_WS/SparkCar_Perception/build/global_fusion', 'catkin_cmake_args': None, 'catkin_skip_building_tests': False, 'cmake_args': None, 'cmake_clean_cache': False, 'cmake_clean_first': False, 'cmake_force_configure': False, 'cmake_target': None, 'cmake_target_skip_unavailable': False, 'install_base': '/home/orangepi/Desktop/SparkCar_ROS2_WS/SparkCar_Perception/install/global_fusion', 'merge_install': False, 'path': '/home/orangepi/Desktop/SparkCar_ROS2_WS/SparkCar_Perception/src/VINS-Fusion-ROS2/global_fusion', 'symlink_install': False, 'test_result_base': None}
[0.450s] Level 5:colcon.colcon_core.verb:set package 'realsense2_camera_msgs' build argument 'cmake_args' from command line to 'None'
[0.450s] Level 5:colcon.colcon_core.verb:set package 'realsense2_camera_msgs' build argument 'cmake_target' from command line to 'None'
[0.450s] Level 5:colcon.colcon_core.verb:set package 'realsense2_camera_msgs' build argument 'cmake_target_skip_unavailable' from command line to 'False'
[0.450s] Level 5:colcon.colcon_core.verb:set package 'realsense2_camera_msgs' build argument 'cmake_clean_cache' from command line to 'False'
[0.450s] Level 5:colcon.colcon_core.verb:set package 'realsense2_camera_msgs' build argument 'cmake_clean_first' from command line to 'False'
[0.450s] Level 5:colcon.colcon_core.verb:set package 'realsense2_camera_msgs' build argument 'cmake_force_configure' from command line to 'False'
[0.450s] Level 5:colcon.colcon_core.verb:set package 'realsense2_camera_msgs' build argument 'ament_cmake_args' from command line to 'None'
[0.450s] Level 5:colcon.colcon_core.verb:set package 'realsense2_camera_msgs' build argument 'catkin_cmake_args' from command line to 'None'
[0.450s] Level 5:colcon.colcon_core.verb:set package 'realsense2_camera_msgs' build argument 'catkin_skip_building_tests' from command line to 'False'
[0.450s] DEBUG:colcon.colcon_core.verb:Building package 'realsense2_camera_msgs' with the following arguments: {'ament_cmake_args': None, 'build_base': '/home/orangepi/Desktop/SparkCar_ROS2_WS/SparkCar_Perception/build/realsense2_camera_msgs', 'catkin_cmake_args': None, 'catkin_skip_building_tests': False, 'cmake_args': None, 'cmake_clean_cache': False, 'cmake_clean_first': False, 'cmake_force_configure': False, 'cmake_target': None, 'cmake_target_skip_unavailable': False, 'install_base': '/home/orangepi/Desktop/SparkCar_ROS2_WS/SparkCar_Perception/install/realsense2_camera_msgs', 'merge_install': False, 'path': '/home/orangepi/Desktop/SparkCar_ROS2_WS/SparkCar_Perception/src/realsense-ros/realsense2_camera_msgs', 'symlink_install': False, 'test_result_base': None}
[0.450s] Level 5:colcon.colcon_core.verb:set package 'loop_fusion' build argument 'cmake_args' from command line to 'None'
[0.450s] Level 5:colcon.colcon_core.verb:set package 'loop_fusion' build argument 'cmake_target' from command line to 'None'
[0.450s] Level 5:colcon.colcon_core.verb:set package 'loop_fusion' build argument 'cmake_target_skip_unavailable' from command line to 'False'
[0.450s] Level 5:colcon.colcon_core.verb:set package 'loop_fusion' build argument 'cmake_clean_cache' from command line to 'False'
[0.450s] Level 5:colcon.colcon_core.verb:set package 'loop_fusion' build argument 'cmake_clean_first' from command line to 'False'
[0.451s] Level 5:colcon.colcon_core.verb:set package 'loop_fusion' build argument 'cmake_force_configure' from command line to 'False'
[0.451s] Level 5:colcon.colcon_core.verb:set package 'loop_fusion' build argument 'ament_cmake_args' from command line to 'None'
[0.451s] Level 5:colcon.colcon_core.verb:set package 'loop_fusion' build argument 'catkin_cmake_args' from command line to 'None'
[0.451s] Level 5:colcon.colcon_core.verb:set package 'loop_fusion' build argument 'catkin_skip_building_tests' from command line to 'False'
[0.451s] DEBUG:colcon.colcon_core.verb:Building package 'loop_fusion' with the following arguments: {'ament_cmake_args': None, 'build_base': '/home/orangepi/Desktop/SparkCar_ROS2_WS/SparkCar_Perception/build/loop_fusion', 'catkin_cmake_args': None, 'catkin_skip_building_tests': False, 'cmake_args': None, 'cmake_clean_cache': False, 'cmake_clean_first': False, 'cmake_force_configure': False, 'cmake_target': None, 'cmake_target_skip_unavailable': False, 'install_base': '/home/orangepi/Desktop/SparkCar_ROS2_WS/SparkCar_Perception/install/loop_fusion', 'merge_install': False, 'path': '/home/orangepi/Desktop/SparkCar_ROS2_WS/SparkCar_Perception/src/VINS-Fusion-ROS2/loop_fusion', 'symlink_install': False, 'test_result_base': None}
[0.451s] Level 5:colcon.colcon_core.verb:set package 'realsense2_camera' build argument 'cmake_args' from command line to 'None'
[0.451s] Level 5:colcon.colcon_core.verb:set package 'realsense2_camera' build argument 'cmake_target' from command line to 'None'
[0.451s] Level 5:colcon.colcon_core.verb:set package 'realsense2_camera' build argument 'cmake_target_skip_unavailable' from command line to 'False'
[0.451s] Level 5:colcon.colcon_core.verb:set package 'realsense2_camera' build argument 'cmake_clean_cache' from command line to 'False'
[0.451s] Level 5:colcon.colcon_core.verb:set package 'realsense2_camera' build argument 'cmake_clean_first' from command line to 'False'
[0.451s] Level 5:colcon.colcon_core.verb:set package 'realsense2_camera' build argument 'cmake_force_configure' from command line to 'False'
[0.451s] Level 5:colcon.colcon_core.verb:set package 'realsense2_camera' build argument 'ament_cmake_args' from command line to 'None'
[0.451s] Level 5:colcon.colcon_core.verb:set package 'realsense2_camera' build argument 'catkin_cmake_args' from command line to 'None'
[0.451s] Level 5:colcon.colcon_core.verb:set package 'realsense2_camera' build argument 'catkin_skip_building_tests' from command line to 'False'
[0.451s] DEBUG:colcon.colcon_core.verb:Building package 'realsense2_camera' with the following arguments: {'ament_cmake_args': None, 'build_base': '/home/orangepi/Desktop/SparkCar_ROS2_WS/SparkCar_Perception/build/realsense2_camera', 'catkin_cmake_args': None, 'catkin_skip_building_tests': False, 'cmake_args': None, 'cmake_clean_cache': False, 'cmake_clean_first': False, 'cmake_force_configure': False, 'cmake_target': None, 'cmake_target_skip_unavailable': False, 'install_base': '/home/orangepi/Desktop/SparkCar_ROS2_WS/SparkCar_Perception/install/realsense2_camera', 'merge_install': False, 'path': '/home/orangepi/Desktop/SparkCar_ROS2_WS/SparkCar_Perception/src/realsense-ros/realsense2_camera', 'symlink_install': False, 'test_result_base': None}
[0.452s] Level 5:colcon.colcon_core.verb:set package 'realsense2_description' build argument 'cmake_args' from command line to 'None'
[0.452s] Level 5:colcon.colcon_core.verb:set package 'realsense2_description' build argument 'cmake_target' from command line to 'None'
[0.452s] Level 5:colcon.colcon_core.verb:set package 'realsense2_description' build argument 'cmake_target_skip_unavailable' from command line to 'False'
[0.452s] Level 5:colcon.colcon_core.verb:set package 'realsense2_description' build argument 'cmake_clean_cache' from command line to 'False'
[0.452s] Level 5:colcon.colcon_core.verb:set package 'realsense2_description' build argument 'cmake_clean_first' from command line to 'False'
[0.452s] Level 5:colcon.colcon_core.verb:set package 'realsense2_description' build argument 'cmake_force_configure' from command line to 'False'
[0.452s] Level 5:colcon.colcon_core.verb:set package 'realsense2_description' build argument 'ament_cmake_args' from command line to 'None'
[0.452s] Level 5:colcon.colcon_core.verb:set package 'realsense2_description' build argument 'catkin_cmake_args' from command line to 'None'
[0.452s] Level 5:colcon.colcon_core.verb:set package 'realsense2_description' build argument 'catkin_skip_building_tests' from command line to 'False'
[0.452s] DEBUG:colcon.colcon_core.verb:Building package 'realsense2_description' with the following arguments: {'ament_cmake_args': None, 'build_base': '/home/orangepi/Desktop/SparkCar_ROS2_WS/SparkCar_Perception/build/realsense2_description', 'catkin_cmake_args': None, 'catkin_skip_building_tests': False, 'cmake_args': None, 'cmake_clean_cache': False, 'cmake_clean_first': False, 'cmake_force_configure': False, 'cmake_target': None, 'cmake_target_skip_unavailable': False, 'install_base': '/home/orangepi/Desktop/SparkCar_ROS2_WS/SparkCar_Perception/install/realsense2_description', 'merge_install': False, 'path': '/home/orangepi/Desktop/SparkCar_ROS2_WS/SparkCar_Perception/src/realsense-ros/realsense2_description', 'symlink_install': False, 'test_result_base': None}
[0.452s] Level 5:colcon.colcon_core.verb:set package 'vins' build argument 'cmake_args' from command line to 'None'
[0.452s] Level 5:colcon.colcon_core.verb:set package 'vins' build argument 'cmake_target' from command line to 'None'
[0.452s] Level 5:colcon.colcon_core.verb:set package 'vins' build argument 'cmake_target_skip_unavailable' from command line to 'False'
[0.452s] Level 5:colcon.colcon_core.verb:set package 'vins' build argument 'cmake_clean_cache' from command line to 'False'
[0.452s] Level 5:colcon.colcon_core.verb:set package 'vins' build argument 'cmake_clean_first' from command line to 'False'
[0.452s] Level 5:colcon.colcon_core.verb:set package 'vins' build argument 'cmake_force_configure' from command line to 'False'
[0.452s] Level 5:colcon.colcon_core.verb:set package 'vins' build argument 'ament_cmake_args' from command line to 'None'
[0.453s] Level 5:colcon.colcon_core.verb:set package 'vins' build argument 'catkin_cmake_args' from command line to 'None'
[0.453s] Level 5:colcon.colcon_core.verb:set package 'vins' build argument 'catkin_skip_building_tests' from command line to 'False'
[0.453s] DEBUG:colcon.colcon_core.verb:Building package 'vins' with the following arguments: {'ament_cmake_args': None, 'build_base': '/home/orangepi/Desktop/SparkCar_ROS2_WS/SparkCar_Perception/build/vins', 'catkin_cmake_args': None, 'catkin_skip_building_tests': False, 'cmake_args': None, 'cmake_clean_cache': False, 'cmake_clean_first': False, 'cmake_force_configure': False, 'cmake_target': None, 'cmake_target_skip_unavailable': False, 'install_base': '/home/orangepi/Desktop/SparkCar_ROS2_WS/SparkCar_Perception/install/vins', 'merge_install': False, 'path': '/home/orangepi/Desktop/SparkCar_ROS2_WS/SparkCar_Perception/src/VINS-Fusion-ROS2/vins', 'symlink_install': False, 'test_result_base': None}
[0.453s] INFO:colcon.colcon_core.executor:Executing jobs using 'parallel' executor
[0.455s] DEBUG:colcon.colcon_parallel_executor.executor.parallel:run_until_complete
[0.456s] INFO:colcon.colcon_ros.task.ament_cmake.build:Building ROS package in '/home/orangepi/Desktop/SparkCar_ROS2_WS/SparkCar_Perception/src/VINS-Fusion-ROS2/camera_models' with build type 'ament_cmake'
[0.457s] INFO:colcon.colcon_cmake.task.cmake.build:Building CMake package in '/home/orangepi/Desktop/SparkCar_ROS2_WS/SparkCar_Perception/src/VINS-Fusion-ROS2/camera_models'
[0.465s] INFO:colcon.colcon_core.plugin_system:Skipping extension 'colcon_core.shell.bat': Not used on non-Windows systems
[0.466s] INFO:colcon.colcon_core.shell:Skip shell extension 'powershell' for command environment: Not usable outside of PowerShell
[0.466s] DEBUG:colcon.colcon_core.shell:Skip shell extension 'dsv' for command environment
[0.486s] INFO:colcon.colcon_ros.task.ament_cmake.build:Building ROS package in '/home/orangepi/Desktop/SparkCar_ROS2_WS/SparkCar_Perception/src/realsense-ros/realsense2_camera_msgs' with build type 'ament_cmake'
[0.486s] INFO:colcon.colcon_cmake.task.cmake.build:Building CMake package in '/home/orangepi/Desktop/SparkCar_ROS2_WS/SparkCar_Perception/src/realsense-ros/realsense2_camera_msgs'
[0.487s] INFO:colcon.colcon_core.shell:Skip shell extension 'powershell' for command environment: Not usable outside of PowerShell
[0.487s] DEBUG:colcon.colcon_core.shell:Skip shell extension 'dsv' for command environment
[0.495s] INFO:colcon.colcon_ros.task.ament_cmake.build:Building ROS package in '/home/orangepi/Desktop/SparkCar_ROS2_WS/SparkCar_Perception/src/VINS-Fusion-ROS2/global_fusion' with build type 'ament_cmake'
[0.495s] INFO:colcon.colcon_cmake.task.cmake.build:Building CMake package in '/home/orangepi/Desktop/SparkCar_ROS2_WS/SparkCar_Perception/src/VINS-Fusion-ROS2/global_fusion'
[0.495s] INFO:colcon.colcon_core.shell:Skip shell extension 'powershell' for command environment: Not usable outside of PowerShell
[0.495s] DEBUG:colcon.colcon_core.shell:Skip shell extension 'dsv' for command environment
[0.514s] DEBUG:colcon.colcon_core.event_handler.log_command:Invoking command in '/home/orangepi/Desktop/SparkCar_ROS2_WS/SparkCar_Perception/build/camera_models': CMAKE_PREFIX_PATH=${CMAKE_PREFIX_PATH}:/opt/ros/humble /usr/bin/cmake --build /home/orangepi/Desktop/SparkCar_ROS2_WS/SparkCar_Perception/build/camera_models -- -j8 -l8
[0.521s] DEBUG:colcon.colcon_core.event_handler.log_command:Invoking command in '/home/orangepi/Desktop/SparkCar_ROS2_WS/SparkCar_Perception/build/realsense2_camera_msgs': CMAKE_PREFIX_PATH=${CMAKE_PREFIX_PATH}:/opt/ros/humble /usr/bin/cmake --build /home/orangepi/Desktop/SparkCar_ROS2_WS/SparkCar_Perception/build/realsense2_camera_msgs -- -j8 -l8
[0.531s] DEBUG:colcon.colcon_core.event_handler.log_command:Invoking command in '/home/orangepi/Desktop/SparkCar_ROS2_WS/SparkCar_Perception/build/global_fusion': CMAKE_PREFIX_PATH=${CMAKE_PREFIX_PATH}:/opt/ros/humble /usr/bin/cmake --build /home/orangepi/Desktop/SparkCar_ROS2_WS/SparkCar_Perception/build/global_fusion -- -j8 -l8
[0.776s] DEBUG:colcon.colcon_core.event_handler.log_command:Invoked command in '/home/orangepi/Desktop/SparkCar_ROS2_WS/SparkCar_Perception/build/global_fusion' returned '0': CMAKE_PREFIX_PATH=${CMAKE_PREFIX_PATH}:/opt/ros/humble /usr/bin/cmake --build /home/orangepi/Desktop/SparkCar_ROS2_WS/SparkCar_Perception/build/global_fusion -- -j8 -l8
[0.792s] DEBUG:colcon.colcon_core.event_handler.log_command:Invoking command in '/home/orangepi/Desktop/SparkCar_ROS2_WS/SparkCar_Perception/build/global_fusion': CMAKE_PREFIX_PATH=${CMAKE_PREFIX_PATH}:/opt/ros/humble /usr/bin/cmake --install /home/orangepi/Desktop/SparkCar_ROS2_WS/SparkCar_Perception/build/global_fusion
[0.841s] DEBUG:colcon.colcon_core.event_handler.log_command:Invoked command in '/home/orangepi/Desktop/SparkCar_ROS2_WS/SparkCar_Perception/build/camera_models' returned '0': CMAKE_PREFIX_PATH=${CMAKE_PREFIX_PATH}:/opt/ros/humble /usr/bin/cmake --build /home/orangepi/Desktop/SparkCar_ROS2_WS/SparkCar_Perception/build/camera_models -- -j8 -l8
[0.845s] DEBUG:colcon.colcon_core.event_handler.log_command:Invoking command in '/home/orangepi/Desktop/SparkCar_ROS2_WS/SparkCar_Perception/build/camera_models': CMAKE_PREFIX_PATH=${CMAKE_PREFIX_PATH}:/opt/ros/humble /usr/bin/cmake --install /home/orangepi/Desktop/SparkCar_ROS2_WS/SparkCar_Perception/build/camera_models
[0.862s] Level 1:colcon.colcon_core.environment:create_environment_scripts_only(global_fusion)
[0.869s] DEBUG:colcon.colcon_core.event_handler.log_command:Invoked command in '/home/orangepi/Desktop/SparkCar_ROS2_WS/SparkCar_Perception/build/global_fusion' returned '0': CMAKE_PREFIX_PATH=${CMAKE_PREFIX_PATH}:/opt/ros/humble /usr/bin/cmake --install /home/orangepi/Desktop/SparkCar_ROS2_WS/SparkCar_Perception/build/global_fusion
[0.878s] Level 1:colcon.colcon_core.environment:checking '/home/orangepi/Desktop/SparkCar_ROS2_WS/SparkCar_Perception/install/global_fusion' for CMake module files
[0.882s] Level 1:colcon.colcon_core.environment:checking '/home/orangepi/Desktop/SparkCar_ROS2_WS/SparkCar_Perception/install/global_fusion' for CMake config files
[0.883s] Level 1:colcon.colcon_core.shell:create_environment_hook('global_fusion', 'cmake_prefix_path')
[0.884s] INFO:colcon.colcon_core.shell:Creating environment hook '/home/orangepi/Desktop/SparkCar_ROS2_WS/SparkCar_Perception/install/global_fusion/share/global_fusion/hook/cmake_prefix_path.ps1'
[0.887s] INFO:colcon.colcon_core.shell:Creating environment descriptor '/home/orangepi/Desktop/SparkCar_ROS2_WS/SparkCar_Perception/install/global_fusion/share/global_fusion/hook/cmake_prefix_path.dsv'
[0.890s] INFO:colcon.colcon_core.shell:Creating environment hook '/home/orangepi/Desktop/SparkCar_ROS2_WS/SparkCar_Perception/install/global_fusion/share/global_fusion/hook/cmake_prefix_path.sh'
[0.894s] Level 1:colcon.colcon_core.environment:checking '/home/orangepi/Desktop/SparkCar_ROS2_WS/SparkCar_Perception/install/global_fusion/lib'
[0.895s] Level 1:colcon.colcon_core.environment:checking '/home/orangepi/Desktop/SparkCar_ROS2_WS/SparkCar_Perception/install/global_fusion/bin'
[0.896s] Level 1:colcon.colcon_core.shell:create_environment_hook('global_fusion', 'path')
[0.897s] INFO:colcon.colcon_core.shell:Creating environment hook '/home/orangepi/Desktop/SparkCar_ROS2_WS/SparkCar_Perception/install/global_fusion/share/global_fusion/hook/path.ps1'
[0.901s] INFO:colcon.colcon_core.shell:Creating environment descriptor '/home/orangepi/Desktop/SparkCar_ROS2_WS/SparkCar_Perception/install/global_fusion/share/global_fusion/hook/path.dsv'
[0.902s] INFO:colcon.colcon_core.shell:Creating environment hook '/home/orangepi/Desktop/SparkCar_ROS2_WS/SparkCar_Perception/install/global_fusion/share/global_fusion/hook/path.sh'
[0.903s] Level 1:colcon.colcon_core.environment:checking '/home/orangepi/Desktop/SparkCar_ROS2_WS/SparkCar_Perception/install/global_fusion/lib/pkgconfig/global_fusion.pc'
[0.905s] Level 1:colcon.colcon_core.environment:checking '/home/orangepi/Desktop/SparkCar_ROS2_WS/SparkCar_Perception/install/global_fusion/lib/python3.10/site-packages'
[0.905s] Level 1:colcon.colcon_core.environment:checking '/home/orangepi/Desktop/SparkCar_ROS2_WS/SparkCar_Perception/install/global_fusion/bin'
[0.905s] Level 1:colcon.colcon_core.shell:create_environment_hook('global_fusion', 'pythonscriptspath')
[0.906s] INFO:colcon.colcon_core.shell:Creating environment hook '/home/orangepi/Desktop/SparkCar_ROS2_WS/SparkCar_Perception/install/global_fusion/share/global_fusion/hook/pythonscriptspath.ps1'
[0.907s] INFO:colcon.colcon_core.shell:Creating environment descriptor '/home/orangepi/Desktop/SparkCar_ROS2_WS/SparkCar_Perception/install/global_fusion/share/global_fusion/hook/pythonscriptspath.dsv'
[0.907s] INFO:colcon.colcon_core.shell:Creating environment hook '/home/orangepi/Desktop/SparkCar_ROS2_WS/SparkCar_Perception/install/global_fusion/share/global_fusion/hook/pythonscriptspath.sh'
[0.908s] INFO:colcon.colcon_core.shell:Creating package script '/home/orangepi/Desktop/SparkCar_ROS2_WS/SparkCar_Perception/install/global_fusion/share/global_fusion/package.ps1'
[0.910s] INFO:colcon.colcon_core.shell:Creating package descriptor '/home/orangepi/Desktop/SparkCar_ROS2_WS/SparkCar_Perception/install/global_fusion/share/global_fusion/package.dsv'
[0.911s] INFO:colcon.colcon_core.shell:Creating package script '/home/orangepi/Desktop/SparkCar_ROS2_WS/SparkCar_Perception/install/global_fusion/share/global_fusion/package.sh'
[0.913s] INFO:colcon.colcon_core.shell:Creating package script '/home/orangepi/Desktop/SparkCar_ROS2_WS/SparkCar_Perception/install/global_fusion/share/global_fusion/package.bash'
[0.914s] INFO:colcon.colcon_core.shell:Creating package script '/home/orangepi/Desktop/SparkCar_ROS2_WS/SparkCar_Perception/install/global_fusion/share/global_fusion/package.zsh'
[0.915s] Level 1:colcon.colcon_core.environment:create_file_with_runtime_dependencies(/home/orangepi/Desktop/SparkCar_ROS2_WS/SparkCar_Perception/install/global_fusion/share/colcon-core/packages/global_fusion)
[0.916s] Level 1:colcon.colcon_core.environment:create_environment_scripts_only(global_fusion)
[0.917s] Level 1:colcon.colcon_core.environment:checking '/home/orangepi/Desktop/SparkCar_ROS2_WS/SparkCar_Perception/install/global_fusion' for CMake module files
[0.917s] Level 1:colcon.colcon_core.environment:checking '/home/orangepi/Desktop/SparkCar_ROS2_WS/SparkCar_Perception/install/global_fusion' for CMake config files
[0.917s] Level 1:colcon.colcon_core.shell:create_environment_hook('global_fusion', 'cmake_prefix_path')
[0.918s] INFO:colcon.colcon_core.shell:Creating environment hook '/home/orangepi/Desktop/SparkCar_ROS2_WS/SparkCar_Perception/install/global_fusion/share/global_fusion/hook/cmake_prefix_path.ps1'
[0.918s] INFO:colcon.colcon_core.shell:Creating environment descriptor '/home/orangepi/Desktop/SparkCar_ROS2_WS/SparkCar_Perception/install/global_fusion/share/global_fusion/hook/cmake_prefix_path.dsv'
[0.919s] INFO:colcon.colcon_core.shell:Creating environment hook '/home/orangepi/Desktop/SparkCar_ROS2_WS/SparkCar_Perception/install/global_fusion/share/global_fusion/hook/cmake_prefix_path.sh'
[0.920s] Level 1:colcon.colcon_core.environment:checking '/home/orangepi/Desktop/SparkCar_ROS2_WS/SparkCar_Perception/install/global_fusion/lib'
[0.920s] Level 1:colcon.colcon_core.environment:checking '/home/orangepi/Desktop/SparkCar_ROS2_WS/SparkCar_Perception/install/global_fusion/bin'
[0.920s] Level 1:colcon.colcon_core.shell:create_environment_hook('global_fusion', 'path')
[0.922s] INFO:colcon.colcon_core.shell:Creating environment hook '/home/orangepi/Desktop/SparkCar_ROS2_WS/SparkCar_Perception/install/global_fusion/share/global_fusion/hook/path.ps1'
[0.924s] INFO:colcon.colcon_core.shell:Creating environment descriptor '/home/orangepi/Desktop/SparkCar_ROS2_WS/SparkCar_Perception/install/global_fusion/share/global_fusion/hook/path.dsv'
[0.925s] INFO:colcon.colcon_core.shell:Creating environment hook '/home/orangepi/Desktop/SparkCar_ROS2_WS/SparkCar_Perception/install/global_fusion/share/global_fusion/hook/path.sh'
[0.925s] Level 1:colcon.colcon_core.environment:checking '/home/orangepi/Desktop/SparkCar_ROS2_WS/SparkCar_Perception/install/global_fusion/lib/pkgconfig/global_fusion.pc'
[0.926s] Level 1:colcon.colcon_core.environment:checking '/home/orangepi/Desktop/SparkCar_ROS2_WS/SparkCar_Perception/install/global_fusion/lib/python3.10/site-packages'
[0.926s] Level 1:colcon.colcon_core.environment:checking '/home/orangepi/Desktop/SparkCar_ROS2_WS/SparkCar_Perception/install/global_fusion/bin'
[0.926s] Level 1:colcon.colcon_core.shell:create_environment_hook('global_fusion', 'pythonscriptspath')
[0.927s] INFO:colcon.colcon_core.shell:Creating environment hook '/home/orangepi/Desktop/SparkCar_ROS2_WS/SparkCar_Perception/install/global_fusion/share/global_fusion/hook/pythonscriptspath.ps1'
[0.927s] INFO:colcon.colcon_core.shell:Creating environment descriptor '/home/orangepi/Desktop/SparkCar_ROS2_WS/SparkCar_Perception/install/global_fusion/share/global_fusion/hook/pythonscriptspath.dsv'
[0.928s] INFO:colcon.colcon_core.shell:Creating environment hook '/home/orangepi/Desktop/SparkCar_ROS2_WS/SparkCar_Perception/install/global_fusion/share/global_fusion/hook/pythonscriptspath.sh'
[0.929s] INFO:colcon.colcon_core.shell:Creating package script '/home/orangepi/Desktop/SparkCar_ROS2_WS/SparkCar_Perception/install/global_fusion/share/global_fusion/package.ps1'
[0.930s] INFO:colcon.colcon_core.shell:Creating package descriptor '/home/orangepi/Desktop/SparkCar_ROS2_WS/SparkCar_Perception/install/global_fusion/share/global_fusion/package.dsv'
[0.931s] INFO:colcon.colcon_core.shell:Creating package script '/home/orangepi/Desktop/SparkCar_ROS2_WS/SparkCar_Perception/install/global_fusion/share/global_fusion/package.sh'
[0.931s] INFO:colcon.colcon_core.shell:Creating package script '/home/orangepi/Desktop/SparkCar_ROS2_WS/SparkCar_Perception/install/global_fusion/share/global_fusion/package.bash'
[0.932s] INFO:colcon.colcon_core.shell:Creating package script '/home/orangepi/Desktop/SparkCar_ROS2_WS/SparkCar_Perception/install/global_fusion/share/global_fusion/package.zsh'
[0.932s] Level 1:colcon.colcon_core.environment:create_file_with_runtime_dependencies(/home/orangepi/Desktop/SparkCar_ROS2_WS/SparkCar_Perception/install/global_fusion/share/colcon-core/packages/global_fusion)
[0.934s] Level 1:colcon.colcon_core.environment:create_environment_scripts_only(camera_models)
[0.935s] Level 1:colcon.colcon_core.environment:checking '/home/orangepi/Desktop/SparkCar_ROS2_WS/SparkCar_Perception/install/camera_models' for CMake module files
[0.936s] DEBUG:colcon.colcon_core.event_handler.log_command:Invoked command in '/home/orangepi/Desktop/SparkCar_ROS2_WS/SparkCar_Perception/build/camera_models' returned '0': CMAKE_PREFIX_PATH=${CMAKE_PREFIX_PATH}:/opt/ros/humble /usr/bin/cmake --install /home/orangepi/Desktop/SparkCar_ROS2_WS/SparkCar_Perception/build/camera_models
[0.936s] Level 1:colcon.colcon_core.environment:checking '/home/orangepi/Desktop/SparkCar_ROS2_WS/SparkCar_Perception/install/camera_models' for CMake config files
[0.937s] Level 1:colcon.colcon_core.shell:create_environment_hook('camera_models', 'cmake_prefix_path')
[0.938s] INFO:colcon.colcon_core.shell:Creating environment hook '/home/orangepi/Desktop/SparkCar_ROS2_WS/SparkCar_Perception/install/camera_models/share/camera_models/hook/cmake_prefix_path.ps1'
[0.939s] INFO:colcon.colcon_core.shell:Creating environment descriptor '/home/orangepi/Desktop/SparkCar_ROS2_WS/SparkCar_Perception/install/camera_models/share/camera_models/hook/cmake_prefix_path.dsv'
[0.940s] INFO:colcon.colcon_core.shell:Creating environment hook '/home/orangepi/Desktop/SparkCar_ROS2_WS/SparkCar_Perception/install/camera_models/share/camera_models/hook/cmake_prefix_path.sh'
[0.941s] Level 1:colcon.colcon_core.environment:checking '/home/orangepi/Desktop/SparkCar_ROS2_WS/SparkCar_Perception/install/camera_models/lib'
[0.941s] Level 1:colcon.colcon_core.environment:checking '/home/orangepi/Desktop/SparkCar_ROS2_WS/SparkCar_Perception/install/camera_models/bin'
[0.941s] Level 1:colcon.colcon_core.shell:create_environment_hook('camera_models', 'path')
[0.942s] INFO:colcon.colcon_core.shell:Creating environment hook '/home/orangepi/Desktop/SparkCar_ROS2_WS/SparkCar_Perception/install/camera_models/share/camera_models/hook/path.ps1'
[0.943s] INFO:colcon.colcon_core.shell:Creating environment descriptor '/home/orangepi/Desktop/SparkCar_ROS2_WS/SparkCar_Perception/install/camera_models/share/camera_models/hook/path.dsv'
[0.944s] INFO:colcon.colcon_core.shell:Creating environment hook '/home/orangepi/Desktop/SparkCar_ROS2_WS/SparkCar_Perception/install/camera_models/share/camera_models/hook/path.sh'
[0.945s] Level 1:colcon.colcon_core.environment:checking '/home/orangepi/Desktop/SparkCar_ROS2_WS/SparkCar_Perception/install/camera_models/lib/pkgconfig/camera_models.pc'
[0.945s] Level 1:colcon.colcon_core.environment:checking '/home/orangepi/Desktop/SparkCar_ROS2_WS/SparkCar_Perception/install/camera_models/lib/python3.10/site-packages'
[0.946s] Level 1:colcon.colcon_core.environment:checking '/home/orangepi/Desktop/SparkCar_ROS2_WS/SparkCar_Perception/install/camera_models/bin'
[0.947s] Level 1:colcon.colcon_core.shell:create_environment_hook('camera_models', 'pythonscriptspath')
[0.947s] INFO:colcon.colcon_core.shell:Creating environment hook '/home/orangepi/Desktop/SparkCar_ROS2_WS/SparkCar_Perception/install/camera_models/share/camera_models/hook/pythonscriptspath.ps1'
[0.948s] INFO:colcon.colcon_core.shell:Creating environment descriptor '/home/orangepi/Desktop/SparkCar_ROS2_WS/SparkCar_Perception/install/camera_models/share/camera_models/hook/pythonscriptspath.dsv'
[0.949s] INFO:colcon.colcon_core.shell:Creating environment hook '/home/orangepi/Desktop/SparkCar_ROS2_WS/SparkCar_Perception/install/camera_models/share/camera_models/hook/pythonscriptspath.sh'
[0.951s] INFO:colcon.colcon_core.shell:Creating package script '/home/orangepi/Desktop/SparkCar_ROS2_WS/SparkCar_Perception/install/camera_models/share/camera_models/package.ps1'
[0.952s] INFO:colcon.colcon_core.shell:Creating package descriptor '/home/orangepi/Desktop/SparkCar_ROS2_WS/SparkCar_Perception/install/camera_models/share/camera_models/package.dsv'
[0.954s] INFO:colcon.colcon_core.shell:Creating package script '/home/orangepi/Desktop/SparkCar_ROS2_WS/SparkCar_Perception/install/camera_models/share/camera_models/package.sh'
[0.955s] INFO:colcon.colcon_core.shell:Creating package script '/home/orangepi/Desktop/SparkCar_ROS2_WS/SparkCar_Perception/install/camera_models/share/camera_models/package.bash'
[0.956s] INFO:colcon.colcon_core.shell:Creating package script '/home/orangepi/Desktop/SparkCar_ROS2_WS/SparkCar_Perception/install/camera_models/share/camera_models/package.zsh'
[0.956s] Level 1:colcon.colcon_core.environment:create_file_with_runtime_dependencies(/home/orangepi/Desktop/SparkCar_ROS2_WS/SparkCar_Perception/install/camera_models/share/colcon-core/packages/camera_models)
[0.957s] Level 1:colcon.colcon_core.environment:create_environment_scripts_only(camera_models)
[0.958s] Level 1:colcon.colcon_core.environment:checking '/home/orangepi/Desktop/SparkCar_ROS2_WS/SparkCar_Perception/install/camera_models' for CMake module files
[0.958s] Level 1:colcon.colcon_core.environment:checking '/home/orangepi/Desktop/SparkCar_ROS2_WS/SparkCar_Perception/install/camera_models' for CMake config files
[0.959s] Level 1:colcon.colcon_core.shell:create_environment_hook('camera_models', 'cmake_prefix_path')
[0.959s] INFO:colcon.colcon_core.shell:Creating environment hook '/home/orangepi/Desktop/SparkCar_ROS2_WS/SparkCar_Perception/install/camera_models/share/camera_models/hook/cmake_prefix_path.ps1'
[0.960s] INFO:colcon.colcon_core.shell:Creating environment descriptor '/home/orangepi/Desktop/SparkCar_ROS2_WS/SparkCar_Perception/install/camera_models/share/camera_models/hook/cmake_prefix_path.dsv'
[0.961s] INFO:colcon.colcon_core.shell:Creating environment hook '/home/orangepi/Desktop/SparkCar_ROS2_WS/SparkCar_Perception/install/camera_models/share/camera_models/hook/cmake_prefix_path.sh'
[0.962s] Level 1:colcon.colcon_core.environment:checking '/home/orangepi/Desktop/SparkCar_ROS2_WS/SparkCar_Perception/install/camera_models/lib'
[0.962s] Level 1:colcon.colcon_core.environment:checking '/home/orangepi/Desktop/SparkCar_ROS2_WS/SparkCar_Perception/install/camera_models/bin'
[0.962s] Level 1:colcon.colcon_core.shell:create_environment_hook('camera_models', 'path')
[0.962s] INFO:colcon.colcon_core.shell:Creating environment hook '/home/orangepi/Desktop/SparkCar_ROS2_WS/SparkCar_Perception/install/camera_models/share/camera_models/hook/path.ps1'
[0.963s] INFO:colcon.colcon_core.shell:Creating environment descriptor '/home/orangepi/Desktop/SparkCar_ROS2_WS/SparkCar_Perception/install/camera_models/share/camera_models/hook/path.dsv'
[0.963s] INFO:colcon.colcon_core.shell:Creating environment hook '/home/orangepi/Desktop/SparkCar_ROS2_WS/SparkCar_Perception/install/camera_models/share/camera_models/hook/path.sh'
[0.964s] Level 1:colcon.colcon_core.environment:checking '/home/orangepi/Desktop/SparkCar_ROS2_WS/SparkCar_Perception/install/camera_models/lib/pkgconfig/camera_models.pc'
[0.964s] Level 1:colcon.colcon_core.environment:checking '/home/orangepi/Desktop/SparkCar_ROS2_WS/SparkCar_Perception/install/camera_models/lib/python3.10/site-packages'
[0.965s] Level 1:colcon.colcon_core.environment:checking '/home/orangepi/Desktop/SparkCar_ROS2_WS/SparkCar_Perception/install/camera_models/bin'
[0.965s] Level 1:colcon.colcon_core.shell:create_environment_hook('camera_models', 'pythonscriptspath')
[0.965s] INFO:colcon.colcon_core.shell:Creating environment hook '/home/orangepi/Desktop/SparkCar_ROS2_WS/SparkCar_Perception/install/camera_models/share/camera_models/hook/pythonscriptspath.ps1'
[0.966s] INFO:colcon.colcon_core.shell:Creating environment descriptor '/home/orangepi/Desktop/SparkCar_ROS2_WS/SparkCar_Perception/install/camera_models/share/camera_models/hook/pythonscriptspath.dsv'
[0.966s] INFO:colcon.colcon_core.shell:Creating environment hook '/home/orangepi/Desktop/SparkCar_ROS2_WS/SparkCar_Perception/install/camera_models/share/camera_models/hook/pythonscriptspath.sh'
[0.967s] INFO:colcon.colcon_core.shell:Creating package script '/home/orangepi/Desktop/SparkCar_ROS2_WS/SparkCar_Perception/install/camera_models/share/camera_models/package.ps1'
[0.968s] INFO:colcon.colcon_core.shell:Creating package descriptor '/home/orangepi/Desktop/SparkCar_ROS2_WS/SparkCar_Perception/install/camera_models/share/camera_models/package.dsv'
[0.969s] INFO:colcon.colcon_core.shell:Creating package script '/home/orangepi/Desktop/SparkCar_ROS2_WS/SparkCar_Perception/install/camera_models/share/camera_models/package.sh'
[0.969s] INFO:colcon.colcon_core.shell:Creating package script '/home/orangepi/Desktop/SparkCar_ROS2_WS/SparkCar_Perception/install/camera_models/share/camera_models/package.bash'
[0.970s] INFO:colcon.colcon_core.shell:Creating package script '/home/orangepi/Desktop/SparkCar_ROS2_WS/SparkCar_Perception/install/camera_models/share/camera_models/package.zsh'
[0.970s] Level 1:colcon.colcon_core.environment:create_file_with_runtime_dependencies(/home/orangepi/Desktop/SparkCar_ROS2_WS/SparkCar_Perception/install/camera_models/share/colcon-core/packages/camera_models)
[0.971s] INFO:colcon.colcon_ros.task.ament_cmake.build:Building ROS package in '/home/orangepi/Desktop/SparkCar_ROS2_WS/SparkCar_Perception/src/VINS-Fusion-ROS2/loop_fusion' with build type 'ament_cmake'
[0.971s] INFO:colcon.colcon_cmake.task.cmake.build:Building CMake package in '/home/orangepi/Desktop/SparkCar_ROS2_WS/SparkCar_Perception/src/VINS-Fusion-ROS2/loop_fusion'
[0.972s] INFO:colcon.colcon_core.shell:Skip shell extension 'powershell' for command environment: Not usable outside of PowerShell
[0.972s] DEBUG:colcon.colcon_core.shell:Skip shell extension 'dsv' for command environment
[0.980s] INFO:colcon.colcon_ros.task.ament_cmake.build:Building ROS package in '/home/orangepi/Desktop/SparkCar_ROS2_WS/SparkCar_Perception/src/VINS-Fusion-ROS2/vins' with build type 'ament_cmake'
[0.980s] INFO:colcon.colcon_cmake.task.cmake.build:Building CMake package in '/home/orangepi/Desktop/SparkCar_ROS2_WS/SparkCar_Perception/src/VINS-Fusion-ROS2/vins'
[0.980s] INFO:colcon.colcon_core.shell:Skip shell extension 'powershell' for command environment: Not usable outside of PowerShell
[0.981s] DEBUG:colcon.colcon_core.shell:Skip shell extension 'dsv' for command environment
[1.003s] DEBUG:colcon.colcon_core.event_handler.log_command:Invoking command in '/home/orangepi/Desktop/SparkCar_ROS2_WS/SparkCar_Perception/build/loop_fusion': CMAKE_PREFIX_PATH=/home/orangepi/Desktop/SparkCar_ROS2_WS/SparkCar_Perception/install/camera_models:/home/orangepi/Desktop/SparkCar_ROS2_WS/SparkCar_Perception/install/vins:/home/orangepi/Desktop/SparkCar_ROS2_WS/SparkCar_Perception/install/realsense2_camera:/home/orangepi/Desktop/SparkCar_ROS2_WS/SparkCar_Perception/install/loop_fusion:/home/orangepi/Desktop/SparkCar_ROS2_WS/SparkCar_Perception/install/global_fusion:/home/orangepi/.local/ceres-2.1:/home/orangepi/Desktop/SparkCar_ROS2_WS/SparkCar_Perception/install/realsense2_description:/home/orangepi/Desktop/SparkCar_ROS2_WS/SparkCar_Perception/install/realsense2_camera_msgs:/home/orangepi/Desktop/SparkCar_ROS2_WS/SparkCar_Controller/install/target_follower:/home/orangepi/Desktop/SparkCar_ROS2_WS/SparkCar_Tools/install/kalibr:/home/orangepi/Desktop/SparkCar_ROS2_WS/SparkCar_Tools/install/incremental_calibration_python:/home/orangepi/Desktop/SparkCar_ROS2_WS/SparkCar_Tools/install/incremental_calibration:/home/orangepi/Desktop/SparkCar_ROS2_WS/SparkCar_Tools/install/aslam_splines_python:/home/orangepi/Desktop/SparkCar_ROS2_WS/SparkCar_Tools/install/bsplines_python:/home/orangepi/Desktop/SparkCar_ROS2_WS/SparkCar_Tools/install/aslam_cv_backend_python:/home/orangepi/Desktop/SparkCar_ROS2_WS/SparkCar_Tools/install/aslam_cv_python:/home/orangepi/Desktop/SparkCar_ROS2_WS/SparkCar_Tools/install/aslam_cv_error_terms:/home/orangepi/Desktop/SparkCar_ROS2_WS/SparkCar_Tools/install/aslam_cv_backend:/home/orangepi/Desktop/SparkCar_ROS2_WS/SparkCar_Tools/install/aslam_splines:/home/orangepi/Desktop/SparkCar_ROS2_WS/SparkCar_Tools/install/bsplines:/home/orangepi/Desktop/SparkCar_ROS2_WS/SparkCar_Tools/install/aslam_backend_python:/home/orangepi/Desktop/SparkCar_ROS2_WS/SparkCar_Tools/install/aslam_backend_expressions:/home/orangepi/Desktop/SparkCar_ROS2_WS/SparkCar_Tools/install/aslam_backend:/home/orangepi/Desktop/SparkCar_ROS2_WS/SparkCar_Tools/install/sparse_block_matrix:/home/orangepi/Desktop/SparkCar_ROS2_WS/SparkCar_Tools/install/aslam_cameras_april:/home/orangepi/Desktop/SparkCar_ROS2_WS/SparkCar_Tools/install/sm_python:/home/orangepi/Desktop/SparkCar_ROS2_WS/SparkCar_Tools/install/sm_timing:/home/orangepi/Desktop/SparkCar_ROS2_WS/SparkCar_Tools/install/aslam_imgproc:/home/orangepi/Desktop/SparkCar_ROS2_WS/SparkCar_Tools/install/aslam_cv_serialization:/home/orangepi/Desktop/SparkCar_ROS2_WS/SparkCar_Tools/install/aslam_cameras:/home/orangepi/Desktop/SparkCar_ROS2_WS/SparkCar_Tools/install/sm_kinematics:/home/orangepi/Desktop/SparkCar_ROS2_WS/SparkCar_Tools/install/sm_eigen:/home/orangepi/Desktop/SparkCar_ROS2_WS/SparkCar_Tools/install/sm_random:/home/orangepi/Desktop/SparkCar_ROS2_WS/SparkCar_Tools/install/sm_property_tree:/home/orangepi/Desktop/SparkCar_ROS2_WS/SparkCar_Tools/install/sm_opencv:/home/orangepi/Desktop/SparkCar_ROS2_WS/SparkCar_Tools/install/sm_matrix_archive:/home/orangepi/Desktop/SparkCar_ROS2_WS/SparkCar_Tools/install/sm_logging:/home/orangepi/Desktop/SparkCar_ROS2_WS/SparkCar_Tools/install/sm_boost:/home/orangepi/Desktop/SparkCar_ROS2_WS/SparkCar_Tools/install/sm_common:/home/orangepi/Desktop/SparkCar_ROS2_WS/SparkCar_Tools/install/python_module:/home/orangepi/Desktop/SparkCar_ROS2_WS/SparkCar_Tools/install/numpy_eigen:/home/orangepi/Desktop/SparkCar_ROS2_WS/SparkCar_Tools/install/ethz_apriltag2:/home/orangepi/Desktop/SparkCar_ROS2_WS/SparkCar_Tools/install/aslam_time:/opt/ros/humble PATH=/home/orangepi/Desktop/SparkCar_ROS2_WS/SparkCar_Perception/install/camera_models/bin:/home/orangepi/Desktop/SparkCar_ROS2_WS/SparkCar_Perception/install/global_fusion/bin:/home/orangepi/.local/bin:/home/orangepi/.local/bin:/home/orangepi/.vscode-server/data/User/globalStorage/github.copilot-chat/debugCommand:/home/orangepi/.vscode-server/data/User/globalStorage/github.copilot-chat/copilotCli:/home/orangepi/.vscode-server/cli/servers/Stable-7e7950df89d055b5a378379db9ee14290772148a/server/bin/remote-cli:/home/orangepi/.local/bin:/home/orangepi/.local/bin:/home/orangepi/.local/bin:/opt/ros/humble/bin:/home/orangepi/.local/bin:/usr/local/sbin:/usr/local/bin:/usr/sbin:/usr/bin:/sbin:/bin:/usr/games:/usr/local/games:/snap/bin /usr/bin/cmake --build /home/orangepi/Desktop/SparkCar_ROS2_WS/SparkCar_Perception/build/loop_fusion -- -j8 -l8
[1.009s] DEBUG:colcon.colcon_core.event_handler.log_command:Invoking command in '/home/orangepi/Desktop/SparkCar_ROS2_WS/SparkCar_Perception/build/vins': CMAKE_PREFIX_PATH=/home/orangepi/Desktop/SparkCar_ROS2_WS/SparkCar_Perception/install/camera_models:/home/orangepi/Desktop/SparkCar_ROS2_WS/SparkCar_Perception/install/vins:/home/orangepi/Desktop/SparkCar_ROS2_WS/SparkCar_Perception/install/realsense2_camera:/home/orangepi/Desktop/SparkCar_ROS2_WS/SparkCar_Perception/install/loop_fusion:/home/orangepi/Desktop/SparkCar_ROS2_WS/SparkCar_Perception/install/global_fusion:/home/orangepi/.local/ceres-2.1:/home/orangepi/Desktop/SparkCar_ROS2_WS/SparkCar_Perception/install/realsense2_description:/home/orangepi/Desktop/SparkCar_ROS2_WS/SparkCar_Perception/install/realsense2_camera_msgs:/home/orangepi/Desktop/SparkCar_ROS2_WS/SparkCar_Controller/install/target_follower:/home/orangepi/Desktop/SparkCar_ROS2_WS/SparkCar_Tools/install/kalibr:/home/orangepi/Desktop/SparkCar_ROS2_WS/SparkCar_Tools/install/incremental_calibration_python:/home/orangepi/Desktop/SparkCar_ROS2_WS/SparkCar_Tools/install/incremental_calibration:/home/orangepi/Desktop/SparkCar_ROS2_WS/SparkCar_Tools/install/aslam_splines_python:/home/orangepi/Desktop/SparkCar_ROS2_WS/SparkCar_Tools/install/bsplines_python:/home/orangepi/Desktop/SparkCar_ROS2_WS/SparkCar_Tools/install/aslam_cv_backend_python:/home/orangepi/Desktop/SparkCar_ROS2_WS/SparkCar_Tools/install/aslam_cv_python:/home/orangepi/Desktop/SparkCar_ROS2_WS/SparkCar_Tools/install/aslam_cv_error_terms:/home/orangepi/Desktop/SparkCar_ROS2_WS/SparkCar_Tools/install/aslam_cv_backend:/home/orangepi/Desktop/SparkCar_ROS2_WS/SparkCar_Tools/install/aslam_splines:/home/orangepi/Desktop/SparkCar_ROS2_WS/SparkCar_Tools/install/bsplines:/home/orangepi/Desktop/SparkCar_ROS2_WS/SparkCar_Tools/install/aslam_backend_python:/home/orangepi/Desktop/SparkCar_ROS2_WS/SparkCar_Tools/install/aslam_backend_expressions:/home/orangepi/Desktop/SparkCar_ROS2_WS/SparkCar_Tools/install/aslam_backend:/home/orangepi/Desktop/SparkCar_ROS2_WS/SparkCar_Tools/install/sparse_block_matrix:/home/orangepi/Desktop/SparkCar_ROS2_WS/SparkCar_Tools/install/aslam_cameras_april:/home/orangepi/Desktop/SparkCar_ROS2_WS/SparkCar_Tools/install/sm_python:/home/orangepi/Desktop/SparkCar_ROS2_WS/SparkCar_Tools/install/sm_timing:/home/orangepi/Desktop/SparkCar_ROS2_WS/SparkCar_Tools/install/aslam_imgproc:/home/orangepi/Desktop/SparkCar_ROS2_WS/SparkCar_Tools/install/aslam_cv_serialization:/home/orangepi/Desktop/SparkCar_ROS2_WS/SparkCar_Tools/install/aslam_cameras:/home/orangepi/Desktop/SparkCar_ROS2_WS/SparkCar_Tools/install/sm_kinematics:/home/orangepi/Desktop/SparkCar_ROS2_WS/SparkCar_Tools/install/sm_eigen:/home/orangepi/Desktop/SparkCar_ROS2_WS/SparkCar_Tools/install/sm_random:/home/orangepi/Desktop/SparkCar_ROS2_WS/SparkCar_Tools/install/sm_property_tree:/home/orangepi/Desktop/SparkCar_ROS2_WS/SparkCar_Tools/install/sm_opencv:/home/orangepi/Desktop/SparkCar_ROS2_WS/SparkCar_Tools/install/sm_matrix_archive:/home/orangepi/Desktop/SparkCar_ROS2_WS/SparkCar_Tools/install/sm_logging:/home/orangepi/Desktop/SparkCar_ROS2_WS/SparkCar_Tools/install/sm_boost:/home/orangepi/Desktop/SparkCar_ROS2_WS/SparkCar_Tools/install/sm_common:/home/orangepi/Desktop/SparkCar_ROS2_WS/SparkCar_Tools/install/python_module:/home/orangepi/Desktop/SparkCar_ROS2_WS/SparkCar_Tools/install/numpy_eigen:/home/orangepi/Desktop/SparkCar_ROS2_WS/SparkCar_Tools/install/ethz_apriltag2:/home/orangepi/Desktop/SparkCar_ROS2_WS/SparkCar_Tools/install/aslam_time:/opt/ros/humble PATH=/home/orangepi/Desktop/SparkCar_ROS2_WS/SparkCar_Perception/install/camera_models/bin:/home/orangepi/Desktop/SparkCar_ROS2_WS/SparkCar_Perception/install/global_fusion/bin:/home/orangepi/.local/bin:/home/orangepi/.local/bin:/home/orangepi/.vscode-server/data/User/globalStorage/github.copilot-chat/debugCommand:/home/orangepi/.vscode-server/data/User/globalStorage/github.copilot-chat/copilotCli:/home/orangepi/.vscode-server/cli/servers/Stable-7e7950df89d055b5a378379db9ee14290772148a/server/bin/remote-cli:/home/orangepi/.local/bin:/home/orangepi/.local/bin:/home/orangepi/.local/bin:/opt/ros/humble/bin:/home/orangepi/.local/bin:/usr/local/sbin:/usr/local/bin:/usr/sbin:/usr/bin:/sbin:/bin:/usr/games:/usr/local/games:/snap/bin /usr/bin/cmake /home/orangepi/Desktop/SparkCar_ROS2_WS/SparkCar_Perception/src/VINS-Fusion-ROS2/vins -DCMAKE_INSTALL_PREFIX=/home/orangepi/Desktop/SparkCar_ROS2_WS/SparkCar_Perception/install/vins
[1.211s] DEBUG:colcon.colcon_core.event_handler.log_command:Invoked command in '/home/orangepi/Desktop/SparkCar_ROS2_WS/SparkCar_Perception/build/realsense2_camera_msgs' returned '0': CMAKE_PREFIX_PATH=${CMAKE_PREFIX_PATH}:/opt/ros/humble /usr/bin/cmake --build /home/orangepi/Desktop/SparkCar_ROS2_WS/SparkCar_Perception/build/realsense2_camera_msgs -- -j8 -l8
[1.217s] DEBUG:colcon.colcon_core.event_handler.log_command:Invoking command in '/home/orangepi/Desktop/SparkCar_ROS2_WS/SparkCar_Perception/build/realsense2_camera_msgs': CMAKE_PREFIX_PATH=${CMAKE_PREFIX_PATH}:/opt/ros/humble /usr/bin/cmake --install /home/orangepi/Desktop/SparkCar_ROS2_WS/SparkCar_Perception/build/realsense2_camera_msgs
[1.341s] Level 1:colcon.colcon_core.environment:create_environment_scripts_only(realsense2_camera_msgs)
[1.342s] Level 1:colcon.colcon_core.environment:checking '/home/orangepi/Desktop/SparkCar_ROS2_WS/SparkCar_Perception/install/realsense2_camera_msgs' for CMake module files
[1.348s] Level 1:colcon.colcon_core.environment:checking '/home/orangepi/Desktop/SparkCar_ROS2_WS/SparkCar_Perception/install/realsense2_camera_msgs' for CMake config files
[1.350s] Level 1:colcon.colcon_core.shell:create_environment_hook('realsense2_camera_msgs', 'cmake_prefix_path')
[1.350s] INFO:colcon.colcon_core.shell:Creating environment hook '/home/orangepi/Desktop/SparkCar_ROS2_WS/SparkCar_Perception/install/realsense2_camera_msgs/share/realsense2_camera_msgs/hook/cmake_prefix_path.ps1'
[1.351s] INFO:colcon.colcon_core.shell:Creating environment descriptor '/home/orangepi/Desktop/SparkCar_ROS2_WS/SparkCar_Perception/install/realsense2_camera_msgs/share/realsense2_camera_msgs/hook/cmake_prefix_path.dsv'
[1.352s] INFO:colcon.colcon_core.shell:Creating environment hook '/home/orangepi/Desktop/SparkCar_ROS2_WS/SparkCar_Perception/install/realsense2_camera_msgs/share/realsense2_camera_msgs/hook/cmake_prefix_path.sh'
[1.353s] Level 1:colcon.colcon_core.environment:checking '/home/orangepi/Desktop/SparkCar_ROS2_WS/SparkCar_Perception/install/realsense2_camera_msgs/lib'
[1.353s] Level 1:colcon.colcon_core.shell:create_environment_hook('realsense2_camera_msgs', 'ld_library_path_lib')
[1.354s] INFO:colcon.colcon_core.shell:Creating environment hook '/home/orangepi/Desktop/SparkCar_ROS2_WS/SparkCar_Perception/install/realsense2_camera_msgs/share/realsense2_camera_msgs/hook/ld_library_path_lib.ps1'
[1.355s] INFO:colcon.colcon_core.shell:Creating environment descriptor '/home/orangepi/Desktop/SparkCar_ROS2_WS/SparkCar_Perception/install/realsense2_camera_msgs/share/realsense2_camera_msgs/hook/ld_library_path_lib.dsv'
[1.356s] INFO:colcon.colcon_core.shell:Creating environment hook '/home/orangepi/Desktop/SparkCar_ROS2_WS/SparkCar_Perception/install/realsense2_camera_msgs/share/realsense2_camera_msgs/hook/ld_library_path_lib.sh'
[1.357s] Level 1:colcon.colcon_core.environment:checking '/home/orangepi/Desktop/SparkCar_ROS2_WS/SparkCar_Perception/install/realsense2_camera_msgs/bin'
[1.357s] Level 1:colcon.colcon_core.environment:checking '/home/orangepi/Desktop/SparkCar_ROS2_WS/SparkCar_Perception/install/realsense2_camera_msgs/lib/pkgconfig/realsense2_camera_msgs.pc'
[1.357s] Level 1:colcon.colcon_core.environment:checking '/home/orangepi/Desktop/SparkCar_ROS2_WS/SparkCar_Perception/install/realsense2_camera_msgs/lib/python3.10/site-packages'
[1.358s] Level 1:colcon.colcon_core.environment:checking '/home/orangepi/Desktop/SparkCar_ROS2_WS/SparkCar_Perception/install/realsense2_camera_msgs/bin'
[1.358s] INFO:colcon.colcon_core.shell:Creating package script '/home/orangepi/Desktop/SparkCar_ROS2_WS/SparkCar_Perception/install/realsense2_camera_msgs/share/realsense2_camera_msgs/package.ps1'
[1.360s] INFO:colcon.colcon_core.shell:Creating package descriptor '/home/orangepi/Desktop/SparkCar_ROS2_WS/SparkCar_Perception/install/realsense2_camera_msgs/share/realsense2_camera_msgs/package.dsv'
[1.361s] INFO:colcon.colcon_core.shell:Creating package script '/home/orangepi/Desktop/SparkCar_ROS2_WS/SparkCar_Perception/install/realsense2_camera_msgs/share/realsense2_camera_msgs/package.sh'
[1.361s] INFO:colcon.colcon_core.shell:Creating package script '/home/orangepi/Desktop/SparkCar_ROS2_WS/SparkCar_Perception/install/realsense2_camera_msgs/share/realsense2_camera_msgs/package.bash'
[1.363s] INFO:colcon.colcon_core.shell:Creating package script '/home/orangepi/Desktop/SparkCar_ROS2_WS/SparkCar_Perception/install/realsense2_camera_msgs/share/realsense2_camera_msgs/package.zsh'
[1.365s] DEBUG:colcon.colcon_core.event_handler.log_command:Invoked command in '/home/orangepi/Desktop/SparkCar_ROS2_WS/SparkCar_Perception/build/realsense2_camera_msgs' returned '0': CMAKE_PREFIX_PATH=${CMAKE_PREFIX_PATH}:/opt/ros/humble /usr/bin/cmake --install /home/orangepi/Desktop/SparkCar_ROS2_WS/SparkCar_Perception/build/realsense2_camera_msgs
[1.366s] Level 1:colcon.colcon_core.environment:create_file_with_runtime_dependencies(/home/orangepi/Desktop/SparkCar_ROS2_WS/SparkCar_Perception/install/realsense2_camera_msgs/share/colcon-core/packages/realsense2_camera_msgs)
[1.367s] Level 1:colcon.colcon_core.environment:create_environment_scripts_only(realsense2_camera_msgs)
[1.367s] Level 1:colcon.colcon_core.environment:checking '/home/orangepi/Desktop/SparkCar_ROS2_WS/SparkCar_Perception/install/realsense2_camera_msgs' for CMake module files
[1.368s] Level 1:colcon.colcon_core.environment:checking '/home/orangepi/Desktop/SparkCar_ROS2_WS/SparkCar_Perception/install/realsense2_camera_msgs' for CMake config files
[1.369s] Level 1:colcon.colcon_core.shell:create_environment_hook('realsense2_camera_msgs', 'cmake_prefix_path')
[1.369s] INFO:colcon.colcon_core.shell:Creating environment hook '/home/orangepi/Desktop/SparkCar_ROS2_WS/SparkCar_Perception/install/realsense2_camera_msgs/share/realsense2_camera_msgs/hook/cmake_prefix_path.ps1'
[1.370s] INFO:colcon.colcon_core.shell:Creating environment descriptor '/home/orangepi/Desktop/SparkCar_ROS2_WS/SparkCar_Perception/install/realsense2_camera_msgs/share/realsense2_camera_msgs/hook/cmake_prefix_path.dsv'
[1.370s] INFO:colcon.colcon_core.shell:Creating environment hook '/home/orangepi/Desktop/SparkCar_ROS2_WS/SparkCar_Perception/install/realsense2_camera_msgs/share/realsense2_camera_msgs/hook/cmake_prefix_path.sh'
[1.371s] Level 1:colcon.colcon_core.environment:checking '/home/orangepi/Desktop/SparkCar_ROS2_WS/SparkCar_Perception/install/realsense2_camera_msgs/lib'
[1.371s] Level 1:colcon.colcon_core.shell:create_environment_hook('realsense2_camera_msgs', 'ld_library_path_lib')
[1.372s] INFO:colcon.colcon_core.shell:Creating environment hook '/home/orangepi/Desktop/SparkCar_ROS2_WS/SparkCar_Perception/install/realsense2_camera_msgs/share/realsense2_camera_msgs/hook/ld_library_path_lib.ps1'
[1.372s] INFO:colcon.colcon_core.shell:Creating environment descriptor '/home/orangepi/Desktop/SparkCar_ROS2_WS/SparkCar_Perception/install/realsense2_camera_msgs/share/realsense2_camera_msgs/hook/ld_library_path_lib.dsv'
[1.373s] INFO:colcon.colcon_core.shell:Creating environment hook '/home/orangepi/Desktop/SparkCar_ROS2_WS/SparkCar_Perception/install/realsense2_camera_msgs/share/realsense2_camera_msgs/hook/ld_library_path_lib.sh'
[1.373s] Level 1:colcon.colcon_core.environment:checking '/home/orangepi/Desktop/SparkCar_ROS2_WS/SparkCar_Perception/install/realsense2_camera_msgs/bin'
[1.373s] Level 1:colcon.colcon_core.environment:checking '/home/orangepi/Desktop/SparkCar_ROS2_WS/SparkCar_Perception/install/realsense2_camera_msgs/lib/pkgconfig/realsense2_camera_msgs.pc'
[1.374s] Level 1:colcon.colcon_core.environment:checking '/home/orangepi/Desktop/SparkCar_ROS2_WS/SparkCar_Perception/install/realsense2_camera_msgs/lib/python3.10/site-packages'
[1.374s] Level 1:colcon.colcon_core.environment:checking '/home/orangepi/Desktop/SparkCar_ROS2_WS/SparkCar_Perception/install/realsense2_camera_msgs/bin'
[1.375s] INFO:colcon.colcon_core.shell:Creating package script '/home/orangepi/Desktop/SparkCar_ROS2_WS/SparkCar_Perception/install/realsense2_camera_msgs/share/realsense2_camera_msgs/package.ps1'
[1.376s] INFO:colcon.colcon_core.shell:Creating package descriptor '/home/orangepi/Desktop/SparkCar_ROS2_WS/SparkCar_Perception/install/realsense2_camera_msgs/share/realsense2_camera_msgs/package.dsv'
[1.376s] INFO:colcon.colcon_core.shell:Creating package script '/home/orangepi/Desktop/SparkCar_ROS2_WS/SparkCar_Perception/install/realsense2_camera_msgs/share/realsense2_camera_msgs/package.sh'
[1.377s] INFO:colcon.colcon_core.shell:Creating package script '/home/orangepi/Desktop/SparkCar_ROS2_WS/SparkCar_Perception/install/realsense2_camera_msgs/share/realsense2_camera_msgs/package.bash'
[1.378s] INFO:colcon.colcon_core.shell:Creating package script '/home/orangepi/Desktop/SparkCar_ROS2_WS/SparkCar_Perception/install/realsense2_camera_msgs/share/realsense2_camera_msgs/package.zsh'
[1.378s] Level 1:colcon.colcon_core.environment:create_file_with_runtime_dependencies(/home/orangepi/Desktop/SparkCar_ROS2_WS/SparkCar_Perception/install/realsense2_camera_msgs/share/colcon-core/packages/realsense2_camera_msgs)
[1.379s] INFO:colcon.colcon_ros.task.ament_cmake.build:Building ROS package in '/home/orangepi/Desktop/SparkCar_ROS2_WS/SparkCar_Perception/src/realsense-ros/realsense2_camera' with build type 'ament_cmake'
[1.379s] INFO:colcon.colcon_cmake.task.cmake.build:Building CMake package in '/home/orangepi/Desktop/SparkCar_ROS2_WS/SparkCar_Perception/src/realsense-ros/realsense2_camera'
[1.379s] INFO:colcon.colcon_core.shell:Skip shell extension 'powershell' for command environment: Not usable outside of PowerShell
[1.380s] DEBUG:colcon.colcon_core.shell:Skip shell extension 'dsv' for command environment
[1.388s] INFO:colcon.colcon_ros.task.ament_cmake.build:Building ROS package in '/home/orangepi/Desktop/SparkCar_ROS2_WS/SparkCar_Perception/src/realsense-ros/realsense2_description' with build type 'ament_cmake'
[1.388s] INFO:colcon.colcon_cmake.task.cmake.build:Building CMake package in '/home/orangepi/Desktop/SparkCar_ROS2_WS/SparkCar_Perception/src/realsense-ros/realsense2_description'
[1.389s] INFO:colcon.colcon_core.shell:Skip shell extension 'powershell' for command environment: Not usable outside of PowerShell
[1.389s] DEBUG:colcon.colcon_core.shell:Skip shell extension 'dsv' for command environment
[1.407s] DEBUG:colcon.colcon_core.event_handler.log_command:Invoking command in '/home/orangepi/Desktop/SparkCar_ROS2_WS/SparkCar_Perception/build/realsense2_camera': CMAKE_PREFIX_PATH=/home/orangepi/Desktop/SparkCar_ROS2_WS/SparkCar_Perception/install/realsense2_camera_msgs:/home/orangepi/Desktop/SparkCar_ROS2_WS/SparkCar_Perception/install/vins:/home/orangepi/Desktop/SparkCar_ROS2_WS/SparkCar_Perception/install/realsense2_camera:/home/orangepi/Desktop/SparkCar_ROS2_WS/SparkCar_Perception/install/loop_fusion:/home/orangepi/Desktop/SparkCar_ROS2_WS/SparkCar_Perception/install/global_fusion:/home/orangepi/Desktop/SparkCar_ROS2_WS/SparkCar_Perception/install/camera_models:/home/orangepi/.local/ceres-2.1:/home/orangepi/Desktop/SparkCar_ROS2_WS/SparkCar_Perception/install/realsense2_description:/home/orangepi/Desktop/SparkCar_ROS2_WS/SparkCar_Controller/install/target_follower:/home/orangepi/Desktop/SparkCar_ROS2_WS/SparkCar_Tools/install/kalibr:/home/orangepi/Desktop/SparkCar_ROS2_WS/SparkCar_Tools/install/incremental_calibration_python:/home/orangepi/Desktop/SparkCar_ROS2_WS/SparkCar_Tools/install/incremental_calibration:/home/orangepi/Desktop/SparkCar_ROS2_WS/SparkCar_Tools/install/aslam_splines_python:/home/orangepi/Desktop/SparkCar_ROS2_WS/SparkCar_Tools/install/bsplines_python:/home/orangepi/Desktop/SparkCar_ROS2_WS/SparkCar_Tools/install/aslam_cv_backend_python:/home/orangepi/Desktop/SparkCar_ROS2_WS/SparkCar_Tools/install/aslam_cv_python:/home/orangepi/Desktop/SparkCar_ROS2_WS/SparkCar_Tools/install/aslam_cv_error_terms:/home/orangepi/Desktop/SparkCar_ROS2_WS/SparkCar_Tools/install/aslam_cv_backend:/home/orangepi/Desktop/SparkCar_ROS2_WS/SparkCar_Tools/install/aslam_splines:/home/orangepi/Desktop/SparkCar_ROS2_WS/SparkCar_Tools/install/bsplines:/home/orangepi/Desktop/SparkCar_ROS2_WS/SparkCar_Tools/install/aslam_backend_python:/home/orangepi/Desktop/SparkCar_ROS2_WS/SparkCar_Tools/install/aslam_backend_expressions:/home/orangepi/Desktop/SparkCar_ROS2_WS/SparkCar_Tools/install/aslam_backend:/home/orangepi/Desktop/SparkCar_ROS2_WS/SparkCar_Tools/install/sparse_block_matrix:/home/orangepi/Desktop/SparkCar_ROS2_WS/SparkCar_Tools/install/aslam_cameras_april:/home/orangepi/Desktop/SparkCar_ROS2_WS/SparkCar_Tools/install/sm_python:/home/orangepi/Desktop/SparkCar_ROS2_WS/SparkCar_Tools/install/sm_timing:/home/orangepi/Desktop/SparkCar_ROS2_WS/SparkCar_Tools/install/aslam_imgproc:/home/orangepi/Desktop/SparkCar_ROS2_WS/SparkCar_Tools/install/aslam_cv_serialization:/home/orangepi/Desktop/SparkCar_ROS2_WS/SparkCar_Tools/install/aslam_cameras:/home/orangepi/Desktop/SparkCar_ROS2_WS/SparkCar_Tools/install/sm_kinematics:/home/orangepi/Desktop/SparkCar_ROS2_WS/SparkCar_Tools/install/sm_eigen:/home/orangepi/Desktop/SparkCar_ROS2_WS/SparkCar_Tools/install/sm_random:/home/orangepi/Desktop/SparkCar_ROS2_WS/SparkCar_Tools/install/sm_property_tree:/home/orangepi/Desktop/SparkCar_ROS2_WS/SparkCar_Tools/install/sm_opencv:/home/orangepi/Desktop/SparkCar_ROS2_WS/SparkCar_Tools/install/sm_matrix_archive:/home/orangepi/Desktop/SparkCar_ROS2_WS/SparkCar_Tools/install/sm_logging:/home/orangepi/Desktop/SparkCar_ROS2_WS/SparkCar_Tools/install/sm_boost:/home/orangepi/Desktop/SparkCar_ROS2_WS/SparkCar_Tools/install/sm_common:/home/orangepi/Desktop/SparkCar_ROS2_WS/SparkCar_Tools/install/python_module:/home/orangepi/Desktop/SparkCar_ROS2_WS/SparkCar_Tools/install/numpy_eigen:/home/orangepi/Desktop/SparkCar_ROS2_WS/SparkCar_Tools/install/ethz_apriltag2:/home/orangepi/Desktop/SparkCar_ROS2_WS/SparkCar_Tools/install/aslam_time:/opt/ros/humble LD_LIBRARY_PATH=/home/orangepi/Desktop/SparkCar_ROS2_WS/SparkCar_Perception/install/realsense2_camera_msgs/lib:/home/orangepi/Desktop/SparkCar_ROS2_WS/SparkCar_Perception/install/realsense2_camera/lib:/home/orangepi/Desktop/SparkCar_ROS2_WS/SparkCar_Perception/install/camera_models/lib:/home/orangepi/.local/ceres-2.1/lib:/home/orangepi/Desktop/SparkCar_ROS2_WS/SparkCar_Tools/install/kalibr/lib:/home/orangepi/Desktop/SparkCar_ROS2_WS/SparkCar_Tools/install/incremental_calibration/lib:/home/orangepi/Desktop/SparkCar_ROS2_WS/SparkCar_Tools/install/aslam_cv_error_terms/lib:/home/orangepi/Desktop/SparkCar_ROS2_WS/SparkCar_Tools/install/aslam_cv_backend/lib:/home/orangepi/Desktop/SparkCar_ROS2_WS/SparkCar_Tools/install/aslam_splines/lib:/home/orangepi/Desktop/SparkCar_ROS2_WS/SparkCar_Tools/install/bsplines/lib:/home/orangepi/Desktop/SparkCar_ROS2_WS/SparkCar_Tools/install/aslam_backend_expressions/lib:/home/orangepi/Desktop/SparkCar_ROS2_WS/SparkCar_Tools/install/aslam_backend/lib:/home/orangepi/Desktop/SparkCar_ROS2_WS/SparkCar_Tools/install/sparse_block_matrix/lib:/home/orangepi/Desktop/SparkCar_ROS2_WS/SparkCar_Tools/install/aslam_cameras_april/lib:/home/orangepi/Desktop/SparkCar_ROS2_WS/SparkCar_Tools/install/sm_timing/lib:/home/orangepi/Desktop/SparkCar_ROS2_WS/SparkCar_Tools/install/aslam_imgproc/lib:/home/orangepi/Desktop/SparkCar_ROS2_WS/SparkCar_Tools/install/aslam_cv_serialization/lib:/home/orangepi/Desktop/SparkCar_ROS2_WS/SparkCar_Tools/install/aslam_cameras/lib:/home/orangepi/Desktop/SparkCar_ROS2_WS/SparkCar_Tools/install/sm_kinematics/lib:/home/orangepi/Desktop/SparkCar_ROS2_WS/SparkCar_Tools/install/sm_eigen/lib:/home/orangepi/Desktop/SparkCar_ROS2_WS/SparkCar_Tools/install/sm_random/lib:/home/orangepi/Desktop/SparkCar_ROS2_WS/SparkCar_Tools/install/sm_property_tree/lib:/home/orangepi/Desktop/SparkCar_ROS2_WS/SparkCar_Tools/install/sm_matrix_archive/lib:/home/orangepi/Desktop/SparkCar_ROS2_WS/SparkCar_Tools/install/sm_logging/lib:/home/orangepi/Desktop/SparkCar_ROS2_WS/SparkCar_Tools/install/sm_boost/lib:/home/orangepi/Desktop/SparkCar_ROS2_WS/SparkCar_Tools/install/sm_common/lib:/home/orangepi/Desktop/SparkCar_ROS2_WS/SparkCar_Tools/install/ethz_apriltag2/lib:/home/orangepi/Desktop/SparkCar_ROS2_WS/SparkCar_Tools/install/aslam_time/lib:/opt/ros/humble/opt/rviz_ogre_vendor/lib:/opt/ros/humble/lib/aarch64-linux-gnu:/opt/ros/humble/lib /usr/bin/cmake --build /home/orangepi/Desktop/SparkCar_ROS2_WS/SparkCar_Perception/build/realsense2_camera -- -j8 -l8
[1.422s] DEBUG:colcon.colcon_core.event_handler.log_command:Invoking command in '/home/orangepi/Desktop/SparkCar_ROS2_WS/SparkCar_Perception/build/realsense2_description': CMAKE_PREFIX_PATH=/home/orangepi/Desktop/SparkCar_ROS2_WS/SparkCar_Perception/install/realsense2_camera_msgs:/home/orangepi/Desktop/SparkCar_ROS2_WS/SparkCar_Perception/install/vins:/home/orangepi/Desktop/SparkCar_ROS2_WS/SparkCar_Perception/install/realsense2_camera:/home/orangepi/Desktop/SparkCar_ROS2_WS/SparkCar_Perception/install/loop_fusion:/home/orangepi/Desktop/SparkCar_ROS2_WS/SparkCar_Perception/install/global_fusion:/home/orangepi/Desktop/SparkCar_ROS2_WS/SparkCar_Perception/install/camera_models:/home/orangepi/.local/ceres-2.1:/home/orangepi/Desktop/SparkCar_ROS2_WS/SparkCar_Perception/install/realsense2_description:/home/orangepi/Desktop/SparkCar_ROS2_WS/SparkCar_Controller/install/target_follower:/home/orangepi/Desktop/SparkCar_ROS2_WS/SparkCar_Tools/install/kalibr:/home/orangepi/Desktop/SparkCar_ROS2_WS/SparkCar_Tools/install/incremental_calibration_python:/home/orangepi/Desktop/SparkCar_ROS2_WS/SparkCar_Tools/install/incremental_calibration:/home/orangepi/Desktop/SparkCar_ROS2_WS/SparkCar_Tools/install/aslam_splines_python:/home/orangepi/Desktop/SparkCar_ROS2_WS/SparkCar_Tools/install/bsplines_python:/home/orangepi/Desktop/SparkCar_ROS2_WS/SparkCar_Tools/install/aslam_cv_backend_python:/home/orangepi/Desktop/SparkCar_ROS2_WS/SparkCar_Tools/install/aslam_cv_python:/home/orangepi/Desktop/SparkCar_ROS2_WS/SparkCar_Tools/install/aslam_cv_error_terms:/home/orangepi/Desktop/SparkCar_ROS2_WS/SparkCar_Tools/install/aslam_cv_backend:/home/orangepi/Desktop/SparkCar_ROS2_WS/SparkCar_Tools/install/aslam_splines:/home/orangepi/Desktop/SparkCar_ROS2_WS/SparkCar_Tools/install/bsplines:/home/orangepi/Desktop/SparkCar_ROS2_WS/SparkCar_Tools/install/aslam_backend_python:/home/orangepi/Desktop/SparkCar_ROS2_WS/SparkCar_Tools/install/aslam_backend_expressions:/home/orangepi/Desktop/SparkCar_ROS2_WS/SparkCar_Tools/install/aslam_backend:/home/orangepi/Desktop/SparkCar_ROS2_WS/SparkCar_Tools/install/sparse_block_matrix:/home/orangepi/Desktop/SparkCar_ROS2_WS/SparkCar_Tools/install/aslam_cameras_april:/home/orangepi/Desktop/SparkCar_ROS2_WS/SparkCar_Tools/install/sm_python:/home/orangepi/Desktop/SparkCar_ROS2_WS/SparkCar_Tools/install/sm_timing:/home/orangepi/Desktop/SparkCar_ROS2_WS/SparkCar_Tools/install/aslam_imgproc:/home/orangepi/Desktop/SparkCar_ROS2_WS/SparkCar_Tools/install/aslam_cv_serialization:/home/orangepi/Desktop/SparkCar_ROS2_WS/SparkCar_Tools/install/aslam_cameras:/home/orangepi/Desktop/SparkCar_ROS2_WS/SparkCar_Tools/install/sm_kinematics:/home/orangepi/Desktop/SparkCar_ROS2_WS/SparkCar_Tools/install/sm_eigen:/home/orangepi/Desktop/SparkCar_ROS2_WS/SparkCar_Tools/install/sm_random:/home/orangepi/Desktop/SparkCar_ROS2_WS/SparkCar_Tools/install/sm_property_tree:/home/orangepi/Desktop/SparkCar_ROS2_WS/SparkCar_Tools/install/sm_opencv:/home/orangepi/Desktop/SparkCar_ROS2_WS/SparkCar_Tools/install/sm_matrix_archive:/home/orangepi/Desktop/SparkCar_ROS2_WS/SparkCar_Tools/install/sm_logging:/home/orangepi/Desktop/SparkCar_ROS2_WS/SparkCar_Tools/install/sm_boost:/home/orangepi/Desktop/SparkCar_ROS2_WS/SparkCar_Tools/install/sm_common:/home/orangepi/Desktop/SparkCar_ROS2_WS/SparkCar_Tools/install/python_module:/home/orangepi/Desktop/SparkCar_ROS2_WS/SparkCar_Tools/install/numpy_eigen:/home/orangepi/Desktop/SparkCar_ROS2_WS/SparkCar_Tools/install/ethz_apriltag2:/home/orangepi/Desktop/SparkCar_ROS2_WS/SparkCar_Tools/install/aslam_time:/opt/ros/humble LD_LIBRARY_PATH=/home/orangepi/Desktop/SparkCar_ROS2_WS/SparkCar_Perception/install/realsense2_camera_msgs/lib:/home/orangepi/Desktop/SparkCar_ROS2_WS/SparkCar_Perception/install/realsense2_camera/lib:/home/orangepi/Desktop/SparkCar_ROS2_WS/SparkCar_Perception/install/camera_models/lib:/home/orangepi/.local/ceres-2.1/lib:/home/orangepi/Desktop/SparkCar_ROS2_WS/SparkCar_Tools/install/kalibr/lib:/home/orangepi/Desktop/SparkCar_ROS2_WS/SparkCar_Tools/install/incremental_calibration/lib:/home/orangepi/Desktop/SparkCar_ROS2_WS/SparkCar_Tools/install/aslam_cv_error_terms/lib:/home/orangepi/Desktop/SparkCar_ROS2_WS/SparkCar_Tools/install/aslam_cv_backend/lib:/home/orangepi/Desktop/SparkCar_ROS2_WS/SparkCar_Tools/install/aslam_splines/lib:/home/orangepi/Desktop/SparkCar_ROS2_WS/SparkCar_Tools/install/bsplines/lib:/home/orangepi/Desktop/SparkCar_ROS2_WS/SparkCar_Tools/install/aslam_backend_expressions/lib:/home/orangepi/Desktop/SparkCar_ROS2_WS/SparkCar_Tools/install/aslam_backend/lib:/home/orangepi/Desktop/SparkCar_ROS2_WS/SparkCar_Tools/install/sparse_block_matrix/lib:/home/orangepi/Desktop/SparkCar_ROS2_WS/SparkCar_Tools/install/aslam_cameras_april/lib:/home/orangepi/Desktop/SparkCar_ROS2_WS/SparkCar_Tools/install/sm_timing/lib:/home/orangepi/Desktop/SparkCar_ROS2_WS/SparkCar_Tools/install/aslam_imgproc/lib:/home/orangepi/Desktop/SparkCar_ROS2_WS/SparkCar_Tools/install/aslam_cv_serialization/lib:/home/orangepi/Desktop/SparkCar_ROS2_WS/SparkCar_Tools/install/aslam_cameras/lib:/home/orangepi/Desktop/SparkCar_ROS2_WS/SparkCar_Tools/install/sm_kinematics/lib:/home/orangepi/Desktop/SparkCar_ROS2_WS/SparkCar_Tools/install/sm_eigen/lib:/home/orangepi/Desktop/SparkCar_ROS2_WS/SparkCar_Tools/install/sm_random/lib:/home/orangepi/Desktop/SparkCar_ROS2_WS/SparkCar_Tools/install/sm_property_tree/lib:/home/orangepi/Desktop/SparkCar_ROS2_WS/SparkCar_Tools/install/sm_matrix_archive/lib:/home/orangepi/Desktop/SparkCar_ROS2_WS/SparkCar_Tools/install/sm_logging/lib:/home/orangepi/Desktop/SparkCar_ROS2_WS/SparkCar_Tools/install/sm_boost/lib:/home/orangepi/Desktop/SparkCar_ROS2_WS/SparkCar_Tools/install/sm_common/lib:/home/orangepi/Desktop/SparkCar_ROS2_WS/SparkCar_Tools/install/ethz_apriltag2/lib:/home/orangepi/Desktop/SparkCar_ROS2_WS/SparkCar_Tools/install/aslam_time/lib:/opt/ros/humble/opt/rviz_ogre_vendor/lib:/opt/ros/humble/lib/aarch64-linux-gnu:/opt/ros/humble/lib /usr/bin/cmake --build /home/orangepi/Desktop/SparkCar_ROS2_WS/SparkCar_Perception/build/realsense2_description -- -j8 -l8
[1.543s] DEBUG:colcon.colcon_core.event_handler.log_command:Invoked command in '/home/orangepi/Desktop/SparkCar_ROS2_WS/SparkCar_Perception/build/realsense2_description' returned '0': CMAKE_PREFIX_PATH=/home/orangepi/Desktop/SparkCar_ROS2_WS/SparkCar_Perception/install/realsense2_camera_msgs:/home/orangepi/Desktop/SparkCar_ROS2_WS/SparkCar_Perception/install/vins:/home/orangepi/Desktop/SparkCar_ROS2_WS/SparkCar_Perception/install/realsense2_camera:/home/orangepi/Desktop/SparkCar_ROS2_WS/SparkCar_Perception/install/loop_fusion:/home/orangepi/Desktop/SparkCar_ROS2_WS/SparkCar_Perception/install/global_fusion:/home/orangepi/Desktop/SparkCar_ROS2_WS/SparkCar_Perception/install/camera_models:/home/orangepi/.local/ceres-2.1:/home/orangepi/Desktop/SparkCar_ROS2_WS/SparkCar_Perception/install/realsense2_description:/home/orangepi/Desktop/SparkCar_ROS2_WS/SparkCar_Controller/install/target_follower:/home/orangepi/Desktop/SparkCar_ROS2_WS/SparkCar_Tools/install/kalibr:/home/orangepi/Desktop/SparkCar_ROS2_WS/SparkCar_Tools/install/incremental_calibration_python:/home/orangepi/Desktop/SparkCar_ROS2_WS/SparkCar_Tools/install/incremental_calibration:/home/orangepi/Desktop/SparkCar_ROS2_WS/SparkCar_Tools/install/aslam_splines_python:/home/orangepi/Desktop/SparkCar_ROS2_WS/SparkCar_Tools/install/bsplines_python:/home/orangepi/Desktop/SparkCar_ROS2_WS/SparkCar_Tools/install/aslam_cv_backend_python:/home/orangepi/Desktop/SparkCar_ROS2_WS/SparkCar_Tools/install/aslam_cv_python:/home/orangepi/Desktop/SparkCar_ROS2_WS/SparkCar_Tools/install/aslam_cv_error_terms:/home/orangepi/Desktop/SparkCar_ROS2_WS/SparkCar_Tools/install/aslam_cv_backend:/home/orangepi/Desktop/SparkCar_ROS2_WS/SparkCar_Tools/install/aslam_splines:/home/orangepi/Desktop/SparkCar_ROS2_WS/SparkCar_Tools/install/bsplines:/home/orangepi/Desktop/SparkCar_ROS2_WS/SparkCar_Tools/install/aslam_backend_python:/home/orangepi/Desktop/SparkCar_ROS2_WS/SparkCar_Tools/install/aslam_backend_expressions:/home/orangepi/Desktop/SparkCar_ROS2_WS/SparkCar_Tools/install/aslam_backend:/home/orangepi/Desktop/SparkCar_ROS2_WS/SparkCar_Tools/install/sparse_block_matrix:/home/orangepi/Desktop/SparkCar_ROS2_WS/SparkCar_Tools/install/aslam_cameras_april:/home/orangepi/Desktop/SparkCar_ROS2_WS/SparkCar_Tools/install/sm_python:/home/orangepi/Desktop/SparkCar_ROS2_WS/SparkCar_Tools/install/sm_timing:/home/orangepi/Desktop/SparkCar_ROS2_WS/SparkCar_Tools/install/aslam_imgproc:/home/orangepi/Desktop/SparkCar_ROS2_WS/SparkCar_Tools/install/aslam_cv_serialization:/home/orangepi/Desktop/SparkCar_ROS2_WS/SparkCar_Tools/install/aslam_cameras:/home/orangepi/Desktop/SparkCar_ROS2_WS/SparkCar_Tools/install/sm_kinematics:/home/orangepi/Desktop/SparkCar_ROS2_WS/SparkCar_Tools/install/sm_eigen:/home/orangepi/Desktop/SparkCar_ROS2_WS/SparkCar_Tools/install/sm_random:/home/orangepi/Desktop/SparkCar_ROS2_WS/SparkCar_Tools/install/sm_property_tree:/home/orangepi/Desktop/SparkCar_ROS2_WS/SparkCar_Tools/install/sm_opencv:/home/orangepi/Desktop/SparkCar_ROS2_WS/SparkCar_Tools/install/sm_matrix_archive:/home/orangepi/Desktop/SparkCar_ROS2_WS/SparkCar_Tools/install/sm_logging:/home/orangepi/Desktop/SparkCar_ROS2_WS/SparkCar_Tools/install/sm_boost:/home/orangepi/Desktop/SparkCar_ROS2_WS/SparkCar_Tools/install/sm_common:/home/orangepi/Desktop/SparkCar_ROS2_WS/SparkCar_Tools/install/python_module:/home/orangepi/Desktop/SparkCar_ROS2_WS/SparkCar_Tools/install/numpy_eigen:/home/orangepi/Desktop/SparkCar_ROS2_WS/SparkCar_Tools/install/ethz_apriltag2:/home/orangepi/Desktop/SparkCar_ROS2_WS/SparkCar_Tools/install/aslam_time:/opt/ros/humble LD_LIBRARY_PATH=/home/orangepi/Desktop/SparkCar_ROS2_WS/SparkCar_Perception/install/realsense2_camera_msgs/lib:/home/orangepi/Desktop/SparkCar_ROS2_WS/SparkCar_Perception/install/realsense2_camera/lib:/home/orangepi/Desktop/SparkCar_ROS2_WS/SparkCar_Perception/install/camera_models/lib:/home/orangepi/.local/ceres-2.1/lib:/home/orangepi/Desktop/SparkCar_ROS2_WS/SparkCar_Tools/install/kalibr/lib:/home/orangepi/Desktop/SparkCar_ROS2_WS/SparkCar_Tools/install/incremental_calibration/lib:/home/orangepi/Desktop/SparkCar_ROS2_WS/SparkCar_Tools/install/aslam_cv_error_terms/lib:/home/orangepi/Desktop/SparkCar_ROS2_WS/SparkCar_Tools/install/aslam_cv_backend/lib:/home/orangepi/Desktop/SparkCar_ROS2_WS/SparkCar_Tools/install/aslam_splines/lib:/home/orangepi/Desktop/SparkCar_ROS2_WS/SparkCar_Tools/install/bsplines/lib:/home/orangepi/Desktop/SparkCar_ROS2_WS/SparkCar_Tools/install/aslam_backend_expressions/lib:/home/orangepi/Desktop/SparkCar_ROS2_WS/SparkCar_Tools/install/aslam_backend/lib:/home/orangepi/Desktop/SparkCar_ROS2_WS/SparkCar_Tools/install/sparse_block_matrix/lib:/home/orangepi/Desktop/SparkCar_ROS2_WS/SparkCar_Tools/install/aslam_cameras_april/lib:/home/orangepi/Desktop/SparkCar_ROS2_WS/SparkCar_Tools/install/sm_timing/lib:/home/orangepi/Desktop/SparkCar_ROS2_WS/SparkCar_Tools/install/aslam_imgproc/lib:/home/orangepi/Desktop/SparkCar_ROS2_WS/SparkCar_Tools/install/aslam_cv_serialization/lib:/home/orangepi/Desktop/SparkCar_ROS2_WS/SparkCar_Tools/install/aslam_cameras/lib:/home/orangepi/Desktop/SparkCar_ROS2_WS/SparkCar_Tools/install/sm_kinematics/lib:/home/orangepi/Desktop/SparkCar_ROS2_WS/SparkCar_Tools/install/sm_eigen/lib:/home/orangepi/Desktop/SparkCar_ROS2_WS/SparkCar_Tools/install/sm_random/lib:/home/orangepi/Desktop/SparkCar_ROS2_WS/SparkCar_Tools/install/sm_property_tree/lib:/home/orangepi/Desktop/SparkCar_ROS2_WS/SparkCar_Tools/install/sm_matrix_archive/lib:/home/orangepi/Desktop/SparkCar_ROS2_WS/SparkCar_Tools/install/sm_logging/lib:/home/orangepi/Desktop/SparkCar_ROS2_WS/SparkCar_Tools/install/sm_boost/lib:/home/orangepi/Desktop/SparkCar_ROS2_WS/SparkCar_Tools/install/sm_common/lib:/home/orangepi/Desktop/SparkCar_ROS2_WS/SparkCar_Tools/install/ethz_apriltag2/lib:/home/orangepi/Desktop/SparkCar_ROS2_WS/SparkCar_Tools/install/aslam_time/lib:/opt/ros/humble/opt/rviz_ogre_vendor/lib:/opt/ros/humble/lib/aarch64-linux-gnu:/opt/ros/humble/lib /usr/bin/cmake --build /home/orangepi/Desktop/SparkCar_ROS2_WS/SparkCar_Perception/build/realsense2_description -- -j8 -l8
[1.546s] DEBUG:colcon.colcon_core.event_handler.log_command:Invoking command in '/home/orangepi/Desktop/SparkCar_ROS2_WS/SparkCar_Perception/build/realsense2_description': CMAKE_PREFIX_PATH=/home/orangepi/Desktop/SparkCar_ROS2_WS/SparkCar_Perception/install/realsense2_camera_msgs:/home/orangepi/Desktop/SparkCar_ROS2_WS/SparkCar_Perception/install/vins:/home/orangepi/Desktop/SparkCar_ROS2_WS/SparkCar_Perception/install/realsense2_camera:/home/orangepi/Desktop/SparkCar_ROS2_WS/SparkCar_Perception/install/loop_fusion:/home/orangepi/Desktop/SparkCar_ROS2_WS/SparkCar_Perception/install/global_fusion:/home/orangepi/Desktop/SparkCar_ROS2_WS/SparkCar_Perception/install/camera_models:/home/orangepi/.local/ceres-2.1:/home/orangepi/Desktop/SparkCar_ROS2_WS/SparkCar_Perception/install/realsense2_description:/home/orangepi/Desktop/SparkCar_ROS2_WS/SparkCar_Controller/install/target_follower:/home/orangepi/Desktop/SparkCar_ROS2_WS/SparkCar_Tools/install/kalibr:/home/orangepi/Desktop/SparkCar_ROS2_WS/SparkCar_Tools/install/incremental_calibration_python:/home/orangepi/Desktop/SparkCar_ROS2_WS/SparkCar_Tools/install/incremental_calibration:/home/orangepi/Desktop/SparkCar_ROS2_WS/SparkCar_Tools/install/aslam_splines_python:/home/orangepi/Desktop/SparkCar_ROS2_WS/SparkCar_Tools/install/bsplines_python:/home/orangepi/Desktop/SparkCar_ROS2_WS/SparkCar_Tools/install/aslam_cv_backend_python:/home/orangepi/Desktop/SparkCar_ROS2_WS/SparkCar_Tools/install/aslam_cv_python:/home/orangepi/Desktop/SparkCar_ROS2_WS/SparkCar_Tools/install/aslam_cv_error_terms:/home/orangepi/Desktop/SparkCar_ROS2_WS/SparkCar_Tools/install/aslam_cv_backend:/home/orangepi/Desktop/SparkCar_ROS2_WS/SparkCar_Tools/install/aslam_splines:/home/orangepi/Desktop/SparkCar_ROS2_WS/SparkCar_Tools/install/bsplines:/home/orangepi/Desktop/SparkCar_ROS2_WS/SparkCar_Tools/install/aslam_backend_python:/home/orangepi/Desktop/SparkCar_ROS2_WS/SparkCar_Tools/install/aslam_backend_expressions:/home/orangepi/Desktop/SparkCar_ROS2_WS/SparkCar_Tools/install/aslam_backend:/home/orangepi/Desktop/SparkCar_ROS2_WS/SparkCar_Tools/install/sparse_block_matrix:/home/orangepi/Desktop/SparkCar_ROS2_WS/SparkCar_Tools/install/aslam_cameras_april:/home/orangepi/Desktop/SparkCar_ROS2_WS/SparkCar_Tools/install/sm_python:/home/orangepi/Desktop/SparkCar_ROS2_WS/SparkCar_Tools/install/sm_timing:/home/orangepi/Desktop/SparkCar_ROS2_WS/SparkCar_Tools/install/aslam_imgproc:/home/orangepi/Desktop/SparkCar_ROS2_WS/SparkCar_Tools/install/aslam_cv_serialization:/home/orangepi/Desktop/SparkCar_ROS2_WS/SparkCar_Tools/install/aslam_cameras:/home/orangepi/Desktop/SparkCar_ROS2_WS/SparkCar_Tools/install/sm_kinematics:/home/orangepi/Desktop/SparkCar_ROS2_WS/SparkCar_Tools/install/sm_eigen:/home/orangepi/Desktop/SparkCar_ROS2_WS/SparkCar_Tools/install/sm_random:/home/orangepi/Desktop/SparkCar_ROS2_WS/SparkCar_Tools/install/sm_property_tree:/home/orangepi/Desktop/SparkCar_ROS2_WS/SparkCar_Tools/install/sm_opencv:/home/orangepi/Desktop/SparkCar_ROS2_WS/SparkCar_Tools/install/sm_matrix_archive:/home/orangepi/Desktop/SparkCar_ROS2_WS/SparkCar_Tools/install/sm_logging:/home/orangepi/Desktop/SparkCar_ROS2_WS/SparkCar_Tools/install/sm_boost:/home/orangepi/Desktop/SparkCar_ROS2_WS/SparkCar_Tools/install/sm_common:/home/orangepi/Desktop/SparkCar_ROS2_WS/SparkCar_Tools/install/python_module:/home/orangepi/Desktop/SparkCar_ROS2_WS/SparkCar_Tools/install/numpy_eigen:/home/orangepi/Desktop/SparkCar_ROS2_WS/SparkCar_Tools/install/ethz_apriltag2:/home/orangepi/Desktop/SparkCar_ROS2_WS/SparkCar_Tools/install/aslam_time:/opt/ros/humble LD_LIBRARY_PATH=/home/orangepi/Desktop/SparkCar_ROS2_WS/SparkCar_Perception/install/realsense2_camera_msgs/lib:/home/orangepi/Desktop/SparkCar_ROS2_WS/SparkCar_Perception/install/realsense2_camera/lib:/home/orangepi/Desktop/SparkCar_ROS2_WS/SparkCar_Perception/install/camera_models/lib:/home/orangepi/.local/ceres-2.1/lib:/home/orangepi/Desktop/SparkCar_ROS2_WS/SparkCar_Tools/install/kalibr/lib:/home/orangepi/Desktop/SparkCar_ROS2_WS/SparkCar_Tools/install/incremental_calibration/lib:/home/orangepi/Desktop/SparkCar_ROS2_WS/SparkCar_Tools/install/aslam_cv_error_terms/lib:/home/orangepi/Desktop/SparkCar_ROS2_WS/SparkCar_Tools/install/aslam_cv_backend/lib:/home/orangepi/Desktop/SparkCar_ROS2_WS/SparkCar_Tools/install/aslam_splines/lib:/home/orangepi/Desktop/SparkCar_ROS2_WS/SparkCar_Tools/install/bsplines/lib:/home/orangepi/Desktop/SparkCar_ROS2_WS/SparkCar_Tools/install/aslam_backend_expressions/lib:/home/orangepi/Desktop/SparkCar_ROS2_WS/SparkCar_Tools/install/aslam_backend/lib:/home/orangepi/Desktop/SparkCar_ROS2_WS/SparkCar_Tools/install/sparse_block_matrix/lib:/home/orangepi/Desktop/SparkCar_ROS2_WS/SparkCar_Tools/install/aslam_cameras_april/lib:/home/orangepi/Desktop/SparkCar_ROS2_WS/SparkCar_Tools/install/sm_timing/lib:/home/orangepi/Desktop/SparkCar_ROS2_WS/SparkCar_Tools/install/aslam_imgproc/lib:/home/orangepi/Desktop/SparkCar_ROS2_WS/SparkCar_Tools/install/aslam_cv_serialization/lib:/home/orangepi/Desktop/SparkCar_ROS2_WS/SparkCar_Tools/install/aslam_cameras/lib:/home/orangepi/Desktop/SparkCar_ROS2_WS/SparkCar_Tools/install/sm_kinematics/lib:/home/orangepi/Desktop/SparkCar_ROS2_WS/SparkCar_Tools/install/sm_eigen/lib:/home/orangepi/Desktop/SparkCar_ROS2_WS/SparkCar_Tools/install/sm_random/lib:/home/orangepi/Desktop/SparkCar_ROS2_WS/SparkCar_Tools/install/sm_property_tree/lib:/home/orangepi/Desktop/SparkCar_ROS2_WS/SparkCar_Tools/install/sm_matrix_archive/lib:/home/orangepi/Desktop/SparkCar_ROS2_WS/SparkCar_Tools/install/sm_logging/lib:/home/orangepi/Desktop/SparkCar_ROS2_WS/SparkCar_Tools/install/sm_boost/lib:/home/orangepi/Desktop/SparkCar_ROS2_WS/SparkCar_Tools/install/sm_common/lib:/home/orangepi/Desktop/SparkCar_ROS2_WS/SparkCar_Tools/install/ethz_apriltag2/lib:/home/orangepi/Desktop/SparkCar_ROS2_WS/SparkCar_Tools/install/aslam_time/lib:/opt/ros/humble/opt/rviz_ogre_vendor/lib:/opt/ros/humble/lib/aarch64-linux-gnu:/opt/ros/humble/lib /usr/bin/cmake --install /home/orangepi/Desktop/SparkCar_ROS2_WS/SparkCar_Perception/build/realsense2_description
[1.575s] Level 1:colcon.colcon_core.environment:create_environment_scripts_only(realsense2_description)
[1.576s] Level 1:colcon.colcon_core.environment:checking '/home/orangepi/Desktop/SparkCar_ROS2_WS/SparkCar_Perception/install/realsense2_description' for CMake module files
[1.579s] Level 1:colcon.colcon_core.environment:checking '/home/orangepi/Desktop/SparkCar_ROS2_WS/SparkCar_Perception/install/realsense2_description' for CMake config files
[1.580s] Level 1:colcon.colcon_core.shell:create_environment_hook('realsense2_description', 'cmake_prefix_path')
[1.582s] INFO:colcon.colcon_core.shell:Creating environment hook '/home/orangepi/Desktop/SparkCar_ROS2_WS/SparkCar_Perception/install/realsense2_description/share/realsense2_description/hook/cmake_prefix_path.ps1'
[1.585s] INFO:colcon.colcon_core.shell:Creating environment descriptor '/home/orangepi/Desktop/SparkCar_ROS2_WS/SparkCar_Perception/install/realsense2_description/share/realsense2_description/hook/cmake_prefix_path.dsv'
[1.587s] INFO:colcon.colcon_core.shell:Creating environment hook '/home/orangepi/Desktop/SparkCar_ROS2_WS/SparkCar_Perception/install/realsense2_description/share/realsense2_description/hook/cmake_prefix_path.sh'
[1.590s] Level 1:colcon.colcon_core.environment:checking '/home/orangepi/Desktop/SparkCar_ROS2_WS/SparkCar_Perception/install/realsense2_description/bin'
[1.590s] Level 1:colcon.colcon_core.environment:checking '/home/orangepi/Desktop/SparkCar_ROS2_WS/SparkCar_Perception/install/realsense2_description/lib/pkgconfig/realsense2_description.pc'
[1.591s] Level 1:colcon.colcon_core.environment:checking '/home/orangepi/Desktop/SparkCar_ROS2_WS/SparkCar_Perception/install/realsense2_description/lib/python3.10/site-packages'
[1.592s] Level 1:colcon.colcon_core.environment:checking '/home/orangepi/Desktop/SparkCar_ROS2_WS/SparkCar_Perception/install/realsense2_description/bin'
[1.592s] INFO:colcon.colcon_core.shell:Creating package script '/home/orangepi/Desktop/SparkCar_ROS2_WS/SparkCar_Perception/install/realsense2_description/share/realsense2_description/package.ps1'
[1.595s] INFO:colcon.colcon_core.shell:Creating package descriptor '/home/orangepi/Desktop/SparkCar_ROS2_WS/SparkCar_Perception/install/realsense2_description/share/realsense2_description/package.dsv'
[1.598s] DEBUG:colcon.colcon_core.event_handler.log_command:Invoked command in '/home/orangepi/Desktop/SparkCar_ROS2_WS/SparkCar_Perception/build/realsense2_description' returned '0': CMAKE_PREFIX_PATH=/home/orangepi/Desktop/SparkCar_ROS2_WS/SparkCar_Perception/install/realsense2_camera_msgs:/home/orangepi/Desktop/SparkCar_ROS2_WS/SparkCar_Perception/install/vins:/home/orangepi/Desktop/SparkCar_ROS2_WS/SparkCar_Perception/install/realsense2_camera:/home/orangepi/Desktop/SparkCar_ROS2_WS/SparkCar_Perception/install/loop_fusion:/home/orangepi/Desktop/SparkCar_ROS2_WS/SparkCar_Perception/install/global_fusion:/home/orangepi/Desktop/SparkCar_ROS2_WS/SparkCar_Perception/install/camera_models:/home/orangepi/.local/ceres-2.1:/home/orangepi/Desktop/SparkCar_ROS2_WS/SparkCar_Perception/install/realsense2_description:/home/orangepi/Desktop/SparkCar_ROS2_WS/SparkCar_Controller/install/target_follower:/home/orangepi/Desktop/SparkCar_ROS2_WS/SparkCar_Tools/install/kalibr:/home/orangepi/Desktop/SparkCar_ROS2_WS/SparkCar_Tools/install/incremental_calibration_python:/home/orangepi/Desktop/SparkCar_ROS2_WS/SparkCar_Tools/install/incremental_calibration:/home/orangepi/Desktop/SparkCar_ROS2_WS/SparkCar_Tools/install/aslam_splines_python:/home/orangepi/Desktop/SparkCar_ROS2_WS/SparkCar_Tools/install/bsplines_python:/home/orangepi/Desktop/SparkCar_ROS2_WS/SparkCar_Tools/install/aslam_cv_backend_python:/home/orangepi/Desktop/SparkCar_ROS2_WS/SparkCar_Tools/install/aslam_cv_python:/home/orangepi/Desktop/SparkCar_ROS2_WS/SparkCar_Tools/install/aslam_cv_error_terms:/home/orangepi/Desktop/SparkCar_ROS2_WS/SparkCar_Tools/install/aslam_cv_backend:/home/orangepi/Desktop/SparkCar_ROS2_WS/SparkCar_Tools/install/aslam_splines:/home/orangepi/Desktop/SparkCar_ROS2_WS/SparkCar_Tools/install/bsplines:/home/orangepi/Desktop/SparkCar_ROS2_WS/SparkCar_Tools/install/aslam_backend_python:/home/orangepi/Desktop/SparkCar_ROS2_WS/SparkCar_Tools/install/aslam_backend_expressions:/home/orangepi/Desktop/SparkCar_ROS2_WS/SparkCar_Tools/install/aslam_backend:/home/orangepi/Desktop/SparkCar_ROS2_WS/SparkCar_Tools/install/sparse_block_matrix:/home/orangepi/Desktop/SparkCar_ROS2_WS/SparkCar_Tools/install/aslam_cameras_april:/home/orangepi/Desktop/SparkCar_ROS2_WS/SparkCar_Tools/install/sm_python:/home/orangepi/Desktop/SparkCar_ROS2_WS/SparkCar_Tools/install/sm_timing:/home/orangepi/Desktop/SparkCar_ROS2_WS/SparkCar_Tools/install/aslam_imgproc:/home/orangepi/Desktop/SparkCar_ROS2_WS/SparkCar_Tools/install/aslam_cv_serialization:/home/orangepi/Desktop/SparkCar_ROS2_WS/SparkCar_Tools/install/aslam_cameras:/home/orangepi/Desktop/SparkCar_ROS2_WS/SparkCar_Tools/install/sm_kinematics:/home/orangepi/Desktop/SparkCar_ROS2_WS/SparkCar_Tools/install/sm_eigen:/home/orangepi/Desktop/SparkCar_ROS2_WS/SparkCar_Tools/install/sm_random:/home/orangepi/Desktop/SparkCar_ROS2_WS/SparkCar_Tools/install/sm_property_tree:/home/orangepi/Desktop/SparkCar_ROS2_WS/SparkCar_Tools/install/sm_opencv:/home/orangepi/Desktop/SparkCar_ROS2_WS/SparkCar_Tools/install/sm_matrix_archive:/home/orangepi/Desktop/SparkCar_ROS2_WS/SparkCar_Tools/install/sm_logging:/home/orangepi/Desktop/SparkCar_ROS2_WS/SparkCar_Tools/install/sm_boost:/home/orangepi/Desktop/SparkCar_ROS2_WS/SparkCar_Tools/install/sm_common:/home/orangepi/Desktop/SparkCar_ROS2_WS/SparkCar_Tools/install/python_module:/home/orangepi/Desktop/SparkCar_ROS2_WS/SparkCar_Tools/install/numpy_eigen:/home/orangepi/Desktop/SparkCar_ROS2_WS/SparkCar_Tools/install/ethz_apriltag2:/home/orangepi/Desktop/SparkCar_ROS2_WS/SparkCar_Tools/install/aslam_time:/opt/ros/humble LD_LIBRARY_PATH=/home/orangepi/Desktop/SparkCar_ROS2_WS/SparkCar_Perception/install/realsense2_camera_msgs/lib:/home/orangepi/Desktop/SparkCar_ROS2_WS/SparkCar_Perception/install/realsense2_camera/lib:/home/orangepi/Desktop/SparkCar_ROS2_WS/SparkCar_Perception/install/camera_models/lib:/home/orangepi/.local/ceres-2.1/lib:/home/orangepi/Desktop/SparkCar_ROS2_WS/SparkCar_Tools/install/kalibr/lib:/home/orangepi/Desktop/SparkCar_ROS2_WS/SparkCar_Tools/install/incremental_calibration/lib:/home/orangepi/Desktop/SparkCar_ROS2_WS/SparkCar_Tools/install/aslam_cv_error_terms/lib:/home/orangepi/Desktop/SparkCar_ROS2_WS/SparkCar_Tools/install/aslam_cv_backend/lib:/home/orangepi/Desktop/SparkCar_ROS2_WS/SparkCar_Tools/install/aslam_splines/lib:/home/orangepi/Desktop/SparkCar_ROS2_WS/SparkCar_Tools/install/bsplines/lib:/home/orangepi/Desktop/SparkCar_ROS2_WS/SparkCar_Tools/install/aslam_backend_expressions/lib:/home/orangepi/Desktop/SparkCar_ROS2_WS/SparkCar_Tools/install/aslam_backend/lib:/home/orangepi/Desktop/SparkCar_ROS2_WS/SparkCar_Tools/install/sparse_block_matrix/lib:/home/orangepi/Desktop/SparkCar_ROS2_WS/SparkCar_Tools/install/aslam_cameras_april/lib:/home/orangepi/Desktop/SparkCar_ROS2_WS/SparkCar_Tools/install/sm_timing/lib:/home/orangepi/Desktop/SparkCar_ROS2_WS/SparkCar_Tools/install/aslam_imgproc/lib:/home/orangepi/Desktop/SparkCar_ROS2_WS/SparkCar_Tools/install/aslam_cv_serialization/lib:/home/orangepi/Desktop/SparkCar_ROS2_WS/SparkCar_Tools/install/aslam_cameras/lib:/home/orangepi/Desktop/SparkCar_ROS2_WS/SparkCar_Tools/install/sm_kinematics/lib:/home/orangepi/Desktop/SparkCar_ROS2_WS/SparkCar_Tools/install/sm_eigen/lib:/home/orangepi/Desktop/SparkCar_ROS2_WS/SparkCar_Tools/install/sm_random/lib:/home/orangepi/Desktop/SparkCar_ROS2_WS/SparkCar_Tools/install/sm_property_tree/lib:/home/orangepi/Desktop/SparkCar_ROS2_WS/SparkCar_Tools/install/sm_matrix_archive/lib:/home/orangepi/Desktop/SparkCar_ROS2_WS/SparkCar_Tools/install/sm_logging/lib:/home/orangepi/Desktop/SparkCar_ROS2_WS/SparkCar_Tools/install/sm_boost/lib:/home/orangepi/Desktop/SparkCar_ROS2_WS/SparkCar_Tools/install/sm_common/lib:/home/orangepi/Desktop/SparkCar_ROS2_WS/SparkCar_Tools/install/ethz_apriltag2/lib:/home/orangepi/Desktop/SparkCar_ROS2_WS/SparkCar_Tools/install/aslam_time/lib:/opt/ros/humble/opt/rviz_ogre_vendor/lib:/opt/ros/humble/lib/aarch64-linux-gnu:/opt/ros/humble/lib /usr/bin/cmake --install /home/orangepi/Desktop/SparkCar_ROS2_WS/SparkCar_Perception/build/realsense2_description
[1.599s] INFO:colcon.colcon_core.shell:Creating package script '/home/orangepi/Desktop/SparkCar_ROS2_WS/SparkCar_Perception/install/realsense2_description/share/realsense2_description/package.sh'
[1.601s] INFO:colcon.colcon_core.shell:Creating package script '/home/orangepi/Desktop/SparkCar_ROS2_WS/SparkCar_Perception/install/realsense2_description/share/realsense2_description/package.bash'
[1.604s] INFO:colcon.colcon_core.shell:Creating package script '/home/orangepi/Desktop/SparkCar_ROS2_WS/SparkCar_Perception/install/realsense2_description/share/realsense2_description/package.zsh'
[1.606s] Level 1:colcon.colcon_core.environment:create_file_with_runtime_dependencies(/home/orangepi/Desktop/SparkCar_ROS2_WS/SparkCar_Perception/install/realsense2_description/share/colcon-core/packages/realsense2_description)
[1.609s] Level 1:colcon.colcon_core.environment:create_environment_scripts_only(realsense2_description)
[1.611s] Level 1:colcon.colcon_core.environment:checking '/home/orangepi/Desktop/SparkCar_ROS2_WS/SparkCar_Perception/install/realsense2_description' for CMake module files
[1.614s] Level 1:colcon.colcon_core.environment:checking '/home/orangepi/Desktop/SparkCar_ROS2_WS/SparkCar_Perception/install/realsense2_description' for CMake config files
[1.615s] Level 1:colcon.colcon_core.shell:create_environment_hook('realsense2_description', 'cmake_prefix_path')
[1.616s] INFO:colcon.colcon_core.shell:Creating environment hook '/home/orangepi/Desktop/SparkCar_ROS2_WS/SparkCar_Perception/install/realsense2_description/share/realsense2_description/hook/cmake_prefix_path.ps1'
[1.619s] INFO:colcon.colcon_core.shell:Creating environment descriptor '/home/orangepi/Desktop/SparkCar_ROS2_WS/SparkCar_Perception/install/realsense2_description/share/realsense2_description/hook/cmake_prefix_path.dsv'
[1.622s] INFO:colcon.colcon_core.shell:Creating environment hook '/home/orangepi/Desktop/SparkCar_ROS2_WS/SparkCar_Perception/install/realsense2_description/share/realsense2_description/hook/cmake_prefix_path.sh'
[1.625s] Level 1:colcon.colcon_core.environment:checking '/home/orangepi/Desktop/SparkCar_ROS2_WS/SparkCar_Perception/install/realsense2_description/bin'
[1.626s] Level 1:colcon.colcon_core.environment:checking '/home/orangepi/Desktop/SparkCar_ROS2_WS/SparkCar_Perception/install/realsense2_description/lib/pkgconfig/realsense2_description.pc'
[1.628s] Level 1:colcon.colcon_core.environment:checking '/home/orangepi/Desktop/SparkCar_ROS2_WS/SparkCar_Perception/install/realsense2_description/lib/python3.10/site-packages'
[1.630s] Level 1:colcon.colcon_core.environment:checking '/home/orangepi/Desktop/SparkCar_ROS2_WS/SparkCar_Perception/install/realsense2_description/bin'
[1.632s] INFO:colcon.colcon_core.shell:Creating package script '/home/orangepi/Desktop/SparkCar_ROS2_WS/SparkCar_Perception/install/realsense2_description/share/realsense2_description/package.ps1'
[1.637s] INFO:colcon.colcon_core.shell:Creating package descriptor '/home/orangepi/Desktop/SparkCar_ROS2_WS/SparkCar_Perception/install/realsense2_description/share/realsense2_description/package.dsv'
[1.639s] INFO:colcon.colcon_core.shell:Creating package script '/home/orangepi/Desktop/SparkCar_ROS2_WS/SparkCar_Perception/install/realsense2_description/share/realsense2_description/package.sh'
[1.643s] INFO:colcon.colcon_core.shell:Creating package script '/home/orangepi/Desktop/SparkCar_ROS2_WS/SparkCar_Perception/install/realsense2_description/share/realsense2_description/package.bash'
[1.646s] INFO:colcon.colcon_core.shell:Creating package script '/home/orangepi/Desktop/SparkCar_ROS2_WS/SparkCar_Perception/install/realsense2_description/share/realsense2_description/package.zsh'
[1.655s] Level 1:colcon.colcon_core.environment:create_file_with_runtime_dependencies(/home/orangepi/Desktop/SparkCar_ROS2_WS/SparkCar_Perception/install/realsense2_description/share/colcon-core/packages/realsense2_description)
[1.722s] DEBUG:colcon.colcon_core.event_handler.log_command:Invoked command in '/home/orangepi/Desktop/SparkCar_ROS2_WS/SparkCar_Perception/build/realsense2_camera' returned '0': CMAKE_PREFIX_PATH=/home/orangepi/Desktop/SparkCar_ROS2_WS/SparkCar_Perception/install/realsense2_camera_msgs:/home/orangepi/Desktop/SparkCar_ROS2_WS/SparkCar_Perception/install/vins:/home/orangepi/Desktop/SparkCar_ROS2_WS/SparkCar_Perception/install/realsense2_camera:/home/orangepi/Desktop/SparkCar_ROS2_WS/SparkCar_Perception/install/loop_fusion:/home/orangepi/Desktop/SparkCar_ROS2_WS/SparkCar_Perception/install/global_fusion:/home/orangepi/Desktop/SparkCar_ROS2_WS/SparkCar_Perception/install/camera_models:/home/orangepi/.local/ceres-2.1:/home/orangepi/Desktop/SparkCar_ROS2_WS/SparkCar_Perception/install/realsense2_description:/home/orangepi/Desktop/SparkCar_ROS2_WS/SparkCar_Controller/install/target_follower:/home/orangepi/Desktop/SparkCar_ROS2_WS/SparkCar_Tools/install/kalibr:/home/orangepi/Desktop/SparkCar_ROS2_WS/SparkCar_Tools/install/incremental_calibration_python:/home/orangepi/Desktop/SparkCar_ROS2_WS/SparkCar_Tools/install/incremental_calibration:/home/orangepi/Desktop/SparkCar_ROS2_WS/SparkCar_Tools/install/aslam_splines_python:/home/orangepi/Desktop/SparkCar_ROS2_WS/SparkCar_Tools/install/bsplines_python:/home/orangepi/Desktop/SparkCar_ROS2_WS/SparkCar_Tools/install/aslam_cv_backend_python:/home/orangepi/Desktop/SparkCar_ROS2_WS/SparkCar_Tools/install/aslam_cv_python:/home/orangepi/Desktop/SparkCar_ROS2_WS/SparkCar_Tools/install/aslam_cv_error_terms:/home/orangepi/Desktop/SparkCar_ROS2_WS/SparkCar_Tools/install/aslam_cv_backend:/home/orangepi/Desktop/SparkCar_ROS2_WS/SparkCar_Tools/install/aslam_splines:/home/orangepi/Desktop/SparkCar_ROS2_WS/SparkCar_Tools/install/bsplines:/home/orangepi/Desktop/SparkCar_ROS2_WS/SparkCar_Tools/install/aslam_backend_python:/home/orangepi/Desktop/SparkCar_ROS2_WS/SparkCar_Tools/install/aslam_backend_expressions:/home/orangepi/Desktop/SparkCar_ROS2_WS/SparkCar_Tools/install/aslam_backend:/home/orangepi/Desktop/SparkCar_ROS2_WS/SparkCar_Tools/install/sparse_block_matrix:/home/orangepi/Desktop/SparkCar_ROS2_WS/SparkCar_Tools/install/aslam_cameras_april:/home/orangepi/Desktop/SparkCar_ROS2_WS/SparkCar_Tools/install/sm_python:/home/orangepi/Desktop/SparkCar_ROS2_WS/SparkCar_Tools/install/sm_timing:/home/orangepi/Desktop/SparkCar_ROS2_WS/SparkCar_Tools/install/aslam_imgproc:/home/orangepi/Desktop/SparkCar_ROS2_WS/SparkCar_Tools/install/aslam_cv_serialization:/home/orangepi/Desktop/SparkCar_ROS2_WS/SparkCar_Tools/install/aslam_cameras:/home/orangepi/Desktop/SparkCar_ROS2_WS/SparkCar_Tools/install/sm_kinematics:/home/orangepi/Desktop/SparkCar_ROS2_WS/SparkCar_Tools/install/sm_eigen:/home/orangepi/Desktop/SparkCar_ROS2_WS/SparkCar_Tools/install/sm_random:/home/orangepi/Desktop/SparkCar_ROS2_WS/SparkCar_Tools/install/sm_property_tree:/home/orangepi/Desktop/SparkCar_ROS2_WS/SparkCar_Tools/install/sm_opencv:/home/orangepi/Desktop/SparkCar_ROS2_WS/SparkCar_Tools/install/sm_matrix_archive:/home/orangepi/Desktop/SparkCar_ROS2_WS/SparkCar_Tools/install/sm_logging:/home/orangepi/Desktop/SparkCar_ROS2_WS/SparkCar_Tools/install/sm_boost:/home/orangepi/Desktop/SparkCar_ROS2_WS/SparkCar_Tools/install/sm_common:/home/orangepi/Desktop/SparkCar_ROS2_WS/SparkCar_Tools/install/python_module:/home/orangepi/Desktop/SparkCar_ROS2_WS/SparkCar_Tools/install/numpy_eigen:/home/orangepi/Desktop/SparkCar_ROS2_WS/SparkCar_Tools/install/ethz_apriltag2:/home/orangepi/Desktop/SparkCar_ROS2_WS/SparkCar_Tools/install/aslam_time:/opt/ros/humble LD_LIBRARY_PATH=/home/orangepi/Desktop/SparkCar_ROS2_WS/SparkCar_Perception/install/realsense2_camera_msgs/lib:/home/orangepi/Desktop/SparkCar_ROS2_WS/SparkCar_Perception/install/realsense2_camera/lib:/home/orangepi/Desktop/SparkCar_ROS2_WS/SparkCar_Perception/install/camera_models/lib:/home/orangepi/.local/ceres-2.1/lib:/home/orangepi/Desktop/SparkCar_ROS2_WS/SparkCar_Tools/install/kalibr/lib:/home/orangepi/Desktop/SparkCar_ROS2_WS/SparkCar_Tools/install/incremental_calibration/lib:/home/orangepi/Desktop/SparkCar_ROS2_WS/SparkCar_Tools/install/aslam_cv_error_terms/lib:/home/orangepi/Desktop/SparkCar_ROS2_WS/SparkCar_Tools/install/aslam_cv_backend/lib:/home/orangepi/Desktop/SparkCar_ROS2_WS/SparkCar_Tools/install/aslam_splines/lib:/home/orangepi/Desktop/SparkCar_ROS2_WS/SparkCar_Tools/install/bsplines/lib:/home/orangepi/Desktop/SparkCar_ROS2_WS/SparkCar_Tools/install/aslam_backend_expressions/lib:/home/orangepi/Desktop/SparkCar_ROS2_WS/SparkCar_Tools/install/aslam_backend/lib:/home/orangepi/Desktop/SparkCar_ROS2_WS/SparkCar_Tools/install/sparse_block_matrix/lib:/home/orangepi/Desktop/SparkCar_ROS2_WS/SparkCar_Tools/install/aslam_cameras_april/lib:/home/orangepi/Desktop/SparkCar_ROS2_WS/SparkCar_Tools/install/sm_timing/lib:/home/orangepi/Desktop/SparkCar_ROS2_WS/SparkCar_Tools/install/aslam_imgproc/lib:/home/orangepi/Desktop/SparkCar_ROS2_WS/SparkCar_Tools/install/aslam_cv_serialization/lib:/home/orangepi/Desktop/SparkCar_ROS2_WS/SparkCar_Tools/install/aslam_cameras/lib:/home/orangepi/Desktop/SparkCar_ROS2_WS/SparkCar_Tools/install/sm_kinematics/lib:/home/orangepi/Desktop/SparkCar_ROS2_WS/SparkCar_Tools/install/sm_eigen/lib:/home/orangepi/Desktop/SparkCar_ROS2_WS/SparkCar_Tools/install/sm_random/lib:/home/orangepi/Desktop/SparkCar_ROS2_WS/SparkCar_Tools/install/sm_property_tree/lib:/home/orangepi/Desktop/SparkCar_ROS2_WS/SparkCar_Tools/install/sm_matrix_archive/lib:/home/orangepi/Desktop/SparkCar_ROS2_WS/SparkCar_Tools/install/sm_logging/lib:/home/orangepi/Desktop/SparkCar_ROS2_WS/SparkCar_Tools/install/sm_boost/lib:/home/orangepi/Desktop/SparkCar_ROS2_WS/SparkCar_Tools/install/sm_common/lib:/home/orangepi/Desktop/SparkCar_ROS2_WS/SparkCar_Tools/install/ethz_apriltag2/lib:/home/orangepi/Desktop/SparkCar_ROS2_WS/SparkCar_Tools/install/aslam_time/lib:/opt/ros/humble/opt/rviz_ogre_vendor/lib:/opt/ros/humble/lib/aarch64-linux-gnu:/opt/ros/humble/lib /usr/bin/cmake --build /home/orangepi/Desktop/SparkCar_ROS2_WS/SparkCar_Perception/build/realsense2_camera -- -j8 -l8
[1.726s] DEBUG:colcon.colcon_core.event_handler.log_command:Invoking command in '/home/orangepi/Desktop/SparkCar_ROS2_WS/SparkCar_Perception/build/realsense2_camera': CMAKE_PREFIX_PATH=/home/orangepi/Desktop/SparkCar_ROS2_WS/SparkCar_Perception/install/realsense2_camera_msgs:/home/orangepi/Desktop/SparkCar_ROS2_WS/SparkCar_Perception/install/vins:/home/orangepi/Desktop/SparkCar_ROS2_WS/SparkCar_Perception/install/realsense2_camera:/home/orangepi/Desktop/SparkCar_ROS2_WS/SparkCar_Perception/install/loop_fusion:/home/orangepi/Desktop/SparkCar_ROS2_WS/SparkCar_Perception/install/global_fusion:/home/orangepi/Desktop/SparkCar_ROS2_WS/SparkCar_Perception/install/camera_models:/home/orangepi/.local/ceres-2.1:/home/orangepi/Desktop/SparkCar_ROS2_WS/SparkCar_Perception/install/realsense2_description:/home/orangepi/Desktop/SparkCar_ROS2_WS/SparkCar_Controller/install/target_follower:/home/orangepi/Desktop/SparkCar_ROS2_WS/SparkCar_Tools/install/kalibr:/home/orangepi/Desktop/SparkCar_ROS2_WS/SparkCar_Tools/install/incremental_calibration_python:/home/orangepi/Desktop/SparkCar_ROS2_WS/SparkCar_Tools/install/incremental_calibration:/home/orangepi/Desktop/SparkCar_ROS2_WS/SparkCar_Tools/install/aslam_splines_python:/home/orangepi/Desktop/SparkCar_ROS2_WS/SparkCar_Tools/install/bsplines_python:/home/orangepi/Desktop/SparkCar_ROS2_WS/SparkCar_Tools/install/aslam_cv_backend_python:/home/orangepi/Desktop/SparkCar_ROS2_WS/SparkCar_Tools/install/aslam_cv_python:/home/orangepi/Desktop/SparkCar_ROS2_WS/SparkCar_Tools/install/aslam_cv_error_terms:/home/orangepi/Desktop/SparkCar_ROS2_WS/SparkCar_Tools/install/aslam_cv_backend:/home/orangepi/Desktop/SparkCar_ROS2_WS/SparkCar_Tools/install/aslam_splines:/home/orangepi/Desktop/SparkCar_ROS2_WS/SparkCar_Tools/install/bsplines:/home/orangepi/Desktop/SparkCar_ROS2_WS/SparkCar_Tools/install/aslam_backend_python:/home/orangepi/Desktop/SparkCar_ROS2_WS/SparkCar_Tools/install/aslam_backend_expressions:/home/orangepi/Desktop/SparkCar_ROS2_WS/SparkCar_Tools/install/aslam_backend:/home/orangepi/Desktop/SparkCar_ROS2_WS/SparkCar_Tools/install/sparse_block_matrix:/home/orangepi/Desktop/SparkCar_ROS2_WS/SparkCar_Tools/install/aslam_cameras_april:/home/orangepi/Desktop/SparkCar_ROS2_WS/SparkCar_Tools/install/sm_python:/home/orangepi/Desktop/SparkCar_ROS2_WS/SparkCar_Tools/install/sm_timing:/home/orangepi/Desktop/SparkCar_ROS2_WS/SparkCar_Tools/install/aslam_imgproc:/home/orangepi/Desktop/SparkCar_ROS2_WS/SparkCar_Tools/install/aslam_cv_serialization:/home/orangepi/Desktop/SparkCar_ROS2_WS/SparkCar_Tools/install/aslam_cameras:/home/orangepi/Desktop/SparkCar_ROS2_WS/SparkCar_Tools/install/sm_kinematics:/home/orangepi/Desktop/SparkCar_ROS2_WS/SparkCar_Tools/install/sm_eigen:/home/orangepi/Desktop/SparkCar_ROS2_WS/SparkCar_Tools/install/sm_random:/home/orangepi/Desktop/SparkCar_ROS2_WS/SparkCar_Tools/install/sm_property_tree:/home/orangepi/Desktop/SparkCar_ROS2_WS/SparkCar_Tools/install/sm_opencv:/home/orangepi/Desktop/SparkCar_ROS2_WS/SparkCar_Tools/install/sm_matrix_archive:/home/orangepi/Desktop/SparkCar_ROS2_WS/SparkCar_Tools/install/sm_logging:/home/orangepi/Desktop/SparkCar_ROS2_WS/SparkCar_Tools/install/sm_boost:/home/orangepi/Desktop/SparkCar_ROS2_WS/SparkCar_Tools/install/sm_common:/home/orangepi/Desktop/SparkCar_ROS2_WS/SparkCar_Tools/install/python_module:/home/orangepi/Desktop/SparkCar_ROS2_WS/SparkCar_Tools/install/numpy_eigen:/home/orangepi/Desktop/SparkCar_ROS2_WS/SparkCar_Tools/install/ethz_apriltag2:/home/orangepi/Desktop/SparkCar_ROS2_WS/SparkCar_Tools/install/aslam_time:/opt/ros/humble LD_LIBRARY_PATH=/home/orangepi/Desktop/SparkCar_ROS2_WS/SparkCar_Perception/install/realsense2_camera_msgs/lib:/home/orangepi/Desktop/SparkCar_ROS2_WS/SparkCar_Perception/install/realsense2_camera/lib:/home/orangepi/Desktop/SparkCar_ROS2_WS/SparkCar_Perception/install/camera_models/lib:/home/orangepi/.local/ceres-2.1/lib:/home/orangepi/Desktop/SparkCar_ROS2_WS/SparkCar_Tools/install/kalibr/lib:/home/orangepi/Desktop/SparkCar_ROS2_WS/SparkCar_Tools/install/incremental_calibration/lib:/home/orangepi/Desktop/SparkCar_ROS2_WS/SparkCar_Tools/install/aslam_cv_error_terms/lib:/home/orangepi/Desktop/SparkCar_ROS2_WS/SparkCar_Tools/install/aslam_cv_backend/lib:/home/orangepi/Desktop/SparkCar_ROS2_WS/SparkCar_Tools/install/aslam_splines/lib:/home/orangepi/Desktop/SparkCar_ROS2_WS/SparkCar_Tools/install/bsplines/lib:/home/orangepi/Desktop/SparkCar_ROS2_WS/SparkCar_Tools/install/aslam_backend_expressions/lib:/home/orangepi/Desktop/SparkCar_ROS2_WS/SparkCar_Tools/install/aslam_backend/lib:/home/orangepi/Desktop/SparkCar_ROS2_WS/SparkCar_Tools/install/sparse_block_matrix/lib:/home/orangepi/Desktop/SparkCar_ROS2_WS/SparkCar_Tools/install/aslam_cameras_april/lib:/home/orangepi/Desktop/SparkCar_ROS2_WS/SparkCar_Tools/install/sm_timing/lib:/home/orangepi/Desktop/SparkCar_ROS2_WS/SparkCar_Tools/install/aslam_imgproc/lib:/home/orangepi/Desktop/SparkCar_ROS2_WS/SparkCar_Tools/install/aslam_cv_serialization/lib:/home/orangepi/Desktop/SparkCar_ROS2_WS/SparkCar_Tools/install/aslam_cameras/lib:/home/orangepi/Desktop/SparkCar_ROS2_WS/SparkCar_Tools/install/sm_kinematics/lib:/home/orangepi/Desktop/SparkCar_ROS2_WS/SparkCar_Tools/install/sm_eigen/lib:/home/orangepi/Desktop/SparkCar_ROS2_WS/SparkCar_Tools/install/sm_random/lib:/home/orangepi/Desktop/SparkCar_ROS2_WS/SparkCar_Tools/install/sm_property_tree/lib:/home/orangepi/Desktop/SparkCar_ROS2_WS/SparkCar_Tools/install/sm_matrix_archive/lib:/home/orangepi/Desktop/SparkCar_ROS2_WS/SparkCar_Tools/install/sm_logging/lib:/home/orangepi/Desktop/SparkCar_ROS2_WS/SparkCar_Tools/install/sm_boost/lib:/home/orangepi/Desktop/SparkCar_ROS2_WS/SparkCar_Tools/install/sm_common/lib:/home/orangepi/Desktop/SparkCar_ROS2_WS/SparkCar_Tools/install/ethz_apriltag2/lib:/home/orangepi/Desktop/SparkCar_ROS2_WS/SparkCar_Tools/install/aslam_time/lib:/opt/ros/humble/opt/rviz_ogre_vendor/lib:/opt/ros/humble/lib/aarch64-linux-gnu:/opt/ros/humble/lib /usr/bin/cmake --install /home/orangepi/Desktop/SparkCar_ROS2_WS/SparkCar_Perception/build/realsense2_camera
[1.765s] Level 1:colcon.colcon_core.environment:create_environment_scripts_only(realsense2_camera)
[1.767s] Level 1:colcon.colcon_core.environment:checking '/home/orangepi/Desktop/SparkCar_ROS2_WS/SparkCar_Perception/install/realsense2_camera' for CMake module files
[1.772s] Level 1:colcon.colcon_core.environment:checking '/home/orangepi/Desktop/SparkCar_ROS2_WS/SparkCar_Perception/install/realsense2_camera' for CMake config files
[1.774s] Level 1:colcon.colcon_core.shell:create_environment_hook('realsense2_camera', 'cmake_prefix_path')
[1.775s] INFO:colcon.colcon_core.shell:Creating environment hook '/home/orangepi/Desktop/SparkCar_ROS2_WS/SparkCar_Perception/install/realsense2_camera/share/realsense2_camera/hook/cmake_prefix_path.ps1'
[1.776s] INFO:colcon.colcon_core.shell:Creating environment descriptor '/home/orangepi/Desktop/SparkCar_ROS2_WS/SparkCar_Perception/install/realsense2_camera/share/realsense2_camera/hook/cmake_prefix_path.dsv'
[1.777s] INFO:colcon.colcon_core.shell:Creating environment hook '/home/orangepi/Desktop/SparkCar_ROS2_WS/SparkCar_Perception/install/realsense2_camera/share/realsense2_camera/hook/cmake_prefix_path.sh'
[1.779s] Level 1:colcon.colcon_core.environment:checking '/home/orangepi/Desktop/SparkCar_ROS2_WS/SparkCar_Perception/install/realsense2_camera/lib'
[1.779s] Level 1:colcon.colcon_core.shell:create_environment_hook('realsense2_camera', 'ld_library_path_lib')
[1.779s] INFO:colcon.colcon_core.shell:Creating environment hook '/home/orangepi/Desktop/SparkCar_ROS2_WS/SparkCar_Perception/install/realsense2_camera/share/realsense2_camera/hook/ld_library_path_lib.ps1'
[1.781s] INFO:colcon.colcon_core.shell:Creating environment descriptor '/home/orangepi/Desktop/SparkCar_ROS2_WS/SparkCar_Perception/install/realsense2_camera/share/realsense2_camera/hook/ld_library_path_lib.dsv'
[1.782s] INFO:colcon.colcon_core.shell:Creating environment hook '/home/orangepi/Desktop/SparkCar_ROS2_WS/SparkCar_Perception/install/realsense2_camera/share/realsense2_camera/hook/ld_library_path_lib.sh'
[1.783s] Level 1:colcon.colcon_core.environment:checking '/home/orangepi/Desktop/SparkCar_ROS2_WS/SparkCar_Perception/install/realsense2_camera/bin'
[1.783s] Level 1:colcon.colcon_core.environment:checking '/home/orangepi/Desktop/SparkCar_ROS2_WS/SparkCar_Perception/install/realsense2_camera/lib/pkgconfig/realsense2_camera.pc'
[1.783s] Level 1:colcon.colcon_core.environment:checking '/home/orangepi/Desktop/SparkCar_ROS2_WS/SparkCar_Perception/install/realsense2_camera/lib/python3.10/site-packages'
[1.784s] Level 1:colcon.colcon_core.environment:checking '/home/orangepi/Desktop/SparkCar_ROS2_WS/SparkCar_Perception/install/realsense2_camera/bin'
[1.785s] INFO:colcon.colcon_core.shell:Creating package script '/home/orangepi/Desktop/SparkCar_ROS2_WS/SparkCar_Perception/install/realsense2_camera/share/realsense2_camera/package.ps1'
[1.786s] INFO:colcon.colcon_core.shell:Creating package descriptor '/home/orangepi/Desktop/SparkCar_ROS2_WS/SparkCar_Perception/install/realsense2_camera/share/realsense2_camera/package.dsv'
[1.787s] INFO:colcon.colcon_core.shell:Creating package script '/home/orangepi/Desktop/SparkCar_ROS2_WS/SparkCar_Perception/install/realsense2_camera/share/realsense2_camera/package.sh'
[1.788s] INFO:colcon.colcon_core.shell:Creating package script '/home/orangepi/Desktop/SparkCar_ROS2_WS/SparkCar_Perception/install/realsense2_camera/share/realsense2_camera/package.bash'
[1.789s] INFO:colcon.colcon_core.shell:Creating package script '/home/orangepi/Desktop/SparkCar_ROS2_WS/SparkCar_Perception/install/realsense2_camera/share/realsense2_camera/package.zsh'
[1.791s] Level 1:colcon.colcon_core.environment:create_file_with_runtime_dependencies(/home/orangepi/Desktop/SparkCar_ROS2_WS/SparkCar_Perception/install/realsense2_camera/share/colcon-core/packages/realsense2_camera)
[1.792s] Level 1:colcon.colcon_core.environment:create_environment_scripts_only(realsense2_camera)
[1.793s] Level 1:colcon.colcon_core.environment:checking '/home/orangepi/Desktop/SparkCar_ROS2_WS/SparkCar_Perception/install/realsense2_camera' for CMake module files
[1.799s] Level 1:colcon.colcon_core.environment:checking '/home/orangepi/Desktop/SparkCar_ROS2_WS/SparkCar_Perception/install/realsense2_camera' for CMake config files
[1.800s] Level 1:colcon.colcon_core.shell:create_environment_hook('realsense2_camera', 'cmake_prefix_path')
[1.800s] INFO:colcon.colcon_core.shell:Creating environment hook '/home/orangepi/Desktop/SparkCar_ROS2_WS/SparkCar_Perception/install/realsense2_camera/share/realsense2_camera/hook/cmake_prefix_path.ps1'
[1.801s] INFO:colcon.colcon_core.shell:Creating environment descriptor '/home/orangepi/Desktop/SparkCar_ROS2_WS/SparkCar_Perception/install/realsense2_camera/share/realsense2_camera/hook/cmake_prefix_path.dsv'
[1.803s] INFO:colcon.colcon_core.shell:Creating environment hook '/home/orangepi/Desktop/SparkCar_ROS2_WS/SparkCar_Perception/install/realsense2_camera/share/realsense2_camera/hook/cmake_prefix_path.sh'
[1.805s] Level 1:colcon.colcon_core.environment:checking '/home/orangepi/Desktop/SparkCar_ROS2_WS/SparkCar_Perception/install/realsense2_camera/lib'
[1.806s] Level 1:colcon.colcon_core.shell:create_environment_hook('realsense2_camera', 'ld_library_path_lib')
[1.807s] INFO:colcon.colcon_core.shell:Creating environment hook '/home/orangepi/Desktop/SparkCar_ROS2_WS/SparkCar_Perception/install/realsense2_camera/share/realsense2_camera/hook/ld_library_path_lib.ps1'
[1.811s] INFO:colcon.colcon_core.shell:Creating environment descriptor '/home/orangepi/Desktop/SparkCar_ROS2_WS/SparkCar_Perception/install/realsense2_camera/share/realsense2_camera/hook/ld_library_path_lib.dsv'
[1.814s] INFO:colcon.colcon_core.shell:Creating environment hook '/home/orangepi/Desktop/SparkCar_ROS2_WS/SparkCar_Perception/install/realsense2_camera/share/realsense2_camera/hook/ld_library_path_lib.sh'
[1.815s] Level 1:colcon.colcon_core.environment:checking '/home/orangepi/Desktop/SparkCar_ROS2_WS/SparkCar_Perception/install/realsense2_camera/bin'
[1.816s] Level 1:colcon.colcon_core.environment:checking '/home/orangepi/Desktop/SparkCar_ROS2_WS/SparkCar_Perception/install/realsense2_camera/lib/pkgconfig/realsense2_camera.pc'
[1.817s] Level 1:colcon.colcon_core.environment:checking '/home/orangepi/Desktop/SparkCar_ROS2_WS/SparkCar_Perception/install/realsense2_camera/lib/python3.10/site-packages'
[1.819s] Level 1:colcon.colcon_core.environment:checking '/home/orangepi/Desktop/SparkCar_ROS2_WS/SparkCar_Perception/install/realsense2_camera/bin'
[1.821s] INFO:colcon.colcon_core.shell:Creating package script '/home/orangepi/Desktop/SparkCar_ROS2_WS/SparkCar_Perception/install/realsense2_camera/share/realsense2_camera/package.ps1'
[1.823s] DEBUG:colcon.colcon_core.event_handler.log_command:Invoked command in '/home/orangepi/Desktop/SparkCar_ROS2_WS/SparkCar_Perception/build/realsense2_camera' returned '0': CMAKE_PREFIX_PATH=/home/orangepi/Desktop/SparkCar_ROS2_WS/SparkCar_Perception/install/realsense2_camera_msgs:/home/orangepi/Desktop/SparkCar_ROS2_WS/SparkCar_Perception/install/vins:/home/orangepi/Desktop/SparkCar_ROS2_WS/SparkCar_Perception/install/realsense2_camera:/home/orangepi/Desktop/SparkCar_ROS2_WS/SparkCar_Perception/install/loop_fusion:/home/orangepi/Desktop/SparkCar_ROS2_WS/SparkCar_Perception/install/global_fusion:/home/orangepi/Desktop/SparkCar_ROS2_WS/SparkCar_Perception/install/camera_models:/home/orangepi/.local/ceres-2.1:/home/orangepi/Desktop/SparkCar_ROS2_WS/SparkCar_Perception/install/realsense2_description:/home/orangepi/Desktop/SparkCar_ROS2_WS/SparkCar_Controller/install/target_follower:/home/orangepi/Desktop/SparkCar_ROS2_WS/SparkCar_Tools/install/kalibr:/home/orangepi/Desktop/SparkCar_ROS2_WS/SparkCar_Tools/install/incremental_calibration_python:/home/orangepi/Desktop/SparkCar_ROS2_WS/SparkCar_Tools/install/incremental_calibration:/home/orangepi/Desktop/SparkCar_ROS2_WS/SparkCar_Tools/install/aslam_splines_python:/home/orangepi/Desktop/SparkCar_ROS2_WS/SparkCar_Tools/install/bsplines_python:/home/orangepi/Desktop/SparkCar_ROS2_WS/SparkCar_Tools/install/aslam_cv_backend_python:/home/orangepi/Desktop/SparkCar_ROS2_WS/SparkCar_Tools/install/aslam_cv_python:/home/orangepi/Desktop/SparkCar_ROS2_WS/SparkCar_Tools/install/aslam_cv_error_terms:/home/orangepi/Desktop/SparkCar_ROS2_WS/SparkCar_Tools/install/aslam_cv_backend:/home/orangepi/Desktop/SparkCar_ROS2_WS/SparkCar_Tools/install/aslam_splines:/home/orangepi/Desktop/SparkCar_ROS2_WS/SparkCar_Tools/install/bsplines:/home/orangepi/Desktop/SparkCar_ROS2_WS/SparkCar_Tools/install/aslam_backend_python:/home/orangepi/Desktop/SparkCar_ROS2_WS/SparkCar_Tools/install/aslam_backend_expressions:/home/orangepi/Desktop/SparkCar_ROS2_WS/SparkCar_Tools/install/aslam_backend:/home/orangepi/Desktop/SparkCar_ROS2_WS/SparkCar_Tools/install/sparse_block_matrix:/home/orangepi/Desktop/SparkCar_ROS2_WS/SparkCar_Tools/install/aslam_cameras_april:/home/orangepi/Desktop/SparkCar_ROS2_WS/SparkCar_Tools/install/sm_python:/home/orangepi/Desktop/SparkCar_ROS2_WS/SparkCar_Tools/install/sm_timing:/home/orangepi/Desktop/SparkCar_ROS2_WS/SparkCar_Tools/install/aslam_imgproc:/home/orangepi/Desktop/SparkCar_ROS2_WS/SparkCar_Tools/install/aslam_cv_serialization:/home/orangepi/Desktop/SparkCar_ROS2_WS/SparkCar_Tools/install/aslam_cameras:/home/orangepi/Desktop/SparkCar_ROS2_WS/SparkCar_Tools/install/sm_kinematics:/home/orangepi/Desktop/SparkCar_ROS2_WS/SparkCar_Tools/install/sm_eigen:/home/orangepi/Desktop/SparkCar_ROS2_WS/SparkCar_Tools/install/sm_random:/home/orangepi/Desktop/SparkCar_ROS2_WS/SparkCar_Tools/install/sm_property_tree:/home/orangepi/Desktop/SparkCar_ROS2_WS/SparkCar_Tools/install/sm_opencv:/home/orangepi/Desktop/SparkCar_ROS2_WS/SparkCar_Tools/install/sm_matrix_archive:/home/orangepi/Desktop/SparkCar_ROS2_WS/SparkCar_Tools/install/sm_logging:/home/orangepi/Desktop/SparkCar_ROS2_WS/SparkCar_Tools/install/sm_boost:/home/orangepi/Desktop/SparkCar_ROS2_WS/SparkCar_Tools/install/sm_common:/home/orangepi/Desktop/SparkCar_ROS2_WS/SparkCar_Tools/install/python_module:/home/orangepi/Desktop/SparkCar_ROS2_WS/SparkCar_Tools/install/numpy_eigen:/home/orangepi/Desktop/SparkCar_ROS2_WS/SparkCar_Tools/install/ethz_apriltag2:/home/orangepi/Desktop/SparkCar_ROS2_WS/SparkCar_Tools/install/aslam_time:/opt/ros/humble LD_LIBRARY_PATH=/home/orangepi/Desktop/SparkCar_ROS2_WS/SparkCar_Perception/install/realsense2_camera_msgs/lib:/home/orangepi/Desktop/SparkCar_ROS2_WS/SparkCar_Perception/install/realsense2_camera/lib:/home/orangepi/Desktop/SparkCar_ROS2_WS/SparkCar_Perception/install/camera_models/lib:/home/orangepi/.local/ceres-2.1/lib:/home/orangepi/Desktop/SparkCar_ROS2_WS/SparkCar_Tools/install/kalibr/lib:/home/orangepi/Desktop/SparkCar_ROS2_WS/SparkCar_Tools/install/incremental_calibration/lib:/home/orangepi/Desktop/SparkCar_ROS2_WS/SparkCar_Tools/install/aslam_cv_error_terms/lib:/home/orangepi/Desktop/SparkCar_ROS2_WS/SparkCar_Tools/install/aslam_cv_backend/lib:/home/orangepi/Desktop/SparkCar_ROS2_WS/SparkCar_Tools/install/aslam_splines/lib:/home/orangepi/Desktop/SparkCar_ROS2_WS/SparkCar_Tools/install/bsplines/lib:/home/orangepi/Desktop/SparkCar_ROS2_WS/SparkCar_Tools/install/aslam_backend_expressions/lib:/home/orangepi/Desktop/SparkCar_ROS2_WS/SparkCar_Tools/install/aslam_backend/lib:/home/orangepi/Desktop/SparkCar_ROS2_WS/SparkCar_Tools/install/sparse_block_matrix/lib:/home/orangepi/Desktop/SparkCar_ROS2_WS/SparkCar_Tools/install/aslam_cameras_april/lib:/home/orangepi/Desktop/SparkCar_ROS2_WS/SparkCar_Tools/install/sm_timing/lib:/home/orangepi/Desktop/SparkCar_ROS2_WS/SparkCar_Tools/install/aslam_imgproc/lib:/home/orangepi/Desktop/SparkCar_ROS2_WS/SparkCar_Tools/install/aslam_cv_serialization/lib:/home/orangepi/Desktop/SparkCar_ROS2_WS/SparkCar_Tools/install/aslam_cameras/lib:/home/orangepi/Desktop/SparkCar_ROS2_WS/SparkCar_Tools/install/sm_kinematics/lib:/home/orangepi/Desktop/SparkCar_ROS2_WS/SparkCar_Tools/install/sm_eigen/lib:/home/orangepi/Desktop/SparkCar_ROS2_WS/SparkCar_Tools/install/sm_random/lib:/home/orangepi/Desktop/SparkCar_ROS2_WS/SparkCar_Tools/install/sm_property_tree/lib:/home/orangepi/Desktop/SparkCar_ROS2_WS/SparkCar_Tools/install/sm_matrix_archive/lib:/home/orangepi/Desktop/SparkCar_ROS2_WS/SparkCar_Tools/install/sm_logging/lib:/home/orangepi/Desktop/SparkCar_ROS2_WS/SparkCar_Tools/install/sm_boost/lib:/home/orangepi/Desktop/SparkCar_ROS2_WS/SparkCar_Tools/install/sm_common/lib:/home/orangepi/Desktop/SparkCar_ROS2_WS/SparkCar_Tools/install/ethz_apriltag2/lib:/home/orangepi/Desktop/SparkCar_ROS2_WS/SparkCar_Tools/install/aslam_time/lib:/opt/ros/humble/opt/rviz_ogre_vendor/lib:/opt/ros/humble/lib/aarch64-linux-gnu:/opt/ros/humble/lib /usr/bin/cmake --install /home/orangepi/Desktop/SparkCar_ROS2_WS/SparkCar_Perception/build/realsense2_camera
[1.825s] INFO:colcon.colcon_core.shell:Creating package descriptor '/home/orangepi/Desktop/SparkCar_ROS2_WS/SparkCar_Perception/install/realsense2_camera/share/realsense2_camera/package.dsv'
[1.826s] INFO:colcon.colcon_core.shell:Creating package script '/home/orangepi/Desktop/SparkCar_ROS2_WS/SparkCar_Perception/install/realsense2_camera/share/realsense2_camera/package.sh'
[1.827s] INFO:colcon.colcon_core.shell:Creating package script '/home/orangepi/Desktop/SparkCar_ROS2_WS/SparkCar_Perception/install/realsense2_camera/share/realsense2_camera/package.bash'
[1.828s] INFO:colcon.colcon_core.shell:Creating package script '/home/orangepi/Desktop/SparkCar_ROS2_WS/SparkCar_Perception/install/realsense2_camera/share/realsense2_camera/package.zsh'
[1.829s] Level 1:colcon.colcon_core.environment:create_file_with_runtime_dependencies(/home/orangepi/Desktop/SparkCar_ROS2_WS/SparkCar_Perception/install/realsense2_camera/share/colcon-core/packages/realsense2_camera)
[2.548s] DEBUG:colcon.colcon_core.event_handler.log_command:Invoked command in '/home/orangepi/Desktop/SparkCar_ROS2_WS/SparkCar_Perception/build/vins' returned '0': CMAKE_PREFIX_PATH=/home/orangepi/Desktop/SparkCar_ROS2_WS/SparkCar_Perception/install/camera_models:/home/orangepi/Desktop/SparkCar_ROS2_WS/SparkCar_Perception/install/vins:/home/orangepi/Desktop/SparkCar_ROS2_WS/SparkCar_Perception/install/realsense2_camera:/home/orangepi/Desktop/SparkCar_ROS2_WS/SparkCar_Perception/install/loop_fusion:/home/orangepi/Desktop/SparkCar_ROS2_WS/SparkCar_Perception/install/global_fusion:/home/orangepi/.local/ceres-2.1:/home/orangepi/Desktop/SparkCar_ROS2_WS/SparkCar_Perception/install/realsense2_description:/home/orangepi/Desktop/SparkCar_ROS2_WS/SparkCar_Perception/install/realsense2_camera_msgs:/home/orangepi/Desktop/SparkCar_ROS2_WS/SparkCar_Controller/install/target_follower:/home/orangepi/Desktop/SparkCar_ROS2_WS/SparkCar_Tools/install/kalibr:/home/orangepi/Desktop/SparkCar_ROS2_WS/SparkCar_Tools/install/incremental_calibration_python:/home/orangepi/Desktop/SparkCar_ROS2_WS/SparkCar_Tools/install/incremental_calibration:/home/orangepi/Desktop/SparkCar_ROS2_WS/SparkCar_Tools/install/aslam_splines_python:/home/orangepi/Desktop/SparkCar_ROS2_WS/SparkCar_Tools/install/bsplines_python:/home/orangepi/Desktop/SparkCar_ROS2_WS/SparkCar_Tools/install/aslam_cv_backend_python:/home/orangepi/Desktop/SparkCar_ROS2_WS/SparkCar_Tools/install/aslam_cv_python:/home/orangepi/Desktop/SparkCar_ROS2_WS/SparkCar_Tools/install/aslam_cv_error_terms:/home/orangepi/Desktop/SparkCar_ROS2_WS/SparkCar_Tools/install/aslam_cv_backend:/home/orangepi/Desktop/SparkCar_ROS2_WS/SparkCar_Tools/install/aslam_splines:/home/orangepi/Desktop/SparkCar_ROS2_WS/SparkCar_Tools/install/bsplines:/home/orangepi/Desktop/SparkCar_ROS2_WS/SparkCar_Tools/install/aslam_backend_python:/home/orangepi/Desktop/SparkCar_ROS2_WS/SparkCar_Tools/install/aslam_backend_expressions:/home/orangepi/Desktop/SparkCar_ROS2_WS/SparkCar_Tools/install/aslam_backend:/home/orangepi/Desktop/SparkCar_ROS2_WS/SparkCar_Tools/install/sparse_block_matrix:/home/orangepi/Desktop/SparkCar_ROS2_WS/SparkCar_Tools/install/aslam_cameras_april:/home/orangepi/Desktop/SparkCar_ROS2_WS/SparkCar_Tools/install/sm_python:/home/orangepi/Desktop/SparkCar_ROS2_WS/SparkCar_Tools/install/sm_timing:/home/orangepi/Desktop/SparkCar_ROS2_WS/SparkCar_Tools/install/aslam_imgproc:/home/orangepi/Desktop/SparkCar_ROS2_WS/SparkCar_Tools/install/aslam_cv_serialization:/home/orangepi/Desktop/SparkCar_ROS2_WS/SparkCar_Tools/install/aslam_cameras:/home/orangepi/Desktop/SparkCar_ROS2_WS/SparkCar_Tools/install/sm_kinematics:/home/orangepi/Desktop/SparkCar_ROS2_WS/SparkCar_Tools/install/sm_eigen:/home/orangepi/Desktop/SparkCar_ROS2_WS/SparkCar_Tools/install/sm_random:/home/orangepi/Desktop/SparkCar_ROS2_WS/SparkCar_Tools/install/sm_property_tree:/home/orangepi/Desktop/SparkCar_ROS2_WS/SparkCar_Tools/install/sm_opencv:/home/orangepi/Desktop/SparkCar_ROS2_WS/SparkCar_Tools/install/sm_matrix_archive:/home/orangepi/Desktop/SparkCar_ROS2_WS/SparkCar_Tools/install/sm_logging:/home/orangepi/Desktop/SparkCar_ROS2_WS/SparkCar_Tools/install/sm_boost:/home/orangepi/Desktop/SparkCar_ROS2_WS/SparkCar_Tools/install/sm_common:/home/orangepi/Desktop/SparkCar_ROS2_WS/SparkCar_Tools/install/python_module:/home/orangepi/Desktop/SparkCar_ROS2_WS/SparkCar_Tools/install/numpy_eigen:/home/orangepi/Desktop/SparkCar_ROS2_WS/SparkCar_Tools/install/ethz_apriltag2:/home/orangepi/Desktop/SparkCar_ROS2_WS/SparkCar_Tools/install/aslam_time:/opt/ros/humble PATH=/home/orangepi/Desktop/SparkCar_ROS2_WS/SparkCar_Perception/install/camera_models/bin:/home/orangepi/Desktop/SparkCar_ROS2_WS/SparkCar_Perception/install/global_fusion/bin:/home/orangepi/.local/bin:/home/orangepi/.local/bin:/home/orangepi/.vscode-server/data/User/globalStorage/github.copilot-chat/debugCommand:/home/orangepi/.vscode-server/data/User/globalStorage/github.copilot-chat/copilotCli:/home/orangepi/.vscode-server/cli/servers/Stable-7e7950df89d055b5a378379db9ee14290772148a/server/bin/remote-cli:/home/orangepi/.local/bin:/home/orangepi/.local/bin:/home/orangepi/.local/bin:/opt/ros/humble/bin:/home/orangepi/.local/bin:/usr/local/sbin:/usr/local/bin:/usr/sbin:/usr/bin:/sbin:/bin:/usr/games:/usr/local/games:/snap/bin /usr/bin/cmake /home/orangepi/Desktop/SparkCar_ROS2_WS/SparkCar_Perception/src/VINS-Fusion-ROS2/vins -DCMAKE_INSTALL_PREFIX=/home/orangepi/Desktop/SparkCar_ROS2_WS/SparkCar_Perception/install/vins
[2.548s] DEBUG:colcon.colcon_core.event_handler.log_command:Invoking command in '/home/orangepi/Desktop/SparkCar_ROS2_WS/SparkCar_Perception/build/vins': CMAKE_PREFIX_PATH=/home/orangepi/Desktop/SparkCar_ROS2_WS/SparkCar_Perception/install/camera_models:/home/orangepi/Desktop/SparkCar_ROS2_WS/SparkCar_Perception/install/vins:/home/orangepi/Desktop/SparkCar_ROS2_WS/SparkCar_Perception/install/realsense2_camera:/home/orangepi/Desktop/SparkCar_ROS2_WS/SparkCar_Perception/install/loop_fusion:/home/orangepi/Desktop/SparkCar_ROS2_WS/SparkCar_Perception/install/global_fusion:/home/orangepi/.local/ceres-2.1:/home/orangepi/Desktop/SparkCar_ROS2_WS/SparkCar_Perception/install/realsense2_description:/home/orangepi/Desktop/SparkCar_ROS2_WS/SparkCar_Perception/install/realsense2_camera_msgs:/home/orangepi/Desktop/SparkCar_ROS2_WS/SparkCar_Controller/install/target_follower:/home/orangepi/Desktop/SparkCar_ROS2_WS/SparkCar_Tools/install/kalibr:/home/orangepi/Desktop/SparkCar_ROS2_WS/SparkCar_Tools/install/incremental_calibration_python:/home/orangepi/Desktop/SparkCar_ROS2_WS/SparkCar_Tools/install/incremental_calibration:/home/orangepi/Desktop/SparkCar_ROS2_WS/SparkCar_Tools/install/aslam_splines_python:/home/orangepi/Desktop/SparkCar_ROS2_WS/SparkCar_Tools/install/bsplines_python:/home/orangepi/Desktop/SparkCar_ROS2_WS/SparkCar_Tools/install/aslam_cv_backend_python:/home/orangepi/Desktop/SparkCar_ROS2_WS/SparkCar_Tools/install/aslam_cv_python:/home/orangepi/Desktop/SparkCar_ROS2_WS/SparkCar_Tools/install/aslam_cv_error_terms:/home/orangepi/Desktop/SparkCar_ROS2_WS/SparkCar_Tools/install/aslam_cv_backend:/home/orangepi/Desktop/SparkCar_ROS2_WS/SparkCar_Tools/install/aslam_splines:/home/orangepi/Desktop/SparkCar_ROS2_WS/SparkCar_Tools/install/bsplines:/home/orangepi/Desktop/SparkCar_ROS2_WS/SparkCar_Tools/install/aslam_backend_python:/home/orangepi/Desktop/SparkCar_ROS2_WS/SparkCar_Tools/install/aslam_backend_expressions:/home/orangepi/Desktop/SparkCar_ROS2_WS/SparkCar_Tools/install/aslam_backend:/home/orangepi/Desktop/SparkCar_ROS2_WS/SparkCar_Tools/install/sparse_block_matrix:/home/orangepi/Desktop/SparkCar_ROS2_WS/SparkCar_Tools/install/aslam_cameras_april:/home/orangepi/Desktop/SparkCar_ROS2_WS/SparkCar_Tools/install/sm_python:/home/orangepi/Desktop/SparkCar_ROS2_WS/SparkCar_Tools/install/sm_timing:/home/orangepi/Desktop/SparkCar_ROS2_WS/SparkCar_Tools/install/aslam_imgproc:/home/orangepi/Desktop/SparkCar_ROS2_WS/SparkCar_Tools/install/aslam_cv_serialization:/home/orangepi/Desktop/SparkCar_ROS2_WS/SparkCar_Tools/install/aslam_cameras:/home/orangepi/Desktop/SparkCar_ROS2_WS/SparkCar_Tools/install/sm_kinematics:/home/orangepi/Desktop/SparkCar_ROS2_WS/SparkCar_Tools/install/sm_eigen:/home/orangepi/Desktop/SparkCar_ROS2_WS/SparkCar_Tools/install/sm_random:/home/orangepi/Desktop/SparkCar_ROS2_WS/SparkCar_Tools/install/sm_property_tree:/home/orangepi/Desktop/SparkCar_ROS2_WS/SparkCar_Tools/install/sm_opencv:/home/orangepi/Desktop/SparkCar_ROS2_WS/SparkCar_Tools/install/sm_matrix_archive:/home/orangepi/Desktop/SparkCar_ROS2_WS/SparkCar_Tools/install/sm_logging:/home/orangepi/Desktop/SparkCar_ROS2_WS/SparkCar_Tools/install/sm_boost:/home/orangepi/Desktop/SparkCar_ROS2_WS/SparkCar_Tools/install/sm_common:/home/orangepi/Desktop/SparkCar_ROS2_WS/SparkCar_Tools/install/python_module:/home/orangepi/Desktop/SparkCar_ROS2_WS/SparkCar_Tools/install/numpy_eigen:/home/orangepi/Desktop/SparkCar_ROS2_WS/SparkCar_Tools/install/ethz_apriltag2:/home/orangepi/Desktop/SparkCar_ROS2_WS/SparkCar_Tools/install/aslam_time:/opt/ros/humble PATH=/home/orangepi/Desktop/SparkCar_ROS2_WS/SparkCar_Perception/install/camera_models/bin:/home/orangepi/Desktop/SparkCar_ROS2_WS/SparkCar_Perception/install/global_fusion/bin:/home/orangepi/.local/bin:/home/orangepi/.local/bin:/home/orangepi/.vscode-server/data/User/globalStorage/github.copilot-chat/debugCommand:/home/orangepi/.vscode-server/data/User/globalStorage/github.copilot-chat/copilotCli:/home/orangepi/.vscode-server/cli/servers/Stable-7e7950df89d055b5a378379db9ee14290772148a/server/bin/remote-cli:/home/orangepi/.local/bin:/home/orangepi/.local/bin:/home/orangepi/.local/bin:/opt/ros/humble/bin:/home/orangepi/.local/bin:/usr/local/sbin:/usr/local/bin:/usr/sbin:/usr/bin:/sbin:/bin:/usr/games:/usr/local/games:/snap/bin /usr/bin/cmake --build /home/orangepi/Desktop/SparkCar_ROS2_WS/SparkCar_Perception/build/vins -- -j8 -l8
[2.984s] DEBUG:colcon.colcon_core.event_handler.log_command:Invoked command in '/home/orangepi/Desktop/SparkCar_ROS2_WS/SparkCar_Perception/build/vins' returned '0': CMAKE_PREFIX_PATH=/home/orangepi/Desktop/SparkCar_ROS2_WS/SparkCar_Perception/install/camera_models:/home/orangepi/Desktop/SparkCar_ROS2_WS/SparkCar_Perception/install/vins:/home/orangepi/Desktop/SparkCar_ROS2_WS/SparkCar_Perception/install/realsense2_camera:/home/orangepi/Desktop/SparkCar_ROS2_WS/SparkCar_Perception/install/loop_fusion:/home/orangepi/Desktop/SparkCar_ROS2_WS/SparkCar_Perception/install/global_fusion:/home/orangepi/.local/ceres-2.1:/home/orangepi/Desktop/SparkCar_ROS2_WS/SparkCar_Perception/install/realsense2_description:/home/orangepi/Desktop/SparkCar_ROS2_WS/SparkCar_Perception/install/realsense2_camera_msgs:/home/orangepi/Desktop/SparkCar_ROS2_WS/SparkCar_Controller/install/target_follower:/home/orangepi/Desktop/SparkCar_ROS2_WS/SparkCar_Tools/install/kalibr:/home/orangepi/Desktop/SparkCar_ROS2_WS/SparkCar_Tools/install/incremental_calibration_python:/home/orangepi/Desktop/SparkCar_ROS2_WS/SparkCar_Tools/install/incremental_calibration:/home/orangepi/Desktop/SparkCar_ROS2_WS/SparkCar_Tools/install/aslam_splines_python:/home/orangepi/Desktop/SparkCar_ROS2_WS/SparkCar_Tools/install/bsplines_python:/home/orangepi/Desktop/SparkCar_ROS2_WS/SparkCar_Tools/install/aslam_cv_backend_python:/home/orangepi/Desktop/SparkCar_ROS2_WS/SparkCar_Tools/install/aslam_cv_python:/home/orangepi/Desktop/SparkCar_ROS2_WS/SparkCar_Tools/install/aslam_cv_error_terms:/home/orangepi/Desktop/SparkCar_ROS2_WS/SparkCar_Tools/install/aslam_cv_backend:/home/orangepi/Desktop/SparkCar_ROS2_WS/SparkCar_Tools/install/aslam_splines:/home/orangepi/Desktop/SparkCar_ROS2_WS/SparkCar_Tools/install/bsplines:/home/orangepi/Desktop/SparkCar_ROS2_WS/SparkCar_Tools/install/aslam_backend_python:/home/orangepi/Desktop/SparkCar_ROS2_WS/SparkCar_Tools/install/aslam_backend_expressions:/home/orangepi/Desktop/SparkCar_ROS2_WS/SparkCar_Tools/install/aslam_backend:/home/orangepi/Desktop/SparkCar_ROS2_WS/SparkCar_Tools/install/sparse_block_matrix:/home/orangepi/Desktop/SparkCar_ROS2_WS/SparkCar_Tools/install/aslam_cameras_april:/home/orangepi/Desktop/SparkCar_ROS2_WS/SparkCar_Tools/install/sm_python:/home/orangepi/Desktop/SparkCar_ROS2_WS/SparkCar_Tools/install/sm_timing:/home/orangepi/Desktop/SparkCar_ROS2_WS/SparkCar_Tools/install/aslam_imgproc:/home/orangepi/Desktop/SparkCar_ROS2_WS/SparkCar_Tools/install/aslam_cv_serialization:/home/orangepi/Desktop/SparkCar_ROS2_WS/SparkCar_Tools/install/aslam_cameras:/home/orangepi/Desktop/SparkCar_ROS2_WS/SparkCar_Tools/install/sm_kinematics:/home/orangepi/Desktop/SparkCar_ROS2_WS/SparkCar_Tools/install/sm_eigen:/home/orangepi/Desktop/SparkCar_ROS2_WS/SparkCar_Tools/install/sm_random:/home/orangepi/Desktop/SparkCar_ROS2_WS/SparkCar_Tools/install/sm_property_tree:/home/orangepi/Desktop/SparkCar_ROS2_WS/SparkCar_Tools/install/sm_opencv:/home/orangepi/Desktop/SparkCar_ROS2_WS/SparkCar_Tools/install/sm_matrix_archive:/home/orangepi/Desktop/SparkCar_ROS2_WS/SparkCar_Tools/install/sm_logging:/home/orangepi/Desktop/SparkCar_ROS2_WS/SparkCar_Tools/install/sm_boost:/home/orangepi/Desktop/SparkCar_ROS2_WS/SparkCar_Tools/install/sm_common:/home/orangepi/Desktop/SparkCar_ROS2_WS/SparkCar_Tools/install/python_module:/home/orangepi/Desktop/SparkCar_ROS2_WS/SparkCar_Tools/install/numpy_eigen:/home/orangepi/Desktop/SparkCar_ROS2_WS/SparkCar_Tools/install/ethz_apriltag2:/home/orangepi/Desktop/SparkCar_ROS2_WS/SparkCar_Tools/install/aslam_time:/opt/ros/humble PATH=/home/orangepi/Desktop/SparkCar_ROS2_WS/SparkCar_Perception/install/camera_models/bin:/home/orangepi/Desktop/SparkCar_ROS2_WS/SparkCar_Perception/install/global_fusion/bin:/home/orangepi/.local/bin:/home/orangepi/.local/bin:/home/orangepi/.vscode-server/data/User/globalStorage/github.copilot-chat/debugCommand:/home/orangepi/.vscode-server/data/User/globalStorage/github.copilot-chat/copilotCli:/home/orangepi/.vscode-server/cli/servers/Stable-7e7950df89d055b5a378379db9ee14290772148a/server/bin/remote-cli:/home/orangepi/.local/bin:/home/orangepi/.local/bin:/home/orangepi/.local/bin:/opt/ros/humble/bin:/home/orangepi/.local/bin:/usr/local/sbin:/usr/local/bin:/usr/sbin:/usr/bin:/sbin:/bin:/usr/games:/usr/local/games:/snap/bin /usr/bin/cmake --build /home/orangepi/Desktop/SparkCar_ROS2_WS/SparkCar_Perception/build/vins -- -j8 -l8
[2.988s] DEBUG:colcon.colcon_core.event_handler.log_command:Invoking command in '/home/orangepi/Desktop/SparkCar_ROS2_WS/SparkCar_Perception/build/vins': CMAKE_PREFIX_PATH=/home/orangepi/Desktop/SparkCar_ROS2_WS/SparkCar_Perception/install/camera_models:/home/orangepi/Desktop/SparkCar_ROS2_WS/SparkCar_Perception/install/vins:/home/orangepi/Desktop/SparkCar_ROS2_WS/SparkCar_Perception/install/realsense2_camera:/home/orangepi/Desktop/SparkCar_ROS2_WS/SparkCar_Perception/install/loop_fusion:/home/orangepi/Desktop/SparkCar_ROS2_WS/SparkCar_Perception/install/global_fusion:/home/orangepi/.local/ceres-2.1:/home/orangepi/Desktop/SparkCar_ROS2_WS/SparkCar_Perception/install/realsense2_description:/home/orangepi/Desktop/SparkCar_ROS2_WS/SparkCar_Perception/install/realsense2_camera_msgs:/home/orangepi/Desktop/SparkCar_ROS2_WS/SparkCar_Controller/install/target_follower:/home/orangepi/Desktop/SparkCar_ROS2_WS/SparkCar_Tools/install/kalibr:/home/orangepi/Desktop/SparkCar_ROS2_WS/SparkCar_Tools/install/incremental_calibration_python:/home/orangepi/Desktop/SparkCar_ROS2_WS/SparkCar_Tools/install/incremental_calibration:/home/orangepi/Desktop/SparkCar_ROS2_WS/SparkCar_Tools/install/aslam_splines_python:/home/orangepi/Desktop/SparkCar_ROS2_WS/SparkCar_Tools/install/bsplines_python:/home/orangepi/Desktop/SparkCar_ROS2_WS/SparkCar_Tools/install/aslam_cv_backend_python:/home/orangepi/Desktop/SparkCar_ROS2_WS/SparkCar_Tools/install/aslam_cv_python:/home/orangepi/Desktop/SparkCar_ROS2_WS/SparkCar_Tools/install/aslam_cv_error_terms:/home/orangepi/Desktop/SparkCar_ROS2_WS/SparkCar_Tools/install/aslam_cv_backend:/home/orangepi/Desktop/SparkCar_ROS2_WS/SparkCar_Tools/install/aslam_splines:/home/orangepi/Desktop/SparkCar_ROS2_WS/SparkCar_Tools/install/bsplines:/home/orangepi/Desktop/SparkCar_ROS2_WS/SparkCar_Tools/install/aslam_backend_python:/home/orangepi/Desktop/SparkCar_ROS2_WS/SparkCar_Tools/install/aslam_backend_expressions:/home/orangepi/Desktop/SparkCar_ROS2_WS/SparkCar_Tools/install/aslam_backend:/home/orangepi/Desktop/SparkCar_ROS2_WS/SparkCar_Tools/install/sparse_block_matrix:/home/orangepi/Desktop/SparkCar_ROS2_WS/SparkCar_Tools/install/aslam_cameras_april:/home/orangepi/Desktop/SparkCar_ROS2_WS/SparkCar_Tools/install/sm_python:/home/orangepi/Desktop/SparkCar_ROS2_WS/SparkCar_Tools/install/sm_timing:/home/orangepi/Desktop/SparkCar_ROS2_WS/SparkCar_Tools/install/aslam_imgproc:/home/orangepi/Desktop/SparkCar_ROS2_WS/SparkCar_Tools/install/aslam_cv_serialization:/home/orangepi/Desktop/SparkCar_ROS2_WS/SparkCar_Tools/install/aslam_cameras:/home/orangepi/Desktop/SparkCar_ROS2_WS/SparkCar_Tools/install/sm_kinematics:/home/orangepi/Desktop/SparkCar_ROS2_WS/SparkCar_Tools/install/sm_eigen:/home/orangepi/Desktop/SparkCar_ROS2_WS/SparkCar_Tools/install/sm_random:/home/orangepi/Desktop/SparkCar_ROS2_WS/SparkCar_Tools/install/sm_property_tree:/home/orangepi/Desktop/SparkCar_ROS2_WS/SparkCar_Tools/install/sm_opencv:/home/orangepi/Desktop/SparkCar_ROS2_WS/SparkCar_Tools/install/sm_matrix_archive:/home/orangepi/Desktop/SparkCar_ROS2_WS/SparkCar_Tools/install/sm_logging:/home/orangepi/Desktop/SparkCar_ROS2_WS/SparkCar_Tools/install/sm_boost:/home/orangepi/Desktop/SparkCar_ROS2_WS/SparkCar_Tools/install/sm_common:/home/orangepi/Desktop/SparkCar_ROS2_WS/SparkCar_Tools/install/python_module:/home/orangepi/Desktop/SparkCar_ROS2_WS/SparkCar_Tools/install/numpy_eigen:/home/orangepi/Desktop/SparkCar_ROS2_WS/SparkCar_Tools/install/ethz_apriltag2:/home/orangepi/Desktop/SparkCar_ROS2_WS/SparkCar_Tools/install/aslam_time:/opt/ros/humble PATH=/home/orangepi/Desktop/SparkCar_ROS2_WS/SparkCar_Perception/install/camera_models/bin:/home/orangepi/Desktop/SparkCar_ROS2_WS/SparkCar_Perception/install/global_fusion/bin:/home/orangepi/.local/bin:/home/orangepi/.local/bin:/home/orangepi/.vscode-server/data/User/globalStorage/github.copilot-chat/debugCommand:/home/orangepi/.vscode-server/data/User/globalStorage/github.copilot-chat/copilotCli:/home/orangepi/.vscode-server/cli/servers/Stable-7e7950df89d055b5a378379db9ee14290772148a/server/bin/remote-cli:/home/orangepi/.local/bin:/home/orangepi/.local/bin:/home/orangepi/.local/bin:/opt/ros/humble/bin:/home/orangepi/.local/bin:/usr/local/sbin:/usr/local/bin:/usr/sbin:/usr/bin:/sbin:/bin:/usr/games:/usr/local/games:/snap/bin /usr/bin/cmake --install /home/orangepi/Desktop/SparkCar_ROS2_WS/SparkCar_Perception/build/vins
[3.174s] Level 1:colcon.colcon_core.environment:create_environment_scripts_only(vins)
[3.175s] Level 1:colcon.colcon_core.environment:checking '/home/orangepi/Desktop/SparkCar_ROS2_WS/SparkCar_Perception/install/vins' for CMake module files
[3.177s] DEBUG:colcon.colcon_core.event_handler.log_command:Invoked command in '/home/orangepi/Desktop/SparkCar_ROS2_WS/SparkCar_Perception/build/vins' returned '0': CMAKE_PREFIX_PATH=/home/orangepi/Desktop/SparkCar_ROS2_WS/SparkCar_Perception/install/camera_models:/home/orangepi/Desktop/SparkCar_ROS2_WS/SparkCar_Perception/install/vins:/home/orangepi/Desktop/SparkCar_ROS2_WS/SparkCar_Perception/install/realsense2_camera:/home/orangepi/Desktop/SparkCar_ROS2_WS/SparkCar_Perception/install/loop_fusion:/home/orangepi/Desktop/SparkCar_ROS2_WS/SparkCar_Perception/install/global_fusion:/home/orangepi/.local/ceres-2.1:/home/orangepi/Desktop/SparkCar_ROS2_WS/SparkCar_Perception/install/realsense2_description:/home/orangepi/Desktop/SparkCar_ROS2_WS/SparkCar_Perception/install/realsense2_camera_msgs:/home/orangepi/Desktop/SparkCar_ROS2_WS/SparkCar_Controller/install/target_follower:/home/orangepi/Desktop/SparkCar_ROS2_WS/SparkCar_Tools/install/kalibr:/home/orangepi/Desktop/SparkCar_ROS2_WS/SparkCar_Tools/install/incremental_calibration_python:/home/orangepi/Desktop/SparkCar_ROS2_WS/SparkCar_Tools/install/incremental_calibration:/home/orangepi/Desktop/SparkCar_ROS2_WS/SparkCar_Tools/install/aslam_splines_python:/home/orangepi/Desktop/SparkCar_ROS2_WS/SparkCar_Tools/install/bsplines_python:/home/orangepi/Desktop/SparkCar_ROS2_WS/SparkCar_Tools/install/aslam_cv_backend_python:/home/orangepi/Desktop/SparkCar_ROS2_WS/SparkCar_Tools/install/aslam_cv_python:/home/orangepi/Desktop/SparkCar_ROS2_WS/SparkCar_Tools/install/aslam_cv_error_terms:/home/orangepi/Desktop/SparkCar_ROS2_WS/SparkCar_Tools/install/aslam_cv_backend:/home/orangepi/Desktop/SparkCar_ROS2_WS/SparkCar_Tools/install/aslam_splines:/home/orangepi/Desktop/SparkCar_ROS2_WS/SparkCar_Tools/install/bsplines:/home/orangepi/Desktop/SparkCar_ROS2_WS/SparkCar_Tools/install/aslam_backend_python:/home/orangepi/Desktop/SparkCar_ROS2_WS/SparkCar_Tools/install/aslam_backend_expressions:/home/orangepi/Desktop/SparkCar_ROS2_WS/SparkCar_Tools/install/aslam_backend:/home/orangepi/Desktop/SparkCar_ROS2_WS/SparkCar_Tools/install/sparse_block_matrix:/home/orangepi/Desktop/SparkCar_ROS2_WS/SparkCar_Tools/install/aslam_cameras_april:/home/orangepi/Desktop/SparkCar_ROS2_WS/SparkCar_Tools/install/sm_python:/home/orangepi/Desktop/SparkCar_ROS2_WS/SparkCar_Tools/install/sm_timing:/home/orangepi/Desktop/SparkCar_ROS2_WS/SparkCar_Tools/install/aslam_imgproc:/home/orangepi/Desktop/SparkCar_ROS2_WS/SparkCar_Tools/install/aslam_cv_serialization:/home/orangepi/Desktop/SparkCar_ROS2_WS/SparkCar_Tools/install/aslam_cameras:/home/orangepi/Desktop/SparkCar_ROS2_WS/SparkCar_Tools/install/sm_kinematics:/home/orangepi/Desktop/SparkCar_ROS2_WS/SparkCar_Tools/install/sm_eigen:/home/orangepi/Desktop/SparkCar_ROS2_WS/SparkCar_Tools/install/sm_random:/home/orangepi/Desktop/SparkCar_ROS2_WS/SparkCar_Tools/install/sm_property_tree:/home/orangepi/Desktop/SparkCar_ROS2_WS/SparkCar_Tools/install/sm_opencv:/home/orangepi/Desktop/SparkCar_ROS2_WS/SparkCar_Tools/install/sm_matrix_archive:/home/orangepi/Desktop/SparkCar_ROS2_WS/SparkCar_Tools/install/sm_logging:/home/orangepi/Desktop/SparkCar_ROS2_WS/SparkCar_Tools/install/sm_boost:/home/orangepi/Desktop/SparkCar_ROS2_WS/SparkCar_Tools/install/sm_common:/home/orangepi/Desktop/SparkCar_ROS2_WS/SparkCar_Tools/install/python_module:/home/orangepi/Desktop/SparkCar_ROS2_WS/SparkCar_Tools/install/numpy_eigen:/home/orangepi/Desktop/SparkCar_ROS2_WS/SparkCar_Tools/install/ethz_apriltag2:/home/orangepi/Desktop/SparkCar_ROS2_WS/SparkCar_Tools/install/aslam_time:/opt/ros/humble PATH=/home/orangepi/Desktop/SparkCar_ROS2_WS/SparkCar_Perception/install/camera_models/bin:/home/orangepi/Desktop/SparkCar_ROS2_WS/SparkCar_Perception/install/global_fusion/bin:/home/orangepi/.local/bin:/home/orangepi/.local/bin:/home/orangepi/.vscode-server/data/User/globalStorage/github.copilot-chat/debugCommand:/home/orangepi/.vscode-server/data/User/globalStorage/github.copilot-chat/copilotCli:/home/orangepi/.vscode-server/cli/servers/Stable-7e7950df89d055b5a378379db9ee14290772148a/server/bin/remote-cli:/home/orangepi/.local/bin:/home/orangepi/.local/bin:/home/orangepi/.local/bin:/opt/ros/humble/bin:/home/orangepi/.local/bin:/usr/local/sbin:/usr/local/bin:/usr/sbin:/usr/bin:/sbin:/bin:/usr/games:/usr/local/games:/snap/bin /usr/bin/cmake --install /home/orangepi/Desktop/SparkCar_ROS2_WS/SparkCar_Perception/build/vins
[3.177s] Level 1:colcon.colcon_core.environment:checking '/home/orangepi/Desktop/SparkCar_ROS2_WS/SparkCar_Perception/install/vins' for CMake config files
[3.178s] Level 1:colcon.colcon_core.shell:create_environment_hook('vins', 'cmake_prefix_path')
[3.178s] INFO:colcon.colcon_core.shell:Creating environment hook '/home/orangepi/Desktop/SparkCar_ROS2_WS/SparkCar_Perception/install/vins/share/vins/hook/cmake_prefix_path.ps1'
[3.179s] INFO:colcon.colcon_core.shell:Creating environment descriptor '/home/orangepi/Desktop/SparkCar_ROS2_WS/SparkCar_Perception/install/vins/share/vins/hook/cmake_prefix_path.dsv'
[3.181s] INFO:colcon.colcon_core.shell:Creating environment hook '/home/orangepi/Desktop/SparkCar_ROS2_WS/SparkCar_Perception/install/vins/share/vins/hook/cmake_prefix_path.sh'
[3.182s] Level 1:colcon.colcon_core.environment:checking '/home/orangepi/Desktop/SparkCar_ROS2_WS/SparkCar_Perception/install/vins/lib'
[3.182s] Level 1:colcon.colcon_core.environment:checking '/home/orangepi/Desktop/SparkCar_ROS2_WS/SparkCar_Perception/install/vins/bin'
[3.182s] Level 1:colcon.colcon_core.environment:checking '/home/orangepi/Desktop/SparkCar_ROS2_WS/SparkCar_Perception/install/vins/lib/pkgconfig/vins.pc'
[3.183s] Level 1:colcon.colcon_core.environment:checking '/home/orangepi/Desktop/SparkCar_ROS2_WS/SparkCar_Perception/install/vins/lib/python3.10/site-packages'
[3.184s] Level 1:colcon.colcon_core.environment:checking '/home/orangepi/Desktop/SparkCar_ROS2_WS/SparkCar_Perception/install/vins/bin'
[3.184s] INFO:colcon.colcon_core.shell:Creating package script '/home/orangepi/Desktop/SparkCar_ROS2_WS/SparkCar_Perception/install/vins/share/vins/package.ps1'
[3.185s] INFO:colcon.colcon_core.shell:Creating package descriptor '/home/orangepi/Desktop/SparkCar_ROS2_WS/SparkCar_Perception/install/vins/share/vins/package.dsv'
[3.186s] INFO:colcon.colcon_core.shell:Creating package script '/home/orangepi/Desktop/SparkCar_ROS2_WS/SparkCar_Perception/install/vins/share/vins/package.sh'
[3.187s] INFO:colcon.colcon_core.shell:Creating package script '/home/orangepi/Desktop/SparkCar_ROS2_WS/SparkCar_Perception/install/vins/share/vins/package.bash'
[3.187s] INFO:colcon.colcon_core.shell:Creating package script '/home/orangepi/Desktop/SparkCar_ROS2_WS/SparkCar_Perception/install/vins/share/vins/package.zsh'
[3.188s] Level 1:colcon.colcon_core.environment:create_file_with_runtime_dependencies(/home/orangepi/Desktop/SparkCar_ROS2_WS/SparkCar_Perception/install/vins/share/colcon-core/packages/vins)
[3.189s] Level 1:colcon.colcon_core.environment:create_environment_scripts_only(vins)
[3.189s] Level 1:colcon.colcon_core.environment:checking '/home/orangepi/Desktop/SparkCar_ROS2_WS/SparkCar_Perception/install/vins' for CMake module files
[3.190s] Level 1:colcon.colcon_core.environment:checking '/home/orangepi/Desktop/SparkCar_ROS2_WS/SparkCar_Perception/install/vins' for CMake config files
[3.190s] Level 1:colcon.colcon_core.shell:create_environment_hook('vins', 'cmake_prefix_path')
[3.191s] INFO:colcon.colcon_core.shell:Creating environment hook '/home/orangepi/Desktop/SparkCar_ROS2_WS/SparkCar_Perception/install/vins/share/vins/hook/cmake_prefix_path.ps1'
[3.192s] INFO:colcon.colcon_core.shell:Creating environment descriptor '/home/orangepi/Desktop/SparkCar_ROS2_WS/SparkCar_Perception/install/vins/share/vins/hook/cmake_prefix_path.dsv'
[3.192s] INFO:colcon.colcon_core.shell:Creating environment hook '/home/orangepi/Desktop/SparkCar_ROS2_WS/SparkCar_Perception/install/vins/share/vins/hook/cmake_prefix_path.sh'
[3.193s] Level 1:colcon.colcon_core.environment:checking '/home/orangepi/Desktop/SparkCar_ROS2_WS/SparkCar_Perception/install/vins/lib'
[3.193s] Level 1:colcon.colcon_core.environment:checking '/home/orangepi/Desktop/SparkCar_ROS2_WS/SparkCar_Perception/install/vins/bin'
[3.193s] Level 1:colcon.colcon_core.environment:checking '/home/orangepi/Desktop/SparkCar_ROS2_WS/SparkCar_Perception/install/vins/lib/pkgconfig/vins.pc'
[3.194s] Level 1:colcon.colcon_core.environment:checking '/home/orangepi/Desktop/SparkCar_ROS2_WS/SparkCar_Perception/install/vins/lib/python3.10/site-packages'
[3.194s] Level 1:colcon.colcon_core.environment:checking '/home/orangepi/Desktop/SparkCar_ROS2_WS/SparkCar_Perception/install/vins/bin'
[3.195s] INFO:colcon.colcon_core.shell:Creating package script '/home/orangepi/Desktop/SparkCar_ROS2_WS/SparkCar_Perception/install/vins/share/vins/package.ps1'
[3.196s] INFO:colcon.colcon_core.shell:Creating package descriptor '/home/orangepi/Desktop/SparkCar_ROS2_WS/SparkCar_Perception/install/vins/share/vins/package.dsv'
[3.196s] INFO:colcon.colcon_core.shell:Creating package script '/home/orangepi/Desktop/SparkCar_ROS2_WS/SparkCar_Perception/install/vins/share/vins/package.sh'
[3.197s] INFO:colcon.colcon_core.shell:Creating package script '/home/orangepi/Desktop/SparkCar_ROS2_WS/SparkCar_Perception/install/vins/share/vins/package.bash'
[3.198s] INFO:colcon.colcon_core.shell:Creating package script '/home/orangepi/Desktop/SparkCar_ROS2_WS/SparkCar_Perception/install/vins/share/vins/package.zsh'
[3.198s] Level 1:colcon.colcon_core.environment:create_file_with_runtime_dependencies(/home/orangepi/Desktop/SparkCar_ROS2_WS/SparkCar_Perception/install/vins/share/colcon-core/packages/vins)
[13.285s] DEBUG:colcon.colcon_core.event_handler.log_command:Invoked command in '/home/orangepi/Desktop/SparkCar_ROS2_WS/SparkCar_Perception/build/loop_fusion' returned '2': CMAKE_PREFIX_PATH=/home/orangepi/Desktop/SparkCar_ROS2_WS/SparkCar_Perception/install/camera_models:/home/orangepi/Desktop/SparkCar_ROS2_WS/SparkCar_Perception/install/vins:/home/orangepi/Desktop/SparkCar_ROS2_WS/SparkCar_Perception/install/realsense2_camera:/home/orangepi/Desktop/SparkCar_ROS2_WS/SparkCar_Perception/install/loop_fusion:/home/orangepi/Desktop/SparkCar_ROS2_WS/SparkCar_Perception/install/global_fusion:/home/orangepi/.local/ceres-2.1:/home/orangepi/Desktop/SparkCar_ROS2_WS/SparkCar_Perception/install/realsense2_description:/home/orangepi/Desktop/SparkCar_ROS2_WS/SparkCar_Perception/install/realsense2_camera_msgs:/home/orangepi/Desktop/SparkCar_ROS2_WS/SparkCar_Controller/install/target_follower:/home/orangepi/Desktop/SparkCar_ROS2_WS/SparkCar_Tools/install/kalibr:/home/orangepi/Desktop/SparkCar_ROS2_WS/SparkCar_Tools/install/incremental_calibration_python:/home/orangepi/Desktop/SparkCar_ROS2_WS/SparkCar_Tools/install/incremental_calibration:/home/orangepi/Desktop/SparkCar_ROS2_WS/SparkCar_Tools/install/aslam_splines_python:/home/orangepi/Desktop/SparkCar_ROS2_WS/SparkCar_Tools/install/bsplines_python:/home/orangepi/Desktop/SparkCar_ROS2_WS/SparkCar_Tools/install/aslam_cv_backend_python:/home/orangepi/Desktop/SparkCar_ROS2_WS/SparkCar_Tools/install/aslam_cv_python:/home/orangepi/Desktop/SparkCar_ROS2_WS/SparkCar_Tools/install/aslam_cv_error_terms:/home/orangepi/Desktop/SparkCar_ROS2_WS/SparkCar_Tools/install/aslam_cv_backend:/home/orangepi/Desktop/SparkCar_ROS2_WS/SparkCar_Tools/install/aslam_splines:/home/orangepi/Desktop/SparkCar_ROS2_WS/SparkCar_Tools/install/bsplines:/home/orangepi/Desktop/SparkCar_ROS2_WS/SparkCar_Tools/install/aslam_backend_python:/home/orangepi/Desktop/SparkCar_ROS2_WS/SparkCar_Tools/install/aslam_backend_expressions:/home/orangepi/Desktop/SparkCar_ROS2_WS/SparkCar_Tools/install/aslam_backend:/home/orangepi/Desktop/SparkCar_ROS2_WS/SparkCar_Tools/install/sparse_block_matrix:/home/orangepi/Desktop/SparkCar_ROS2_WS/SparkCar_Tools/install/aslam_cameras_april:/home/orangepi/Desktop/SparkCar_ROS2_WS/SparkCar_Tools/install/sm_python:/home/orangepi/Desktop/SparkCar_ROS2_WS/SparkCar_Tools/install/sm_timing:/home/orangepi/Desktop/SparkCar_ROS2_WS/SparkCar_Tools/install/aslam_imgproc:/home/orangepi/Desktop/SparkCar_ROS2_WS/SparkCar_Tools/install/aslam_cv_serialization:/home/orangepi/Desktop/SparkCar_ROS2_WS/SparkCar_Tools/install/aslam_cameras:/home/orangepi/Desktop/SparkCar_ROS2_WS/SparkCar_Tools/install/sm_kinematics:/home/orangepi/Desktop/SparkCar_ROS2_WS/SparkCar_Tools/install/sm_eigen:/home/orangepi/Desktop/SparkCar_ROS2_WS/SparkCar_Tools/install/sm_random:/home/orangepi/Desktop/SparkCar_ROS2_WS/SparkCar_Tools/install/sm_property_tree:/home/orangepi/Desktop/SparkCar_ROS2_WS/SparkCar_Tools/install/sm_opencv:/home/orangepi/Desktop/SparkCar_ROS2_WS/SparkCar_Tools/install/sm_matrix_archive:/home/orangepi/Desktop/SparkCar_ROS2_WS/SparkCar_Tools/install/sm_logging:/home/orangepi/Desktop/SparkCar_ROS2_WS/SparkCar_Tools/install/sm_boost:/home/orangepi/Desktop/SparkCar_ROS2_WS/SparkCar_Tools/install/sm_common:/home/orangepi/Desktop/SparkCar_ROS2_WS/SparkCar_Tools/install/python_module:/home/orangepi/Desktop/SparkCar_ROS2_WS/SparkCar_Tools/install/numpy_eigen:/home/orangepi/Desktop/SparkCar_ROS2_WS/SparkCar_Tools/install/ethz_apriltag2:/home/orangepi/Desktop/SparkCar_ROS2_WS/SparkCar_Tools/install/aslam_time:/opt/ros/humble PATH=/home/orangepi/Desktop/SparkCar_ROS2_WS/SparkCar_Perception/install/camera_models/bin:/home/orangepi/Desktop/SparkCar_ROS2_WS/SparkCar_Perception/install/global_fusion/bin:/home/orangepi/.local/bin:/home/orangepi/.local/bin:/home/orangepi/.vscode-server/data/User/globalStorage/github.copilot-chat/debugCommand:/home/orangepi/.vscode-server/data/User/globalStorage/github.copilot-chat/copilotCli:/home/orangepi/.vscode-server/cli/servers/Stable-7e7950df89d055b5a378379db9ee14290772148a/server/bin/remote-cli:/home/orangepi/.local/bin:/home/orangepi/.local/bin:/home/orangepi/.local/bin:/opt/ros/humble/bin:/home/orangepi/.local/bin:/usr/local/sbin:/usr/local/bin:/usr/sbin:/usr/bin:/sbin:/bin:/usr/games:/usr/local/games:/snap/bin /usr/bin/cmake --build /home/orangepi/Desktop/SparkCar_ROS2_WS/SparkCar_Perception/build/loop_fusion -- -j8 -l8
[13.287s] Level 1:colcon.colcon_core.environment:create_environment_scripts_only(loop_fusion)
[13.288s] Level 1:colcon.colcon_core.environment:checking '/home/orangepi/Desktop/SparkCar_ROS2_WS/SparkCar_Perception/install/loop_fusion' for CMake module files
[13.290s] Level 1:colcon.colcon_core.environment:checking '/home/orangepi/Desktop/SparkCar_ROS2_WS/SparkCar_Perception/install/loop_fusion' for CMake config files
[13.291s] Level 1:colcon.colcon_core.shell:create_environment_hook('loop_fusion', 'cmake_prefix_path')
[13.292s] INFO:colcon.colcon_core.shell:Creating environment hook '/home/orangepi/Desktop/SparkCar_ROS2_WS/SparkCar_Perception/install/loop_fusion/share/loop_fusion/hook/cmake_prefix_path.ps1'
[13.297s] INFO:colcon.colcon_core.shell:Creating environment descriptor '/home/orangepi/Desktop/SparkCar_ROS2_WS/SparkCar_Perception/install/loop_fusion/share/loop_fusion/hook/cmake_prefix_path.dsv'
[13.298s] INFO:colcon.colcon_core.shell:Creating environment hook '/home/orangepi/Desktop/SparkCar_ROS2_WS/SparkCar_Perception/install/loop_fusion/share/loop_fusion/hook/cmake_prefix_path.sh'
[13.301s] Level 1:colcon.colcon_core.environment:checking '/home/orangepi/Desktop/SparkCar_ROS2_WS/SparkCar_Perception/install/loop_fusion/lib'
[13.301s] Level 1:colcon.colcon_core.environment:checking '/home/orangepi/Desktop/SparkCar_ROS2_WS/SparkCar_Perception/install/loop_fusion/bin'
[13.302s] Level 1:colcon.colcon_core.environment:checking '/home/orangepi/Desktop/SparkCar_ROS2_WS/SparkCar_Perception/install/loop_fusion/lib/pkgconfig/loop_fusion.pc'
[13.303s] Level 1:colcon.colcon_core.environment:checking '/home/orangepi/Desktop/SparkCar_ROS2_WS/SparkCar_Perception/install/loop_fusion/lib/python3.10/site-packages'
[13.304s] Level 1:colcon.colcon_core.environment:checking '/home/orangepi/Desktop/SparkCar_ROS2_WS/SparkCar_Perception/install/loop_fusion/bin'
[13.306s] INFO:colcon.colcon_core.shell:Creating package script '/home/orangepi/Desktop/SparkCar_ROS2_WS/SparkCar_Perception/install/loop_fusion/share/loop_fusion/package.ps1'
[13.309s] INFO:colcon.colcon_core.shell:Creating package descriptor '/home/orangepi/Desktop/SparkCar_ROS2_WS/SparkCar_Perception/install/loop_fusion/share/loop_fusion/package.dsv'
[13.311s] INFO:colcon.colcon_core.shell:Creating package script '/home/orangepi/Desktop/SparkCar_ROS2_WS/SparkCar_Perception/install/loop_fusion/share/loop_fusion/package.sh'
[13.313s] INFO:colcon.colcon_core.shell:Creating package script '/home/orangepi/Desktop/SparkCar_ROS2_WS/SparkCar_Perception/install/loop_fusion/share/loop_fusion/package.bash'
[13.315s] INFO:colcon.colcon_core.shell:Creating package script '/home/orangepi/Desktop/SparkCar_ROS2_WS/SparkCar_Perception/install/loop_fusion/share/loop_fusion/package.zsh'
[13.316s] Level 1:colcon.colcon_core.environment:create_file_with_runtime_dependencies(/home/orangepi/Desktop/SparkCar_ROS2_WS/SparkCar_Perception/install/loop_fusion/share/colcon-core/packages/loop_fusion)
[13.327s] DEBUG:colcon.colcon_parallel_executor.executor.parallel:closing loop
[13.328s] DEBUG:colcon.colcon_parallel_executor.executor.parallel:loop closed
[13.328s] DEBUG:colcon.colcon_parallel_executor.executor.parallel:run_until_complete finished with '2'
[13.328s] DEBUG:colcon.colcon_core.event_reactor:joining thread
[13.329s] DEBUG:colcon.colcon_core.event_reactor:joined thread
[13.330s] INFO:colcon.colcon_core.shell:Creating prefix script '/home/orangepi/Desktop/SparkCar_ROS2_WS/SparkCar_Perception/install/local_setup.ps1'
[13.332s] INFO:colcon.colcon_core.shell:Creating prefix util module '/home/orangepi/Desktop/SparkCar_ROS2_WS/SparkCar_Perception/install/_local_setup_util_ps1.py'
[13.335s] INFO:colcon.colcon_core.shell:Creating prefix chain script '/home/orangepi/Desktop/SparkCar_ROS2_WS/SparkCar_Perception/install/setup.ps1'
[13.340s] INFO:colcon.colcon_core.shell:Creating prefix script '/home/orangepi/Desktop/SparkCar_ROS2_WS/SparkCar_Perception/install/local_setup.sh'
[13.341s] INFO:colcon.colcon_core.shell:Creating prefix util module '/home/orangepi/Desktop/SparkCar_ROS2_WS/SparkCar_Perception/install/_local_setup_util_sh.py'
[13.342s] INFO:colcon.colcon_core.shell:Creating prefix chain script '/home/orangepi/Desktop/SparkCar_ROS2_WS/SparkCar_Perception/install/setup.sh'
[13.346s] INFO:colcon.colcon_core.shell:Creating prefix script '/home/orangepi/Desktop/SparkCar_ROS2_WS/SparkCar_Perception/install/local_setup.bash'
[13.347s] INFO:colcon.colcon_core.shell:Creating prefix chain script '/home/orangepi/Desktop/SparkCar_ROS2_WS/SparkCar_Perception/install/setup.bash'
[13.351s] INFO:colcon.colcon_core.shell:Creating prefix script '/home/orangepi/Desktop/SparkCar_ROS2_WS/SparkCar_Perception/install/local_setup.zsh'
[13.352s] INFO:colcon.colcon_core.shell:Creating prefix chain script '/home/orangepi/Desktop/SparkCar_ROS2_WS/SparkCar_Perception/install/setup.zsh'
