[0.168s] DEBUG:colcon:Command line arguments: ['/usr/bin/colcon', 'build']
[0.168s] DEBUG:colcon:Parsed command line arguments: Namespace(log_base=None, log_level=None, verb_name='build', build_base='build', install_base='install', merge_install=False, symlink_install=False, test_result_base=None, continue_on_error=False, executor='parallel', parallel_workers=8, event_handlers=None, ignore_user_meta=False, metas=['./colcon.meta'], base_paths=['.'], packages_ignore=None, packages_ignore_regex=None, paths=None, packages_up_to=None, packages_up_to_regex=None, packages_above=None, packages_above_and_dependencies=None, packages_above_depth=None, packages_select_by_dep=None, packages_skip_by_dep=None, packages_skip_up_to=None, packages_select_build_failed=False, packages_skip_build_finished=False, packages_select_test_failures=False, packages_skip_test_passed=False, packages_select=None, packages_skip=None, packages_select_regex=None, packages_skip_regex=None, packages_start=None, packages_end=None, allow_overriding=[], cmake_args=None, cmake_target=None, cmake_target_skip_unavailable=False, cmake_clean_cache=False, cmake_clean_first=False, cmake_force_configure=False, ament_cmake_args=None, catkin_cmake_args=None, catkin_skip_building_tests=False, verb_parser=<colcon_defaults.argument_parser.defaults.DefaultArgumentsDecorator object at 0x7ccf0ba68ca0>, verb_extension=<colcon_core.verb.build.BuildVerb object at 0x7ccf0ba68730>, main=<bound method BuildVerb.main of <colcon_core.verb.build.BuildVerb object at 0x7ccf0ba68730>>)
[0.345s] Level 1:colcon.colcon_core.package_discovery:discover_packages(colcon_meta) check parameters
[0.345s] Level 1:colcon.colcon_core.package_discovery:discover_packages(recursive) check parameters
[0.345s] Level 1:colcon.colcon_core.package_discovery:discover_packages(ignore) check parameters
[0.345s] Level 1:colcon.colcon_core.package_discovery:discover_packages(path) check parameters
[0.345s] Level 1:colcon.colcon_core.package_discovery:discover_packages(colcon_meta) discover
[0.345s] Level 1:colcon.colcon_core.package_discovery:discover_packages(recursive) discover
[0.345s] INFO:colcon.colcon_core.package_discovery:Crawling recursively for packages in '/home/jiaverso/Desktop/SparkCar_ROS2_WS/SparkCar_Perception'
[0.345s] Level 1:colcon.colcon_core.package_identification:_identify(.) by extensions ['ignore', 'ignore_ament_install']
[0.345s] Level 1:colcon.colcon_core.package_identification:_identify(.) by extension 'ignore'
[0.346s] Level 1:colcon.colcon_core.package_identification:_identify(.) by extension 'ignore_ament_install'
[0.346s] Level 1:colcon.colcon_core.package_identification:_identify(.) by extensions ['colcon_pkg']
[0.346s] Level 1:colcon.colcon_core.package_identification:_identify(.) by extension 'colcon_pkg'
[0.346s] Level 1:colcon.colcon_core.package_identification:_identify(.) by extensions ['colcon_meta']
[0.346s] Level 1:colcon.colcon_core.package_identification:_identify(.) by extension 'colcon_meta'
[0.346s] Level 1:colcon.colcon_core.package_identification:_identify(.) by extensions ['ros']
[0.346s] Level 1:colcon.colcon_core.package_identification:_identify(.) by extension 'ros'
[0.354s] Level 1:colcon.colcon_core.package_identification:_identify(.) by extensions ['cmake', 'python']
[0.354s] Level 1:colcon.colcon_core.package_identification:_identify(.) by extension 'cmake'
[0.354s] Level 1:colcon.colcon_core.package_identification:_identify(.) by extension 'python'
[0.354s] Level 1:colcon.colcon_core.package_identification:_identify(.) by extensions ['python_setup_py']
[0.354s] Level 1:colcon.colcon_core.package_identification:_identify(.) by extension 'python_setup_py'
[0.354s] Level 1:colcon.colcon_core.package_identification:_identify(build) by extensions ['ignore', 'ignore_ament_install']
[0.354s] Level 1:colcon.colcon_core.package_identification:_identify(build) by extension 'ignore'
[0.354s] Level 1:colcon.colcon_core.package_identification:_identify(build) ignored
[0.354s] Level 1:colcon.colcon_core.package_identification:_identify(install) by extensions ['ignore', 'ignore_ament_install']
[0.354s] Level 1:colcon.colcon_core.package_identification:_identify(install) by extension 'ignore'
[0.354s] Level 1:colcon.colcon_core.package_identification:_identify(install) ignored
[0.355s] Level 1:colcon.colcon_core.package_identification:_identify(log) by extensions ['ignore', 'ignore_ament_install']
[0.355s] Level 1:colcon.colcon_core.package_identification:_identify(log) by extension 'ignore'
[0.355s] Level 1:colcon.colcon_core.package_identification:_identify(log) ignored
[0.355s] Level 1:colcon.colcon_core.package_identification:_identify(src) by extensions ['ignore', 'ignore_ament_install']
[0.355s] Level 1:colcon.colcon_core.package_identification:_identify(src) by extension 'ignore'
[0.355s] Level 1:colcon.colcon_core.package_identification:_identify(src) by extension 'ignore_ament_install'
[0.355s] Level 1:colcon.colcon_core.package_identification:_identify(src) by extensions ['colcon_pkg']
[0.355s] Level 1:colcon.colcon_core.package_identification:_identify(src) by extension 'colcon_pkg'
[0.355s] Level 1:colcon.colcon_core.package_identification:_identify(src) by extensions ['colcon_meta']
[0.355s] Level 1:colcon.colcon_core.package_identification:_identify(src) by extension 'colcon_meta'
[0.355s] Level 1:colcon.colcon_core.package_identification:_identify(src) by extensions ['ros']
[0.355s] Level 1:colcon.colcon_core.package_identification:_identify(src) by extension 'ros'
[0.355s] Level 1:colcon.colcon_core.package_identification:_identify(src) by extensions ['cmake', 'python']
[0.355s] Level 1:colcon.colcon_core.package_identification:_identify(src) by extension 'cmake'
[0.355s] Level 1:colcon.colcon_core.package_identification:_identify(src) by extension 'python'
[0.355s] Level 1:colcon.colcon_core.package_identification:_identify(src) by extensions ['python_setup_py']
[0.355s] Level 1:colcon.colcon_core.package_identification:_identify(src) by extension 'python_setup_py'
[0.355s] Level 1:colcon.colcon_core.package_identification:_identify(src/fastlio2_ros2) by extensions ['ignore', 'ignore_ament_install']
[0.355s] Level 1:colcon.colcon_core.package_identification:_identify(src/fastlio2_ros2) by extension 'ignore'
[0.355s] Level 1:colcon.colcon_core.package_identification:_identify(src/fastlio2_ros2) by extension 'ignore_ament_install'
[0.355s] Level 1:colcon.colcon_core.package_identification:_identify(src/fastlio2_ros2) by extensions ['colcon_pkg']
[0.355s] Level 1:colcon.colcon_core.package_identification:_identify(src/fastlio2_ros2) by extension 'colcon_pkg'
[0.355s] Level 1:colcon.colcon_core.package_identification:_identify(src/fastlio2_ros2) by extensions ['colcon_meta']
[0.355s] Level 1:colcon.colcon_core.package_identification:_identify(src/fastlio2_ros2) by extension 'colcon_meta'
[0.355s] Level 1:colcon.colcon_core.package_identification:_identify(src/fastlio2_ros2) by extensions ['ros']
[0.355s] Level 1:colcon.colcon_core.package_identification:_identify(src/fastlio2_ros2) by extension 'ros'
[0.355s] Level 1:colcon.colcon_core.package_identification:_identify(src/fastlio2_ros2) by extensions ['cmake', 'python']
[0.355s] Level 1:colcon.colcon_core.package_identification:_identify(src/fastlio2_ros2) by extension 'cmake'
[0.355s] Level 1:colcon.colcon_core.package_identification:_identify(src/fastlio2_ros2) by extension 'python'
[0.355s] Level 1:colcon.colcon_core.package_identification:_identify(src/fastlio2_ros2) by extensions ['python_setup_py']
[0.355s] Level 1:colcon.colcon_core.package_identification:_identify(src/fastlio2_ros2) by extension 'python_setup_py'
[0.356s] Level 1:colcon.colcon_core.package_identification:_identify(src/fastlio2_ros2/fastlio2) by extensions ['ignore', 'ignore_ament_install']
[0.356s] Level 1:colcon.colcon_core.package_identification:_identify(src/fastlio2_ros2/fastlio2) by extension 'ignore'
[0.356s] Level 1:colcon.colcon_core.package_identification:_identify(src/fastlio2_ros2/fastlio2) by extension 'ignore_ament_install'
[0.356s] Level 1:colcon.colcon_core.package_identification:_identify(src/fastlio2_ros2/fastlio2) by extensions ['colcon_pkg']
[0.356s] Level 1:colcon.colcon_core.package_identification:_identify(src/fastlio2_ros2/fastlio2) by extension 'colcon_pkg'
[0.356s] Level 1:colcon.colcon_core.package_identification:_identify(src/fastlio2_ros2/fastlio2) by extensions ['colcon_meta']
[0.356s] Level 1:colcon.colcon_core.package_identification:_identify(src/fastlio2_ros2/fastlio2) by extension 'colcon_meta'
[0.356s] Level 1:colcon.colcon_core.package_identification:_identify(src/fastlio2_ros2/fastlio2) by extensions ['ros']
[0.356s] Level 1:colcon.colcon_core.package_identification:_identify(src/fastlio2_ros2/fastlio2) by extension 'ros'
[0.359s] DEBUG:colcon.colcon_core.package_identification:Package 'src/fastlio2_ros2/fastlio2' with type 'ros.ament_cmake' and name 'fastlio2'
[0.359s] Level 1:colcon.colcon_core.package_identification:_identify(src/fastlio2_ros2/hba) by extensions ['ignore', 'ignore_ament_install']
[0.359s] Level 1:colcon.colcon_core.package_identification:_identify(src/fastlio2_ros2/hba) by extension 'ignore'
[0.359s] Level 1:colcon.colcon_core.package_identification:_identify(src/fastlio2_ros2/hba) by extension 'ignore_ament_install'
[0.359s] Level 1:colcon.colcon_core.package_identification:_identify(src/fastlio2_ros2/hba) by extensions ['colcon_pkg']
[0.359s] Level 1:colcon.colcon_core.package_identification:_identify(src/fastlio2_ros2/hba) by extension 'colcon_pkg'
[0.359s] Level 1:colcon.colcon_core.package_identification:_identify(src/fastlio2_ros2/hba) by extensions ['colcon_meta']
[0.359s] Level 1:colcon.colcon_core.package_identification:_identify(src/fastlio2_ros2/hba) by extension 'colcon_meta'
[0.359s] Level 1:colcon.colcon_core.package_identification:_identify(src/fastlio2_ros2/hba) by extensions ['ros']
[0.359s] Level 1:colcon.colcon_core.package_identification:_identify(src/fastlio2_ros2/hba) by extension 'ros'
[0.360s] DEBUG:colcon.colcon_core.package_identification:Package 'src/fastlio2_ros2/hba' with type 'ros.ament_cmake' and name 'hba'
[0.360s] Level 1:colcon.colcon_core.package_identification:_identify(src/fastlio2_ros2/interface) by extensions ['ignore', 'ignore_ament_install']
[0.360s] Level 1:colcon.colcon_core.package_identification:_identify(src/fastlio2_ros2/interface) by extension 'ignore'
[0.360s] Level 1:colcon.colcon_core.package_identification:_identify(src/fastlio2_ros2/interface) by extension 'ignore_ament_install'
[0.360s] Level 1:colcon.colcon_core.package_identification:_identify(src/fastlio2_ros2/interface) by extensions ['colcon_pkg']
[0.360s] Level 1:colcon.colcon_core.package_identification:_identify(src/fastlio2_ros2/interface) by extension 'colcon_pkg'
[0.360s] Level 1:colcon.colcon_core.package_identification:_identify(src/fastlio2_ros2/interface) by extensions ['colcon_meta']
[0.360s] Level 1:colcon.colcon_core.package_identification:_identify(src/fastlio2_ros2/interface) by extension 'colcon_meta'
[0.360s] Level 1:colcon.colcon_core.package_identification:_identify(src/fastlio2_ros2/interface) by extensions ['ros']
[0.360s] Level 1:colcon.colcon_core.package_identification:_identify(src/fastlio2_ros2/interface) by extension 'ros'
[0.361s] DEBUG:colcon.colcon_core.package_identification:Package 'src/fastlio2_ros2/interface' with type 'ros.ament_cmake' and name 'interface'
[0.361s] Level 1:colcon.colcon_core.package_identification:_identify(src/fastlio2_ros2/localizer) by extensions ['ignore', 'ignore_ament_install']
[0.361s] Level 1:colcon.colcon_core.package_identification:_identify(src/fastlio2_ros2/localizer) by extension 'ignore'
[0.361s] Level 1:colcon.colcon_core.package_identification:_identify(src/fastlio2_ros2/localizer) by extension 'ignore_ament_install'
[0.361s] Level 1:colcon.colcon_core.package_identification:_identify(src/fastlio2_ros2/localizer) by extensions ['colcon_pkg']
[0.361s] Level 1:colcon.colcon_core.package_identification:_identify(src/fastlio2_ros2/localizer) by extension 'colcon_pkg'
[0.361s] Level 1:colcon.colcon_core.package_identification:_identify(src/fastlio2_ros2/localizer) by extensions ['colcon_meta']
[0.361s] Level 1:colcon.colcon_core.package_identification:_identify(src/fastlio2_ros2/localizer) by extension 'colcon_meta'
[0.361s] Level 1:colcon.colcon_core.package_identification:_identify(src/fastlio2_ros2/localizer) by extensions ['ros']
[0.361s] Level 1:colcon.colcon_core.package_identification:_identify(src/fastlio2_ros2/localizer) by extension 'ros'
[0.362s] DEBUG:colcon.colcon_core.package_identification:Package 'src/fastlio2_ros2/localizer' with type 'ros.ament_cmake' and name 'localizer'
[0.362s] Level 1:colcon.colcon_core.package_identification:_identify(src/fastlio2_ros2/scripts) by extensions ['ignore', 'ignore_ament_install']
[0.362s] Level 1:colcon.colcon_core.package_identification:_identify(src/fastlio2_ros2/scripts) by extension 'ignore'
[0.362s] Level 1:colcon.colcon_core.package_identification:_identify(src/fastlio2_ros2/scripts) by extension 'ignore_ament_install'
[0.362s] Level 1:colcon.colcon_core.package_identification:_identify(src/fastlio2_ros2/scripts) by extensions ['colcon_pkg']
[0.362s] Level 1:colcon.colcon_core.package_identification:_identify(src/fastlio2_ros2/scripts) by extension 'colcon_pkg'
[0.362s] Level 1:colcon.colcon_core.package_identification:_identify(src/fastlio2_ros2/scripts) by extensions ['colcon_meta']
[0.362s] Level 1:colcon.colcon_core.package_identification:_identify(src/fastlio2_ros2/scripts) by extension 'colcon_meta'
[0.362s] Level 1:colcon.colcon_core.package_identification:_identify(src/fastlio2_ros2/scripts) by extensions ['ros']
[0.362s] Level 1:colcon.colcon_core.package_identification:_identify(src/fastlio2_ros2/scripts) by extension 'ros'
[0.362s] Level 1:colcon.colcon_core.package_identification:_identify(src/fastlio2_ros2/scripts) by extensions ['cmake', 'python']
[0.362s] Level 1:colcon.colcon_core.package_identification:_identify(src/fastlio2_ros2/scripts) by extension 'cmake'
[0.362s] Level 1:colcon.colcon_core.package_identification:_identify(src/fastlio2_ros2/scripts) by extension 'python'
[0.362s] Level 1:colcon.colcon_core.package_identification:_identify(src/fastlio2_ros2/scripts) by extensions ['python_setup_py']
[0.362s] Level 1:colcon.colcon_core.package_identification:_identify(src/fastlio2_ros2/scripts) by extension 'python_setup_py'
[0.362s] Level 1:colcon.colcon_core.package_identification:_identify(src/fastlio2_ros2/scripts/__pycache__) by extensions ['ignore', 'ignore_ament_install']
[0.363s] Level 1:colcon.colcon_core.package_identification:_identify(src/fastlio2_ros2/scripts/__pycache__) by extension 'ignore'
[0.363s] Level 1:colcon.colcon_core.package_identification:_identify(src/fastlio2_ros2/scripts/__pycache__) by extension 'ignore_ament_install'
[0.363s] Level 1:colcon.colcon_core.package_identification:_identify(src/fastlio2_ros2/scripts/__pycache__) by extensions ['colcon_pkg']
[0.363s] Level 1:colcon.colcon_core.package_identification:_identify(src/fastlio2_ros2/scripts/__pycache__) by extension 'colcon_pkg'
[0.363s] Level 1:colcon.colcon_core.package_identification:_identify(src/fastlio2_ros2/scripts/__pycache__) by extensions ['colcon_meta']
[0.363s] Level 1:colcon.colcon_core.package_identification:_identify(src/fastlio2_ros2/scripts/__pycache__) by extension 'colcon_meta'
[0.363s] Level 1:colcon.colcon_core.package_identification:_identify(src/fastlio2_ros2/scripts/__pycache__) by extensions ['ros']
[0.363s] Level 1:colcon.colcon_core.package_identification:_identify(src/fastlio2_ros2/scripts/__pycache__) by extension 'ros'
[0.363s] Level 1:colcon.colcon_core.package_identification:_identify(src/fastlio2_ros2/scripts/__pycache__) by extensions ['cmake', 'python']
[0.363s] Level 1:colcon.colcon_core.package_identification:_identify(src/fastlio2_ros2/scripts/__pycache__) by extension 'cmake'
[0.363s] Level 1:colcon.colcon_core.package_identification:_identify(src/fastlio2_ros2/scripts/__pycache__) by extension 'python'
[0.363s] Level 1:colcon.colcon_core.package_identification:_identify(src/fastlio2_ros2/scripts/__pycache__) by extensions ['python_setup_py']
[0.363s] Level 1:colcon.colcon_core.package_identification:_identify(src/fastlio2_ros2/scripts/__pycache__) by extension 'python_setup_py'
[0.363s] Level 1:colcon.colcon_core.package_identification:_identify(src/livox_ros_driver2) by extensions ['ignore', 'ignore_ament_install']
[0.363s] Level 1:colcon.colcon_core.package_identification:_identify(src/livox_ros_driver2) by extension 'ignore'
[0.363s] Level 1:colcon.colcon_core.package_identification:_identify(src/livox_ros_driver2) by extension 'ignore_ament_install'
[0.363s] Level 1:colcon.colcon_core.package_identification:_identify(src/livox_ros_driver2) by extensions ['colcon_pkg']
[0.363s] Level 1:colcon.colcon_core.package_identification:_identify(src/livox_ros_driver2) by extension 'colcon_pkg'
[0.363s] Level 1:colcon.colcon_core.package_identification:_identify(src/livox_ros_driver2) by extensions ['colcon_meta']
[0.363s] Level 1:colcon.colcon_core.package_identification:_identify(src/livox_ros_driver2) by extension 'colcon_meta'
[0.363s] Level 1:colcon.colcon_core.package_identification:_identify(src/livox_ros_driver2) by extensions ['ros']
[0.363s] Level 1:colcon.colcon_core.package_identification:_identify(src/livox_ros_driver2) by extension 'ros'
[0.364s] DEBUG:colcon.colcon_core.package_identification:Package 'src/livox_ros_driver2' with type 'ros.ament_cmake' and name 'livox_ros_driver2'
[0.364s] Level 1:colcon.colcon_core.package_identification:_identify(src/realsense-ros) by extensions ['ignore', 'ignore_ament_install']
[0.364s] Level 1:colcon.colcon_core.package_identification:_identify(src/realsense-ros) by extension 'ignore'
[0.364s] Level 1:colcon.colcon_core.package_identification:_identify(src/realsense-ros) by extension 'ignore_ament_install'
[0.364s] Level 1:colcon.colcon_core.package_identification:_identify(src/realsense-ros) by extensions ['colcon_pkg']
[0.364s] Level 1:colcon.colcon_core.package_identification:_identify(src/realsense-ros) by extension 'colcon_pkg'
[0.364s] Level 1:colcon.colcon_core.package_identification:_identify(src/realsense-ros) by extensions ['colcon_meta']
[0.364s] Level 1:colcon.colcon_core.package_identification:_identify(src/realsense-ros) by extension 'colcon_meta'
[0.364s] Level 1:colcon.colcon_core.package_identification:_identify(src/realsense-ros) by extensions ['ros']
[0.364s] Level 1:colcon.colcon_core.package_identification:_identify(src/realsense-ros) by extension 'ros'
[0.365s] Level 1:colcon.colcon_core.package_identification:_identify(src/realsense-ros) by extensions ['cmake', 'python']
[0.365s] Level 1:colcon.colcon_core.package_identification:_identify(src/realsense-ros) by extension 'cmake'
[0.365s] Level 1:colcon.colcon_core.package_identification:_identify(src/realsense-ros) by extension 'python'
[0.365s] Level 1:colcon.colcon_core.package_identification:_identify(src/realsense-ros) by extensions ['python_setup_py']
[0.365s] Level 1:colcon.colcon_core.package_identification:_identify(src/realsense-ros) by extension 'python_setup_py'
[0.365s] Level 1:colcon.colcon_core.package_identification:_identify(src/realsense-ros/realsense2_camera) by extensions ['ignore', 'ignore_ament_install']
[0.365s] Level 1:colcon.colcon_core.package_identification:_identify(src/realsense-ros/realsense2_camera) by extension 'ignore'
[0.365s] Level 1:colcon.colcon_core.package_identification:_identify(src/realsense-ros/realsense2_camera) by extension 'ignore_ament_install'
[0.365s] Level 1:colcon.colcon_core.package_identification:_identify(src/realsense-ros/realsense2_camera) by extensions ['colcon_pkg']
[0.365s] Level 1:colcon.colcon_core.package_identification:_identify(src/realsense-ros/realsense2_camera) by extension 'colcon_pkg'
[0.365s] Level 1:colcon.colcon_core.package_identification:_identify(src/realsense-ros/realsense2_camera) by extensions ['colcon_meta']
[0.365s] Level 1:colcon.colcon_core.package_identification:_identify(src/realsense-ros/realsense2_camera) by extension 'colcon_meta'
[0.365s] Level 1:colcon.colcon_core.package_identification:_identify(src/realsense-ros/realsense2_camera) by extensions ['ros']
[0.365s] Level 1:colcon.colcon_core.package_identification:_identify(src/realsense-ros/realsense2_camera) by extension 'ros'
[0.377s] DEBUG:colcon.colcon_core.package_identification:Package 'src/realsense-ros/realsense2_camera' with type 'ros.ament_cmake' and name 'realsense2_camera'
[0.377s] Level 1:colcon.colcon_core.package_identification:_identify(src/realsense-ros/realsense2_camera_msgs) by extensions ['ignore', 'ignore_ament_install']
[0.377s] Level 1:colcon.colcon_core.package_identification:_identify(src/realsense-ros/realsense2_camera_msgs) by extension 'ignore'
[0.377s] Level 1:colcon.colcon_core.package_identification:_identify(src/realsense-ros/realsense2_camera_msgs) by extension 'ignore_ament_install'
[0.378s] Level 1:colcon.colcon_core.package_identification:_identify(src/realsense-ros/realsense2_camera_msgs) by extensions ['colcon_pkg']
[0.378s] Level 1:colcon.colcon_core.package_identification:_identify(src/realsense-ros/realsense2_camera_msgs) by extension 'colcon_pkg'
[0.378s] Level 1:colcon.colcon_core.package_identification:_identify(src/realsense-ros/realsense2_camera_msgs) by extensions ['colcon_meta']
[0.378s] Level 1:colcon.colcon_core.package_identification:_identify(src/realsense-ros/realsense2_camera_msgs) by extension 'colcon_meta'
[0.378s] Level 1:colcon.colcon_core.package_identification:_identify(src/realsense-ros/realsense2_camera_msgs) by extensions ['ros']
[0.378s] Level 1:colcon.colcon_core.package_identification:_identify(src/realsense-ros/realsense2_camera_msgs) by extension 'ros'
[0.378s] DEBUG:colcon.colcon_core.package_identification:Package 'src/realsense-ros/realsense2_camera_msgs' with type 'ros.ament_cmake' and name 'realsense2_camera_msgs'
[0.378s] Level 1:colcon.colcon_core.package_identification:_identify(src/realsense-ros/realsense2_description) by extensions ['ignore', 'ignore_ament_install']
[0.379s] Level 1:colcon.colcon_core.package_identification:_identify(src/realsense-ros/realsense2_description) by extension 'ignore'
[0.379s] Level 1:colcon.colcon_core.package_identification:_identify(src/realsense-ros/realsense2_description) by extension 'ignore_ament_install'
[0.379s] Level 1:colcon.colcon_core.package_identification:_identify(src/realsense-ros/realsense2_description) by extensions ['colcon_pkg']
[0.379s] Level 1:colcon.colcon_core.package_identification:_identify(src/realsense-ros/realsense2_description) by extension 'colcon_pkg'
[0.379s] Level 1:colcon.colcon_core.package_identification:_identify(src/realsense-ros/realsense2_description) by extensions ['colcon_meta']
[0.379s] Level 1:colcon.colcon_core.package_identification:_identify(src/realsense-ros/realsense2_description) by extension 'colcon_meta'
[0.379s] Level 1:colcon.colcon_core.package_identification:_identify(src/realsense-ros/realsense2_description) by extensions ['ros']
[0.379s] Level 1:colcon.colcon_core.package_identification:_identify(src/realsense-ros/realsense2_description) by extension 'ros'
[0.379s] DEBUG:colcon.colcon_core.package_identification:Package 'src/realsense-ros/realsense2_description' with type 'ros.ament_cmake' and name 'realsense2_description'
[0.379s] Level 1:colcon.colcon_core.package_identification:_identify(src/realsense-ros/realsense2_rgbd_plugin) by extensions ['ignore', 'ignore_ament_install']
[0.380s] Level 1:colcon.colcon_core.package_identification:_identify(src/realsense-ros/realsense2_rgbd_plugin) by extension 'ignore'
[0.380s] Level 1:colcon.colcon_core.package_identification:_identify(src/realsense-ros/realsense2_rgbd_plugin) by extension 'ignore_ament_install'
[0.380s] Level 1:colcon.colcon_core.package_identification:_identify(src/realsense-ros/realsense2_rgbd_plugin) by extensions ['colcon_pkg']
[0.380s] Level 1:colcon.colcon_core.package_identification:_identify(src/realsense-ros/realsense2_rgbd_plugin) by extension 'colcon_pkg'
[0.380s] Level 1:colcon.colcon_core.package_identification:_identify(src/realsense-ros/realsense2_rgbd_plugin) by extensions ['colcon_meta']
[0.380s] Level 1:colcon.colcon_core.package_identification:_identify(src/realsense-ros/realsense2_rgbd_plugin) by extension 'colcon_meta'
[0.380s] Level 1:colcon.colcon_core.package_identification:_identify(src/realsense-ros/realsense2_rgbd_plugin) by extensions ['ros']
[0.380s] Level 1:colcon.colcon_core.package_identification:_identify(src/realsense-ros/realsense2_rgbd_plugin) by extension 'ros'
[0.380s] Level 1:colcon.colcon_core.package_identification:_identify(src/realsense-ros/realsense2_rgbd_plugin) ignored
[0.380s] Level 1:colcon.colcon_core.package_identification:_identify(src/realsense-ros/realsense2_ros_mqtt_bridge) by extensions ['ignore', 'ignore_ament_install']
[0.380s] Level 1:colcon.colcon_core.package_identification:_identify(src/realsense-ros/realsense2_ros_mqtt_bridge) by extension 'ignore'
[0.380s] Level 1:colcon.colcon_core.package_identification:_identify(src/realsense-ros/realsense2_ros_mqtt_bridge) by extension 'ignore_ament_install'
[0.380s] Level 1:colcon.colcon_core.package_identification:_identify(src/realsense-ros/realsense2_ros_mqtt_bridge) by extensions ['colcon_pkg']
[0.380s] Level 1:colcon.colcon_core.package_identification:_identify(src/realsense-ros/realsense2_ros_mqtt_bridge) by extension 'colcon_pkg'
[0.380s] Level 1:colcon.colcon_core.package_identification:_identify(src/realsense-ros/realsense2_ros_mqtt_bridge) by extensions ['colcon_meta']
[0.380s] Level 1:colcon.colcon_core.package_identification:_identify(src/realsense-ros/realsense2_ros_mqtt_bridge) by extension 'colcon_meta'
[0.380s] Level 1:colcon.colcon_core.package_identification:_identify(src/realsense-ros/realsense2_ros_mqtt_bridge) by extensions ['ros']
[0.380s] Level 1:colcon.colcon_core.package_identification:_identify(src/realsense-ros/realsense2_ros_mqtt_bridge) by extension 'ros'
[0.380s] Level 1:colcon.colcon_core.package_identification:_identify(src/realsense-ros/realsense2_ros_mqtt_bridge) ignored
[0.380s] Level 1:colcon.colcon_core.package_identification:_identify(src/realsense-ros/res) by extensions ['ignore', 'ignore_ament_install']
[0.380s] Level 1:colcon.colcon_core.package_identification:_identify(src/realsense-ros/res) by extension 'ignore'
[0.380s] Level 1:colcon.colcon_core.package_identification:_identify(src/realsense-ros/res) by extension 'ignore_ament_install'
[0.380s] Level 1:colcon.colcon_core.package_identification:_identify(src/realsense-ros/res) by extensions ['colcon_pkg']
[0.380s] Level 1:colcon.colcon_core.package_identification:_identify(src/realsense-ros/res) by extension 'colcon_pkg'
[0.380s] Level 1:colcon.colcon_core.package_identification:_identify(src/realsense-ros/res) by extensions ['colcon_meta']
[0.380s] Level 1:colcon.colcon_core.package_identification:_identify(src/realsense-ros/res) by extension 'colcon_meta'
[0.380s] Level 1:colcon.colcon_core.package_identification:_identify(src/realsense-ros/res) by extensions ['ros']
[0.380s] Level 1:colcon.colcon_core.package_identification:_identify(src/realsense-ros/res) by extension 'ros'
[0.380s] Level 1:colcon.colcon_core.package_identification:_identify(src/realsense-ros/res) by extensions ['cmake', 'python']
[0.380s] Level 1:colcon.colcon_core.package_identification:_identify(src/realsense-ros/res) by extension 'cmake'
[0.380s] Level 1:colcon.colcon_core.package_identification:_identify(src/realsense-ros/res) by extension 'python'
[0.380s] Level 1:colcon.colcon_core.package_identification:_identify(src/realsense-ros/res) by extensions ['python_setup_py']
[0.380s] Level 1:colcon.colcon_core.package_identification:_identify(src/realsense-ros/res) by extension 'python_setup_py'
[0.381s] Level 1:colcon.colcon_core.package_identification:_identify(src/realsense-ros/scripts) by extensions ['ignore', 'ignore_ament_install']
[0.381s] Level 1:colcon.colcon_core.package_identification:_identify(src/realsense-ros/scripts) by extension 'ignore'
[0.381s] Level 1:colcon.colcon_core.package_identification:_identify(src/realsense-ros/scripts) by extension 'ignore_ament_install'
[0.381s] Level 1:colcon.colcon_core.package_identification:_identify(src/realsense-ros/scripts) by extensions ['colcon_pkg']
[0.381s] Level 1:colcon.colcon_core.package_identification:_identify(src/realsense-ros/scripts) by extension 'colcon_pkg'
[0.381s] Level 1:colcon.colcon_core.package_identification:_identify(src/realsense-ros/scripts) by extensions ['colcon_meta']
[0.381s] Level 1:colcon.colcon_core.package_identification:_identify(src/realsense-ros/scripts) by extension 'colcon_meta'
[0.381s] Level 1:colcon.colcon_core.package_identification:_identify(src/realsense-ros/scripts) by extensions ['ros']
[0.381s] Level 1:colcon.colcon_core.package_identification:_identify(src/realsense-ros/scripts) by extension 'ros'
[0.381s] Level 1:colcon.colcon_core.package_identification:_identify(src/realsense-ros/scripts) by extensions ['cmake', 'python']
[0.381s] Level 1:colcon.colcon_core.package_identification:_identify(src/realsense-ros/scripts) by extension 'cmake'
[0.381s] Level 1:colcon.colcon_core.package_identification:_identify(src/realsense-ros/scripts) by extension 'python'
[0.381s] Level 1:colcon.colcon_core.package_identification:_identify(src/realsense-ros/scripts) by extensions ['python_setup_py']
[0.381s] Level 1:colcon.colcon_core.package_identification:_identify(src/realsense-ros/scripts) by extension 'python_setup_py'
[0.381s] Level 1:colcon.colcon_core.package_discovery:discover_packages(recursive) using defaults
[0.381s] Level 1:colcon.colcon_core.package_discovery:discover_packages(ignore) discover
[0.381s] Level 1:colcon.colcon_core.package_discovery:discover_packages(ignore) using defaults
[0.381s] Level 1:colcon.colcon_core.package_discovery:discover_packages(path) discover
[0.381s] Level 1:colcon.colcon_core.package_discovery:discover_packages(path) using defaults
[0.404s] Level 1:colcon.colcon_core.package_discovery:discover_packages(prefix_path) check parameters
[0.404s] Level 1:colcon.colcon_core.package_discovery:discover_packages(prefix_path) discover
[0.406s] DEBUG:colcon.colcon_installed_package_information.package_discovery:Found 1 installed packages in /home/jiaverso/Desktop/SparkCar_ROS2_WS/SparkCar_Tools/install
[0.407s] DEBUG:colcon.colcon_installed_package_information.package_discovery:Found 9 installed packages in /home/jiaverso/Desktop/SparkCar_ROS2_WS/SparkCar_Perception/install
[0.408s] DEBUG:colcon.colcon_installed_package_information.package_discovery:Found 330 installed packages in /opt/ros/humble
[0.409s] Level 1:colcon.colcon_core.package_discovery:discover_packages(prefix_path) using defaults
[0.441s] WARNING:colcon.colcon_core.package_selection:Some selected packages are already built in one or more underlay workspaces:
	'interface' is in: /home/jiaverso/Desktop/SparkCar_ROS2_WS/SparkCar_Perception/install/interface
If a package in a merged underlay workspace is overridden and it installs headers, then all packages in the overlay must sort their include directories by workspace order. Failure to do so may result in build failures or undefined behavior at run time.
If the overridden package is used by another package in any underlay, then the overriding package in the overlay must be API and ABI compatible or undefined behavior at run time may occur.

If you understand the risks and want to override a package anyways, add the following to the command line:
	--allow-overriding interface

This may be promoted to an error in a future release of colcon-override-check.
[0.442s] Level 5:colcon.colcon_core.verb:set package 'interface' build argument 'cmake_args' from command line to 'None'
[0.442s] Level 5:colcon.colcon_core.verb:set package 'interface' build argument 'cmake_target' from command line to 'None'
[0.442s] Level 5:colcon.colcon_core.verb:set package 'interface' build argument 'cmake_target_skip_unavailable' from command line to 'False'
[0.442s] Level 5:colcon.colcon_core.verb:set package 'interface' build argument 'cmake_clean_cache' from command line to 'False'
[0.442s] Level 5:colcon.colcon_core.verb:set package 'interface' build argument 'cmake_clean_first' from command line to 'False'
[0.442s] Level 5:colcon.colcon_core.verb:set package 'interface' build argument 'cmake_force_configure' from command line to 'False'
[0.442s] Level 5:colcon.colcon_core.verb:set package 'interface' build argument 'ament_cmake_args' from command line to 'None'
[0.442s] Level 5:colcon.colcon_core.verb:set package 'interface' build argument 'catkin_cmake_args' from command line to 'None'
[0.442s] Level 5:colcon.colcon_core.verb:set package 'interface' build argument 'catkin_skip_building_tests' from command line to 'False'
[0.442s] DEBUG:colcon.colcon_core.verb:Building package 'interface' with the following arguments: {'ament_cmake_args': None, 'build_base': '/home/jiaverso/Desktop/SparkCar_ROS2_WS/SparkCar_Perception/build/interface', 'catkin_cmake_args': None, 'catkin_skip_building_tests': False, 'cmake_args': None, 'cmake_clean_cache': False, 'cmake_clean_first': False, 'cmake_force_configure': False, 'cmake_target': None, 'cmake_target_skip_unavailable': False, 'install_base': '/home/jiaverso/Desktop/SparkCar_ROS2_WS/SparkCar_Perception/install/interface', 'merge_install': False, 'path': '/home/jiaverso/Desktop/SparkCar_ROS2_WS/SparkCar_Perception/src/fastlio2_ros2/interface', 'symlink_install': False, 'test_result_base': None}
[0.442s] Level 5:colcon.colcon_core.verb:set package 'livox_ros_driver2' build argument 'cmake_args' from command line to 'None'
[0.442s] Level 5:colcon.colcon_core.verb:set package 'livox_ros_driver2' build argument 'cmake_target' from command line to 'None'
[0.442s] Level 5:colcon.colcon_core.verb:set package 'livox_ros_driver2' build argument 'cmake_target_skip_unavailable' from command line to 'False'
[0.442s] Level 5:colcon.colcon_core.verb:set package 'livox_ros_driver2' build argument 'cmake_clean_cache' from command line to 'False'
[0.442s] Level 5:colcon.colcon_core.verb:set package 'livox_ros_driver2' build argument 'cmake_clean_first' from command line to 'False'
[0.442s] Level 5:colcon.colcon_core.verb:set package 'livox_ros_driver2' build argument 'cmake_force_configure' from command line to 'False'
[0.442s] Level 5:colcon.colcon_core.verb:set package 'livox_ros_driver2' build argument 'ament_cmake_args' from command line to 'None'
[0.442s] Level 5:colcon.colcon_core.verb:set package 'livox_ros_driver2' build argument 'catkin_cmake_args' from command line to 'None'
[0.442s] Level 5:colcon.colcon_core.verb:set package 'livox_ros_driver2' build argument 'catkin_skip_building_tests' from command line to 'False'
[0.442s] DEBUG:colcon.colcon_core.verb:Building package 'livox_ros_driver2' with the following arguments: {'ament_cmake_args': None, 'build_base': '/home/jiaverso/Desktop/SparkCar_ROS2_WS/SparkCar_Perception/build/livox_ros_driver2', 'catkin_cmake_args': None, 'catkin_skip_building_tests': False, 'cmake_args': None, 'cmake_clean_cache': False, 'cmake_clean_first': False, 'cmake_force_configure': False, 'cmake_target': None, 'cmake_target_skip_unavailable': False, 'install_base': '/home/jiaverso/Desktop/SparkCar_ROS2_WS/SparkCar_Perception/install/livox_ros_driver2', 'merge_install': False, 'path': '/home/jiaverso/Desktop/SparkCar_ROS2_WS/SparkCar_Perception/src/livox_ros_driver2', 'symlink_install': False, 'test_result_base': None}
[0.442s] Level 5:colcon.colcon_core.verb:set package 'realsense2_camera_msgs' build argument 'cmake_args' from command line to 'None'
[0.442s] Level 5:colcon.colcon_core.verb:set package 'realsense2_camera_msgs' build argument 'cmake_target' from command line to 'None'
[0.442s] Level 5:colcon.colcon_core.verb:set package 'realsense2_camera_msgs' build argument 'cmake_target_skip_unavailable' from command line to 'False'
[0.442s] Level 5:colcon.colcon_core.verb:set package 'realsense2_camera_msgs' build argument 'cmake_clean_cache' from command line to 'False'
[0.442s] Level 5:colcon.colcon_core.verb:set package 'realsense2_camera_msgs' build argument 'cmake_clean_first' from command line to 'False'
[0.442s] Level 5:colcon.colcon_core.verb:set package 'realsense2_camera_msgs' build argument 'cmake_force_configure' from command line to 'False'
[0.442s] Level 5:colcon.colcon_core.verb:set package 'realsense2_camera_msgs' build argument 'ament_cmake_args' from command line to 'None'
[0.442s] Level 5:colcon.colcon_core.verb:set package 'realsense2_camera_msgs' build argument 'catkin_cmake_args' from command line to 'None'
[0.442s] Level 5:colcon.colcon_core.verb:set package 'realsense2_camera_msgs' build argument 'catkin_skip_building_tests' from command line to 'False'
[0.442s] DEBUG:colcon.colcon_core.verb:Building package 'realsense2_camera_msgs' with the following arguments: {'ament_cmake_args': None, 'build_base': '/home/jiaverso/Desktop/SparkCar_ROS2_WS/SparkCar_Perception/build/realsense2_camera_msgs', 'catkin_cmake_args': None, 'catkin_skip_building_tests': False, 'cmake_args': None, 'cmake_clean_cache': False, 'cmake_clean_first': False, 'cmake_force_configure': False, 'cmake_target': None, 'cmake_target_skip_unavailable': False, 'install_base': '/home/jiaverso/Desktop/SparkCar_ROS2_WS/SparkCar_Perception/install/realsense2_camera_msgs', 'merge_install': False, 'path': '/home/jiaverso/Desktop/SparkCar_ROS2_WS/SparkCar_Perception/src/realsense-ros/realsense2_camera_msgs', 'symlink_install': False, 'test_result_base': None}
[0.443s] Level 5:colcon.colcon_core.verb:set package 'fastlio2' build argument 'cmake_args' from command line to 'None'
[0.443s] Level 5:colcon.colcon_core.verb:set package 'fastlio2' build argument 'cmake_target' from command line to 'None'
[0.443s] Level 5:colcon.colcon_core.verb:set package 'fastlio2' build argument 'cmake_target_skip_unavailable' from command line to 'False'
[0.443s] Level 5:colcon.colcon_core.verb:set package 'fastlio2' build argument 'cmake_clean_cache' from command line to 'False'
[0.443s] Level 5:colcon.colcon_core.verb:set package 'fastlio2' build argument 'cmake_clean_first' from command line to 'False'
[0.443s] Level 5:colcon.colcon_core.verb:set package 'fastlio2' build argument 'cmake_force_configure' from command line to 'False'
[0.443s] Level 5:colcon.colcon_core.verb:set package 'fastlio2' build argument 'ament_cmake_args' from command line to 'None'
[0.443s] Level 5:colcon.colcon_core.verb:set package 'fastlio2' build argument 'catkin_cmake_args' from command line to 'None'
[0.443s] Level 5:colcon.colcon_core.verb:set package 'fastlio2' build argument 'catkin_skip_building_tests' from command line to 'False'
[0.443s] DEBUG:colcon.colcon_core.verb:Building package 'fastlio2' with the following arguments: {'ament_cmake_args': None, 'build_base': '/home/jiaverso/Desktop/SparkCar_ROS2_WS/SparkCar_Perception/build/fastlio2', 'catkin_cmake_args': None, 'catkin_skip_building_tests': False, 'cmake_args': None, 'cmake_clean_cache': False, 'cmake_clean_first': False, 'cmake_force_configure': False, 'cmake_target': None, 'cmake_target_skip_unavailable': False, 'install_base': '/home/jiaverso/Desktop/SparkCar_ROS2_WS/SparkCar_Perception/install/fastlio2', 'merge_install': False, 'path': '/home/jiaverso/Desktop/SparkCar_ROS2_WS/SparkCar_Perception/src/fastlio2_ros2/fastlio2', 'symlink_install': False, 'test_result_base': None}
[0.443s] Level 5:colcon.colcon_core.verb:set package 'hba' build argument 'cmake_args' from command line to 'None'
[0.443s] Level 5:colcon.colcon_core.verb:set package 'hba' build argument 'cmake_target' from command line to 'None'
[0.443s] Level 5:colcon.colcon_core.verb:set package 'hba' build argument 'cmake_target_skip_unavailable' from command line to 'False'
[0.443s] Level 5:colcon.colcon_core.verb:set package 'hba' build argument 'cmake_clean_cache' from command line to 'False'
[0.443s] Level 5:colcon.colcon_core.verb:set package 'hba' build argument 'cmake_clean_first' from command line to 'False'
[0.443s] Level 5:colcon.colcon_core.verb:set package 'hba' build argument 'cmake_force_configure' from command line to 'False'
[0.443s] Level 5:colcon.colcon_core.verb:set package 'hba' build argument 'ament_cmake_args' from command line to 'None'
[0.443s] Level 5:colcon.colcon_core.verb:set package 'hba' build argument 'catkin_cmake_args' from command line to 'None'
[0.443s] Level 5:colcon.colcon_core.verb:set package 'hba' build argument 'catkin_skip_building_tests' from command line to 'False'
[0.443s] DEBUG:colcon.colcon_core.verb:Building package 'hba' with the following arguments: {'ament_cmake_args': None, 'build_base': '/home/jiaverso/Desktop/SparkCar_ROS2_WS/SparkCar_Perception/build/hba', 'catkin_cmake_args': None, 'catkin_skip_building_tests': False, 'cmake_args': None, 'cmake_clean_cache': False, 'cmake_clean_first': False, 'cmake_force_configure': False, 'cmake_target': None, 'cmake_target_skip_unavailable': False, 'install_base': '/home/jiaverso/Desktop/SparkCar_ROS2_WS/SparkCar_Perception/install/hba', 'merge_install': False, 'path': '/home/jiaverso/Desktop/SparkCar_ROS2_WS/SparkCar_Perception/src/fastlio2_ros2/hba', 'symlink_install': False, 'test_result_base': None}
[0.443s] Level 5:colcon.colcon_core.verb:set package 'localizer' build argument 'cmake_args' from command line to 'None'
[0.443s] Level 5:colcon.colcon_core.verb:set package 'localizer' build argument 'cmake_target' from command line to 'None'
[0.443s] Level 5:colcon.colcon_core.verb:set package 'localizer' build argument 'cmake_target_skip_unavailable' from command line to 'False'
[0.443s] Level 5:colcon.colcon_core.verb:set package 'localizer' build argument 'cmake_clean_cache' from command line to 'False'
[0.443s] Level 5:colcon.colcon_core.verb:set package 'localizer' build argument 'cmake_clean_first' from command line to 'False'
[0.443s] Level 5:colcon.colcon_core.verb:set package 'localizer' build argument 'cmake_force_configure' from command line to 'False'
[0.443s] Level 5:colcon.colcon_core.verb:set package 'localizer' build argument 'ament_cmake_args' from command line to 'None'
[0.444s] Level 5:colcon.colcon_core.verb:set package 'localizer' build argument 'catkin_cmake_args' from command line to 'None'
[0.444s] Level 5:colcon.colcon_core.verb:set package 'localizer' build argument 'catkin_skip_building_tests' from command line to 'False'
[0.444s] DEBUG:colcon.colcon_core.verb:Building package 'localizer' with the following arguments: {'ament_cmake_args': None, 'build_base': '/home/jiaverso/Desktop/SparkCar_ROS2_WS/SparkCar_Perception/build/localizer', 'catkin_cmake_args': None, 'catkin_skip_building_tests': False, 'cmake_args': None, 'cmake_clean_cache': False, 'cmake_clean_first': False, 'cmake_force_configure': False, 'cmake_target': None, 'cmake_target_skip_unavailable': False, 'install_base': '/home/jiaverso/Desktop/SparkCar_ROS2_WS/SparkCar_Perception/install/localizer', 'merge_install': False, 'path': '/home/jiaverso/Desktop/SparkCar_ROS2_WS/SparkCar_Perception/src/fastlio2_ros2/localizer', 'symlink_install': False, 'test_result_base': None}
[0.444s] Level 5:colcon.colcon_core.verb:set package 'realsense2_camera' build argument 'cmake_args' from command line to 'None'
[0.444s] Level 5:colcon.colcon_core.verb:set package 'realsense2_camera' build argument 'cmake_target' from command line to 'None'
[0.444s] Level 5:colcon.colcon_core.verb:set package 'realsense2_camera' build argument 'cmake_target_skip_unavailable' from command line to 'False'
[0.444s] Level 5:colcon.colcon_core.verb:set package 'realsense2_camera' build argument 'cmake_clean_cache' from command line to 'False'
[0.444s] Level 5:colcon.colcon_core.verb:set package 'realsense2_camera' build argument 'cmake_clean_first' from command line to 'False'
[0.444s] Level 5:colcon.colcon_core.verb:set package 'realsense2_camera' build argument 'cmake_force_configure' from command line to 'False'
[0.444s] Level 5:colcon.colcon_core.verb:set package 'realsense2_camera' build argument 'ament_cmake_args' from command line to 'None'
[0.444s] Level 5:colcon.colcon_core.verb:set package 'realsense2_camera' build argument 'catkin_cmake_args' from command line to 'None'
[0.444s] Level 5:colcon.colcon_core.verb:set package 'realsense2_camera' build argument 'catkin_skip_building_tests' from command line to 'False'
[0.444s] DEBUG:colcon.colcon_core.verb:Building package 'realsense2_camera' with the following arguments: {'ament_cmake_args': None, 'build_base': '/home/jiaverso/Desktop/SparkCar_ROS2_WS/SparkCar_Perception/build/realsense2_camera', 'catkin_cmake_args': None, 'catkin_skip_building_tests': False, 'cmake_args': None, 'cmake_clean_cache': False, 'cmake_clean_first': False, 'cmake_force_configure': False, 'cmake_target': None, 'cmake_target_skip_unavailable': False, 'install_base': '/home/jiaverso/Desktop/SparkCar_ROS2_WS/SparkCar_Perception/install/realsense2_camera', 'merge_install': False, 'path': '/home/jiaverso/Desktop/SparkCar_ROS2_WS/SparkCar_Perception/src/realsense-ros/realsense2_camera', 'symlink_install': False, 'test_result_base': None}
[0.444s] Level 5:colcon.colcon_core.verb:set package 'realsense2_description' build argument 'cmake_args' from command line to 'None'
[0.444s] Level 5:colcon.colcon_core.verb:set package 'realsense2_description' build argument 'cmake_target' from command line to 'None'
[0.444s] Level 5:colcon.colcon_core.verb:set package 'realsense2_description' build argument 'cmake_target_skip_unavailable' from command line to 'False'
[0.444s] Level 5:colcon.colcon_core.verb:set package 'realsense2_description' build argument 'cmake_clean_cache' from command line to 'False'
[0.444s] Level 5:colcon.colcon_core.verb:set package 'realsense2_description' build argument 'cmake_clean_first' from command line to 'False'
[0.444s] Level 5:colcon.colcon_core.verb:set package 'realsense2_description' build argument 'cmake_force_configure' from command line to 'False'
[0.444s] Level 5:colcon.colcon_core.verb:set package 'realsense2_description' build argument 'ament_cmake_args' from command line to 'None'
[0.444s] Level 5:colcon.colcon_core.verb:set package 'realsense2_description' build argument 'catkin_cmake_args' from command line to 'None'
[0.444s] Level 5:colcon.colcon_core.verb:set package 'realsense2_description' build argument 'catkin_skip_building_tests' from command line to 'False'
[0.444s] DEBUG:colcon.colcon_core.verb:Building package 'realsense2_description' with the following arguments: {'ament_cmake_args': None, 'build_base': '/home/jiaverso/Desktop/SparkCar_ROS2_WS/SparkCar_Perception/build/realsense2_description', 'catkin_cmake_args': None, 'catkin_skip_building_tests': False, 'cmake_args': None, 'cmake_clean_cache': False, 'cmake_clean_first': False, 'cmake_force_configure': False, 'cmake_target': None, 'cmake_target_skip_unavailable': False, 'install_base': '/home/jiaverso/Desktop/SparkCar_ROS2_WS/SparkCar_Perception/install/realsense2_description', 'merge_install': False, 'path': '/home/jiaverso/Desktop/SparkCar_ROS2_WS/SparkCar_Perception/src/realsense-ros/realsense2_description', 'symlink_install': False, 'test_result_base': None}
[0.444s] INFO:colcon.colcon_core.executor:Executing jobs using 'parallel' executor
[0.445s] DEBUG:colcon.colcon_parallel_executor.executor.parallel:run_until_complete
[0.445s] INFO:colcon.colcon_ros.task.ament_cmake.build:Building ROS package in '/home/jiaverso/Desktop/SparkCar_ROS2_WS/SparkCar_Perception/src/fastlio2_ros2/interface' with build type 'ament_cmake'
[0.445s] INFO:colcon.colcon_cmake.task.cmake.build:Building CMake package in '/home/jiaverso/Desktop/SparkCar_ROS2_WS/SparkCar_Perception/src/fastlio2_ros2/interface'
[0.449s] INFO:colcon.colcon_core.plugin_system:Skipping extension 'colcon_core.shell.bat': Not used on non-Windows systems
[0.449s] INFO:colcon.colcon_core.shell:Skip shell extension 'powershell' for command environment: Not usable outside of PowerShell
[0.449s] DEBUG:colcon.colcon_core.shell:Skip shell extension 'dsv' for command environment
[0.452s] INFO:colcon.colcon_ros.task.ament_cmake.build:Building ROS package in '/home/jiaverso/Desktop/SparkCar_ROS2_WS/SparkCar_Perception/src/realsense-ros/realsense2_camera_msgs' with build type 'ament_cmake'
[0.452s] INFO:colcon.colcon_cmake.task.cmake.build:Building CMake package in '/home/jiaverso/Desktop/SparkCar_ROS2_WS/SparkCar_Perception/src/realsense-ros/realsense2_camera_msgs'
[0.452s] INFO:colcon.colcon_core.shell:Skip shell extension 'powershell' for command environment: Not usable outside of PowerShell
[0.452s] DEBUG:colcon.colcon_core.shell:Skip shell extension 'dsv' for command environment
[0.455s] INFO:colcon.colcon_ros.task.ament_cmake.build:Building ROS package in '/home/jiaverso/Desktop/SparkCar_ROS2_WS/SparkCar_Perception/src/livox_ros_driver2' with build type 'ament_cmake'
[0.455s] INFO:colcon.colcon_cmake.task.cmake.build:Building CMake package in '/home/jiaverso/Desktop/SparkCar_ROS2_WS/SparkCar_Perception/src/livox_ros_driver2'
[0.456s] INFO:colcon.colcon_core.shell:Skip shell extension 'powershell' for command environment: Not usable outside of PowerShell
[0.456s] DEBUG:colcon.colcon_core.shell:Skip shell extension 'dsv' for command environment
[0.462s] DEBUG:colcon.colcon_core.event_handler.log_command:Invoking command in '/home/jiaverso/Desktop/SparkCar_ROS2_WS/SparkCar_Perception/build/interface': CMAKE_PREFIX_PATH=${CMAKE_PREFIX_PATH}:/opt/ros/humble /usr/bin/cmake --build /home/jiaverso/Desktop/SparkCar_ROS2_WS/SparkCar_Perception/build/interface -- -j8 -l8
[0.468s] DEBUG:colcon.colcon_core.event_handler.log_command:Invoking command in '/home/jiaverso/Desktop/SparkCar_ROS2_WS/SparkCar_Perception/build/realsense2_camera_msgs': CMAKE_PREFIX_PATH=${CMAKE_PREFIX_PATH}:/opt/ros/humble /usr/bin/cmake --build /home/jiaverso/Desktop/SparkCar_ROS2_WS/SparkCar_Perception/build/realsense2_camera_msgs -- -j8 -l8
[0.472s] DEBUG:colcon.colcon_core.event_handler.log_command:Invoking command in '/home/jiaverso/Desktop/SparkCar_ROS2_WS/SparkCar_Perception/build/livox_ros_driver2': CMAKE_PREFIX_PATH=${CMAKE_PREFIX_PATH}:/opt/ros/humble /usr/bin/cmake --build /home/jiaverso/Desktop/SparkCar_ROS2_WS/SparkCar_Perception/build/livox_ros_driver2 -- -j8 -l8
[0.924s] DEBUG:colcon.colcon_core.event_handler.log_command:Invoked command in '/home/jiaverso/Desktop/SparkCar_ROS2_WS/SparkCar_Perception/build/interface' returned '0': CMAKE_PREFIX_PATH=${CMAKE_PREFIX_PATH}:/opt/ros/humble /usr/bin/cmake --build /home/jiaverso/Desktop/SparkCar_ROS2_WS/SparkCar_Perception/build/interface -- -j8 -l8
[0.935s] DEBUG:colcon.colcon_core.event_handler.log_command:Invoking command in '/home/jiaverso/Desktop/SparkCar_ROS2_WS/SparkCar_Perception/build/interface': CMAKE_PREFIX_PATH=${CMAKE_PREFIX_PATH}:/opt/ros/humble /usr/bin/cmake --install /home/jiaverso/Desktop/SparkCar_ROS2_WS/SparkCar_Perception/build/interface
[0.951s] DEBUG:colcon.colcon_core.event_handler.log_command:Invoked command in '/home/jiaverso/Desktop/SparkCar_ROS2_WS/SparkCar_Perception/build/livox_ros_driver2' returned '0': CMAKE_PREFIX_PATH=${CMAKE_PREFIX_PATH}:/opt/ros/humble /usr/bin/cmake --build /home/jiaverso/Desktop/SparkCar_ROS2_WS/SparkCar_Perception/build/livox_ros_driver2 -- -j8 -l8
[0.953s] DEBUG:colcon.colcon_core.event_handler.log_command:Invoking command in '/home/jiaverso/Desktop/SparkCar_ROS2_WS/SparkCar_Perception/build/livox_ros_driver2': CMAKE_PREFIX_PATH=${CMAKE_PREFIX_PATH}:/opt/ros/humble /usr/bin/cmake --install /home/jiaverso/Desktop/SparkCar_ROS2_WS/SparkCar_Perception/build/livox_ros_driver2
[0.960s] DEBUG:colcon.colcon_core.event_handler.log_command:Invoked command in '/home/jiaverso/Desktop/SparkCar_ROS2_WS/SparkCar_Perception/build/realsense2_camera_msgs' returned '0': CMAKE_PREFIX_PATH=${CMAKE_PREFIX_PATH}:/opt/ros/humble /usr/bin/cmake --build /home/jiaverso/Desktop/SparkCar_ROS2_WS/SparkCar_Perception/build/realsense2_camera_msgs -- -j8 -l8
[0.966s] DEBUG:colcon.colcon_core.event_handler.log_command:Invoking command in '/home/jiaverso/Desktop/SparkCar_ROS2_WS/SparkCar_Perception/build/realsense2_camera_msgs': CMAKE_PREFIX_PATH=${CMAKE_PREFIX_PATH}:/opt/ros/humble /usr/bin/cmake --install /home/jiaverso/Desktop/SparkCar_ROS2_WS/SparkCar_Perception/build/realsense2_camera_msgs
[0.998s] Level 1:colcon.colcon_core.environment:create_environment_scripts_only(interface)
[1.007s] DEBUG:colcon.colcon_core.event_handler.log_command:Invoked command in '/home/jiaverso/Desktop/SparkCar_ROS2_WS/SparkCar_Perception/build/interface' returned '0': CMAKE_PREFIX_PATH=${CMAKE_PREFIX_PATH}:/opt/ros/humble /usr/bin/cmake --install /home/jiaverso/Desktop/SparkCar_ROS2_WS/SparkCar_Perception/build/interface
[1.014s] Level 1:colcon.colcon_core.environment:checking '/home/jiaverso/Desktop/SparkCar_ROS2_WS/SparkCar_Perception/install/interface' for CMake module files
[1.015s] Level 1:colcon.colcon_core.environment:checking '/home/jiaverso/Desktop/SparkCar_ROS2_WS/SparkCar_Perception/install/interface' for CMake config files
[1.015s] Level 1:colcon.colcon_core.shell:create_environment_hook('interface', 'cmake_prefix_path')
[1.015s] INFO:colcon.colcon_core.shell:Creating environment hook '/home/jiaverso/Desktop/SparkCar_ROS2_WS/SparkCar_Perception/install/interface/share/interface/hook/cmake_prefix_path.ps1'
[1.016s] INFO:colcon.colcon_core.shell:Creating environment descriptor '/home/jiaverso/Desktop/SparkCar_ROS2_WS/SparkCar_Perception/install/interface/share/interface/hook/cmake_prefix_path.dsv'
[1.017s] INFO:colcon.colcon_core.shell:Creating environment hook '/home/jiaverso/Desktop/SparkCar_ROS2_WS/SparkCar_Perception/install/interface/share/interface/hook/cmake_prefix_path.sh'
[1.017s] Level 1:colcon.colcon_core.environment:checking '/home/jiaverso/Desktop/SparkCar_ROS2_WS/SparkCar_Perception/install/interface/lib'
[1.018s] Level 1:colcon.colcon_core.shell:create_environment_hook('interface', 'ld_library_path_lib')
[1.018s] INFO:colcon.colcon_core.shell:Creating environment hook '/home/jiaverso/Desktop/SparkCar_ROS2_WS/SparkCar_Perception/install/interface/share/interface/hook/ld_library_path_lib.ps1'
[1.018s] INFO:colcon.colcon_core.shell:Creating environment descriptor '/home/jiaverso/Desktop/SparkCar_ROS2_WS/SparkCar_Perception/install/interface/share/interface/hook/ld_library_path_lib.dsv'
[1.018s] INFO:colcon.colcon_core.shell:Creating environment hook '/home/jiaverso/Desktop/SparkCar_ROS2_WS/SparkCar_Perception/install/interface/share/interface/hook/ld_library_path_lib.sh'
[1.018s] Level 1:colcon.colcon_core.environment:checking '/home/jiaverso/Desktop/SparkCar_ROS2_WS/SparkCar_Perception/install/interface/bin'
[1.018s] Level 1:colcon.colcon_core.environment:checking '/home/jiaverso/Desktop/SparkCar_ROS2_WS/SparkCar_Perception/install/interface/lib/pkgconfig/interface.pc'
[1.019s] Level 1:colcon.colcon_core.environment:checking '/home/jiaverso/Desktop/SparkCar_ROS2_WS/SparkCar_Perception/install/interface/lib/python3.10/site-packages'
[1.019s] Level 1:colcon.colcon_core.environment:checking '/home/jiaverso/Desktop/SparkCar_ROS2_WS/SparkCar_Perception/install/interface/bin'
[1.019s] INFO:colcon.colcon_core.shell:Creating package script '/home/jiaverso/Desktop/SparkCar_ROS2_WS/SparkCar_Perception/install/interface/share/interface/package.ps1'
[1.020s] INFO:colcon.colcon_core.shell:Creating package descriptor '/home/jiaverso/Desktop/SparkCar_ROS2_WS/SparkCar_Perception/install/interface/share/interface/package.dsv'
[1.021s] INFO:colcon.colcon_core.shell:Creating package script '/home/jiaverso/Desktop/SparkCar_ROS2_WS/SparkCar_Perception/install/interface/share/interface/package.sh'
[1.022s] INFO:colcon.colcon_core.shell:Creating package script '/home/jiaverso/Desktop/SparkCar_ROS2_WS/SparkCar_Perception/install/interface/share/interface/package.bash'
[1.023s] INFO:colcon.colcon_core.shell:Creating package script '/home/jiaverso/Desktop/SparkCar_ROS2_WS/SparkCar_Perception/install/interface/share/interface/package.zsh'
[1.024s] Level 1:colcon.colcon_core.environment:create_file_with_runtime_dependencies(/home/jiaverso/Desktop/SparkCar_ROS2_WS/SparkCar_Perception/install/interface/share/colcon-core/packages/interface)
[1.024s] Level 1:colcon.colcon_core.environment:create_environment_scripts_only(interface)
[1.024s] Level 1:colcon.colcon_core.environment:checking '/home/jiaverso/Desktop/SparkCar_ROS2_WS/SparkCar_Perception/install/interface' for CMake module files
[1.025s] Level 1:colcon.colcon_core.environment:checking '/home/jiaverso/Desktop/SparkCar_ROS2_WS/SparkCar_Perception/install/interface' for CMake config files
[1.031s] Level 1:colcon.colcon_core.shell:create_environment_hook('interface', 'cmake_prefix_path')
[1.032s] INFO:colcon.colcon_core.shell:Creating environment hook '/home/jiaverso/Desktop/SparkCar_ROS2_WS/SparkCar_Perception/install/interface/share/interface/hook/cmake_prefix_path.ps1'
[1.033s] INFO:colcon.colcon_core.shell:Creating environment descriptor '/home/jiaverso/Desktop/SparkCar_ROS2_WS/SparkCar_Perception/install/interface/share/interface/hook/cmake_prefix_path.dsv'
[1.033s] INFO:colcon.colcon_core.shell:Creating environment hook '/home/jiaverso/Desktop/SparkCar_ROS2_WS/SparkCar_Perception/install/interface/share/interface/hook/cmake_prefix_path.sh'
[1.034s] Level 1:colcon.colcon_core.environment:checking '/home/jiaverso/Desktop/SparkCar_ROS2_WS/SparkCar_Perception/install/interface/lib'
[1.034s] Level 1:colcon.colcon_core.shell:create_environment_hook('interface', 'ld_library_path_lib')
[1.034s] INFO:colcon.colcon_core.shell:Creating environment hook '/home/jiaverso/Desktop/SparkCar_ROS2_WS/SparkCar_Perception/install/interface/share/interface/hook/ld_library_path_lib.ps1'
[1.035s] INFO:colcon.colcon_core.shell:Creating environment descriptor '/home/jiaverso/Desktop/SparkCar_ROS2_WS/SparkCar_Perception/install/interface/share/interface/hook/ld_library_path_lib.dsv'
[1.036s] INFO:colcon.colcon_core.shell:Creating environment hook '/home/jiaverso/Desktop/SparkCar_ROS2_WS/SparkCar_Perception/install/interface/share/interface/hook/ld_library_path_lib.sh'
[1.036s] Level 1:colcon.colcon_core.environment:checking '/home/jiaverso/Desktop/SparkCar_ROS2_WS/SparkCar_Perception/install/interface/bin'
[1.036s] Level 1:colcon.colcon_core.environment:checking '/home/jiaverso/Desktop/SparkCar_ROS2_WS/SparkCar_Perception/install/interface/lib/pkgconfig/interface.pc'
[1.036s] Level 1:colcon.colcon_core.environment:checking '/home/jiaverso/Desktop/SparkCar_ROS2_WS/SparkCar_Perception/install/interface/lib/python3.10/site-packages'
[1.036s] Level 1:colcon.colcon_core.environment:checking '/home/jiaverso/Desktop/SparkCar_ROS2_WS/SparkCar_Perception/install/interface/bin'
[1.036s] INFO:colcon.colcon_core.shell:Creating package script '/home/jiaverso/Desktop/SparkCar_ROS2_WS/SparkCar_Perception/install/interface/share/interface/package.ps1'
[1.037s] INFO:colcon.colcon_core.shell:Creating package descriptor '/home/jiaverso/Desktop/SparkCar_ROS2_WS/SparkCar_Perception/install/interface/share/interface/package.dsv'
[1.037s] INFO:colcon.colcon_core.shell:Creating package script '/home/jiaverso/Desktop/SparkCar_ROS2_WS/SparkCar_Perception/install/interface/share/interface/package.sh'
[1.038s] INFO:colcon.colcon_core.shell:Creating package script '/home/jiaverso/Desktop/SparkCar_ROS2_WS/SparkCar_Perception/install/interface/share/interface/package.bash'
[1.038s] INFO:colcon.colcon_core.shell:Creating package script '/home/jiaverso/Desktop/SparkCar_ROS2_WS/SparkCar_Perception/install/interface/share/interface/package.zsh'
[1.038s] Level 1:colcon.colcon_core.environment:create_file_with_runtime_dependencies(/home/jiaverso/Desktop/SparkCar_ROS2_WS/SparkCar_Perception/install/interface/share/colcon-core/packages/interface)
[1.038s] INFO:colcon.colcon_ros.task.ament_cmake.build:Building ROS package in '/home/jiaverso/Desktop/SparkCar_ROS2_WS/SparkCar_Perception/src/fastlio2_ros2/hba' with build type 'ament_cmake'
[1.039s] INFO:colcon.colcon_cmake.task.cmake.build:Building CMake package in '/home/jiaverso/Desktop/SparkCar_ROS2_WS/SparkCar_Perception/src/fastlio2_ros2/hba'
[1.039s] INFO:colcon.colcon_core.shell:Skip shell extension 'powershell' for command environment: Not usable outside of PowerShell
[1.039s] DEBUG:colcon.colcon_core.shell:Skip shell extension 'dsv' for command environment
[1.042s] INFO:colcon.colcon_ros.task.ament_cmake.build:Building ROS package in '/home/jiaverso/Desktop/SparkCar_ROS2_WS/SparkCar_Perception/src/fastlio2_ros2/localizer' with build type 'ament_cmake'
[1.042s] INFO:colcon.colcon_cmake.task.cmake.build:Building CMake package in '/home/jiaverso/Desktop/SparkCar_ROS2_WS/SparkCar_Perception/src/fastlio2_ros2/localizer'
[1.042s] INFO:colcon.colcon_core.shell:Skip shell extension 'powershell' for command environment: Not usable outside of PowerShell
[1.042s] DEBUG:colcon.colcon_core.shell:Skip shell extension 'dsv' for command environment
[1.045s] Level 1:colcon.colcon_core.environment:create_environment_scripts_only(realsense2_camera_msgs)
[1.046s] Level 1:colcon.colcon_core.environment:checking '/home/jiaverso/Desktop/SparkCar_ROS2_WS/SparkCar_Perception/install/realsense2_camera_msgs' for CMake module files
[1.046s] DEBUG:colcon.colcon_core.event_handler.log_command:Invoked command in '/home/jiaverso/Desktop/SparkCar_ROS2_WS/SparkCar_Perception/build/realsense2_camera_msgs' returned '0': CMAKE_PREFIX_PATH=${CMAKE_PREFIX_PATH}:/opt/ros/humble /usr/bin/cmake --install /home/jiaverso/Desktop/SparkCar_ROS2_WS/SparkCar_Perception/build/realsense2_camera_msgs
[1.047s] Level 1:colcon.colcon_core.environment:checking '/home/jiaverso/Desktop/SparkCar_ROS2_WS/SparkCar_Perception/install/realsense2_camera_msgs' for CMake config files
[1.047s] Level 1:colcon.colcon_core.shell:create_environment_hook('realsense2_camera_msgs', 'cmake_prefix_path')
[1.047s] INFO:colcon.colcon_core.shell:Creating environment hook '/home/jiaverso/Desktop/SparkCar_ROS2_WS/SparkCar_Perception/install/realsense2_camera_msgs/share/realsense2_camera_msgs/hook/cmake_prefix_path.ps1'
[1.048s] INFO:colcon.colcon_core.shell:Creating environment descriptor '/home/jiaverso/Desktop/SparkCar_ROS2_WS/SparkCar_Perception/install/realsense2_camera_msgs/share/realsense2_camera_msgs/hook/cmake_prefix_path.dsv'
[1.048s] INFO:colcon.colcon_core.shell:Creating environment hook '/home/jiaverso/Desktop/SparkCar_ROS2_WS/SparkCar_Perception/install/realsense2_camera_msgs/share/realsense2_camera_msgs/hook/cmake_prefix_path.sh'
[1.048s] Level 1:colcon.colcon_core.environment:checking '/home/jiaverso/Desktop/SparkCar_ROS2_WS/SparkCar_Perception/install/realsense2_camera_msgs/lib'
[1.048s] Level 1:colcon.colcon_core.shell:create_environment_hook('realsense2_camera_msgs', 'ld_library_path_lib')
[1.049s] INFO:colcon.colcon_core.shell:Creating environment hook '/home/jiaverso/Desktop/SparkCar_ROS2_WS/SparkCar_Perception/install/realsense2_camera_msgs/share/realsense2_camera_msgs/hook/ld_library_path_lib.ps1'
[1.049s] INFO:colcon.colcon_core.shell:Creating environment descriptor '/home/jiaverso/Desktop/SparkCar_ROS2_WS/SparkCar_Perception/install/realsense2_camera_msgs/share/realsense2_camera_msgs/hook/ld_library_path_lib.dsv'
[1.049s] INFO:colcon.colcon_core.shell:Creating environment hook '/home/jiaverso/Desktop/SparkCar_ROS2_WS/SparkCar_Perception/install/realsense2_camera_msgs/share/realsense2_camera_msgs/hook/ld_library_path_lib.sh'
[1.049s] Level 1:colcon.colcon_core.environment:checking '/home/jiaverso/Desktop/SparkCar_ROS2_WS/SparkCar_Perception/install/realsense2_camera_msgs/bin'
[1.049s] Level 1:colcon.colcon_core.environment:checking '/home/jiaverso/Desktop/SparkCar_ROS2_WS/SparkCar_Perception/install/realsense2_camera_msgs/lib/pkgconfig/realsense2_camera_msgs.pc'
[1.050s] Level 1:colcon.colcon_core.environment:checking '/home/jiaverso/Desktop/SparkCar_ROS2_WS/SparkCar_Perception/install/realsense2_camera_msgs/lib/python3.10/site-packages'
[1.050s] Level 1:colcon.colcon_core.environment:checking '/home/jiaverso/Desktop/SparkCar_ROS2_WS/SparkCar_Perception/install/realsense2_camera_msgs/bin'
[1.050s] INFO:colcon.colcon_core.shell:Creating package script '/home/jiaverso/Desktop/SparkCar_ROS2_WS/SparkCar_Perception/install/realsense2_camera_msgs/share/realsense2_camera_msgs/package.ps1'
[1.051s] INFO:colcon.colcon_core.shell:Creating package descriptor '/home/jiaverso/Desktop/SparkCar_ROS2_WS/SparkCar_Perception/install/realsense2_camera_msgs/share/realsense2_camera_msgs/package.dsv'
[1.051s] INFO:colcon.colcon_core.shell:Creating package script '/home/jiaverso/Desktop/SparkCar_ROS2_WS/SparkCar_Perception/install/realsense2_camera_msgs/share/realsense2_camera_msgs/package.sh'
[1.051s] INFO:colcon.colcon_core.shell:Creating package script '/home/jiaverso/Desktop/SparkCar_ROS2_WS/SparkCar_Perception/install/realsense2_camera_msgs/share/realsense2_camera_msgs/package.bash'
[1.051s] INFO:colcon.colcon_core.shell:Creating package script '/home/jiaverso/Desktop/SparkCar_ROS2_WS/SparkCar_Perception/install/realsense2_camera_msgs/share/realsense2_camera_msgs/package.zsh'
[1.052s] Level 1:colcon.colcon_core.environment:create_file_with_runtime_dependencies(/home/jiaverso/Desktop/SparkCar_ROS2_WS/SparkCar_Perception/install/realsense2_camera_msgs/share/colcon-core/packages/realsense2_camera_msgs)
[1.052s] Level 1:colcon.colcon_core.environment:create_environment_scripts_only(realsense2_camera_msgs)
[1.052s] Level 1:colcon.colcon_core.environment:checking '/home/jiaverso/Desktop/SparkCar_ROS2_WS/SparkCar_Perception/install/realsense2_camera_msgs' for CMake module files
[1.053s] Level 1:colcon.colcon_core.environment:checking '/home/jiaverso/Desktop/SparkCar_ROS2_WS/SparkCar_Perception/install/realsense2_camera_msgs' for CMake config files
[1.053s] Level 1:colcon.colcon_core.shell:create_environment_hook('realsense2_camera_msgs', 'cmake_prefix_path')
[1.053s] INFO:colcon.colcon_core.shell:Creating environment hook '/home/jiaverso/Desktop/SparkCar_ROS2_WS/SparkCar_Perception/install/realsense2_camera_msgs/share/realsense2_camera_msgs/hook/cmake_prefix_path.ps1'
[1.054s] INFO:colcon.colcon_core.shell:Creating environment descriptor '/home/jiaverso/Desktop/SparkCar_ROS2_WS/SparkCar_Perception/install/realsense2_camera_msgs/share/realsense2_camera_msgs/hook/cmake_prefix_path.dsv'
[1.054s] INFO:colcon.colcon_core.shell:Creating environment hook '/home/jiaverso/Desktop/SparkCar_ROS2_WS/SparkCar_Perception/install/realsense2_camera_msgs/share/realsense2_camera_msgs/hook/cmake_prefix_path.sh'
[1.054s] Level 1:colcon.colcon_core.environment:checking '/home/jiaverso/Desktop/SparkCar_ROS2_WS/SparkCar_Perception/install/realsense2_camera_msgs/lib'
[1.054s] Level 1:colcon.colcon_core.shell:create_environment_hook('realsense2_camera_msgs', 'ld_library_path_lib')
[1.054s] INFO:colcon.colcon_core.shell:Creating environment hook '/home/jiaverso/Desktop/SparkCar_ROS2_WS/SparkCar_Perception/install/realsense2_camera_msgs/share/realsense2_camera_msgs/hook/ld_library_path_lib.ps1'
[1.055s] INFO:colcon.colcon_core.shell:Creating environment descriptor '/home/jiaverso/Desktop/SparkCar_ROS2_WS/SparkCar_Perception/install/realsense2_camera_msgs/share/realsense2_camera_msgs/hook/ld_library_path_lib.dsv'
[1.055s] INFO:colcon.colcon_core.shell:Creating environment hook '/home/jiaverso/Desktop/SparkCar_ROS2_WS/SparkCar_Perception/install/realsense2_camera_msgs/share/realsense2_camera_msgs/hook/ld_library_path_lib.sh'
[1.055s] Level 1:colcon.colcon_core.environment:checking '/home/jiaverso/Desktop/SparkCar_ROS2_WS/SparkCar_Perception/install/realsense2_camera_msgs/bin'
[1.055s] Level 1:colcon.colcon_core.environment:checking '/home/jiaverso/Desktop/SparkCar_ROS2_WS/SparkCar_Perception/install/realsense2_camera_msgs/lib/pkgconfig/realsense2_camera_msgs.pc'
[1.055s] Level 1:colcon.colcon_core.environment:checking '/home/jiaverso/Desktop/SparkCar_ROS2_WS/SparkCar_Perception/install/realsense2_camera_msgs/lib/python3.10/site-packages'
[1.055s] Level 1:colcon.colcon_core.environment:checking '/home/jiaverso/Desktop/SparkCar_ROS2_WS/SparkCar_Perception/install/realsense2_camera_msgs/bin'
[1.056s] INFO:colcon.colcon_core.shell:Creating package script '/home/jiaverso/Desktop/SparkCar_ROS2_WS/SparkCar_Perception/install/realsense2_camera_msgs/share/realsense2_camera_msgs/package.ps1'
[1.056s] INFO:colcon.colcon_core.shell:Creating package descriptor '/home/jiaverso/Desktop/SparkCar_ROS2_WS/SparkCar_Perception/install/realsense2_camera_msgs/share/realsense2_camera_msgs/package.dsv'
[1.056s] INFO:colcon.colcon_core.shell:Creating package script '/home/jiaverso/Desktop/SparkCar_ROS2_WS/SparkCar_Perception/install/realsense2_camera_msgs/share/realsense2_camera_msgs/package.sh'
[1.057s] INFO:colcon.colcon_core.shell:Creating package script '/home/jiaverso/Desktop/SparkCar_ROS2_WS/SparkCar_Perception/install/realsense2_camera_msgs/share/realsense2_camera_msgs/package.bash'
[1.057s] INFO:colcon.colcon_core.shell:Creating package script '/home/jiaverso/Desktop/SparkCar_ROS2_WS/SparkCar_Perception/install/realsense2_camera_msgs/share/realsense2_camera_msgs/package.zsh'
[1.057s] Level 1:colcon.colcon_core.environment:create_file_with_runtime_dependencies(/home/jiaverso/Desktop/SparkCar_ROS2_WS/SparkCar_Perception/install/realsense2_camera_msgs/share/colcon-core/packages/realsense2_camera_msgs)
[1.058s] Level 1:colcon.colcon_core.environment:create_environment_scripts_only(livox_ros_driver2)
[1.058s] Level 1:colcon.colcon_core.environment:checking '/home/jiaverso/Desktop/SparkCar_ROS2_WS/SparkCar_Perception/install/livox_ros_driver2' for CMake module files
[1.058s] DEBUG:colcon.colcon_core.event_handler.log_command:Invoked command in '/home/jiaverso/Desktop/SparkCar_ROS2_WS/SparkCar_Perception/build/livox_ros_driver2' returned '0': CMAKE_PREFIX_PATH=${CMAKE_PREFIX_PATH}:/opt/ros/humble /usr/bin/cmake --install /home/jiaverso/Desktop/SparkCar_ROS2_WS/SparkCar_Perception/build/livox_ros_driver2
[1.059s] Level 1:colcon.colcon_core.environment:checking '/home/jiaverso/Desktop/SparkCar_ROS2_WS/SparkCar_Perception/install/livox_ros_driver2' for CMake config files
[1.059s] Level 1:colcon.colcon_core.shell:create_environment_hook('livox_ros_driver2', 'cmake_prefix_path')
[1.059s] INFO:colcon.colcon_core.shell:Creating environment hook '/home/jiaverso/Desktop/SparkCar_ROS2_WS/SparkCar_Perception/install/livox_ros_driver2/share/livox_ros_driver2/hook/cmake_prefix_path.ps1'
[1.060s] INFO:colcon.colcon_core.shell:Creating environment descriptor '/home/jiaverso/Desktop/SparkCar_ROS2_WS/SparkCar_Perception/install/livox_ros_driver2/share/livox_ros_driver2/hook/cmake_prefix_path.dsv'
[1.060s] INFO:colcon.colcon_core.shell:Creating environment hook '/home/jiaverso/Desktop/SparkCar_ROS2_WS/SparkCar_Perception/install/livox_ros_driver2/share/livox_ros_driver2/hook/cmake_prefix_path.sh'
[1.061s] Level 1:colcon.colcon_core.environment:checking '/home/jiaverso/Desktop/SparkCar_ROS2_WS/SparkCar_Perception/install/livox_ros_driver2/lib'
[1.061s] Level 1:colcon.colcon_core.shell:create_environment_hook('livox_ros_driver2', 'ld_library_path_lib')
[1.061s] INFO:colcon.colcon_core.shell:Creating environment hook '/home/jiaverso/Desktop/SparkCar_ROS2_WS/SparkCar_Perception/install/livox_ros_driver2/share/livox_ros_driver2/hook/ld_library_path_lib.ps1'
[1.061s] INFO:colcon.colcon_core.shell:Creating environment descriptor '/home/jiaverso/Desktop/SparkCar_ROS2_WS/SparkCar_Perception/install/livox_ros_driver2/share/livox_ros_driver2/hook/ld_library_path_lib.dsv'
[1.062s] INFO:colcon.colcon_core.shell:Creating environment hook '/home/jiaverso/Desktop/SparkCar_ROS2_WS/SparkCar_Perception/install/livox_ros_driver2/share/livox_ros_driver2/hook/ld_library_path_lib.sh'
[1.062s] Level 1:colcon.colcon_core.environment:checking '/home/jiaverso/Desktop/SparkCar_ROS2_WS/SparkCar_Perception/install/livox_ros_driver2/bin'
[1.062s] Level 1:colcon.colcon_core.environment:checking '/home/jiaverso/Desktop/SparkCar_ROS2_WS/SparkCar_Perception/install/livox_ros_driver2/lib/pkgconfig/livox_ros_driver2.pc'
[1.062s] Level 1:colcon.colcon_core.environment:checking '/home/jiaverso/Desktop/SparkCar_ROS2_WS/SparkCar_Perception/install/livox_ros_driver2/lib/python3.10/site-packages'
[1.062s] Level 1:colcon.colcon_core.environment:checking '/home/jiaverso/Desktop/SparkCar_ROS2_WS/SparkCar_Perception/install/livox_ros_driver2/bin'
[1.063s] INFO:colcon.colcon_core.shell:Creating package script '/home/jiaverso/Desktop/SparkCar_ROS2_WS/SparkCar_Perception/install/livox_ros_driver2/share/livox_ros_driver2/package.ps1'
[1.063s] INFO:colcon.colcon_core.shell:Creating package descriptor '/home/jiaverso/Desktop/SparkCar_ROS2_WS/SparkCar_Perception/install/livox_ros_driver2/share/livox_ros_driver2/package.dsv'
[1.064s] INFO:colcon.colcon_core.shell:Creating package script '/home/jiaverso/Desktop/SparkCar_ROS2_WS/SparkCar_Perception/install/livox_ros_driver2/share/livox_ros_driver2/package.sh'
[1.064s] INFO:colcon.colcon_core.shell:Creating package script '/home/jiaverso/Desktop/SparkCar_ROS2_WS/SparkCar_Perception/install/livox_ros_driver2/share/livox_ros_driver2/package.bash'
[1.064s] INFO:colcon.colcon_core.shell:Creating package script '/home/jiaverso/Desktop/SparkCar_ROS2_WS/SparkCar_Perception/install/livox_ros_driver2/share/livox_ros_driver2/package.zsh'
[1.064s] Level 1:colcon.colcon_core.environment:create_file_with_runtime_dependencies(/home/jiaverso/Desktop/SparkCar_ROS2_WS/SparkCar_Perception/install/livox_ros_driver2/share/colcon-core/packages/livox_ros_driver2)
[1.065s] Level 1:colcon.colcon_core.environment:create_environment_scripts_only(livox_ros_driver2)
[1.065s] Level 1:colcon.colcon_core.environment:checking '/home/jiaverso/Desktop/SparkCar_ROS2_WS/SparkCar_Perception/install/livox_ros_driver2' for CMake module files
[1.065s] Level 1:colcon.colcon_core.environment:checking '/home/jiaverso/Desktop/SparkCar_ROS2_WS/SparkCar_Perception/install/livox_ros_driver2' for CMake config files
[1.066s] Level 1:colcon.colcon_core.shell:create_environment_hook('livox_ros_driver2', 'cmake_prefix_path')
[1.066s] INFO:colcon.colcon_core.shell:Creating environment hook '/home/jiaverso/Desktop/SparkCar_ROS2_WS/SparkCar_Perception/install/livox_ros_driver2/share/livox_ros_driver2/hook/cmake_prefix_path.ps1'
[1.066s] INFO:colcon.colcon_core.shell:Creating environment descriptor '/home/jiaverso/Desktop/SparkCar_ROS2_WS/SparkCar_Perception/install/livox_ros_driver2/share/livox_ros_driver2/hook/cmake_prefix_path.dsv'
[1.066s] INFO:colcon.colcon_core.shell:Creating environment hook '/home/jiaverso/Desktop/SparkCar_ROS2_WS/SparkCar_Perception/install/livox_ros_driver2/share/livox_ros_driver2/hook/cmake_prefix_path.sh'
[1.067s] Level 1:colcon.colcon_core.environment:checking '/home/jiaverso/Desktop/SparkCar_ROS2_WS/SparkCar_Perception/install/livox_ros_driver2/lib'
[1.067s] Level 1:colcon.colcon_core.shell:create_environment_hook('livox_ros_driver2', 'ld_library_path_lib')
[1.067s] INFO:colcon.colcon_core.shell:Creating environment hook '/home/jiaverso/Desktop/SparkCar_ROS2_WS/SparkCar_Perception/install/livox_ros_driver2/share/livox_ros_driver2/hook/ld_library_path_lib.ps1'
[1.067s] INFO:colcon.colcon_core.shell:Creating environment descriptor '/home/jiaverso/Desktop/SparkCar_ROS2_WS/SparkCar_Perception/install/livox_ros_driver2/share/livox_ros_driver2/hook/ld_library_path_lib.dsv'
[1.067s] INFO:colcon.colcon_core.shell:Creating environment hook '/home/jiaverso/Desktop/SparkCar_ROS2_WS/SparkCar_Perception/install/livox_ros_driver2/share/livox_ros_driver2/hook/ld_library_path_lib.sh'
[1.068s] Level 1:colcon.colcon_core.environment:checking '/home/jiaverso/Desktop/SparkCar_ROS2_WS/SparkCar_Perception/install/livox_ros_driver2/bin'
[1.068s] Level 1:colcon.colcon_core.environment:checking '/home/jiaverso/Desktop/SparkCar_ROS2_WS/SparkCar_Perception/install/livox_ros_driver2/lib/pkgconfig/livox_ros_driver2.pc'
[1.068s] Level 1:colcon.colcon_core.environment:checking '/home/jiaverso/Desktop/SparkCar_ROS2_WS/SparkCar_Perception/install/livox_ros_driver2/lib/python3.10/site-packages'
[1.068s] Level 1:colcon.colcon_core.environment:checking '/home/jiaverso/Desktop/SparkCar_ROS2_WS/SparkCar_Perception/install/livox_ros_driver2/bin'
[1.068s] INFO:colcon.colcon_core.shell:Creating package script '/home/jiaverso/Desktop/SparkCar_ROS2_WS/SparkCar_Perception/install/livox_ros_driver2/share/livox_ros_driver2/package.ps1'
[1.069s] INFO:colcon.colcon_core.shell:Creating package descriptor '/home/jiaverso/Desktop/SparkCar_ROS2_WS/SparkCar_Perception/install/livox_ros_driver2/share/livox_ros_driver2/package.dsv'
[1.069s] INFO:colcon.colcon_core.shell:Creating package script '/home/jiaverso/Desktop/SparkCar_ROS2_WS/SparkCar_Perception/install/livox_ros_driver2/share/livox_ros_driver2/package.sh'
[1.069s] INFO:colcon.colcon_core.shell:Creating package script '/home/jiaverso/Desktop/SparkCar_ROS2_WS/SparkCar_Perception/install/livox_ros_driver2/share/livox_ros_driver2/package.bash'
[1.070s] INFO:colcon.colcon_core.shell:Creating package script '/home/jiaverso/Desktop/SparkCar_ROS2_WS/SparkCar_Perception/install/livox_ros_driver2/share/livox_ros_driver2/package.zsh'
[1.070s] Level 1:colcon.colcon_core.environment:create_file_with_runtime_dependencies(/home/jiaverso/Desktop/SparkCar_ROS2_WS/SparkCar_Perception/install/livox_ros_driver2/share/colcon-core/packages/livox_ros_driver2)
[1.071s] INFO:colcon.colcon_ros.task.ament_cmake.build:Building ROS package in '/home/jiaverso/Desktop/SparkCar_ROS2_WS/SparkCar_Perception/src/fastlio2_ros2/fastlio2' with build type 'ament_cmake'
[1.071s] INFO:colcon.colcon_cmake.task.cmake.build:Building CMake package in '/home/jiaverso/Desktop/SparkCar_ROS2_WS/SparkCar_Perception/src/fastlio2_ros2/fastlio2'
[1.071s] INFO:colcon.colcon_core.shell:Skip shell extension 'powershell' for command environment: Not usable outside of PowerShell
[1.071s] DEBUG:colcon.colcon_core.shell:Skip shell extension 'dsv' for command environment
[1.074s] INFO:colcon.colcon_ros.task.ament_cmake.build:Building ROS package in '/home/jiaverso/Desktop/SparkCar_ROS2_WS/SparkCar_Perception/src/realsense-ros/realsense2_camera' with build type 'ament_cmake'
[1.074s] INFO:colcon.colcon_cmake.task.cmake.build:Building CMake package in '/home/jiaverso/Desktop/SparkCar_ROS2_WS/SparkCar_Perception/src/realsense-ros/realsense2_camera'
[1.074s] INFO:colcon.colcon_core.shell:Skip shell extension 'powershell' for command environment: Not usable outside of PowerShell
[1.074s] DEBUG:colcon.colcon_core.shell:Skip shell extension 'dsv' for command environment
[1.077s] INFO:colcon.colcon_ros.task.ament_cmake.build:Building ROS package in '/home/jiaverso/Desktop/SparkCar_ROS2_WS/SparkCar_Perception/src/realsense-ros/realsense2_description' with build type 'ament_cmake'
[1.077s] INFO:colcon.colcon_cmake.task.cmake.build:Building CMake package in '/home/jiaverso/Desktop/SparkCar_ROS2_WS/SparkCar_Perception/src/realsense-ros/realsense2_description'
[1.077s] INFO:colcon.colcon_core.shell:Skip shell extension 'powershell' for command environment: Not usable outside of PowerShell
[1.077s] DEBUG:colcon.colcon_core.shell:Skip shell extension 'dsv' for command environment
[1.086s] DEBUG:colcon.colcon_core.event_handler.log_command:Invoking command in '/home/jiaverso/Desktop/SparkCar_ROS2_WS/SparkCar_Perception/build/hba': CMAKE_PREFIX_PATH=/home/jiaverso/Desktop/SparkCar_ROS2_WS/SparkCar_Perception/install/interface:/home/jiaverso/Desktop/SparkCar_ROS2_WS/SparkCar_Perception/install/realsense2_description:/home/jiaverso/Desktop/SparkCar_ROS2_WS/SparkCar_Perception/install/realsense2_camera:/home/jiaverso/Desktop/SparkCar_ROS2_WS/SparkCar_Perception/install/realsense2_camera_msgs:/home/jiaverso/Desktop/SparkCar_ROS2_WS/SparkCar_Perception/install/pgo:/home/jiaverso/Desktop/SparkCar_ROS2_WS/SparkCar_Perception/install/localizer:/home/jiaverso/Desktop/SparkCar_ROS2_WS/SparkCar_Perception/install/fastlio2:/home/jiaverso/Desktop/SparkCar_ROS2_WS/SparkCar_Perception/install/livox_ros_driver2:/home/jiaverso/Desktop/SparkCar_ROS2_WS/SparkCar_Perception/install/hba:/home/jiaverso/Desktop/SparkCar_ROS2_WS/SparkCar_Tools/install/pcd2pgm:/opt/ros/humble LD_LIBRARY_PATH=/home/jiaverso/Desktop/SparkCar_ROS2_WS/SparkCar_Perception/install/interface/lib:/home/jiaverso/Desktop/SparkCar_ROS2_WS/SparkCar_Perception/install/realsense2_camera/lib:/home/jiaverso/Desktop/SparkCar_ROS2_WS/SparkCar_Perception/install/realsense2_camera_msgs/lib:/home/jiaverso/Desktop/SparkCar_ROS2_WS/SparkCar_Perception/install/livox_ros_driver2/lib:/home/jiaverso/Desktop/SparkCar_ROS2_WS/SparkCar_Tools/install/pcd2pgm/lib:/opt/ros/humble/opt/rviz_ogre_vendor/lib:/opt/ros/humble/lib/x86_64-linux-gnu:/opt/ros/humble/lib /usr/bin/cmake --build /home/jiaverso/Desktop/SparkCar_ROS2_WS/SparkCar_Perception/build/hba -- -j8 -l8
[1.090s] DEBUG:colcon.colcon_core.event_handler.log_command:Invoking command in '/home/jiaverso/Desktop/SparkCar_ROS2_WS/SparkCar_Perception/build/localizer': CMAKE_PREFIX_PATH=/home/jiaverso/Desktop/SparkCar_ROS2_WS/SparkCar_Perception/install/interface:/home/jiaverso/Desktop/SparkCar_ROS2_WS/SparkCar_Perception/install/realsense2_description:/home/jiaverso/Desktop/SparkCar_ROS2_WS/SparkCar_Perception/install/realsense2_camera:/home/jiaverso/Desktop/SparkCar_ROS2_WS/SparkCar_Perception/install/realsense2_camera_msgs:/home/jiaverso/Desktop/SparkCar_ROS2_WS/SparkCar_Perception/install/pgo:/home/jiaverso/Desktop/SparkCar_ROS2_WS/SparkCar_Perception/install/localizer:/home/jiaverso/Desktop/SparkCar_ROS2_WS/SparkCar_Perception/install/fastlio2:/home/jiaverso/Desktop/SparkCar_ROS2_WS/SparkCar_Perception/install/livox_ros_driver2:/home/jiaverso/Desktop/SparkCar_ROS2_WS/SparkCar_Perception/install/hba:/home/jiaverso/Desktop/SparkCar_ROS2_WS/SparkCar_Tools/install/pcd2pgm:/opt/ros/humble LD_LIBRARY_PATH=/home/jiaverso/Desktop/SparkCar_ROS2_WS/SparkCar_Perception/install/interface/lib:/home/jiaverso/Desktop/SparkCar_ROS2_WS/SparkCar_Perception/install/realsense2_camera/lib:/home/jiaverso/Desktop/SparkCar_ROS2_WS/SparkCar_Perception/install/realsense2_camera_msgs/lib:/home/jiaverso/Desktop/SparkCar_ROS2_WS/SparkCar_Perception/install/livox_ros_driver2/lib:/home/jiaverso/Desktop/SparkCar_ROS2_WS/SparkCar_Tools/install/pcd2pgm/lib:/opt/ros/humble/opt/rviz_ogre_vendor/lib:/opt/ros/humble/lib/x86_64-linux-gnu:/opt/ros/humble/lib /usr/bin/cmake --build /home/jiaverso/Desktop/SparkCar_ROS2_WS/SparkCar_Perception/build/localizer -- -j8 -l8
[1.093s] DEBUG:colcon.colcon_core.event_handler.log_command:Invoking command in '/home/jiaverso/Desktop/SparkCar_ROS2_WS/SparkCar_Perception/build/fastlio2': CMAKE_PREFIX_PATH=/home/jiaverso/Desktop/SparkCar_ROS2_WS/SparkCar_Perception/install/livox_ros_driver2:/home/jiaverso/Desktop/SparkCar_ROS2_WS/SparkCar_Perception/install/interface:/home/jiaverso/Desktop/SparkCar_ROS2_WS/SparkCar_Perception/install/realsense2_description:/home/jiaverso/Desktop/SparkCar_ROS2_WS/SparkCar_Perception/install/realsense2_camera:/home/jiaverso/Desktop/SparkCar_ROS2_WS/SparkCar_Perception/install/realsense2_camera_msgs:/home/jiaverso/Desktop/SparkCar_ROS2_WS/SparkCar_Perception/install/pgo:/home/jiaverso/Desktop/SparkCar_ROS2_WS/SparkCar_Perception/install/localizer:/home/jiaverso/Desktop/SparkCar_ROS2_WS/SparkCar_Perception/install/fastlio2:/home/jiaverso/Desktop/SparkCar_ROS2_WS/SparkCar_Perception/install/hba:/home/jiaverso/Desktop/SparkCar_ROS2_WS/SparkCar_Tools/install/pcd2pgm:/opt/ros/humble LD_LIBRARY_PATH=/home/jiaverso/Desktop/SparkCar_ROS2_WS/SparkCar_Perception/install/livox_ros_driver2/lib:/home/jiaverso/Desktop/SparkCar_ROS2_WS/SparkCar_Perception/install/interface/lib:/home/jiaverso/Desktop/SparkCar_ROS2_WS/SparkCar_Perception/install/realsense2_camera/lib:/home/jiaverso/Desktop/SparkCar_ROS2_WS/SparkCar_Perception/install/realsense2_camera_msgs/lib:/home/jiaverso/Desktop/SparkCar_ROS2_WS/SparkCar_Tools/install/pcd2pgm/lib:/opt/ros/humble/opt/rviz_ogre_vendor/lib:/opt/ros/humble/lib/x86_64-linux-gnu:/opt/ros/humble/lib /usr/bin/cmake --build /home/jiaverso/Desktop/SparkCar_ROS2_WS/SparkCar_Perception/build/fastlio2 -- -j8 -l8
[1.097s] DEBUG:colcon.colcon_core.event_handler.log_command:Invoking command in '/home/jiaverso/Desktop/SparkCar_ROS2_WS/SparkCar_Perception/build/realsense2_camera': CMAKE_PREFIX_PATH=/home/jiaverso/Desktop/SparkCar_ROS2_WS/SparkCar_Perception/install/realsense2_camera_msgs:/home/jiaverso/Desktop/SparkCar_ROS2_WS/SparkCar_Perception/install/realsense2_description:/home/jiaverso/Desktop/SparkCar_ROS2_WS/SparkCar_Perception/install/realsense2_camera:/home/jiaverso/Desktop/SparkCar_ROS2_WS/SparkCar_Perception/install/pgo:/home/jiaverso/Desktop/SparkCar_ROS2_WS/SparkCar_Perception/install/localizer:/home/jiaverso/Desktop/SparkCar_ROS2_WS/SparkCar_Perception/install/fastlio2:/home/jiaverso/Desktop/SparkCar_ROS2_WS/SparkCar_Perception/install/livox_ros_driver2:/home/jiaverso/Desktop/SparkCar_ROS2_WS/SparkCar_Perception/install/hba:/home/jiaverso/Desktop/SparkCar_ROS2_WS/SparkCar_Perception/install/interface:/home/jiaverso/Desktop/SparkCar_ROS2_WS/SparkCar_Tools/install/pcd2pgm:/opt/ros/humble LD_LIBRARY_PATH=/home/jiaverso/Desktop/SparkCar_ROS2_WS/SparkCar_Perception/install/realsense2_camera_msgs/lib:/home/jiaverso/Desktop/SparkCar_ROS2_WS/SparkCar_Perception/install/realsense2_camera/lib:/home/jiaverso/Desktop/SparkCar_ROS2_WS/SparkCar_Perception/install/livox_ros_driver2/lib:/home/jiaverso/Desktop/SparkCar_ROS2_WS/SparkCar_Perception/install/interface/lib:/home/jiaverso/Desktop/SparkCar_ROS2_WS/SparkCar_Tools/install/pcd2pgm/lib:/opt/ros/humble/opt/rviz_ogre_vendor/lib:/opt/ros/humble/lib/x86_64-linux-gnu:/opt/ros/humble/lib /usr/bin/cmake --build /home/jiaverso/Desktop/SparkCar_ROS2_WS/SparkCar_Perception/build/realsense2_camera -- -j8 -l8
[1.100s] DEBUG:colcon.colcon_core.event_handler.log_command:Invoking command in '/home/jiaverso/Desktop/SparkCar_ROS2_WS/SparkCar_Perception/build/realsense2_description': CMAKE_PREFIX_PATH=/home/jiaverso/Desktop/SparkCar_ROS2_WS/SparkCar_Perception/install/realsense2_camera_msgs:/home/jiaverso/Desktop/SparkCar_ROS2_WS/SparkCar_Perception/install/realsense2_description:/home/jiaverso/Desktop/SparkCar_ROS2_WS/SparkCar_Perception/install/realsense2_camera:/home/jiaverso/Desktop/SparkCar_ROS2_WS/SparkCar_Perception/install/pgo:/home/jiaverso/Desktop/SparkCar_ROS2_WS/SparkCar_Perception/install/localizer:/home/jiaverso/Desktop/SparkCar_ROS2_WS/SparkCar_Perception/install/fastlio2:/home/jiaverso/Desktop/SparkCar_ROS2_WS/SparkCar_Perception/install/livox_ros_driver2:/home/jiaverso/Desktop/SparkCar_ROS2_WS/SparkCar_Perception/install/hba:/home/jiaverso/Desktop/SparkCar_ROS2_WS/SparkCar_Perception/install/interface:/home/jiaverso/Desktop/SparkCar_ROS2_WS/SparkCar_Tools/install/pcd2pgm:/opt/ros/humble LD_LIBRARY_PATH=/home/jiaverso/Desktop/SparkCar_ROS2_WS/SparkCar_Perception/install/realsense2_camera_msgs/lib:/home/jiaverso/Desktop/SparkCar_ROS2_WS/SparkCar_Perception/install/realsense2_camera/lib:/home/jiaverso/Desktop/SparkCar_ROS2_WS/SparkCar_Perception/install/livox_ros_driver2/lib:/home/jiaverso/Desktop/SparkCar_ROS2_WS/SparkCar_Perception/install/interface/lib:/home/jiaverso/Desktop/SparkCar_ROS2_WS/SparkCar_Tools/install/pcd2pgm/lib:/opt/ros/humble/opt/rviz_ogre_vendor/lib:/opt/ros/humble/lib/x86_64-linux-gnu:/opt/ros/humble/lib /usr/bin/cmake --build /home/jiaverso/Desktop/SparkCar_ROS2_WS/SparkCar_Perception/build/realsense2_description -- -j8 -l8
[1.134s] DEBUG:colcon.colcon_core.event_handler.log_command:Invoked command in '/home/jiaverso/Desktop/SparkCar_ROS2_WS/SparkCar_Perception/build/realsense2_description' returned '0': CMAKE_PREFIX_PATH=/home/jiaverso/Desktop/SparkCar_ROS2_WS/SparkCar_Perception/install/realsense2_camera_msgs:/home/jiaverso/Desktop/SparkCar_ROS2_WS/SparkCar_Perception/install/realsense2_description:/home/jiaverso/Desktop/SparkCar_ROS2_WS/SparkCar_Perception/install/realsense2_camera:/home/jiaverso/Desktop/SparkCar_ROS2_WS/SparkCar_Perception/install/pgo:/home/jiaverso/Desktop/SparkCar_ROS2_WS/SparkCar_Perception/install/localizer:/home/jiaverso/Desktop/SparkCar_ROS2_WS/SparkCar_Perception/install/fastlio2:/home/jiaverso/Desktop/SparkCar_ROS2_WS/SparkCar_Perception/install/livox_ros_driver2:/home/jiaverso/Desktop/SparkCar_ROS2_WS/SparkCar_Perception/install/hba:/home/jiaverso/Desktop/SparkCar_ROS2_WS/SparkCar_Perception/install/interface:/home/jiaverso/Desktop/SparkCar_ROS2_WS/SparkCar_Tools/install/pcd2pgm:/opt/ros/humble LD_LIBRARY_PATH=/home/jiaverso/Desktop/SparkCar_ROS2_WS/SparkCar_Perception/install/realsense2_camera_msgs/lib:/home/jiaverso/Desktop/SparkCar_ROS2_WS/SparkCar_Perception/install/realsense2_camera/lib:/home/jiaverso/Desktop/SparkCar_ROS2_WS/SparkCar_Perception/install/livox_ros_driver2/lib:/home/jiaverso/Desktop/SparkCar_ROS2_WS/SparkCar_Perception/install/interface/lib:/home/jiaverso/Desktop/SparkCar_ROS2_WS/SparkCar_Tools/install/pcd2pgm/lib:/opt/ros/humble/opt/rviz_ogre_vendor/lib:/opt/ros/humble/lib/x86_64-linux-gnu:/opt/ros/humble/lib /usr/bin/cmake --build /home/jiaverso/Desktop/SparkCar_ROS2_WS/SparkCar_Perception/build/realsense2_description -- -j8 -l8
[1.136s] DEBUG:colcon.colcon_core.event_handler.log_command:Invoking command in '/home/jiaverso/Desktop/SparkCar_ROS2_WS/SparkCar_Perception/build/realsense2_description': CMAKE_PREFIX_PATH=/home/jiaverso/Desktop/SparkCar_ROS2_WS/SparkCar_Perception/install/realsense2_camera_msgs:/home/jiaverso/Desktop/SparkCar_ROS2_WS/SparkCar_Perception/install/realsense2_description:/home/jiaverso/Desktop/SparkCar_ROS2_WS/SparkCar_Perception/install/realsense2_camera:/home/jiaverso/Desktop/SparkCar_ROS2_WS/SparkCar_Perception/install/pgo:/home/jiaverso/Desktop/SparkCar_ROS2_WS/SparkCar_Perception/install/localizer:/home/jiaverso/Desktop/SparkCar_ROS2_WS/SparkCar_Perception/install/fastlio2:/home/jiaverso/Desktop/SparkCar_ROS2_WS/SparkCar_Perception/install/livox_ros_driver2:/home/jiaverso/Desktop/SparkCar_ROS2_WS/SparkCar_Perception/install/hba:/home/jiaverso/Desktop/SparkCar_ROS2_WS/SparkCar_Perception/install/interface:/home/jiaverso/Desktop/SparkCar_ROS2_WS/SparkCar_Tools/install/pcd2pgm:/opt/ros/humble LD_LIBRARY_PATH=/home/jiaverso/Desktop/SparkCar_ROS2_WS/SparkCar_Perception/install/realsense2_camera_msgs/lib:/home/jiaverso/Desktop/SparkCar_ROS2_WS/SparkCar_Perception/install/realsense2_camera/lib:/home/jiaverso/Desktop/SparkCar_ROS2_WS/SparkCar_Perception/install/livox_ros_driver2/lib:/home/jiaverso/Desktop/SparkCar_ROS2_WS/SparkCar_Perception/install/interface/lib:/home/jiaverso/Desktop/SparkCar_ROS2_WS/SparkCar_Tools/install/pcd2pgm/lib:/opt/ros/humble/opt/rviz_ogre_vendor/lib:/opt/ros/humble/lib/x86_64-linux-gnu:/opt/ros/humble/lib /usr/bin/cmake --install /home/jiaverso/Desktop/SparkCar_ROS2_WS/SparkCar_Perception/build/realsense2_description
[1.147s] Level 1:colcon.colcon_core.environment:create_environment_scripts_only(realsense2_description)
[1.148s] Level 1:colcon.colcon_core.environment:checking '/home/jiaverso/Desktop/SparkCar_ROS2_WS/SparkCar_Perception/install/realsense2_description' for CMake module files
[1.148s] Level 1:colcon.colcon_core.environment:checking '/home/jiaverso/Desktop/SparkCar_ROS2_WS/SparkCar_Perception/install/realsense2_description' for CMake config files
[1.149s] Level 1:colcon.colcon_core.shell:create_environment_hook('realsense2_description', 'cmake_prefix_path')
[1.150s] INFO:colcon.colcon_core.shell:Creating environment hook '/home/jiaverso/Desktop/SparkCar_ROS2_WS/SparkCar_Perception/install/realsense2_description/share/realsense2_description/hook/cmake_prefix_path.ps1'
[1.150s] INFO:colcon.colcon_core.shell:Creating environment descriptor '/home/jiaverso/Desktop/SparkCar_ROS2_WS/SparkCar_Perception/install/realsense2_description/share/realsense2_description/hook/cmake_prefix_path.dsv'
[1.150s] INFO:colcon.colcon_core.shell:Creating environment hook '/home/jiaverso/Desktop/SparkCar_ROS2_WS/SparkCar_Perception/install/realsense2_description/share/realsense2_description/hook/cmake_prefix_path.sh'
[1.151s] Level 1:colcon.colcon_core.environment:checking '/home/jiaverso/Desktop/SparkCar_ROS2_WS/SparkCar_Perception/install/realsense2_description/bin'
[1.151s] Level 1:colcon.colcon_core.environment:checking '/home/jiaverso/Desktop/SparkCar_ROS2_WS/SparkCar_Perception/install/realsense2_description/lib/pkgconfig/realsense2_description.pc'
[1.151s] Level 1:colcon.colcon_core.environment:checking '/home/jiaverso/Desktop/SparkCar_ROS2_WS/SparkCar_Perception/install/realsense2_description/lib/python3.10/site-packages'
[1.152s] Level 1:colcon.colcon_core.environment:checking '/home/jiaverso/Desktop/SparkCar_ROS2_WS/SparkCar_Perception/install/realsense2_description/bin'
[1.152s] INFO:colcon.colcon_core.shell:Creating package script '/home/jiaverso/Desktop/SparkCar_ROS2_WS/SparkCar_Perception/install/realsense2_description/share/realsense2_description/package.ps1'
[1.155s] DEBUG:colcon.colcon_core.event_handler.log_command:Invoked command in '/home/jiaverso/Desktop/SparkCar_ROS2_WS/SparkCar_Perception/build/realsense2_description' returned '0': CMAKE_PREFIX_PATH=/home/jiaverso/Desktop/SparkCar_ROS2_WS/SparkCar_Perception/install/realsense2_camera_msgs:/home/jiaverso/Desktop/SparkCar_ROS2_WS/SparkCar_Perception/install/realsense2_description:/home/jiaverso/Desktop/SparkCar_ROS2_WS/SparkCar_Perception/install/realsense2_camera:/home/jiaverso/Desktop/SparkCar_ROS2_WS/SparkCar_Perception/install/pgo:/home/jiaverso/Desktop/SparkCar_ROS2_WS/SparkCar_Perception/install/localizer:/home/jiaverso/Desktop/SparkCar_ROS2_WS/SparkCar_Perception/install/fastlio2:/home/jiaverso/Desktop/SparkCar_ROS2_WS/SparkCar_Perception/install/livox_ros_driver2:/home/jiaverso/Desktop/SparkCar_ROS2_WS/SparkCar_Perception/install/hba:/home/jiaverso/Desktop/SparkCar_ROS2_WS/SparkCar_Perception/install/interface:/home/jiaverso/Desktop/SparkCar_ROS2_WS/SparkCar_Tools/install/pcd2pgm:/opt/ros/humble LD_LIBRARY_PATH=/home/jiaverso/Desktop/SparkCar_ROS2_WS/SparkCar_Perception/install/realsense2_camera_msgs/lib:/home/jiaverso/Desktop/SparkCar_ROS2_WS/SparkCar_Perception/install/realsense2_camera/lib:/home/jiaverso/Desktop/SparkCar_ROS2_WS/SparkCar_Perception/install/livox_ros_driver2/lib:/home/jiaverso/Desktop/SparkCar_ROS2_WS/SparkCar_Perception/install/interface/lib:/home/jiaverso/Desktop/SparkCar_ROS2_WS/SparkCar_Tools/install/pcd2pgm/lib:/opt/ros/humble/opt/rviz_ogre_vendor/lib:/opt/ros/humble/lib/x86_64-linux-gnu:/opt/ros/humble/lib /usr/bin/cmake --install /home/jiaverso/Desktop/SparkCar_ROS2_WS/SparkCar_Perception/build/realsense2_description
[1.155s] INFO:colcon.colcon_core.shell:Creating package descriptor '/home/jiaverso/Desktop/SparkCar_ROS2_WS/SparkCar_Perception/install/realsense2_description/share/realsense2_description/package.dsv'
[1.156s] INFO:colcon.colcon_core.shell:Creating package script '/home/jiaverso/Desktop/SparkCar_ROS2_WS/SparkCar_Perception/install/realsense2_description/share/realsense2_description/package.sh'
[1.156s] INFO:colcon.colcon_core.shell:Creating package script '/home/jiaverso/Desktop/SparkCar_ROS2_WS/SparkCar_Perception/install/realsense2_description/share/realsense2_description/package.bash'
[1.156s] INFO:colcon.colcon_core.shell:Creating package script '/home/jiaverso/Desktop/SparkCar_ROS2_WS/SparkCar_Perception/install/realsense2_description/share/realsense2_description/package.zsh'
[1.157s] Level 1:colcon.colcon_core.environment:create_file_with_runtime_dependencies(/home/jiaverso/Desktop/SparkCar_ROS2_WS/SparkCar_Perception/install/realsense2_description/share/colcon-core/packages/realsense2_description)
[1.157s] Level 1:colcon.colcon_core.environment:create_environment_scripts_only(realsense2_description)
[1.157s] Level 1:colcon.colcon_core.environment:checking '/home/jiaverso/Desktop/SparkCar_ROS2_WS/SparkCar_Perception/install/realsense2_description' for CMake module files
[1.158s] Level 1:colcon.colcon_core.environment:checking '/home/jiaverso/Desktop/SparkCar_ROS2_WS/SparkCar_Perception/install/realsense2_description' for CMake config files
[1.158s] Level 1:colcon.colcon_core.shell:create_environment_hook('realsense2_description', 'cmake_prefix_path')
[1.158s] INFO:colcon.colcon_core.shell:Creating environment hook '/home/jiaverso/Desktop/SparkCar_ROS2_WS/SparkCar_Perception/install/realsense2_description/share/realsense2_description/hook/cmake_prefix_path.ps1'
[1.159s] INFO:colcon.colcon_core.shell:Creating environment descriptor '/home/jiaverso/Desktop/SparkCar_ROS2_WS/SparkCar_Perception/install/realsense2_description/share/realsense2_description/hook/cmake_prefix_path.dsv'
[1.160s] INFO:colcon.colcon_core.shell:Creating environment hook '/home/jiaverso/Desktop/SparkCar_ROS2_WS/SparkCar_Perception/install/realsense2_description/share/realsense2_description/hook/cmake_prefix_path.sh'
[1.160s] Level 1:colcon.colcon_core.environment:checking '/home/jiaverso/Desktop/SparkCar_ROS2_WS/SparkCar_Perception/install/realsense2_description/bin'
[1.160s] Level 1:colcon.colcon_core.environment:checking '/home/jiaverso/Desktop/SparkCar_ROS2_WS/SparkCar_Perception/install/realsense2_description/lib/pkgconfig/realsense2_description.pc'
[1.161s] Level 1:colcon.colcon_core.environment:checking '/home/jiaverso/Desktop/SparkCar_ROS2_WS/SparkCar_Perception/install/realsense2_description/lib/python3.10/site-packages'
[1.161s] Level 1:colcon.colcon_core.environment:checking '/home/jiaverso/Desktop/SparkCar_ROS2_WS/SparkCar_Perception/install/realsense2_description/bin'
[1.161s] INFO:colcon.colcon_core.shell:Creating package script '/home/jiaverso/Desktop/SparkCar_ROS2_WS/SparkCar_Perception/install/realsense2_description/share/realsense2_description/package.ps1'
[1.162s] INFO:colcon.colcon_core.shell:Creating package descriptor '/home/jiaverso/Desktop/SparkCar_ROS2_WS/SparkCar_Perception/install/realsense2_description/share/realsense2_description/package.dsv'
[1.163s] INFO:colcon.colcon_core.shell:Creating package script '/home/jiaverso/Desktop/SparkCar_ROS2_WS/SparkCar_Perception/install/realsense2_description/share/realsense2_description/package.sh'
[1.163s] INFO:colcon.colcon_core.shell:Creating package script '/home/jiaverso/Desktop/SparkCar_ROS2_WS/SparkCar_Perception/install/realsense2_description/share/realsense2_description/package.bash'
[1.164s] INFO:colcon.colcon_core.shell:Creating package script '/home/jiaverso/Desktop/SparkCar_ROS2_WS/SparkCar_Perception/install/realsense2_description/share/realsense2_description/package.zsh'
[1.164s] Level 1:colcon.colcon_core.environment:create_file_with_runtime_dependencies(/home/jiaverso/Desktop/SparkCar_ROS2_WS/SparkCar_Perception/install/realsense2_description/share/colcon-core/packages/realsense2_description)
[1.198s] DEBUG:colcon.colcon_core.event_handler.log_command:Invoked command in '/home/jiaverso/Desktop/SparkCar_ROS2_WS/SparkCar_Perception/build/localizer' returned '0': CMAKE_PREFIX_PATH=/home/jiaverso/Desktop/SparkCar_ROS2_WS/SparkCar_Perception/install/interface:/home/jiaverso/Desktop/SparkCar_ROS2_WS/SparkCar_Perception/install/realsense2_description:/home/jiaverso/Desktop/SparkCar_ROS2_WS/SparkCar_Perception/install/realsense2_camera:/home/jiaverso/Desktop/SparkCar_ROS2_WS/SparkCar_Perception/install/realsense2_camera_msgs:/home/jiaverso/Desktop/SparkCar_ROS2_WS/SparkCar_Perception/install/pgo:/home/jiaverso/Desktop/SparkCar_ROS2_WS/SparkCar_Perception/install/localizer:/home/jiaverso/Desktop/SparkCar_ROS2_WS/SparkCar_Perception/install/fastlio2:/home/jiaverso/Desktop/SparkCar_ROS2_WS/SparkCar_Perception/install/livox_ros_driver2:/home/jiaverso/Desktop/SparkCar_ROS2_WS/SparkCar_Perception/install/hba:/home/jiaverso/Desktop/SparkCar_ROS2_WS/SparkCar_Tools/install/pcd2pgm:/opt/ros/humble LD_LIBRARY_PATH=/home/jiaverso/Desktop/SparkCar_ROS2_WS/SparkCar_Perception/install/interface/lib:/home/jiaverso/Desktop/SparkCar_ROS2_WS/SparkCar_Perception/install/realsense2_camera/lib:/home/jiaverso/Desktop/SparkCar_ROS2_WS/SparkCar_Perception/install/realsense2_camera_msgs/lib:/home/jiaverso/Desktop/SparkCar_ROS2_WS/SparkCar_Perception/install/livox_ros_driver2/lib:/home/jiaverso/Desktop/SparkCar_ROS2_WS/SparkCar_Tools/install/pcd2pgm/lib:/opt/ros/humble/opt/rviz_ogre_vendor/lib:/opt/ros/humble/lib/x86_64-linux-gnu:/opt/ros/humble/lib /usr/bin/cmake --build /home/jiaverso/Desktop/SparkCar_ROS2_WS/SparkCar_Perception/build/localizer -- -j8 -l8
[1.201s] DEBUG:colcon.colcon_core.event_handler.log_command:Invoking command in '/home/jiaverso/Desktop/SparkCar_ROS2_WS/SparkCar_Perception/build/localizer': CMAKE_PREFIX_PATH=/home/jiaverso/Desktop/SparkCar_ROS2_WS/SparkCar_Perception/install/interface:/home/jiaverso/Desktop/SparkCar_ROS2_WS/SparkCar_Perception/install/realsense2_description:/home/jiaverso/Desktop/SparkCar_ROS2_WS/SparkCar_Perception/install/realsense2_camera:/home/jiaverso/Desktop/SparkCar_ROS2_WS/SparkCar_Perception/install/realsense2_camera_msgs:/home/jiaverso/Desktop/SparkCar_ROS2_WS/SparkCar_Perception/install/pgo:/home/jiaverso/Desktop/SparkCar_ROS2_WS/SparkCar_Perception/install/localizer:/home/jiaverso/Desktop/SparkCar_ROS2_WS/SparkCar_Perception/install/fastlio2:/home/jiaverso/Desktop/SparkCar_ROS2_WS/SparkCar_Perception/install/livox_ros_driver2:/home/jiaverso/Desktop/SparkCar_ROS2_WS/SparkCar_Perception/install/hba:/home/jiaverso/Desktop/SparkCar_ROS2_WS/SparkCar_Tools/install/pcd2pgm:/opt/ros/humble LD_LIBRARY_PATH=/home/jiaverso/Desktop/SparkCar_ROS2_WS/SparkCar_Perception/install/interface/lib:/home/jiaverso/Desktop/SparkCar_ROS2_WS/SparkCar_Perception/install/realsense2_camera/lib:/home/jiaverso/Desktop/SparkCar_ROS2_WS/SparkCar_Perception/install/realsense2_camera_msgs/lib:/home/jiaverso/Desktop/SparkCar_ROS2_WS/SparkCar_Perception/install/livox_ros_driver2/lib:/home/jiaverso/Desktop/SparkCar_ROS2_WS/SparkCar_Tools/install/pcd2pgm/lib:/opt/ros/humble/opt/rviz_ogre_vendor/lib:/opt/ros/humble/lib/x86_64-linux-gnu:/opt/ros/humble/lib /usr/bin/cmake --install /home/jiaverso/Desktop/SparkCar_ROS2_WS/SparkCar_Perception/build/localizer
[1.212s] DEBUG:colcon.colcon_core.event_handler.log_command:Invoked command in '/home/jiaverso/Desktop/SparkCar_ROS2_WS/SparkCar_Perception/build/hba' returned '0': CMAKE_PREFIX_PATH=/home/jiaverso/Desktop/SparkCar_ROS2_WS/SparkCar_Perception/install/interface:/home/jiaverso/Desktop/SparkCar_ROS2_WS/SparkCar_Perception/install/realsense2_description:/home/jiaverso/Desktop/SparkCar_ROS2_WS/SparkCar_Perception/install/realsense2_camera:/home/jiaverso/Desktop/SparkCar_ROS2_WS/SparkCar_Perception/install/realsense2_camera_msgs:/home/jiaverso/Desktop/SparkCar_ROS2_WS/SparkCar_Perception/install/pgo:/home/jiaverso/Desktop/SparkCar_ROS2_WS/SparkCar_Perception/install/localizer:/home/jiaverso/Desktop/SparkCar_ROS2_WS/SparkCar_Perception/install/fastlio2:/home/jiaverso/Desktop/SparkCar_ROS2_WS/SparkCar_Perception/install/livox_ros_driver2:/home/jiaverso/Desktop/SparkCar_ROS2_WS/SparkCar_Perception/install/hba:/home/jiaverso/Desktop/SparkCar_ROS2_WS/SparkCar_Tools/install/pcd2pgm:/opt/ros/humble LD_LIBRARY_PATH=/home/jiaverso/Desktop/SparkCar_ROS2_WS/SparkCar_Perception/install/interface/lib:/home/jiaverso/Desktop/SparkCar_ROS2_WS/SparkCar_Perception/install/realsense2_camera/lib:/home/jiaverso/Desktop/SparkCar_ROS2_WS/SparkCar_Perception/install/realsense2_camera_msgs/lib:/home/jiaverso/Desktop/SparkCar_ROS2_WS/SparkCar_Perception/install/livox_ros_driver2/lib:/home/jiaverso/Desktop/SparkCar_ROS2_WS/SparkCar_Tools/install/pcd2pgm/lib:/opt/ros/humble/opt/rviz_ogre_vendor/lib:/opt/ros/humble/lib/x86_64-linux-gnu:/opt/ros/humble/lib /usr/bin/cmake --build /home/jiaverso/Desktop/SparkCar_ROS2_WS/SparkCar_Perception/build/hba -- -j8 -l8
[1.215s] DEBUG:colcon.colcon_core.event_handler.log_command:Invoking command in '/home/jiaverso/Desktop/SparkCar_ROS2_WS/SparkCar_Perception/build/hba': CMAKE_PREFIX_PATH=/home/jiaverso/Desktop/SparkCar_ROS2_WS/SparkCar_Perception/install/interface:/home/jiaverso/Desktop/SparkCar_ROS2_WS/SparkCar_Perception/install/realsense2_description:/home/jiaverso/Desktop/SparkCar_ROS2_WS/SparkCar_Perception/install/realsense2_camera:/home/jiaverso/Desktop/SparkCar_ROS2_WS/SparkCar_Perception/install/realsense2_camera_msgs:/home/jiaverso/Desktop/SparkCar_ROS2_WS/SparkCar_Perception/install/pgo:/home/jiaverso/Desktop/SparkCar_ROS2_WS/SparkCar_Perception/install/localizer:/home/jiaverso/Desktop/SparkCar_ROS2_WS/SparkCar_Perception/install/fastlio2:/home/jiaverso/Desktop/SparkCar_ROS2_WS/SparkCar_Perception/install/livox_ros_driver2:/home/jiaverso/Desktop/SparkCar_ROS2_WS/SparkCar_Perception/install/hba:/home/jiaverso/Desktop/SparkCar_ROS2_WS/SparkCar_Tools/install/pcd2pgm:/opt/ros/humble LD_LIBRARY_PATH=/home/jiaverso/Desktop/SparkCar_ROS2_WS/SparkCar_Perception/install/interface/lib:/home/jiaverso/Desktop/SparkCar_ROS2_WS/SparkCar_Perception/install/realsense2_camera/lib:/home/jiaverso/Desktop/SparkCar_ROS2_WS/SparkCar_Perception/install/realsense2_camera_msgs/lib:/home/jiaverso/Desktop/SparkCar_ROS2_WS/SparkCar_Perception/install/livox_ros_driver2/lib:/home/jiaverso/Desktop/SparkCar_ROS2_WS/SparkCar_Tools/install/pcd2pgm/lib:/opt/ros/humble/opt/rviz_ogre_vendor/lib:/opt/ros/humble/lib/x86_64-linux-gnu:/opt/ros/humble/lib /usr/bin/cmake --install /home/jiaverso/Desktop/SparkCar_ROS2_WS/SparkCar_Perception/build/hba
[1.219s] Level 1:colcon.colcon_core.environment:create_environment_scripts_only(localizer)
[1.220s] Level 1:colcon.colcon_core.environment:checking '/home/jiaverso/Desktop/SparkCar_ROS2_WS/SparkCar_Perception/install/localizer' for CMake module files
[1.220s] DEBUG:colcon.colcon_core.event_handler.log_command:Invoked command in '/home/jiaverso/Desktop/SparkCar_ROS2_WS/SparkCar_Perception/build/localizer' returned '0': CMAKE_PREFIX_PATH=/home/jiaverso/Desktop/SparkCar_ROS2_WS/SparkCar_Perception/install/interface:/home/jiaverso/Desktop/SparkCar_ROS2_WS/SparkCar_Perception/install/realsense2_description:/home/jiaverso/Desktop/SparkCar_ROS2_WS/SparkCar_Perception/install/realsense2_camera:/home/jiaverso/Desktop/SparkCar_ROS2_WS/SparkCar_Perception/install/realsense2_camera_msgs:/home/jiaverso/Desktop/SparkCar_ROS2_WS/SparkCar_Perception/install/pgo:/home/jiaverso/Desktop/SparkCar_ROS2_WS/SparkCar_Perception/install/localizer:/home/jiaverso/Desktop/SparkCar_ROS2_WS/SparkCar_Perception/install/fastlio2:/home/jiaverso/Desktop/SparkCar_ROS2_WS/SparkCar_Perception/install/livox_ros_driver2:/home/jiaverso/Desktop/SparkCar_ROS2_WS/SparkCar_Perception/install/hba:/home/jiaverso/Desktop/SparkCar_ROS2_WS/SparkCar_Tools/install/pcd2pgm:/opt/ros/humble LD_LIBRARY_PATH=/home/jiaverso/Desktop/SparkCar_ROS2_WS/SparkCar_Perception/install/interface/lib:/home/jiaverso/Desktop/SparkCar_ROS2_WS/SparkCar_Perception/install/realsense2_camera/lib:/home/jiaverso/Desktop/SparkCar_ROS2_WS/SparkCar_Perception/install/realsense2_camera_msgs/lib:/home/jiaverso/Desktop/SparkCar_ROS2_WS/SparkCar_Perception/install/livox_ros_driver2/lib:/home/jiaverso/Desktop/SparkCar_ROS2_WS/SparkCar_Tools/install/pcd2pgm/lib:/opt/ros/humble/opt/rviz_ogre_vendor/lib:/opt/ros/humble/lib/x86_64-linux-gnu:/opt/ros/humble/lib /usr/bin/cmake --install /home/jiaverso/Desktop/SparkCar_ROS2_WS/SparkCar_Perception/build/localizer
[1.221s] Level 1:colcon.colcon_core.environment:checking '/home/jiaverso/Desktop/SparkCar_ROS2_WS/SparkCar_Perception/install/localizer' for CMake config files
[1.221s] Level 1:colcon.colcon_core.shell:create_environment_hook('localizer', 'cmake_prefix_path')
[1.222s] INFO:colcon.colcon_core.shell:Creating environment hook '/home/jiaverso/Desktop/SparkCar_ROS2_WS/SparkCar_Perception/install/localizer/share/localizer/hook/cmake_prefix_path.ps1'
[1.223s] INFO:colcon.colcon_core.shell:Creating environment descriptor '/home/jiaverso/Desktop/SparkCar_ROS2_WS/SparkCar_Perception/install/localizer/share/localizer/hook/cmake_prefix_path.dsv'
[1.223s] INFO:colcon.colcon_core.shell:Creating environment hook '/home/jiaverso/Desktop/SparkCar_ROS2_WS/SparkCar_Perception/install/localizer/share/localizer/hook/cmake_prefix_path.sh'
[1.225s] Level 1:colcon.colcon_core.environment:checking '/home/jiaverso/Desktop/SparkCar_ROS2_WS/SparkCar_Perception/install/localizer/lib'
[1.225s] Level 1:colcon.colcon_core.environment:checking '/home/jiaverso/Desktop/SparkCar_ROS2_WS/SparkCar_Perception/install/localizer/bin'
[1.225s] Level 1:colcon.colcon_core.environment:checking '/home/jiaverso/Desktop/SparkCar_ROS2_WS/SparkCar_Perception/install/localizer/lib/pkgconfig/localizer.pc'
[1.225s] Level 1:colcon.colcon_core.environment:checking '/home/jiaverso/Desktop/SparkCar_ROS2_WS/SparkCar_Perception/install/localizer/lib/python3.10/site-packages'
[1.226s] Level 1:colcon.colcon_core.environment:checking '/home/jiaverso/Desktop/SparkCar_ROS2_WS/SparkCar_Perception/install/localizer/bin'
[1.226s] INFO:colcon.colcon_core.shell:Creating package script '/home/jiaverso/Desktop/SparkCar_ROS2_WS/SparkCar_Perception/install/localizer/share/localizer/package.ps1'
[1.228s] INFO:colcon.colcon_core.shell:Creating package descriptor '/home/jiaverso/Desktop/SparkCar_ROS2_WS/SparkCar_Perception/install/localizer/share/localizer/package.dsv'
[1.229s] INFO:colcon.colcon_core.shell:Creating package script '/home/jiaverso/Desktop/SparkCar_ROS2_WS/SparkCar_Perception/install/localizer/share/localizer/package.sh'
[1.229s] INFO:colcon.colcon_core.shell:Creating package script '/home/jiaverso/Desktop/SparkCar_ROS2_WS/SparkCar_Perception/install/localizer/share/localizer/package.bash'
[1.230s] INFO:colcon.colcon_core.shell:Creating package script '/home/jiaverso/Desktop/SparkCar_ROS2_WS/SparkCar_Perception/install/localizer/share/localizer/package.zsh'
[1.231s] Level 1:colcon.colcon_core.environment:create_file_with_runtime_dependencies(/home/jiaverso/Desktop/SparkCar_ROS2_WS/SparkCar_Perception/install/localizer/share/colcon-core/packages/localizer)
[1.232s] Level 1:colcon.colcon_core.environment:create_environment_scripts_only(localizer)
[1.232s] Level 1:colcon.colcon_core.environment:checking '/home/jiaverso/Desktop/SparkCar_ROS2_WS/SparkCar_Perception/install/localizer' for CMake module files
[1.234s] Level 1:colcon.colcon_core.environment:checking '/home/jiaverso/Desktop/SparkCar_ROS2_WS/SparkCar_Perception/install/localizer' for CMake config files
[1.234s] Level 1:colcon.colcon_core.shell:create_environment_hook('localizer', 'cmake_prefix_path')
[1.234s] INFO:colcon.colcon_core.shell:Creating environment hook '/home/jiaverso/Desktop/SparkCar_ROS2_WS/SparkCar_Perception/install/localizer/share/localizer/hook/cmake_prefix_path.ps1'
[1.235s] INFO:colcon.colcon_core.shell:Creating environment descriptor '/home/jiaverso/Desktop/SparkCar_ROS2_WS/SparkCar_Perception/install/localizer/share/localizer/hook/cmake_prefix_path.dsv'
[1.238s] INFO:colcon.colcon_core.shell:Creating environment hook '/home/jiaverso/Desktop/SparkCar_ROS2_WS/SparkCar_Perception/install/localizer/share/localizer/hook/cmake_prefix_path.sh'
[1.239s] Level 1:colcon.colcon_core.environment:checking '/home/jiaverso/Desktop/SparkCar_ROS2_WS/SparkCar_Perception/install/localizer/lib'
[1.239s] Level 1:colcon.colcon_core.environment:checking '/home/jiaverso/Desktop/SparkCar_ROS2_WS/SparkCar_Perception/install/localizer/bin'
[1.239s] Level 1:colcon.colcon_core.environment:checking '/home/jiaverso/Desktop/SparkCar_ROS2_WS/SparkCar_Perception/install/localizer/lib/pkgconfig/localizer.pc'
[1.240s] Level 1:colcon.colcon_core.environment:checking '/home/jiaverso/Desktop/SparkCar_ROS2_WS/SparkCar_Perception/install/localizer/lib/python3.10/site-packages'
[1.240s] Level 1:colcon.colcon_core.environment:checking '/home/jiaverso/Desktop/SparkCar_ROS2_WS/SparkCar_Perception/install/localizer/bin'
[1.241s] INFO:colcon.colcon_core.shell:Creating package script '/home/jiaverso/Desktop/SparkCar_ROS2_WS/SparkCar_Perception/install/localizer/share/localizer/package.ps1'
[1.241s] INFO:colcon.colcon_core.shell:Creating package descriptor '/home/jiaverso/Desktop/SparkCar_ROS2_WS/SparkCar_Perception/install/localizer/share/localizer/package.dsv'
[1.242s] INFO:colcon.colcon_core.shell:Creating package script '/home/jiaverso/Desktop/SparkCar_ROS2_WS/SparkCar_Perception/install/localizer/share/localizer/package.sh'
[1.243s] INFO:colcon.colcon_core.shell:Creating package script '/home/jiaverso/Desktop/SparkCar_ROS2_WS/SparkCar_Perception/install/localizer/share/localizer/package.bash'
[1.243s] INFO:colcon.colcon_core.shell:Creating package script '/home/jiaverso/Desktop/SparkCar_ROS2_WS/SparkCar_Perception/install/localizer/share/localizer/package.zsh'
[1.244s] Level 1:colcon.colcon_core.environment:create_file_with_runtime_dependencies(/home/jiaverso/Desktop/SparkCar_ROS2_WS/SparkCar_Perception/install/localizer/share/colcon-core/packages/localizer)
[1.245s] Level 1:colcon.colcon_core.environment:create_environment_scripts_only(hba)
[1.246s] Level 1:colcon.colcon_core.environment:checking '/home/jiaverso/Desktop/SparkCar_ROS2_WS/SparkCar_Perception/install/hba' for CMake module files
[1.246s] DEBUG:colcon.colcon_core.event_handler.log_command:Invoked command in '/home/jiaverso/Desktop/SparkCar_ROS2_WS/SparkCar_Perception/build/hba' returned '0': CMAKE_PREFIX_PATH=/home/jiaverso/Desktop/SparkCar_ROS2_WS/SparkCar_Perception/install/interface:/home/jiaverso/Desktop/SparkCar_ROS2_WS/SparkCar_Perception/install/realsense2_description:/home/jiaverso/Desktop/SparkCar_ROS2_WS/SparkCar_Perception/install/realsense2_camera:/home/jiaverso/Desktop/SparkCar_ROS2_WS/SparkCar_Perception/install/realsense2_camera_msgs:/home/jiaverso/Desktop/SparkCar_ROS2_WS/SparkCar_Perception/install/pgo:/home/jiaverso/Desktop/SparkCar_ROS2_WS/SparkCar_Perception/install/localizer:/home/jiaverso/Desktop/SparkCar_ROS2_WS/SparkCar_Perception/install/fastlio2:/home/jiaverso/Desktop/SparkCar_ROS2_WS/SparkCar_Perception/install/livox_ros_driver2:/home/jiaverso/Desktop/SparkCar_ROS2_WS/SparkCar_Perception/install/hba:/home/jiaverso/Desktop/SparkCar_ROS2_WS/SparkCar_Tools/install/pcd2pgm:/opt/ros/humble LD_LIBRARY_PATH=/home/jiaverso/Desktop/SparkCar_ROS2_WS/SparkCar_Perception/install/interface/lib:/home/jiaverso/Desktop/SparkCar_ROS2_WS/SparkCar_Perception/install/realsense2_camera/lib:/home/jiaverso/Desktop/SparkCar_ROS2_WS/SparkCar_Perception/install/realsense2_camera_msgs/lib:/home/jiaverso/Desktop/SparkCar_ROS2_WS/SparkCar_Perception/install/livox_ros_driver2/lib:/home/jiaverso/Desktop/SparkCar_ROS2_WS/SparkCar_Tools/install/pcd2pgm/lib:/opt/ros/humble/opt/rviz_ogre_vendor/lib:/opt/ros/humble/lib/x86_64-linux-gnu:/opt/ros/humble/lib /usr/bin/cmake --install /home/jiaverso/Desktop/SparkCar_ROS2_WS/SparkCar_Perception/build/hba
[1.247s] Level 1:colcon.colcon_core.environment:checking '/home/jiaverso/Desktop/SparkCar_ROS2_WS/SparkCar_Perception/install/hba' for CMake config files
[1.247s] Level 1:colcon.colcon_core.shell:create_environment_hook('hba', 'cmake_prefix_path')
[1.248s] INFO:colcon.colcon_core.shell:Creating environment hook '/home/jiaverso/Desktop/SparkCar_ROS2_WS/SparkCar_Perception/install/hba/share/hba/hook/cmake_prefix_path.ps1'
[1.248s] INFO:colcon.colcon_core.shell:Creating environment descriptor '/home/jiaverso/Desktop/SparkCar_ROS2_WS/SparkCar_Perception/install/hba/share/hba/hook/cmake_prefix_path.dsv'
[1.249s] INFO:colcon.colcon_core.shell:Creating environment hook '/home/jiaverso/Desktop/SparkCar_ROS2_WS/SparkCar_Perception/install/hba/share/hba/hook/cmake_prefix_path.sh'
[1.250s] Level 1:colcon.colcon_core.environment:checking '/home/jiaverso/Desktop/SparkCar_ROS2_WS/SparkCar_Perception/install/hba/lib'
[1.250s] Level 1:colcon.colcon_core.environment:checking '/home/jiaverso/Desktop/SparkCar_ROS2_WS/SparkCar_Perception/install/hba/bin'
[1.250s] Level 1:colcon.colcon_core.environment:checking '/home/jiaverso/Desktop/SparkCar_ROS2_WS/SparkCar_Perception/install/hba/lib/pkgconfig/hba.pc'
[1.250s] Level 1:colcon.colcon_core.environment:checking '/home/jiaverso/Desktop/SparkCar_ROS2_WS/SparkCar_Perception/install/hba/lib/python3.10/site-packages'
[1.250s] Level 1:colcon.colcon_core.environment:checking '/home/jiaverso/Desktop/SparkCar_ROS2_WS/SparkCar_Perception/install/hba/bin'
[1.251s] INFO:colcon.colcon_core.shell:Creating package script '/home/jiaverso/Desktop/SparkCar_ROS2_WS/SparkCar_Perception/install/hba/share/hba/package.ps1'
[1.252s] INFO:colcon.colcon_core.shell:Creating package descriptor '/home/jiaverso/Desktop/SparkCar_ROS2_WS/SparkCar_Perception/install/hba/share/hba/package.dsv'
[1.252s] INFO:colcon.colcon_core.shell:Creating package script '/home/jiaverso/Desktop/SparkCar_ROS2_WS/SparkCar_Perception/install/hba/share/hba/package.sh'
[1.253s] INFO:colcon.colcon_core.shell:Creating package script '/home/jiaverso/Desktop/SparkCar_ROS2_WS/SparkCar_Perception/install/hba/share/hba/package.bash'
[1.253s] INFO:colcon.colcon_core.shell:Creating package script '/home/jiaverso/Desktop/SparkCar_ROS2_WS/SparkCar_Perception/install/hba/share/hba/package.zsh'
[1.254s] Level 1:colcon.colcon_core.environment:create_file_with_runtime_dependencies(/home/jiaverso/Desktop/SparkCar_ROS2_WS/SparkCar_Perception/install/hba/share/colcon-core/packages/hba)
[1.255s] Level 1:colcon.colcon_core.environment:create_environment_scripts_only(hba)
[1.255s] Level 1:colcon.colcon_core.environment:checking '/home/jiaverso/Desktop/SparkCar_ROS2_WS/SparkCar_Perception/install/hba' for CMake module files
[1.256s] Level 1:colcon.colcon_core.environment:checking '/home/jiaverso/Desktop/SparkCar_ROS2_WS/SparkCar_Perception/install/hba' for CMake config files
[1.256s] Level 1:colcon.colcon_core.shell:create_environment_hook('hba', 'cmake_prefix_path')
[1.257s] INFO:colcon.colcon_core.shell:Creating environment hook '/home/jiaverso/Desktop/SparkCar_ROS2_WS/SparkCar_Perception/install/hba/share/hba/hook/cmake_prefix_path.ps1'
[1.257s] INFO:colcon.colcon_core.shell:Creating environment descriptor '/home/jiaverso/Desktop/SparkCar_ROS2_WS/SparkCar_Perception/install/hba/share/hba/hook/cmake_prefix_path.dsv'
[1.258s] INFO:colcon.colcon_core.shell:Creating environment hook '/home/jiaverso/Desktop/SparkCar_ROS2_WS/SparkCar_Perception/install/hba/share/hba/hook/cmake_prefix_path.sh'
[1.259s] Level 1:colcon.colcon_core.environment:checking '/home/jiaverso/Desktop/SparkCar_ROS2_WS/SparkCar_Perception/install/hba/lib'
[1.259s] Level 1:colcon.colcon_core.environment:checking '/home/jiaverso/Desktop/SparkCar_ROS2_WS/SparkCar_Perception/install/hba/bin'
[1.259s] Level 1:colcon.colcon_core.environment:checking '/home/jiaverso/Desktop/SparkCar_ROS2_WS/SparkCar_Perception/install/hba/lib/pkgconfig/hba.pc'
[1.259s] Level 1:colcon.colcon_core.environment:checking '/home/jiaverso/Desktop/SparkCar_ROS2_WS/SparkCar_Perception/install/hba/lib/python3.10/site-packages'
[1.260s] Level 1:colcon.colcon_core.environment:checking '/home/jiaverso/Desktop/SparkCar_ROS2_WS/SparkCar_Perception/install/hba/bin'
[1.260s] INFO:colcon.colcon_core.shell:Creating package script '/home/jiaverso/Desktop/SparkCar_ROS2_WS/SparkCar_Perception/install/hba/share/hba/package.ps1'
[1.262s] INFO:colcon.colcon_core.shell:Creating package descriptor '/home/jiaverso/Desktop/SparkCar_ROS2_WS/SparkCar_Perception/install/hba/share/hba/package.dsv'
[1.263s] INFO:colcon.colcon_core.shell:Creating package script '/home/jiaverso/Desktop/SparkCar_ROS2_WS/SparkCar_Perception/install/hba/share/hba/package.sh'
[1.264s] INFO:colcon.colcon_core.shell:Creating package script '/home/jiaverso/Desktop/SparkCar_ROS2_WS/SparkCar_Perception/install/hba/share/hba/package.bash'
[1.265s] INFO:colcon.colcon_core.shell:Creating package script '/home/jiaverso/Desktop/SparkCar_ROS2_WS/SparkCar_Perception/install/hba/share/hba/package.zsh'
[1.265s] Level 1:colcon.colcon_core.environment:create_file_with_runtime_dependencies(/home/jiaverso/Desktop/SparkCar_ROS2_WS/SparkCar_Perception/install/hba/share/colcon-core/packages/hba)
[1.266s] DEBUG:colcon.colcon_core.event_handler.log_command:Invoked command in '/home/jiaverso/Desktop/SparkCar_ROS2_WS/SparkCar_Perception/build/realsense2_camera' returned '0': CMAKE_PREFIX_PATH=/home/jiaverso/Desktop/SparkCar_ROS2_WS/SparkCar_Perception/install/realsense2_camera_msgs:/home/jiaverso/Desktop/SparkCar_ROS2_WS/SparkCar_Perception/install/realsense2_description:/home/jiaverso/Desktop/SparkCar_ROS2_WS/SparkCar_Perception/install/realsense2_camera:/home/jiaverso/Desktop/SparkCar_ROS2_WS/SparkCar_Perception/install/pgo:/home/jiaverso/Desktop/SparkCar_ROS2_WS/SparkCar_Perception/install/localizer:/home/jiaverso/Desktop/SparkCar_ROS2_WS/SparkCar_Perception/install/fastlio2:/home/jiaverso/Desktop/SparkCar_ROS2_WS/SparkCar_Perception/install/livox_ros_driver2:/home/jiaverso/Desktop/SparkCar_ROS2_WS/SparkCar_Perception/install/hba:/home/jiaverso/Desktop/SparkCar_ROS2_WS/SparkCar_Perception/install/interface:/home/jiaverso/Desktop/SparkCar_ROS2_WS/SparkCar_Tools/install/pcd2pgm:/opt/ros/humble LD_LIBRARY_PATH=/home/jiaverso/Desktop/SparkCar_ROS2_WS/SparkCar_Perception/install/realsense2_camera_msgs/lib:/home/jiaverso/Desktop/SparkCar_ROS2_WS/SparkCar_Perception/install/realsense2_camera/lib:/home/jiaverso/Desktop/SparkCar_ROS2_WS/SparkCar_Perception/install/livox_ros_driver2/lib:/home/jiaverso/Desktop/SparkCar_ROS2_WS/SparkCar_Perception/install/interface/lib:/home/jiaverso/Desktop/SparkCar_ROS2_WS/SparkCar_Tools/install/pcd2pgm/lib:/opt/ros/humble/opt/rviz_ogre_vendor/lib:/opt/ros/humble/lib/x86_64-linux-gnu:/opt/ros/humble/lib /usr/bin/cmake --build /home/jiaverso/Desktop/SparkCar_ROS2_WS/SparkCar_Perception/build/realsense2_camera -- -j8 -l8
[1.268s] DEBUG:colcon.colcon_core.event_handler.log_command:Invoking command in '/home/jiaverso/Desktop/SparkCar_ROS2_WS/SparkCar_Perception/build/realsense2_camera': CMAKE_PREFIX_PATH=/home/jiaverso/Desktop/SparkCar_ROS2_WS/SparkCar_Perception/install/realsense2_camera_msgs:/home/jiaverso/Desktop/SparkCar_ROS2_WS/SparkCar_Perception/install/realsense2_description:/home/jiaverso/Desktop/SparkCar_ROS2_WS/SparkCar_Perception/install/realsense2_camera:/home/jiaverso/Desktop/SparkCar_ROS2_WS/SparkCar_Perception/install/pgo:/home/jiaverso/Desktop/SparkCar_ROS2_WS/SparkCar_Perception/install/localizer:/home/jiaverso/Desktop/SparkCar_ROS2_WS/SparkCar_Perception/install/fastlio2:/home/jiaverso/Desktop/SparkCar_ROS2_WS/SparkCar_Perception/install/livox_ros_driver2:/home/jiaverso/Desktop/SparkCar_ROS2_WS/SparkCar_Perception/install/hba:/home/jiaverso/Desktop/SparkCar_ROS2_WS/SparkCar_Perception/install/interface:/home/jiaverso/Desktop/SparkCar_ROS2_WS/SparkCar_Tools/install/pcd2pgm:/opt/ros/humble LD_LIBRARY_PATH=/home/jiaverso/Desktop/SparkCar_ROS2_WS/SparkCar_Perception/install/realsense2_camera_msgs/lib:/home/jiaverso/Desktop/SparkCar_ROS2_WS/SparkCar_Perception/install/realsense2_camera/lib:/home/jiaverso/Desktop/SparkCar_ROS2_WS/SparkCar_Perception/install/livox_ros_driver2/lib:/home/jiaverso/Desktop/SparkCar_ROS2_WS/SparkCar_Perception/install/interface/lib:/home/jiaverso/Desktop/SparkCar_ROS2_WS/SparkCar_Tools/install/pcd2pgm/lib:/opt/ros/humble/opt/rviz_ogre_vendor/lib:/opt/ros/humble/lib/x86_64-linux-gnu:/opt/ros/humble/lib /usr/bin/cmake --install /home/jiaverso/Desktop/SparkCar_ROS2_WS/SparkCar_Perception/build/realsense2_camera
[1.270s] DEBUG:colcon.colcon_core.event_handler.log_command:Invoked command in '/home/jiaverso/Desktop/SparkCar_ROS2_WS/SparkCar_Perception/build/fastlio2' returned '0': CMAKE_PREFIX_PATH=/home/jiaverso/Desktop/SparkCar_ROS2_WS/SparkCar_Perception/install/livox_ros_driver2:/home/jiaverso/Desktop/SparkCar_ROS2_WS/SparkCar_Perception/install/interface:/home/jiaverso/Desktop/SparkCar_ROS2_WS/SparkCar_Perception/install/realsense2_description:/home/jiaverso/Desktop/SparkCar_ROS2_WS/SparkCar_Perception/install/realsense2_camera:/home/jiaverso/Desktop/SparkCar_ROS2_WS/SparkCar_Perception/install/realsense2_camera_msgs:/home/jiaverso/Desktop/SparkCar_ROS2_WS/SparkCar_Perception/install/pgo:/home/jiaverso/Desktop/SparkCar_ROS2_WS/SparkCar_Perception/install/localizer:/home/jiaverso/Desktop/SparkCar_ROS2_WS/SparkCar_Perception/install/fastlio2:/home/jiaverso/Desktop/SparkCar_ROS2_WS/SparkCar_Perception/install/hba:/home/jiaverso/Desktop/SparkCar_ROS2_WS/SparkCar_Tools/install/pcd2pgm:/opt/ros/humble LD_LIBRARY_PATH=/home/jiaverso/Desktop/SparkCar_ROS2_WS/SparkCar_Perception/install/livox_ros_driver2/lib:/home/jiaverso/Desktop/SparkCar_ROS2_WS/SparkCar_Perception/install/interface/lib:/home/jiaverso/Desktop/SparkCar_ROS2_WS/SparkCar_Perception/install/realsense2_camera/lib:/home/jiaverso/Desktop/SparkCar_ROS2_WS/SparkCar_Perception/install/realsense2_camera_msgs/lib:/home/jiaverso/Desktop/SparkCar_ROS2_WS/SparkCar_Tools/install/pcd2pgm/lib:/opt/ros/humble/opt/rviz_ogre_vendor/lib:/opt/ros/humble/lib/x86_64-linux-gnu:/opt/ros/humble/lib /usr/bin/cmake --build /home/jiaverso/Desktop/SparkCar_ROS2_WS/SparkCar_Perception/build/fastlio2 -- -j8 -l8
[1.272s] DEBUG:colcon.colcon_core.event_handler.log_command:Invoking command in '/home/jiaverso/Desktop/SparkCar_ROS2_WS/SparkCar_Perception/build/fastlio2': CMAKE_PREFIX_PATH=/home/jiaverso/Desktop/SparkCar_ROS2_WS/SparkCar_Perception/install/livox_ros_driver2:/home/jiaverso/Desktop/SparkCar_ROS2_WS/SparkCar_Perception/install/interface:/home/jiaverso/Desktop/SparkCar_ROS2_WS/SparkCar_Perception/install/realsense2_description:/home/jiaverso/Desktop/SparkCar_ROS2_WS/SparkCar_Perception/install/realsense2_camera:/home/jiaverso/Desktop/SparkCar_ROS2_WS/SparkCar_Perception/install/realsense2_camera_msgs:/home/jiaverso/Desktop/SparkCar_ROS2_WS/SparkCar_Perception/install/pgo:/home/jiaverso/Desktop/SparkCar_ROS2_WS/SparkCar_Perception/install/localizer:/home/jiaverso/Desktop/SparkCar_ROS2_WS/SparkCar_Perception/install/fastlio2:/home/jiaverso/Desktop/SparkCar_ROS2_WS/SparkCar_Perception/install/hba:/home/jiaverso/Desktop/SparkCar_ROS2_WS/SparkCar_Tools/install/pcd2pgm:/opt/ros/humble LD_LIBRARY_PATH=/home/jiaverso/Desktop/SparkCar_ROS2_WS/SparkCar_Perception/install/livox_ros_driver2/lib:/home/jiaverso/Desktop/SparkCar_ROS2_WS/SparkCar_Perception/install/interface/lib:/home/jiaverso/Desktop/SparkCar_ROS2_WS/SparkCar_Perception/install/realsense2_camera/lib:/home/jiaverso/Desktop/SparkCar_ROS2_WS/SparkCar_Perception/install/realsense2_camera_msgs/lib:/home/jiaverso/Desktop/SparkCar_ROS2_WS/SparkCar_Tools/install/pcd2pgm/lib:/opt/ros/humble/opt/rviz_ogre_vendor/lib:/opt/ros/humble/lib/x86_64-linux-gnu:/opt/ros/humble/lib /usr/bin/cmake --install /home/jiaverso/Desktop/SparkCar_ROS2_WS/SparkCar_Perception/build/fastlio2
[1.281s] Level 1:colcon.colcon_core.environment:create_environment_scripts_only(realsense2_camera)
[1.281s] Level 1:colcon.colcon_core.environment:checking '/home/jiaverso/Desktop/SparkCar_ROS2_WS/SparkCar_Perception/install/realsense2_camera' for CMake module files
[1.282s] DEBUG:colcon.colcon_core.event_handler.log_command:Invoked command in '/home/jiaverso/Desktop/SparkCar_ROS2_WS/SparkCar_Perception/build/realsense2_camera' returned '0': CMAKE_PREFIX_PATH=/home/jiaverso/Desktop/SparkCar_ROS2_WS/SparkCar_Perception/install/realsense2_camera_msgs:/home/jiaverso/Desktop/SparkCar_ROS2_WS/SparkCar_Perception/install/realsense2_description:/home/jiaverso/Desktop/SparkCar_ROS2_WS/SparkCar_Perception/install/realsense2_camera:/home/jiaverso/Desktop/SparkCar_ROS2_WS/SparkCar_Perception/install/pgo:/home/jiaverso/Desktop/SparkCar_ROS2_WS/SparkCar_Perception/install/localizer:/home/jiaverso/Desktop/SparkCar_ROS2_WS/SparkCar_Perception/install/fastlio2:/home/jiaverso/Desktop/SparkCar_ROS2_WS/SparkCar_Perception/install/livox_ros_driver2:/home/jiaverso/Desktop/SparkCar_ROS2_WS/SparkCar_Perception/install/hba:/home/jiaverso/Desktop/SparkCar_ROS2_WS/SparkCar_Perception/install/interface:/home/jiaverso/Desktop/SparkCar_ROS2_WS/SparkCar_Tools/install/pcd2pgm:/opt/ros/humble LD_LIBRARY_PATH=/home/jiaverso/Desktop/SparkCar_ROS2_WS/SparkCar_Perception/install/realsense2_camera_msgs/lib:/home/jiaverso/Desktop/SparkCar_ROS2_WS/SparkCar_Perception/install/realsense2_camera/lib:/home/jiaverso/Desktop/SparkCar_ROS2_WS/SparkCar_Perception/install/livox_ros_driver2/lib:/home/jiaverso/Desktop/SparkCar_ROS2_WS/SparkCar_Perception/install/interface/lib:/home/jiaverso/Desktop/SparkCar_ROS2_WS/SparkCar_Tools/install/pcd2pgm/lib:/opt/ros/humble/opt/rviz_ogre_vendor/lib:/opt/ros/humble/lib/x86_64-linux-gnu:/opt/ros/humble/lib /usr/bin/cmake --install /home/jiaverso/Desktop/SparkCar_ROS2_WS/SparkCar_Perception/build/realsense2_camera
[1.282s] Level 1:colcon.colcon_core.environment:checking '/home/jiaverso/Desktop/SparkCar_ROS2_WS/SparkCar_Perception/install/realsense2_camera' for CMake config files
[1.282s] Level 1:colcon.colcon_core.shell:create_environment_hook('realsense2_camera', 'cmake_prefix_path')
[1.282s] INFO:colcon.colcon_core.shell:Creating environment hook '/home/jiaverso/Desktop/SparkCar_ROS2_WS/SparkCar_Perception/install/realsense2_camera/share/realsense2_camera/hook/cmake_prefix_path.ps1'
[1.283s] INFO:colcon.colcon_core.shell:Creating environment descriptor '/home/jiaverso/Desktop/SparkCar_ROS2_WS/SparkCar_Perception/install/realsense2_camera/share/realsense2_camera/hook/cmake_prefix_path.dsv'
[1.283s] INFO:colcon.colcon_core.shell:Creating environment hook '/home/jiaverso/Desktop/SparkCar_ROS2_WS/SparkCar_Perception/install/realsense2_camera/share/realsense2_camera/hook/cmake_prefix_path.sh'
[1.283s] Level 1:colcon.colcon_core.environment:checking '/home/jiaverso/Desktop/SparkCar_ROS2_WS/SparkCar_Perception/install/realsense2_camera/lib'
[1.284s] Level 1:colcon.colcon_core.shell:create_environment_hook('realsense2_camera', 'ld_library_path_lib')
[1.284s] INFO:colcon.colcon_core.shell:Creating environment hook '/home/jiaverso/Desktop/SparkCar_ROS2_WS/SparkCar_Perception/install/realsense2_camera/share/realsense2_camera/hook/ld_library_path_lib.ps1'
[1.284s] INFO:colcon.colcon_core.shell:Creating environment descriptor '/home/jiaverso/Desktop/SparkCar_ROS2_WS/SparkCar_Perception/install/realsense2_camera/share/realsense2_camera/hook/ld_library_path_lib.dsv'
[1.285s] INFO:colcon.colcon_core.shell:Creating environment hook '/home/jiaverso/Desktop/SparkCar_ROS2_WS/SparkCar_Perception/install/realsense2_camera/share/realsense2_camera/hook/ld_library_path_lib.sh'
[1.285s] Level 1:colcon.colcon_core.environment:checking '/home/jiaverso/Desktop/SparkCar_ROS2_WS/SparkCar_Perception/install/realsense2_camera/bin'
[1.285s] Level 1:colcon.colcon_core.environment:checking '/home/jiaverso/Desktop/SparkCar_ROS2_WS/SparkCar_Perception/install/realsense2_camera/lib/pkgconfig/realsense2_camera.pc'
[1.285s] Level 1:colcon.colcon_core.environment:checking '/home/jiaverso/Desktop/SparkCar_ROS2_WS/SparkCar_Perception/install/realsense2_camera/lib/python3.10/site-packages'
[1.285s] Level 1:colcon.colcon_core.environment:checking '/home/jiaverso/Desktop/SparkCar_ROS2_WS/SparkCar_Perception/install/realsense2_camera/bin'
[1.286s] INFO:colcon.colcon_core.shell:Creating package script '/home/jiaverso/Desktop/SparkCar_ROS2_WS/SparkCar_Perception/install/realsense2_camera/share/realsense2_camera/package.ps1'
[1.286s] INFO:colcon.colcon_core.shell:Creating package descriptor '/home/jiaverso/Desktop/SparkCar_ROS2_WS/SparkCar_Perception/install/realsense2_camera/share/realsense2_camera/package.dsv'
[1.286s] INFO:colcon.colcon_core.shell:Creating package script '/home/jiaverso/Desktop/SparkCar_ROS2_WS/SparkCar_Perception/install/realsense2_camera/share/realsense2_camera/package.sh'
[1.287s] INFO:colcon.colcon_core.shell:Creating package script '/home/jiaverso/Desktop/SparkCar_ROS2_WS/SparkCar_Perception/install/realsense2_camera/share/realsense2_camera/package.bash'
[1.287s] INFO:colcon.colcon_core.shell:Creating package script '/home/jiaverso/Desktop/SparkCar_ROS2_WS/SparkCar_Perception/install/realsense2_camera/share/realsense2_camera/package.zsh'
[1.287s] Level 1:colcon.colcon_core.environment:create_file_with_runtime_dependencies(/home/jiaverso/Desktop/SparkCar_ROS2_WS/SparkCar_Perception/install/realsense2_camera/share/colcon-core/packages/realsense2_camera)
[1.288s] Level 1:colcon.colcon_core.environment:create_environment_scripts_only(realsense2_camera)
[1.288s] Level 1:colcon.colcon_core.environment:checking '/home/jiaverso/Desktop/SparkCar_ROS2_WS/SparkCar_Perception/install/realsense2_camera' for CMake module files
[1.288s] Level 1:colcon.colcon_core.environment:checking '/home/jiaverso/Desktop/SparkCar_ROS2_WS/SparkCar_Perception/install/realsense2_camera' for CMake config files
[1.289s] Level 1:colcon.colcon_core.shell:create_environment_hook('realsense2_camera', 'cmake_prefix_path')
[1.289s] INFO:colcon.colcon_core.shell:Creating environment hook '/home/jiaverso/Desktop/SparkCar_ROS2_WS/SparkCar_Perception/install/realsense2_camera/share/realsense2_camera/hook/cmake_prefix_path.ps1'
[1.289s] INFO:colcon.colcon_core.shell:Creating environment descriptor '/home/jiaverso/Desktop/SparkCar_ROS2_WS/SparkCar_Perception/install/realsense2_camera/share/realsense2_camera/hook/cmake_prefix_path.dsv'
[1.289s] INFO:colcon.colcon_core.shell:Creating environment hook '/home/jiaverso/Desktop/SparkCar_ROS2_WS/SparkCar_Perception/install/realsense2_camera/share/realsense2_camera/hook/cmake_prefix_path.sh'
[1.290s] Level 1:colcon.colcon_core.environment:checking '/home/jiaverso/Desktop/SparkCar_ROS2_WS/SparkCar_Perception/install/realsense2_camera/lib'
[1.290s] Level 1:colcon.colcon_core.shell:create_environment_hook('realsense2_camera', 'ld_library_path_lib')
[1.290s] INFO:colcon.colcon_core.shell:Creating environment hook '/home/jiaverso/Desktop/SparkCar_ROS2_WS/SparkCar_Perception/install/realsense2_camera/share/realsense2_camera/hook/ld_library_path_lib.ps1'
[1.290s] INFO:colcon.colcon_core.shell:Creating environment descriptor '/home/jiaverso/Desktop/SparkCar_ROS2_WS/SparkCar_Perception/install/realsense2_camera/share/realsense2_camera/hook/ld_library_path_lib.dsv'
[1.290s] INFO:colcon.colcon_core.shell:Creating environment hook '/home/jiaverso/Desktop/SparkCar_ROS2_WS/SparkCar_Perception/install/realsense2_camera/share/realsense2_camera/hook/ld_library_path_lib.sh'
[1.291s] Level 1:colcon.colcon_core.environment:checking '/home/jiaverso/Desktop/SparkCar_ROS2_WS/SparkCar_Perception/install/realsense2_camera/bin'
[1.291s] Level 1:colcon.colcon_core.environment:checking '/home/jiaverso/Desktop/SparkCar_ROS2_WS/SparkCar_Perception/install/realsense2_camera/lib/pkgconfig/realsense2_camera.pc'
[1.291s] Level 1:colcon.colcon_core.environment:checking '/home/jiaverso/Desktop/SparkCar_ROS2_WS/SparkCar_Perception/install/realsense2_camera/lib/python3.10/site-packages'
[1.291s] Level 1:colcon.colcon_core.environment:checking '/home/jiaverso/Desktop/SparkCar_ROS2_WS/SparkCar_Perception/install/realsense2_camera/bin'
[1.291s] INFO:colcon.colcon_core.shell:Creating package script '/home/jiaverso/Desktop/SparkCar_ROS2_WS/SparkCar_Perception/install/realsense2_camera/share/realsense2_camera/package.ps1'
[1.292s] INFO:colcon.colcon_core.shell:Creating package descriptor '/home/jiaverso/Desktop/SparkCar_ROS2_WS/SparkCar_Perception/install/realsense2_camera/share/realsense2_camera/package.dsv'
[1.292s] INFO:colcon.colcon_core.shell:Creating package script '/home/jiaverso/Desktop/SparkCar_ROS2_WS/SparkCar_Perception/install/realsense2_camera/share/realsense2_camera/package.sh'
[1.293s] INFO:colcon.colcon_core.shell:Creating package script '/home/jiaverso/Desktop/SparkCar_ROS2_WS/SparkCar_Perception/install/realsense2_camera/share/realsense2_camera/package.bash'
[1.293s] INFO:colcon.colcon_core.shell:Creating package script '/home/jiaverso/Desktop/SparkCar_ROS2_WS/SparkCar_Perception/install/realsense2_camera/share/realsense2_camera/package.zsh'
[1.293s] Level 1:colcon.colcon_core.environment:create_file_with_runtime_dependencies(/home/jiaverso/Desktop/SparkCar_ROS2_WS/SparkCar_Perception/install/realsense2_camera/share/colcon-core/packages/realsense2_camera)
[1.293s] Level 1:colcon.colcon_core.environment:create_environment_scripts_only(fastlio2)
[1.294s] Level 1:colcon.colcon_core.environment:checking '/home/jiaverso/Desktop/SparkCar_ROS2_WS/SparkCar_Perception/install/fastlio2' for CMake module files
[1.294s] Level 1:colcon.colcon_core.environment:checking '/home/jiaverso/Desktop/SparkCar_ROS2_WS/SparkCar_Perception/install/fastlio2' for CMake config files
[1.295s] DEBUG:colcon.colcon_core.event_handler.log_command:Invoked command in '/home/jiaverso/Desktop/SparkCar_ROS2_WS/SparkCar_Perception/build/fastlio2' returned '0': CMAKE_PREFIX_PATH=/home/jiaverso/Desktop/SparkCar_ROS2_WS/SparkCar_Perception/install/livox_ros_driver2:/home/jiaverso/Desktop/SparkCar_ROS2_WS/SparkCar_Perception/install/interface:/home/jiaverso/Desktop/SparkCar_ROS2_WS/SparkCar_Perception/install/realsense2_description:/home/jiaverso/Desktop/SparkCar_ROS2_WS/SparkCar_Perception/install/realsense2_camera:/home/jiaverso/Desktop/SparkCar_ROS2_WS/SparkCar_Perception/install/realsense2_camera_msgs:/home/jiaverso/Desktop/SparkCar_ROS2_WS/SparkCar_Perception/install/pgo:/home/jiaverso/Desktop/SparkCar_ROS2_WS/SparkCar_Perception/install/localizer:/home/jiaverso/Desktop/SparkCar_ROS2_WS/SparkCar_Perception/install/fastlio2:/home/jiaverso/Desktop/SparkCar_ROS2_WS/SparkCar_Perception/install/hba:/home/jiaverso/Desktop/SparkCar_ROS2_WS/SparkCar_Tools/install/pcd2pgm:/opt/ros/humble LD_LIBRARY_PATH=/home/jiaverso/Desktop/SparkCar_ROS2_WS/SparkCar_Perception/install/livox_ros_driver2/lib:/home/jiaverso/Desktop/SparkCar_ROS2_WS/SparkCar_Perception/install/interface/lib:/home/jiaverso/Desktop/SparkCar_ROS2_WS/SparkCar_Perception/install/realsense2_camera/lib:/home/jiaverso/Desktop/SparkCar_ROS2_WS/SparkCar_Perception/install/realsense2_camera_msgs/lib:/home/jiaverso/Desktop/SparkCar_ROS2_WS/SparkCar_Tools/install/pcd2pgm/lib:/opt/ros/humble/opt/rviz_ogre_vendor/lib:/opt/ros/humble/lib/x86_64-linux-gnu:/opt/ros/humble/lib /usr/bin/cmake --install /home/jiaverso/Desktop/SparkCar_ROS2_WS/SparkCar_Perception/build/fastlio2
[1.295s] Level 1:colcon.colcon_core.shell:create_environment_hook('fastlio2', 'cmake_prefix_path')
[1.295s] INFO:colcon.colcon_core.shell:Creating environment hook '/home/jiaverso/Desktop/SparkCar_ROS2_WS/SparkCar_Perception/install/fastlio2/share/fastlio2/hook/cmake_prefix_path.ps1'
[1.295s] INFO:colcon.colcon_core.shell:Creating environment descriptor '/home/jiaverso/Desktop/SparkCar_ROS2_WS/SparkCar_Perception/install/fastlio2/share/fastlio2/hook/cmake_prefix_path.dsv'
[1.296s] INFO:colcon.colcon_core.shell:Creating environment hook '/home/jiaverso/Desktop/SparkCar_ROS2_WS/SparkCar_Perception/install/fastlio2/share/fastlio2/hook/cmake_prefix_path.sh'
[1.296s] Level 1:colcon.colcon_core.environment:checking '/home/jiaverso/Desktop/SparkCar_ROS2_WS/SparkCar_Perception/install/fastlio2/lib'
[1.296s] Level 1:colcon.colcon_core.environment:checking '/home/jiaverso/Desktop/SparkCar_ROS2_WS/SparkCar_Perception/install/fastlio2/bin'
[1.296s] Level 1:colcon.colcon_core.environment:checking '/home/jiaverso/Desktop/SparkCar_ROS2_WS/SparkCar_Perception/install/fastlio2/lib/pkgconfig/fastlio2.pc'
[1.296s] Level 1:colcon.colcon_core.environment:checking '/home/jiaverso/Desktop/SparkCar_ROS2_WS/SparkCar_Perception/install/fastlio2/lib/python3.10/site-packages'
[1.297s] Level 1:colcon.colcon_core.environment:checking '/home/jiaverso/Desktop/SparkCar_ROS2_WS/SparkCar_Perception/install/fastlio2/bin'
[1.297s] INFO:colcon.colcon_core.shell:Creating package script '/home/jiaverso/Desktop/SparkCar_ROS2_WS/SparkCar_Perception/install/fastlio2/share/fastlio2/package.ps1'
[1.297s] INFO:colcon.colcon_core.shell:Creating package descriptor '/home/jiaverso/Desktop/SparkCar_ROS2_WS/SparkCar_Perception/install/fastlio2/share/fastlio2/package.dsv'
[1.297s] INFO:colcon.colcon_core.shell:Creating package script '/home/jiaverso/Desktop/SparkCar_ROS2_WS/SparkCar_Perception/install/fastlio2/share/fastlio2/package.sh'
[1.298s] INFO:colcon.colcon_core.shell:Creating package script '/home/jiaverso/Desktop/SparkCar_ROS2_WS/SparkCar_Perception/install/fastlio2/share/fastlio2/package.bash'
[1.298s] INFO:colcon.colcon_core.shell:Creating package script '/home/jiaverso/Desktop/SparkCar_ROS2_WS/SparkCar_Perception/install/fastlio2/share/fastlio2/package.zsh'
[1.298s] Level 1:colcon.colcon_core.environment:create_file_with_runtime_dependencies(/home/jiaverso/Desktop/SparkCar_ROS2_WS/SparkCar_Perception/install/fastlio2/share/colcon-core/packages/fastlio2)
[1.298s] Level 1:colcon.colcon_core.environment:create_environment_scripts_only(fastlio2)
[1.298s] Level 1:colcon.colcon_core.environment:checking '/home/jiaverso/Desktop/SparkCar_ROS2_WS/SparkCar_Perception/install/fastlio2' for CMake module files
[1.299s] Level 1:colcon.colcon_core.environment:checking '/home/jiaverso/Desktop/SparkCar_ROS2_WS/SparkCar_Perception/install/fastlio2' for CMake config files
[1.299s] Level 1:colcon.colcon_core.shell:create_environment_hook('fastlio2', 'cmake_prefix_path')
[1.299s] INFO:colcon.colcon_core.shell:Creating environment hook '/home/jiaverso/Desktop/SparkCar_ROS2_WS/SparkCar_Perception/install/fastlio2/share/fastlio2/hook/cmake_prefix_path.ps1'
[1.299s] INFO:colcon.colcon_core.shell:Creating environment descriptor '/home/jiaverso/Desktop/SparkCar_ROS2_WS/SparkCar_Perception/install/fastlio2/share/fastlio2/hook/cmake_prefix_path.dsv'
[1.299s] INFO:colcon.colcon_core.shell:Creating environment hook '/home/jiaverso/Desktop/SparkCar_ROS2_WS/SparkCar_Perception/install/fastlio2/share/fastlio2/hook/cmake_prefix_path.sh'
[1.300s] Level 1:colcon.colcon_core.environment:checking '/home/jiaverso/Desktop/SparkCar_ROS2_WS/SparkCar_Perception/install/fastlio2/lib'
[1.300s] Level 1:colcon.colcon_core.environment:checking '/home/jiaverso/Desktop/SparkCar_ROS2_WS/SparkCar_Perception/install/fastlio2/bin'
[1.300s] Level 1:colcon.colcon_core.environment:checking '/home/jiaverso/Desktop/SparkCar_ROS2_WS/SparkCar_Perception/install/fastlio2/lib/pkgconfig/fastlio2.pc'
[1.300s] Level 1:colcon.colcon_core.environment:checking '/home/jiaverso/Desktop/SparkCar_ROS2_WS/SparkCar_Perception/install/fastlio2/lib/python3.10/site-packages'
[1.300s] Level 1:colcon.colcon_core.environment:checking '/home/jiaverso/Desktop/SparkCar_ROS2_WS/SparkCar_Perception/install/fastlio2/bin'
[1.300s] INFO:colcon.colcon_core.shell:Creating package script '/home/jiaverso/Desktop/SparkCar_ROS2_WS/SparkCar_Perception/install/fastlio2/share/fastlio2/package.ps1'
[1.301s] INFO:colcon.colcon_core.shell:Creating package descriptor '/home/jiaverso/Desktop/SparkCar_ROS2_WS/SparkCar_Perception/install/fastlio2/share/fastlio2/package.dsv'
[1.301s] INFO:colcon.colcon_core.shell:Creating package script '/home/jiaverso/Desktop/SparkCar_ROS2_WS/SparkCar_Perception/install/fastlio2/share/fastlio2/package.sh'
[1.301s] INFO:colcon.colcon_core.shell:Creating package script '/home/jiaverso/Desktop/SparkCar_ROS2_WS/SparkCar_Perception/install/fastlio2/share/fastlio2/package.bash'
[1.302s] INFO:colcon.colcon_core.shell:Creating package script '/home/jiaverso/Desktop/SparkCar_ROS2_WS/SparkCar_Perception/install/fastlio2/share/fastlio2/package.zsh'
[1.302s] Level 1:colcon.colcon_core.environment:create_file_with_runtime_dependencies(/home/jiaverso/Desktop/SparkCar_ROS2_WS/SparkCar_Perception/install/fastlio2/share/colcon-core/packages/fastlio2)
[1.302s] DEBUG:colcon.colcon_parallel_executor.executor.parallel:closing loop
[1.302s] DEBUG:colcon.colcon_parallel_executor.executor.parallel:loop closed
[1.302s] DEBUG:colcon.colcon_parallel_executor.executor.parallel:run_until_complete finished with '0'
[1.302s] DEBUG:colcon.colcon_core.event_reactor:joining thread
[1.307s] INFO:colcon.colcon_core.plugin_system:Skipping extension 'colcon_notification.desktop_notification.terminal_notifier': Not used on non-Darwin systems
[1.307s] INFO:colcon.colcon_core.plugin_system:Skipping extension 'colcon_notification.desktop_notification.win32': Not used on non-Windows systems
[1.307s] INFO:colcon.colcon_notification.desktop_notification:Sending desktop notification using 'notify2'
[1.321s] DEBUG:colcon.colcon_core.event_reactor:joined thread
[1.321s] INFO:colcon.colcon_core.shell:Creating prefix script '/home/jiaverso/Desktop/SparkCar_ROS2_WS/SparkCar_Perception/install/local_setup.ps1'
[1.322s] INFO:colcon.colcon_core.shell:Creating prefix util module '/home/jiaverso/Desktop/SparkCar_ROS2_WS/SparkCar_Perception/install/_local_setup_util_ps1.py'
[1.323s] INFO:colcon.colcon_core.shell:Creating prefix chain script '/home/jiaverso/Desktop/SparkCar_ROS2_WS/SparkCar_Perception/install/setup.ps1'
[1.324s] INFO:colcon.colcon_core.shell:Creating prefix script '/home/jiaverso/Desktop/SparkCar_ROS2_WS/SparkCar_Perception/install/local_setup.sh'
[1.325s] INFO:colcon.colcon_core.shell:Creating prefix util module '/home/jiaverso/Desktop/SparkCar_ROS2_WS/SparkCar_Perception/install/_local_setup_util_sh.py'
[1.325s] INFO:colcon.colcon_core.shell:Creating prefix chain script '/home/jiaverso/Desktop/SparkCar_ROS2_WS/SparkCar_Perception/install/setup.sh'
[1.326s] INFO:colcon.colcon_core.shell:Creating prefix script '/home/jiaverso/Desktop/SparkCar_ROS2_WS/SparkCar_Perception/install/local_setup.bash'
[1.327s] INFO:colcon.colcon_core.shell:Creating prefix chain script '/home/jiaverso/Desktop/SparkCar_ROS2_WS/SparkCar_Perception/install/setup.bash'
[1.328s] INFO:colcon.colcon_core.shell:Creating prefix script '/home/jiaverso/Desktop/SparkCar_ROS2_WS/SparkCar_Perception/install/local_setup.zsh'
[1.329s] INFO:colcon.colcon_core.shell:Creating prefix chain script '/home/jiaverso/Desktop/SparkCar_ROS2_WS/SparkCar_Perception/install/setup.zsh'
