[0.466s] DEBUG:colcon:Command line arguments: ['/usr/bin/colcon', 'build']
[0.466s] DEBUG:colcon:Parsed command line arguments: Namespace(log_base=None, log_level=None, verb_name='build', build_base='build', install_base='install', merge_install=False, symlink_install=False, test_result_base=None, continue_on_error=False, executor='parallel', parallel_workers=8, event_handlers=None, ignore_user_meta=False, metas=['./colcon.meta'], base_paths=['.'], packages_ignore=None, packages_ignore_regex=None, paths=None, packages_up_to=None, packages_up_to_regex=None, packages_above=None, packages_above_and_dependencies=None, packages_above_depth=None, packages_select_by_dep=None, packages_skip_by_dep=None, packages_skip_up_to=None, packages_select_build_failed=False, packages_skip_build_finished=False, packages_select_test_failures=False, packages_skip_test_passed=False, packages_select=None, packages_skip=None, packages_select_regex=None, packages_skip_regex=None, packages_start=None, packages_end=None, cmake_args=None, cmake_target=None, cmake_target_skip_unavailable=False, cmake_clean_cache=False, cmake_clean_first=False, cmake_force_configure=False, ament_cmake_args=None, catkin_cmake_args=None, catkin_skip_building_tests=False, mixin_files=None, mixin=None, verb_parser=<colcon_mixin.mixin.mixin_argument.MixinArgumentDecorator object at 0x7f974d7b20>, verb_extension=<colcon_core.verb.build.BuildVerb object at 0x7f974d7670>, main=<bound method BuildVerb.main of <colcon_core.verb.build.BuildVerb object at 0x7f974d7670>>, mixin_verb=('build',))
[0.875s] Level 1:colcon.colcon_core.package_discovery:discover_packages(colcon_meta) check parameters
[0.875s] Level 1:colcon.colcon_core.package_discovery:discover_packages(recursive) check parameters
[0.875s] Level 1:colcon.colcon_core.package_discovery:discover_packages(ignore) check parameters
[0.875s] Level 1:colcon.colcon_core.package_discovery:discover_packages(path) check parameters
[0.875s] Level 1:colcon.colcon_core.package_discovery:discover_packages(colcon_meta) discover
[0.876s] Level 1:colcon.colcon_core.package_discovery:discover_packages(recursive) discover
[0.876s] INFO:colcon.colcon_core.package_discovery:Crawling recursively for packages in '/home/orangepi/Desktop/SparkCar_ROS2_WS/SparkCar_Perception'
[0.876s] Level 1:colcon.colcon_core.package_identification:_identify(.) by extensions ['ignore', 'ignore_ament_install']
[0.876s] Level 1:colcon.colcon_core.package_identification:_identify(.) by extension 'ignore'
[0.876s] Level 1:colcon.colcon_core.package_identification:_identify(.) by extension 'ignore_ament_install'
[0.876s] Level 1:colcon.colcon_core.package_identification:_identify(.) by extensions ['colcon_pkg']
[0.876s] Level 1:colcon.colcon_core.package_identification:_identify(.) by extension 'colcon_pkg'
[0.876s] Level 1:colcon.colcon_core.package_identification:_identify(.) by extensions ['colcon_meta']
[0.876s] Level 1:colcon.colcon_core.package_identification:_identify(.) by extension 'colcon_meta'
[0.877s] Level 1:colcon.colcon_core.package_identification:_identify(.) by extensions ['ros']
[0.877s] Level 1:colcon.colcon_core.package_identification:_identify(.) by extension 'ros'
[0.903s] Level 1:colcon.colcon_core.package_identification:_identify(.) by extensions ['cmake', 'python']
[0.904s] Level 1:colcon.colcon_core.package_identification:_identify(.) by extension 'cmake'
[0.904s] Level 1:colcon.colcon_core.package_identification:_identify(.) by extension 'python'
[0.904s] Level 1:colcon.colcon_core.package_identification:_identify(.) by extensions ['python_setup_py']
[0.904s] Level 1:colcon.colcon_core.package_identification:_identify(.) by extension 'python_setup_py'
[0.904s] Level 1:colcon.colcon_core.package_identification:_identify(build) by extensions ['ignore', 'ignore_ament_install']
[0.904s] Level 1:colcon.colcon_core.package_identification:_identify(build) by extension 'ignore'
[0.904s] Level 1:colcon.colcon_core.package_identification:_identify(build) ignored
[0.904s] Level 1:colcon.colcon_core.package_identification:_identify(install) by extensions ['ignore', 'ignore_ament_install']
[0.905s] Level 1:colcon.colcon_core.package_identification:_identify(install) by extension 'ignore'
[0.905s] Level 1:colcon.colcon_core.package_identification:_identify(install) ignored
[0.905s] Level 1:colcon.colcon_core.package_identification:_identify(log) by extensions ['ignore', 'ignore_ament_install']
[0.905s] Level 1:colcon.colcon_core.package_identification:_identify(log) by extension 'ignore'
[0.905s] Level 1:colcon.colcon_core.package_identification:_identify(log) ignored
[0.905s] Level 1:colcon.colcon_core.package_identification:_identify(src) by extensions ['ignore', 'ignore_ament_install']
[0.905s] Level 1:colcon.colcon_core.package_identification:_identify(src) by extension 'ignore'
[0.905s] Level 1:colcon.colcon_core.package_identification:_identify(src) by extension 'ignore_ament_install'
[0.905s] Level 1:colcon.colcon_core.package_identification:_identify(src) by extensions ['colcon_pkg']
[0.905s] Level 1:colcon.colcon_core.package_identification:_identify(src) by extension 'colcon_pkg'
[0.905s] Level 1:colcon.colcon_core.package_identification:_identify(src) by extensions ['colcon_meta']
[0.905s] Level 1:colcon.colcon_core.package_identification:_identify(src) by extension 'colcon_meta'
[0.905s] Level 1:colcon.colcon_core.package_identification:_identify(src) by extensions ['ros']
[0.905s] Level 1:colcon.colcon_core.package_identification:_identify(src) by extension 'ros'
[0.906s] Level 1:colcon.colcon_core.package_identification:_identify(src) by extensions ['cmake', 'python']
[0.906s] Level 1:colcon.colcon_core.package_identification:_identify(src) by extension 'cmake'
[0.906s] Level 1:colcon.colcon_core.package_identification:_identify(src) by extension 'python'
[0.906s] Level 1:colcon.colcon_core.package_identification:_identify(src) by extensions ['python_setup_py']
[0.906s] Level 1:colcon.colcon_core.package_identification:_identify(src) by extension 'python_setup_py'
[0.906s] Level 1:colcon.colcon_core.package_identification:_identify(src/VINS-Fusion-ROS2) by extensions ['ignore', 'ignore_ament_install']
[0.906s] Level 1:colcon.colcon_core.package_identification:_identify(src/VINS-Fusion-ROS2) by extension 'ignore'
[0.906s] Level 1:colcon.colcon_core.package_identification:_identify(src/VINS-Fusion-ROS2) by extension 'ignore_ament_install'
[0.906s] Level 1:colcon.colcon_core.package_identification:_identify(src/VINS-Fusion-ROS2) by extensions ['colcon_pkg']
[0.906s] Level 1:colcon.colcon_core.package_identification:_identify(src/VINS-Fusion-ROS2) by extension 'colcon_pkg'
[0.906s] Level 1:colcon.colcon_core.package_identification:_identify(src/VINS-Fusion-ROS2) by extensions ['colcon_meta']
[0.906s] Level 1:colcon.colcon_core.package_identification:_identify(src/VINS-Fusion-ROS2) by extension 'colcon_meta'
[0.906s] Level 1:colcon.colcon_core.package_identification:_identify(src/VINS-Fusion-ROS2) by extensions ['ros']
[0.906s] Level 1:colcon.colcon_core.package_identification:_identify(src/VINS-Fusion-ROS2) by extension 'ros'
[0.906s] Level 1:colcon.colcon_core.package_identification:_identify(src/VINS-Fusion-ROS2) by extensions ['cmake', 'python']
[0.906s] Level 1:colcon.colcon_core.package_identification:_identify(src/VINS-Fusion-ROS2) by extension 'cmake'
[0.906s] Level 1:colcon.colcon_core.package_identification:_identify(src/VINS-Fusion-ROS2) by extension 'python'
[0.906s] Level 1:colcon.colcon_core.package_identification:_identify(src/VINS-Fusion-ROS2) by extensions ['python_setup_py']
[0.907s] Level 1:colcon.colcon_core.package_identification:_identify(src/VINS-Fusion-ROS2) by extension 'python_setup_py'
[0.907s] Level 1:colcon.colcon_core.package_identification:_identify(src/VINS-Fusion-ROS2/camera_models) by extensions ['ignore', 'ignore_ament_install']
[0.907s] Level 1:colcon.colcon_core.package_identification:_identify(src/VINS-Fusion-ROS2/camera_models) by extension 'ignore'
[0.907s] Level 1:colcon.colcon_core.package_identification:_identify(src/VINS-Fusion-ROS2/camera_models) by extension 'ignore_ament_install'
[0.907s] Level 1:colcon.colcon_core.package_identification:_identify(src/VINS-Fusion-ROS2/camera_models) by extensions ['colcon_pkg']
[0.907s] Level 1:colcon.colcon_core.package_identification:_identify(src/VINS-Fusion-ROS2/camera_models) by extension 'colcon_pkg'
[0.907s] Level 1:colcon.colcon_core.package_identification:_identify(src/VINS-Fusion-ROS2/camera_models) by extensions ['colcon_meta']
[0.907s] Level 1:colcon.colcon_core.package_identification:_identify(src/VINS-Fusion-ROS2/camera_models) by extension 'colcon_meta'
[0.907s] Level 1:colcon.colcon_core.package_identification:_identify(src/VINS-Fusion-ROS2/camera_models) by extensions ['ros']
[0.907s] Level 1:colcon.colcon_core.package_identification:_identify(src/VINS-Fusion-ROS2/camera_models) by extension 'ros'
[0.913s] DEBUG:colcon.colcon_core.package_identification:Package 'src/VINS-Fusion-ROS2/camera_models' with type 'ros.ament_cmake' and name 'camera_models'
[0.914s] Level 1:colcon.colcon_core.package_identification:_identify(src/VINS-Fusion-ROS2/config) by extensions ['ignore', 'ignore_ament_install']
[0.914s] Level 1:colcon.colcon_core.package_identification:_identify(src/VINS-Fusion-ROS2/config) by extension 'ignore'
[0.914s] Level 1:colcon.colcon_core.package_identification:_identify(src/VINS-Fusion-ROS2/config) by extension 'ignore_ament_install'
[0.914s] Level 1:colcon.colcon_core.package_identification:_identify(src/VINS-Fusion-ROS2/config) by extensions ['colcon_pkg']
[0.914s] Level 1:colcon.colcon_core.package_identification:_identify(src/VINS-Fusion-ROS2/config) by extension 'colcon_pkg'
[0.914s] Level 1:colcon.colcon_core.package_identification:_identify(src/VINS-Fusion-ROS2/config) by extensions ['colcon_meta']
[0.914s] Level 1:colcon.colcon_core.package_identification:_identify(src/VINS-Fusion-ROS2/config) by extension 'colcon_meta'
[0.914s] Level 1:colcon.colcon_core.package_identification:_identify(src/VINS-Fusion-ROS2/config) by extensions ['ros']
[0.914s] Level 1:colcon.colcon_core.package_identification:_identify(src/VINS-Fusion-ROS2/config) by extension 'ros'
[0.914s] Level 1:colcon.colcon_core.package_identification:_identify(src/VINS-Fusion-ROS2/config) by extensions ['cmake', 'python']
[0.914s] Level 1:colcon.colcon_core.package_identification:_identify(src/VINS-Fusion-ROS2/config) by extension 'cmake'
[0.914s] Level 1:colcon.colcon_core.package_identification:_identify(src/VINS-Fusion-ROS2/config) by extension 'python'
[0.914s] Level 1:colcon.colcon_core.package_identification:_identify(src/VINS-Fusion-ROS2/config) by extensions ['python_setup_py']
[0.914s] Level 1:colcon.colcon_core.package_identification:_identify(src/VINS-Fusion-ROS2/config) by extension 'python_setup_py'
[0.914s] Level 1:colcon.colcon_core.package_identification:_identify(src/VINS-Fusion-ROS2/config/A3_ptgrey) by extensions ['ignore', 'ignore_ament_install']
[0.915s] Level 1:colcon.colcon_core.package_identification:_identify(src/VINS-Fusion-ROS2/config/A3_ptgrey) by extension 'ignore'
[0.915s] Level 1:colcon.colcon_core.package_identification:_identify(src/VINS-Fusion-ROS2/config/A3_ptgrey) by extension 'ignore_ament_install'
[0.915s] Level 1:colcon.colcon_core.package_identification:_identify(src/VINS-Fusion-ROS2/config/A3_ptgrey) by extensions ['colcon_pkg']
[0.915s] Level 1:colcon.colcon_core.package_identification:_identify(src/VINS-Fusion-ROS2/config/A3_ptgrey) by extension 'colcon_pkg'
[0.915s] Level 1:colcon.colcon_core.package_identification:_identify(src/VINS-Fusion-ROS2/config/A3_ptgrey) by extensions ['colcon_meta']
[0.915s] Level 1:colcon.colcon_core.package_identification:_identify(src/VINS-Fusion-ROS2/config/A3_ptgrey) by extension 'colcon_meta'
[0.915s] Level 1:colcon.colcon_core.package_identification:_identify(src/VINS-Fusion-ROS2/config/A3_ptgrey) by extensions ['ros']
[0.915s] Level 1:colcon.colcon_core.package_identification:_identify(src/VINS-Fusion-ROS2/config/A3_ptgrey) by extension 'ros'
[0.915s] Level 1:colcon.colcon_core.package_identification:_identify(src/VINS-Fusion-ROS2/config/A3_ptgrey) by extensions ['cmake', 'python']
[0.915s] Level 1:colcon.colcon_core.package_identification:_identify(src/VINS-Fusion-ROS2/config/A3_ptgrey) by extension 'cmake'
[0.915s] Level 1:colcon.colcon_core.package_identification:_identify(src/VINS-Fusion-ROS2/config/A3_ptgrey) by extension 'python'
[0.915s] Level 1:colcon.colcon_core.package_identification:_identify(src/VINS-Fusion-ROS2/config/A3_ptgrey) by extensions ['python_setup_py']
[0.915s] Level 1:colcon.colcon_core.package_identification:_identify(src/VINS-Fusion-ROS2/config/A3_ptgrey) by extension 'python_setup_py'
[0.915s] Level 1:colcon.colcon_core.package_identification:_identify(src/VINS-Fusion-ROS2/config/euroc) by extensions ['ignore', 'ignore_ament_install']
[0.915s] Level 1:colcon.colcon_core.package_identification:_identify(src/VINS-Fusion-ROS2/config/euroc) by extension 'ignore'
[0.915s] Level 1:colcon.colcon_core.package_identification:_identify(src/VINS-Fusion-ROS2/config/euroc) by extension 'ignore_ament_install'
[0.916s] Level 1:colcon.colcon_core.package_identification:_identify(src/VINS-Fusion-ROS2/config/euroc) by extensions ['colcon_pkg']
[0.916s] Level 1:colcon.colcon_core.package_identification:_identify(src/VINS-Fusion-ROS2/config/euroc) by extension 'colcon_pkg'
[0.916s] Level 1:colcon.colcon_core.package_identification:_identify(src/VINS-Fusion-ROS2/config/euroc) by extensions ['colcon_meta']
[0.916s] Level 1:colcon.colcon_core.package_identification:_identify(src/VINS-Fusion-ROS2/config/euroc) by extension 'colcon_meta'
[0.916s] Level 1:colcon.colcon_core.package_identification:_identify(src/VINS-Fusion-ROS2/config/euroc) by extensions ['ros']
[0.916s] Level 1:colcon.colcon_core.package_identification:_identify(src/VINS-Fusion-ROS2/config/euroc) by extension 'ros'
[0.916s] Level 1:colcon.colcon_core.package_identification:_identify(src/VINS-Fusion-ROS2/config/euroc) by extensions ['cmake', 'python']
[0.916s] Level 1:colcon.colcon_core.package_identification:_identify(src/VINS-Fusion-ROS2/config/euroc) by extension 'cmake'
[0.916s] Level 1:colcon.colcon_core.package_identification:_identify(src/VINS-Fusion-ROS2/config/euroc) by extension 'python'
[0.916s] Level 1:colcon.colcon_core.package_identification:_identify(src/VINS-Fusion-ROS2/config/euroc) by extensions ['python_setup_py']
[0.916s] Level 1:colcon.colcon_core.package_identification:_identify(src/VINS-Fusion-ROS2/config/euroc) by extension 'python_setup_py'
[0.916s] Level 1:colcon.colcon_core.package_identification:_identify(src/VINS-Fusion-ROS2/config/kitti_odom) by extensions ['ignore', 'ignore_ament_install']
[0.916s] Level 1:colcon.colcon_core.package_identification:_identify(src/VINS-Fusion-ROS2/config/kitti_odom) by extension 'ignore'
[0.916s] Level 1:colcon.colcon_core.package_identification:_identify(src/VINS-Fusion-ROS2/config/kitti_odom) by extension 'ignore_ament_install'
[0.916s] Level 1:colcon.colcon_core.package_identification:_identify(src/VINS-Fusion-ROS2/config/kitti_odom) by extensions ['colcon_pkg']
[0.916s] Level 1:colcon.colcon_core.package_identification:_identify(src/VINS-Fusion-ROS2/config/kitti_odom) by extension 'colcon_pkg'
[0.916s] Level 1:colcon.colcon_core.package_identification:_identify(src/VINS-Fusion-ROS2/config/kitti_odom) by extensions ['colcon_meta']
[0.916s] Level 1:colcon.colcon_core.package_identification:_identify(src/VINS-Fusion-ROS2/config/kitti_odom) by extension 'colcon_meta'
[0.916s] Level 1:colcon.colcon_core.package_identification:_identify(src/VINS-Fusion-ROS2/config/kitti_odom) by extensions ['ros']
[0.917s] Level 1:colcon.colcon_core.package_identification:_identify(src/VINS-Fusion-ROS2/config/kitti_odom) by extension 'ros'
[0.917s] Level 1:colcon.colcon_core.package_identification:_identify(src/VINS-Fusion-ROS2/config/kitti_odom) by extensions ['cmake', 'python']
[0.917s] Level 1:colcon.colcon_core.package_identification:_identify(src/VINS-Fusion-ROS2/config/kitti_odom) by extension 'cmake'
[0.917s] Level 1:colcon.colcon_core.package_identification:_identify(src/VINS-Fusion-ROS2/config/kitti_odom) by extension 'python'
[0.917s] Level 1:colcon.colcon_core.package_identification:_identify(src/VINS-Fusion-ROS2/config/kitti_odom) by extensions ['python_setup_py']
[0.917s] Level 1:colcon.colcon_core.package_identification:_identify(src/VINS-Fusion-ROS2/config/kitti_odom) by extension 'python_setup_py'
[0.917s] Level 1:colcon.colcon_core.package_identification:_identify(src/VINS-Fusion-ROS2/config/kitti_raw) by extensions ['ignore', 'ignore_ament_install']
[0.917s] Level 1:colcon.colcon_core.package_identification:_identify(src/VINS-Fusion-ROS2/config/kitti_raw) by extension 'ignore'
[0.917s] Level 1:colcon.colcon_core.package_identification:_identify(src/VINS-Fusion-ROS2/config/kitti_raw) by extension 'ignore_ament_install'
[0.917s] Level 1:colcon.colcon_core.package_identification:_identify(src/VINS-Fusion-ROS2/config/kitti_raw) by extensions ['colcon_pkg']
[0.917s] Level 1:colcon.colcon_core.package_identification:_identify(src/VINS-Fusion-ROS2/config/kitti_raw) by extension 'colcon_pkg'
[0.917s] Level 1:colcon.colcon_core.package_identification:_identify(src/VINS-Fusion-ROS2/config/kitti_raw) by extensions ['colcon_meta']
[0.917s] Level 1:colcon.colcon_core.package_identification:_identify(src/VINS-Fusion-ROS2/config/kitti_raw) by extension 'colcon_meta'
[0.917s] Level 1:colcon.colcon_core.package_identification:_identify(src/VINS-Fusion-ROS2/config/kitti_raw) by extensions ['ros']
[0.917s] Level 1:colcon.colcon_core.package_identification:_identify(src/VINS-Fusion-ROS2/config/kitti_raw) by extension 'ros'
[0.917s] Level 1:colcon.colcon_core.package_identification:_identify(src/VINS-Fusion-ROS2/config/kitti_raw) by extensions ['cmake', 'python']
[0.917s] Level 1:colcon.colcon_core.package_identification:_identify(src/VINS-Fusion-ROS2/config/kitti_raw) by extension 'cmake'
[0.917s] Level 1:colcon.colcon_core.package_identification:_identify(src/VINS-Fusion-ROS2/config/kitti_raw) by extension 'python'
[0.918s] Level 1:colcon.colcon_core.package_identification:_identify(src/VINS-Fusion-ROS2/config/kitti_raw) by extensions ['python_setup_py']
[0.918s] Level 1:colcon.colcon_core.package_identification:_identify(src/VINS-Fusion-ROS2/config/kitti_raw) by extension 'python_setup_py'
[0.918s] Level 1:colcon.colcon_core.package_identification:_identify(src/VINS-Fusion-ROS2/config/mynteye) by extensions ['ignore', 'ignore_ament_install']
[0.918s] Level 1:colcon.colcon_core.package_identification:_identify(src/VINS-Fusion-ROS2/config/mynteye) by extension 'ignore'
[0.918s] Level 1:colcon.colcon_core.package_identification:_identify(src/VINS-Fusion-ROS2/config/mynteye) by extension 'ignore_ament_install'
[0.918s] Level 1:colcon.colcon_core.package_identification:_identify(src/VINS-Fusion-ROS2/config/mynteye) by extensions ['colcon_pkg']
[0.918s] Level 1:colcon.colcon_core.package_identification:_identify(src/VINS-Fusion-ROS2/config/mynteye) by extension 'colcon_pkg'
[0.918s] Level 1:colcon.colcon_core.package_identification:_identify(src/VINS-Fusion-ROS2/config/mynteye) by extensions ['colcon_meta']
[0.918s] Level 1:colcon.colcon_core.package_identification:_identify(src/VINS-Fusion-ROS2/config/mynteye) by extension 'colcon_meta'
[0.918s] Level 1:colcon.colcon_core.package_identification:_identify(src/VINS-Fusion-ROS2/config/mynteye) by extensions ['ros']
[0.918s] Level 1:colcon.colcon_core.package_identification:_identify(src/VINS-Fusion-ROS2/config/mynteye) by extension 'ros'
[0.918s] Level 1:colcon.colcon_core.package_identification:_identify(src/VINS-Fusion-ROS2/config/mynteye) by extensions ['cmake', 'python']
[0.918s] Level 1:colcon.colcon_core.package_identification:_identify(src/VINS-Fusion-ROS2/config/mynteye) by extension 'cmake'
[0.918s] Level 1:colcon.colcon_core.package_identification:_identify(src/VINS-Fusion-ROS2/config/mynteye) by extension 'python'
[0.918s] Level 1:colcon.colcon_core.package_identification:_identify(src/VINS-Fusion-ROS2/config/mynteye) by extensions ['python_setup_py']
[0.918s] Level 1:colcon.colcon_core.package_identification:_identify(src/VINS-Fusion-ROS2/config/mynteye) by extension 'python_setup_py'
[0.918s] Level 1:colcon.colcon_core.package_identification:_identify(src/VINS-Fusion-ROS2/config/realsense_d435) by extensions ['ignore', 'ignore_ament_install']
[0.919s] Level 1:colcon.colcon_core.package_identification:_identify(src/VINS-Fusion-ROS2/config/realsense_d435) by extension 'ignore'
[0.919s] Level 1:colcon.colcon_core.package_identification:_identify(src/VINS-Fusion-ROS2/config/realsense_d435) by extension 'ignore_ament_install'
[0.919s] Level 1:colcon.colcon_core.package_identification:_identify(src/VINS-Fusion-ROS2/config/realsense_d435) by extensions ['colcon_pkg']
[0.919s] Level 1:colcon.colcon_core.package_identification:_identify(src/VINS-Fusion-ROS2/config/realsense_d435) by extension 'colcon_pkg'
[0.919s] Level 1:colcon.colcon_core.package_identification:_identify(src/VINS-Fusion-ROS2/config/realsense_d435) by extensions ['colcon_meta']
[0.919s] Level 1:colcon.colcon_core.package_identification:_identify(src/VINS-Fusion-ROS2/config/realsense_d435) by extension 'colcon_meta'
[0.919s] Level 1:colcon.colcon_core.package_identification:_identify(src/VINS-Fusion-ROS2/config/realsense_d435) by extensions ['ros']
[0.919s] Level 1:colcon.colcon_core.package_identification:_identify(src/VINS-Fusion-ROS2/config/realsense_d435) by extension 'ros'
[0.919s] Level 1:colcon.colcon_core.package_identification:_identify(src/VINS-Fusion-ROS2/config/realsense_d435) by extensions ['cmake', 'python']
[0.919s] Level 1:colcon.colcon_core.package_identification:_identify(src/VINS-Fusion-ROS2/config/realsense_d435) by extension 'cmake'
[0.919s] Level 1:colcon.colcon_core.package_identification:_identify(src/VINS-Fusion-ROS2/config/realsense_d435) by extension 'python'
[0.919s] Level 1:colcon.colcon_core.package_identification:_identify(src/VINS-Fusion-ROS2/config/realsense_d435) by extensions ['python_setup_py']
[0.919s] Level 1:colcon.colcon_core.package_identification:_identify(src/VINS-Fusion-ROS2/config/realsense_d435) by extension 'python_setup_py'
[0.919s] Level 1:colcon.colcon_core.package_identification:_identify(src/VINS-Fusion-ROS2/config/realsense_d435i) by extensions ['ignore', 'ignore_ament_install']
[0.919s] Level 1:colcon.colcon_core.package_identification:_identify(src/VINS-Fusion-ROS2/config/realsense_d435i) by extension 'ignore'
[0.919s] Level 1:colcon.colcon_core.package_identification:_identify(src/VINS-Fusion-ROS2/config/realsense_d435i) by extension 'ignore_ament_install'
[0.919s] Level 1:colcon.colcon_core.package_identification:_identify(src/VINS-Fusion-ROS2/config/realsense_d435i) by extensions ['colcon_pkg']
[0.919s] Level 1:colcon.colcon_core.package_identification:_identify(src/VINS-Fusion-ROS2/config/realsense_d435i) by extension 'colcon_pkg'
[0.920s] Level 1:colcon.colcon_core.package_identification:_identify(src/VINS-Fusion-ROS2/config/realsense_d435i) by extensions ['colcon_meta']
[0.920s] Level 1:colcon.colcon_core.package_identification:_identify(src/VINS-Fusion-ROS2/config/realsense_d435i) by extension 'colcon_meta'
[0.920s] Level 1:colcon.colcon_core.package_identification:_identify(src/VINS-Fusion-ROS2/config/realsense_d435i) by extensions ['ros']
[0.920s] Level 1:colcon.colcon_core.package_identification:_identify(src/VINS-Fusion-ROS2/config/realsense_d435i) by extension 'ros'
[0.920s] Level 1:colcon.colcon_core.package_identification:_identify(src/VINS-Fusion-ROS2/config/realsense_d435i) by extensions ['cmake', 'python']
[0.920s] Level 1:colcon.colcon_core.package_identification:_identify(src/VINS-Fusion-ROS2/config/realsense_d435i) by extension 'cmake'
[0.920s] Level 1:colcon.colcon_core.package_identification:_identify(src/VINS-Fusion-ROS2/config/realsense_d435i) by extension 'python'
[0.920s] Level 1:colcon.colcon_core.package_identification:_identify(src/VINS-Fusion-ROS2/config/realsense_d435i) by extensions ['python_setup_py']
[0.920s] Level 1:colcon.colcon_core.package_identification:_identify(src/VINS-Fusion-ROS2/config/realsense_d435i) by extension 'python_setup_py'
[0.920s] Level 1:colcon.colcon_core.package_identification:_identify(src/VINS-Fusion-ROS2/config/simulation) by extensions ['ignore', 'ignore_ament_install']
[0.920s] Level 1:colcon.colcon_core.package_identification:_identify(src/VINS-Fusion-ROS2/config/simulation) by extension 'ignore'
[0.920s] Level 1:colcon.colcon_core.package_identification:_identify(src/VINS-Fusion-ROS2/config/simulation) by extension 'ignore_ament_install'
[0.920s] Level 1:colcon.colcon_core.package_identification:_identify(src/VINS-Fusion-ROS2/config/simulation) by extensions ['colcon_pkg']
[0.920s] Level 1:colcon.colcon_core.package_identification:_identify(src/VINS-Fusion-ROS2/config/simulation) by extension 'colcon_pkg'
[0.920s] Level 1:colcon.colcon_core.package_identification:_identify(src/VINS-Fusion-ROS2/config/simulation) by extensions ['colcon_meta']
[0.920s] Level 1:colcon.colcon_core.package_identification:_identify(src/VINS-Fusion-ROS2/config/simulation) by extension 'colcon_meta'
[0.920s] Level 1:colcon.colcon_core.package_identification:_identify(src/VINS-Fusion-ROS2/config/simulation) by extensions ['ros']
[0.920s] Level 1:colcon.colcon_core.package_identification:_identify(src/VINS-Fusion-ROS2/config/simulation) by extension 'ros'
[0.921s] Level 1:colcon.colcon_core.package_identification:_identify(src/VINS-Fusion-ROS2/config/simulation) by extensions ['cmake', 'python']
[0.921s] Level 1:colcon.colcon_core.package_identification:_identify(src/VINS-Fusion-ROS2/config/simulation) by extension 'cmake'
[0.921s] Level 1:colcon.colcon_core.package_identification:_identify(src/VINS-Fusion-ROS2/config/simulation) by extension 'python'
[0.921s] Level 1:colcon.colcon_core.package_identification:_identify(src/VINS-Fusion-ROS2/config/simulation) by extensions ['python_setup_py']
[0.921s] Level 1:colcon.colcon_core.package_identification:_identify(src/VINS-Fusion-ROS2/config/simulation) by extension 'python_setup_py'
[0.921s] Level 1:colcon.colcon_core.package_identification:_identify(src/VINS-Fusion-ROS2/config/vi_car) by extensions ['ignore', 'ignore_ament_install']
[0.921s] Level 1:colcon.colcon_core.package_identification:_identify(src/VINS-Fusion-ROS2/config/vi_car) by extension 'ignore'
[0.921s] Level 1:colcon.colcon_core.package_identification:_identify(src/VINS-Fusion-ROS2/config/vi_car) by extension 'ignore_ament_install'
[0.921s] Level 1:colcon.colcon_core.package_identification:_identify(src/VINS-Fusion-ROS2/config/vi_car) by extensions ['colcon_pkg']
[0.921s] Level 1:colcon.colcon_core.package_identification:_identify(src/VINS-Fusion-ROS2/config/vi_car) by extension 'colcon_pkg'
[0.921s] Level 1:colcon.colcon_core.package_identification:_identify(src/VINS-Fusion-ROS2/config/vi_car) by extensions ['colcon_meta']
[0.921s] Level 1:colcon.colcon_core.package_identification:_identify(src/VINS-Fusion-ROS2/config/vi_car) by extension 'colcon_meta'
[0.921s] Level 1:colcon.colcon_core.package_identification:_identify(src/VINS-Fusion-ROS2/config/vi_car) by extensions ['ros']
[0.921s] Level 1:colcon.colcon_core.package_identification:_identify(src/VINS-Fusion-ROS2/config/vi_car) by extension 'ros'
[0.921s] Level 1:colcon.colcon_core.package_identification:_identify(src/VINS-Fusion-ROS2/config/vi_car) by extensions ['cmake', 'python']
[0.921s] Level 1:colcon.colcon_core.package_identification:_identify(src/VINS-Fusion-ROS2/config/vi_car) by extension 'cmake'
[0.921s] Level 1:colcon.colcon_core.package_identification:_identify(src/VINS-Fusion-ROS2/config/vi_car) by extension 'python'
[0.921s] Level 1:colcon.colcon_core.package_identification:_identify(src/VINS-Fusion-ROS2/config/vi_car) by extensions ['python_setup_py']
[0.921s] Level 1:colcon.colcon_core.package_identification:_identify(src/VINS-Fusion-ROS2/config/vi_car) by extension 'python_setup_py'
[0.922s] Level 1:colcon.colcon_core.package_identification:_identify(src/VINS-Fusion-ROS2/docker) by extensions ['ignore', 'ignore_ament_install']
[0.922s] Level 1:colcon.colcon_core.package_identification:_identify(src/VINS-Fusion-ROS2/docker) by extension 'ignore'
[0.922s] Level 1:colcon.colcon_core.package_identification:_identify(src/VINS-Fusion-ROS2/docker) by extension 'ignore_ament_install'
[0.922s] Level 1:colcon.colcon_core.package_identification:_identify(src/VINS-Fusion-ROS2/docker) by extensions ['colcon_pkg']
[0.922s] Level 1:colcon.colcon_core.package_identification:_identify(src/VINS-Fusion-ROS2/docker) by extension 'colcon_pkg'
[0.922s] Level 1:colcon.colcon_core.package_identification:_identify(src/VINS-Fusion-ROS2/docker) by extensions ['colcon_meta']
[0.922s] Level 1:colcon.colcon_core.package_identification:_identify(src/VINS-Fusion-ROS2/docker) by extension 'colcon_meta'
[0.922s] Level 1:colcon.colcon_core.package_identification:_identify(src/VINS-Fusion-ROS2/docker) by extensions ['ros']
[0.922s] Level 1:colcon.colcon_core.package_identification:_identify(src/VINS-Fusion-ROS2/docker) by extension 'ros'
[0.922s] Level 1:colcon.colcon_core.package_identification:_identify(src/VINS-Fusion-ROS2/docker) by extensions ['cmake', 'python']
[0.922s] Level 1:colcon.colcon_core.package_identification:_identify(src/VINS-Fusion-ROS2/docker) by extension 'cmake'
[0.922s] Level 1:colcon.colcon_core.package_identification:_identify(src/VINS-Fusion-ROS2/docker) by extension 'python'
[0.922s] Level 1:colcon.colcon_core.package_identification:_identify(src/VINS-Fusion-ROS2/docker) by extensions ['python_setup_py']
[0.922s] Level 1:colcon.colcon_core.package_identification:_identify(src/VINS-Fusion-ROS2/docker) by extension 'python_setup_py'
[0.922s] Level 1:colcon.colcon_core.package_identification:_identify(src/VINS-Fusion-ROS2/global_fusion) by extensions ['ignore', 'ignore_ament_install']
[0.922s] Level 1:colcon.colcon_core.package_identification:_identify(src/VINS-Fusion-ROS2/global_fusion) by extension 'ignore'
[0.922s] Level 1:colcon.colcon_core.package_identification:_identify(src/VINS-Fusion-ROS2/global_fusion) by extension 'ignore_ament_install'
[0.923s] Level 1:colcon.colcon_core.package_identification:_identify(src/VINS-Fusion-ROS2/global_fusion) by extensions ['colcon_pkg']
[0.923s] Level 1:colcon.colcon_core.package_identification:_identify(src/VINS-Fusion-ROS2/global_fusion) by extension 'colcon_pkg'
[0.923s] Level 1:colcon.colcon_core.package_identification:_identify(src/VINS-Fusion-ROS2/global_fusion) by extensions ['colcon_meta']
[0.923s] Level 1:colcon.colcon_core.package_identification:_identify(src/VINS-Fusion-ROS2/global_fusion) by extension 'colcon_meta'
[0.923s] Level 1:colcon.colcon_core.package_identification:_identify(src/VINS-Fusion-ROS2/global_fusion) by extensions ['ros']
[0.923s] Level 1:colcon.colcon_core.package_identification:_identify(src/VINS-Fusion-ROS2/global_fusion) by extension 'ros'
[0.925s] DEBUG:colcon.colcon_core.package_identification:Package 'src/VINS-Fusion-ROS2/global_fusion' with type 'ros.ament_cmake' and name 'global_fusion'
[0.925s] Level 1:colcon.colcon_core.package_identification:_identify(src/VINS-Fusion-ROS2/loop_fusion) by extensions ['ignore', 'ignore_ament_install']
[0.925s] Level 1:colcon.colcon_core.package_identification:_identify(src/VINS-Fusion-ROS2/loop_fusion) by extension 'ignore'
[0.925s] Level 1:colcon.colcon_core.package_identification:_identify(src/VINS-Fusion-ROS2/loop_fusion) by extension 'ignore_ament_install'
[0.925s] Level 1:colcon.colcon_core.package_identification:_identify(src/VINS-Fusion-ROS2/loop_fusion) by extensions ['colcon_pkg']
[0.925s] Level 1:colcon.colcon_core.package_identification:_identify(src/VINS-Fusion-ROS2/loop_fusion) by extension 'colcon_pkg'
[0.925s] Level 1:colcon.colcon_core.package_identification:_identify(src/VINS-Fusion-ROS2/loop_fusion) by extensions ['colcon_meta']
[0.925s] Level 1:colcon.colcon_core.package_identification:_identify(src/VINS-Fusion-ROS2/loop_fusion) by extension 'colcon_meta'
[0.925s] Level 1:colcon.colcon_core.package_identification:_identify(src/VINS-Fusion-ROS2/loop_fusion) by extensions ['ros']
[0.925s] Level 1:colcon.colcon_core.package_identification:_identify(src/VINS-Fusion-ROS2/loop_fusion) by extension 'ros'
[0.927s] DEBUG:colcon.colcon_core.package_identification:Package 'src/VINS-Fusion-ROS2/loop_fusion' with type 'ros.ament_cmake' and name 'loop_fusion'
[0.927s] Level 1:colcon.colcon_core.package_identification:_identify(src/VINS-Fusion-ROS2/support_files) by extensions ['ignore', 'ignore_ament_install']
[0.927s] Level 1:colcon.colcon_core.package_identification:_identify(src/VINS-Fusion-ROS2/support_files) by extension 'ignore'
[0.928s] Level 1:colcon.colcon_core.package_identification:_identify(src/VINS-Fusion-ROS2/support_files) by extension 'ignore_ament_install'
[0.928s] Level 1:colcon.colcon_core.package_identification:_identify(src/VINS-Fusion-ROS2/support_files) by extensions ['colcon_pkg']
[0.928s] Level 1:colcon.colcon_core.package_identification:_identify(src/VINS-Fusion-ROS2/support_files) by extension 'colcon_pkg'
[0.928s] Level 1:colcon.colcon_core.package_identification:_identify(src/VINS-Fusion-ROS2/support_files) by extensions ['colcon_meta']
[0.928s] Level 1:colcon.colcon_core.package_identification:_identify(src/VINS-Fusion-ROS2/support_files) by extension 'colcon_meta'
[0.928s] Level 1:colcon.colcon_core.package_identification:_identify(src/VINS-Fusion-ROS2/support_files) by extensions ['ros']
[0.928s] Level 1:colcon.colcon_core.package_identification:_identify(src/VINS-Fusion-ROS2/support_files) by extension 'ros'
[0.928s] Level 1:colcon.colcon_core.package_identification:_identify(src/VINS-Fusion-ROS2/support_files) by extensions ['cmake', 'python']
[0.928s] Level 1:colcon.colcon_core.package_identification:_identify(src/VINS-Fusion-ROS2/support_files) by extension 'cmake'
[0.928s] Level 1:colcon.colcon_core.package_identification:_identify(src/VINS-Fusion-ROS2/support_files) by extension 'python'
[0.928s] Level 1:colcon.colcon_core.package_identification:_identify(src/VINS-Fusion-ROS2/support_files) by extensions ['python_setup_py']
[0.928s] Level 1:colcon.colcon_core.package_identification:_identify(src/VINS-Fusion-ROS2/support_files) by extension 'python_setup_py'
[0.928s] Level 1:colcon.colcon_core.package_identification:_identify(src/VINS-Fusion-ROS2/support_files/image) by extensions ['ignore', 'ignore_ament_install']
[0.928s] Level 1:colcon.colcon_core.package_identification:_identify(src/VINS-Fusion-ROS2/support_files/image) by extension 'ignore'
[0.928s] Level 1:colcon.colcon_core.package_identification:_identify(src/VINS-Fusion-ROS2/support_files/image) by extension 'ignore_ament_install'
[0.928s] Level 1:colcon.colcon_core.package_identification:_identify(src/VINS-Fusion-ROS2/support_files/image) by extensions ['colcon_pkg']
[0.928s] Level 1:colcon.colcon_core.package_identification:_identify(src/VINS-Fusion-ROS2/support_files/image) by extension 'colcon_pkg'
[0.929s] Level 1:colcon.colcon_core.package_identification:_identify(src/VINS-Fusion-ROS2/support_files/image) by extensions ['colcon_meta']
[0.929s] Level 1:colcon.colcon_core.package_identification:_identify(src/VINS-Fusion-ROS2/support_files/image) by extension 'colcon_meta'
[0.929s] Level 1:colcon.colcon_core.package_identification:_identify(src/VINS-Fusion-ROS2/support_files/image) by extensions ['ros']
[0.929s] Level 1:colcon.colcon_core.package_identification:_identify(src/VINS-Fusion-ROS2/support_files/image) by extension 'ros'
[0.929s] Level 1:colcon.colcon_core.package_identification:_identify(src/VINS-Fusion-ROS2/support_files/image) by extensions ['cmake', 'python']
[0.929s] Level 1:colcon.colcon_core.package_identification:_identify(src/VINS-Fusion-ROS2/support_files/image) by extension 'cmake'
[0.929s] Level 1:colcon.colcon_core.package_identification:_identify(src/VINS-Fusion-ROS2/support_files/image) by extension 'python'
[0.929s] Level 1:colcon.colcon_core.package_identification:_identify(src/VINS-Fusion-ROS2/support_files/image) by extensions ['python_setup_py']
[0.929s] Level 1:colcon.colcon_core.package_identification:_identify(src/VINS-Fusion-ROS2/support_files/image) by extension 'python_setup_py'
[0.929s] Level 1:colcon.colcon_core.package_identification:_identify(src/VINS-Fusion-ROS2/vins) by extensions ['ignore', 'ignore_ament_install']
[0.929s] Level 1:colcon.colcon_core.package_identification:_identify(src/VINS-Fusion-ROS2/vins) by extension 'ignore'
[0.929s] Level 1:colcon.colcon_core.package_identification:_identify(src/VINS-Fusion-ROS2/vins) by extension 'ignore_ament_install'
[0.929s] Level 1:colcon.colcon_core.package_identification:_identify(src/VINS-Fusion-ROS2/vins) by extensions ['colcon_pkg']
[0.929s] Level 1:colcon.colcon_core.package_identification:_identify(src/VINS-Fusion-ROS2/vins) by extension 'colcon_pkg'
[0.929s] Level 1:colcon.colcon_core.package_identification:_identify(src/VINS-Fusion-ROS2/vins) by extensions ['colcon_meta']
[0.929s] Level 1:colcon.colcon_core.package_identification:_identify(src/VINS-Fusion-ROS2/vins) by extension 'colcon_meta'
[0.929s] Level 1:colcon.colcon_core.package_identification:_identify(src/VINS-Fusion-ROS2/vins) by extensions ['ros']
[0.929s] Level 1:colcon.colcon_core.package_identification:_identify(src/VINS-Fusion-ROS2/vins) by extension 'ros'
[0.932s] DEBUG:colcon.colcon_core.package_identification:Package 'src/VINS-Fusion-ROS2/vins' with type 'ros.ament_cmake' and name 'vins'
[0.932s] Level 1:colcon.colcon_core.package_identification:_identify(src/fastlio2_ros2) by extensions ['ignore', 'ignore_ament_install']
[0.932s] Level 1:colcon.colcon_core.package_identification:_identify(src/fastlio2_ros2) by extension 'ignore'
[0.932s] Level 1:colcon.colcon_core.package_identification:_identify(src/fastlio2_ros2) by extension 'ignore_ament_install'
[0.932s] Level 1:colcon.colcon_core.package_identification:_identify(src/fastlio2_ros2) by extensions ['colcon_pkg']
[0.932s] Level 1:colcon.colcon_core.package_identification:_identify(src/fastlio2_ros2) by extension 'colcon_pkg'
[0.932s] Level 1:colcon.colcon_core.package_identification:_identify(src/fastlio2_ros2) by extensions ['colcon_meta']
[0.932s] Level 1:colcon.colcon_core.package_identification:_identify(src/fastlio2_ros2) by extension 'colcon_meta'
[0.932s] Level 1:colcon.colcon_core.package_identification:_identify(src/fastlio2_ros2) by extensions ['ros']
[0.932s] Level 1:colcon.colcon_core.package_identification:_identify(src/fastlio2_ros2) by extension 'ros'
[0.932s] Level 1:colcon.colcon_core.package_identification:_identify(src/fastlio2_ros2) by extensions ['cmake', 'python']
[0.932s] Level 1:colcon.colcon_core.package_identification:_identify(src/fastlio2_ros2) by extension 'cmake'
[0.932s] Level 1:colcon.colcon_core.package_identification:_identify(src/fastlio2_ros2) by extension 'python'
[0.932s] Level 1:colcon.colcon_core.package_identification:_identify(src/fastlio2_ros2) by extensions ['python_setup_py']
[0.932s] Level 1:colcon.colcon_core.package_identification:_identify(src/fastlio2_ros2) by extension 'python_setup_py'
[0.932s] Level 1:colcon.colcon_core.package_identification:_identify(src/livox_ros_driver2) by extensions ['ignore', 'ignore_ament_install']
[0.933s] Level 1:colcon.colcon_core.package_identification:_identify(src/livox_ros_driver2) by extension 'ignore'
[0.933s] Level 1:colcon.colcon_core.package_identification:_identify(src/livox_ros_driver2) by extension 'ignore_ament_install'
[0.933s] Level 1:colcon.colcon_core.package_identification:_identify(src/livox_ros_driver2) by extensions ['colcon_pkg']
[0.933s] Level 1:colcon.colcon_core.package_identification:_identify(src/livox_ros_driver2) by extension 'colcon_pkg'
[0.933s] Level 1:colcon.colcon_core.package_identification:_identify(src/livox_ros_driver2) by extensions ['colcon_meta']
[0.933s] Level 1:colcon.colcon_core.package_identification:_identify(src/livox_ros_driver2) by extension 'colcon_meta'
[0.933s] Level 1:colcon.colcon_core.package_identification:_identify(src/livox_ros_driver2) by extensions ['ros']
[0.933s] Level 1:colcon.colcon_core.package_identification:_identify(src/livox_ros_driver2) by extension 'ros'
[0.933s] Level 1:colcon.colcon_core.package_identification:_identify(src/livox_ros_driver2) by extensions ['cmake', 'python']
[0.933s] Level 1:colcon.colcon_core.package_identification:_identify(src/livox_ros_driver2) by extension 'cmake'
[0.933s] Level 1:colcon.colcon_core.package_identification:_identify(src/livox_ros_driver2) by extension 'python'
[0.933s] Level 1:colcon.colcon_core.package_identification:_identify(src/livox_ros_driver2) by extensions ['python_setup_py']
[0.933s] Level 1:colcon.colcon_core.package_identification:_identify(src/livox_ros_driver2) by extension 'python_setup_py'
[0.933s] Level 1:colcon.colcon_core.package_identification:_identify(src/realsense-ros) by extensions ['ignore', 'ignore_ament_install']
[0.933s] Level 1:colcon.colcon_core.package_identification:_identify(src/realsense-ros) by extension 'ignore'
[0.933s] Level 1:colcon.colcon_core.package_identification:_identify(src/realsense-ros) by extension 'ignore_ament_install'
[0.933s] Level 1:colcon.colcon_core.package_identification:_identify(src/realsense-ros) by extensions ['colcon_pkg']
[0.934s] Level 1:colcon.colcon_core.package_identification:_identify(src/realsense-ros) by extension 'colcon_pkg'
[0.934s] Level 1:colcon.colcon_core.package_identification:_identify(src/realsense-ros) by extensions ['colcon_meta']
[0.934s] Level 1:colcon.colcon_core.package_identification:_identify(src/realsense-ros) by extension 'colcon_meta'
[0.934s] Level 1:colcon.colcon_core.package_identification:_identify(src/realsense-ros) by extensions ['ros']
[0.934s] Level 1:colcon.colcon_core.package_identification:_identify(src/realsense-ros) by extension 'ros'
[0.934s] Level 1:colcon.colcon_core.package_identification:_identify(src/realsense-ros) by extensions ['cmake', 'python']
[0.934s] Level 1:colcon.colcon_core.package_identification:_identify(src/realsense-ros) by extension 'cmake'
[0.934s] Level 1:colcon.colcon_core.package_identification:_identify(src/realsense-ros) by extension 'python'
[0.934s] Level 1:colcon.colcon_core.package_identification:_identify(src/realsense-ros) by extensions ['python_setup_py']
[0.934s] Level 1:colcon.colcon_core.package_identification:_identify(src/realsense-ros) by extension 'python_setup_py'
[0.934s] Level 1:colcon.colcon_core.package_identification:_identify(src/realsense-ros/realsense2_camera) by extensions ['ignore', 'ignore_ament_install']
[0.934s] Level 1:colcon.colcon_core.package_identification:_identify(src/realsense-ros/realsense2_camera) by extension 'ignore'
[0.934s] Level 1:colcon.colcon_core.package_identification:_identify(src/realsense-ros/realsense2_camera) by extension 'ignore_ament_install'
[0.934s] Level 1:colcon.colcon_core.package_identification:_identify(src/realsense-ros/realsense2_camera) by extensions ['colcon_pkg']
[0.934s] Level 1:colcon.colcon_core.package_identification:_identify(src/realsense-ros/realsense2_camera) by extension 'colcon_pkg'
[0.934s] Level 1:colcon.colcon_core.package_identification:_identify(src/realsense-ros/realsense2_camera) by extensions ['colcon_meta']
[0.934s] Level 1:colcon.colcon_core.package_identification:_identify(src/realsense-ros/realsense2_camera) by extension 'colcon_meta'
[0.934s] Level 1:colcon.colcon_core.package_identification:_identify(src/realsense-ros/realsense2_camera) by extensions ['ros']
[0.934s] Level 1:colcon.colcon_core.package_identification:_identify(src/realsense-ros/realsense2_camera) by extension 'ros'
[0.948s] DEBUG:colcon.colcon_core.package_identification:Package 'src/realsense-ros/realsense2_camera' with type 'ros.ament_cmake' and name 'realsense2_camera'
[0.949s] Level 1:colcon.colcon_core.package_identification:_identify(src/realsense-ros/realsense2_camera_msgs) by extensions ['ignore', 'ignore_ament_install']
[0.949s] Level 1:colcon.colcon_core.package_identification:_identify(src/realsense-ros/realsense2_camera_msgs) by extension 'ignore'
[0.949s] Level 1:colcon.colcon_core.package_identification:_identify(src/realsense-ros/realsense2_camera_msgs) by extension 'ignore_ament_install'
[0.949s] Level 1:colcon.colcon_core.package_identification:_identify(src/realsense-ros/realsense2_camera_msgs) by extensions ['colcon_pkg']
[0.949s] Level 1:colcon.colcon_core.package_identification:_identify(src/realsense-ros/realsense2_camera_msgs) by extension 'colcon_pkg'
[0.949s] Level 1:colcon.colcon_core.package_identification:_identify(src/realsense-ros/realsense2_camera_msgs) by extensions ['colcon_meta']
[0.949s] Level 1:colcon.colcon_core.package_identification:_identify(src/realsense-ros/realsense2_camera_msgs) by extension 'colcon_meta'
[0.949s] Level 1:colcon.colcon_core.package_identification:_identify(src/realsense-ros/realsense2_camera_msgs) by extensions ['ros']
[0.949s] Level 1:colcon.colcon_core.package_identification:_identify(src/realsense-ros/realsense2_camera_msgs) by extension 'ros'
[0.951s] DEBUG:colcon.colcon_core.package_identification:Package 'src/realsense-ros/realsense2_camera_msgs' with type 'ros.ament_cmake' and name 'realsense2_camera_msgs'
[0.951s] Level 1:colcon.colcon_core.package_identification:_identify(src/realsense-ros/realsense2_description) by extensions ['ignore', 'ignore_ament_install']
[0.952s] Level 1:colcon.colcon_core.package_identification:_identify(src/realsense-ros/realsense2_description) by extension 'ignore'
[0.952s] Level 1:colcon.colcon_core.package_identification:_identify(src/realsense-ros/realsense2_description) by extension 'ignore_ament_install'
[0.952s] Level 1:colcon.colcon_core.package_identification:_identify(src/realsense-ros/realsense2_description) by extensions ['colcon_pkg']
[0.952s] Level 1:colcon.colcon_core.package_identification:_identify(src/realsense-ros/realsense2_description) by extension 'colcon_pkg'
[0.952s] Level 1:colcon.colcon_core.package_identification:_identify(src/realsense-ros/realsense2_description) by extensions ['colcon_meta']
[0.952s] Level 1:colcon.colcon_core.package_identification:_identify(src/realsense-ros/realsense2_description) by extension 'colcon_meta'
[0.952s] Level 1:colcon.colcon_core.package_identification:_identify(src/realsense-ros/realsense2_description) by extensions ['ros']
[0.952s] Level 1:colcon.colcon_core.package_identification:_identify(src/realsense-ros/realsense2_description) by extension 'ros'
[0.954s] DEBUG:colcon.colcon_core.package_identification:Package 'src/realsense-ros/realsense2_description' with type 'ros.ament_cmake' and name 'realsense2_description'
[0.954s] Level 1:colcon.colcon_core.package_identification:_identify(src/realsense-ros/realsense2_rgbd_plugin) by extensions ['ignore', 'ignore_ament_install']
[0.954s] Level 1:colcon.colcon_core.package_identification:_identify(src/realsense-ros/realsense2_rgbd_plugin) by extension 'ignore'
[0.954s] Level 1:colcon.colcon_core.package_identification:_identify(src/realsense-ros/realsense2_rgbd_plugin) by extension 'ignore_ament_install'
[0.954s] Level 1:colcon.colcon_core.package_identification:_identify(src/realsense-ros/realsense2_rgbd_plugin) by extensions ['colcon_pkg']
[0.954s] Level 1:colcon.colcon_core.package_identification:_identify(src/realsense-ros/realsense2_rgbd_plugin) by extension 'colcon_pkg'
[0.954s] Level 1:colcon.colcon_core.package_identification:_identify(src/realsense-ros/realsense2_rgbd_plugin) by extensions ['colcon_meta']
[0.954s] Level 1:colcon.colcon_core.package_identification:_identify(src/realsense-ros/realsense2_rgbd_plugin) by extension 'colcon_meta'
[0.954s] Level 1:colcon.colcon_core.package_identification:_identify(src/realsense-ros/realsense2_rgbd_plugin) by extensions ['ros']
[0.954s] Level 1:colcon.colcon_core.package_identification:_identify(src/realsense-ros/realsense2_rgbd_plugin) by extension 'ros'
[0.954s] Level 1:colcon.colcon_core.package_identification:_identify(src/realsense-ros/realsense2_rgbd_plugin) ignored
[0.955s] Level 1:colcon.colcon_core.package_identification:_identify(src/realsense-ros/realsense2_ros_mqtt_bridge) by extensions ['ignore', 'ignore_ament_install']
[0.955s] Level 1:colcon.colcon_core.package_identification:_identify(src/realsense-ros/realsense2_ros_mqtt_bridge) by extension 'ignore'
[0.955s] Level 1:colcon.colcon_core.package_identification:_identify(src/realsense-ros/realsense2_ros_mqtt_bridge) by extension 'ignore_ament_install'
[0.955s] Level 1:colcon.colcon_core.package_identification:_identify(src/realsense-ros/realsense2_ros_mqtt_bridge) by extensions ['colcon_pkg']
[0.955s] Level 1:colcon.colcon_core.package_identification:_identify(src/realsense-ros/realsense2_ros_mqtt_bridge) by extension 'colcon_pkg'
[0.955s] Level 1:colcon.colcon_core.package_identification:_identify(src/realsense-ros/realsense2_ros_mqtt_bridge) by extensions ['colcon_meta']
[0.955s] Level 1:colcon.colcon_core.package_identification:_identify(src/realsense-ros/realsense2_ros_mqtt_bridge) by extension 'colcon_meta'
[0.955s] Level 1:colcon.colcon_core.package_identification:_identify(src/realsense-ros/realsense2_ros_mqtt_bridge) by extensions ['ros']
[0.955s] Level 1:colcon.colcon_core.package_identification:_identify(src/realsense-ros/realsense2_ros_mqtt_bridge) by extension 'ros'
[0.955s] Level 1:colcon.colcon_core.package_identification:_identify(src/realsense-ros/realsense2_ros_mqtt_bridge) ignored
[0.955s] Level 1:colcon.colcon_core.package_identification:_identify(src/realsense-ros/res) by extensions ['ignore', 'ignore_ament_install']
[0.955s] Level 1:colcon.colcon_core.package_identification:_identify(src/realsense-ros/res) by extension 'ignore'
[0.955s] Level 1:colcon.colcon_core.package_identification:_identify(src/realsense-ros/res) by extension 'ignore_ament_install'
[0.955s] Level 1:colcon.colcon_core.package_identification:_identify(src/realsense-ros/res) by extensions ['colcon_pkg']
[0.956s] Level 1:colcon.colcon_core.package_identification:_identify(src/realsense-ros/res) by extension 'colcon_pkg'
[0.956s] Level 1:colcon.colcon_core.package_identification:_identify(src/realsense-ros/res) by extensions ['colcon_meta']
[0.956s] Level 1:colcon.colcon_core.package_identification:_identify(src/realsense-ros/res) by extension 'colcon_meta'
[0.956s] Level 1:colcon.colcon_core.package_identification:_identify(src/realsense-ros/res) by extensions ['ros']
[0.956s] Level 1:colcon.colcon_core.package_identification:_identify(src/realsense-ros/res) by extension 'ros'
[0.956s] Level 1:colcon.colcon_core.package_identification:_identify(src/realsense-ros/res) by extensions ['cmake', 'python']
[0.956s] Level 1:colcon.colcon_core.package_identification:_identify(src/realsense-ros/res) by extension 'cmake'
[0.956s] Level 1:colcon.colcon_core.package_identification:_identify(src/realsense-ros/res) by extension 'python'
[0.956s] Level 1:colcon.colcon_core.package_identification:_identify(src/realsense-ros/res) by extensions ['python_setup_py']
[0.956s] Level 1:colcon.colcon_core.package_identification:_identify(src/realsense-ros/res) by extension 'python_setup_py'
[0.956s] Level 1:colcon.colcon_core.package_identification:_identify(src/realsense-ros/scripts) by extensions ['ignore', 'ignore_ament_install']
[0.956s] Level 1:colcon.colcon_core.package_identification:_identify(src/realsense-ros/scripts) by extension 'ignore'
[0.956s] Level 1:colcon.colcon_core.package_identification:_identify(src/realsense-ros/scripts) by extension 'ignore_ament_install'
[0.956s] Level 1:colcon.colcon_core.package_identification:_identify(src/realsense-ros/scripts) by extensions ['colcon_pkg']
[0.956s] Level 1:colcon.colcon_core.package_identification:_identify(src/realsense-ros/scripts) by extension 'colcon_pkg'
[0.956s] Level 1:colcon.colcon_core.package_identification:_identify(src/realsense-ros/scripts) by extensions ['colcon_meta']
[0.956s] Level 1:colcon.colcon_core.package_identification:_identify(src/realsense-ros/scripts) by extension 'colcon_meta'
[0.956s] Level 1:colcon.colcon_core.package_identification:_identify(src/realsense-ros/scripts) by extensions ['ros']
[0.956s] Level 1:colcon.colcon_core.package_identification:_identify(src/realsense-ros/scripts) by extension 'ros'
[0.957s] Level 1:colcon.colcon_core.package_identification:_identify(src/realsense-ros/scripts) by extensions ['cmake', 'python']
[0.957s] Level 1:colcon.colcon_core.package_identification:_identify(src/realsense-ros/scripts) by extension 'cmake'
[0.957s] Level 1:colcon.colcon_core.package_identification:_identify(src/realsense-ros/scripts) by extension 'python'
[0.957s] Level 1:colcon.colcon_core.package_identification:_identify(src/realsense-ros/scripts) by extensions ['python_setup_py']
[0.957s] Level 1:colcon.colcon_core.package_identification:_identify(src/realsense-ros/scripts) by extension 'python_setup_py'
[0.957s] Level 1:colcon.colcon_core.package_identification:_identify(src/vision_to_mavros) by extensions ['ignore', 'ignore_ament_install']
[0.957s] Level 1:colcon.colcon_core.package_identification:_identify(src/vision_to_mavros) by extension 'ignore'
[0.957s] Level 1:colcon.colcon_core.package_identification:_identify(src/vision_to_mavros) by extension 'ignore_ament_install'
[0.957s] Level 1:colcon.colcon_core.package_identification:_identify(src/vision_to_mavros) by extensions ['colcon_pkg']
[0.957s] Level 1:colcon.colcon_core.package_identification:_identify(src/vision_to_mavros) by extension 'colcon_pkg'
[0.957s] Level 1:colcon.colcon_core.package_identification:_identify(src/vision_to_mavros) by extensions ['colcon_meta']
[0.957s] Level 1:colcon.colcon_core.package_identification:_identify(src/vision_to_mavros) by extension 'colcon_meta'
[0.957s] Level 1:colcon.colcon_core.package_identification:_identify(src/vision_to_mavros) by extensions ['ros']
[0.957s] Level 1:colcon.colcon_core.package_identification:_identify(src/vision_to_mavros) by extension 'ros'
[0.959s] DEBUG:colcon.colcon_core.package_identification:Package 'src/vision_to_mavros' with type 'ros.ament_cmake' and name 'vision_to_mavros'
[0.959s] Level 1:colcon.colcon_core.package_discovery:discover_packages(recursive) using defaults
[0.959s] Level 1:colcon.colcon_core.package_discovery:discover_packages(ignore) discover
[0.959s] Level 1:colcon.colcon_core.package_discovery:discover_packages(ignore) using defaults
[0.959s] Level 1:colcon.colcon_core.package_discovery:discover_packages(path) discover
[0.959s] Level 1:colcon.colcon_core.package_discovery:discover_packages(path) using defaults
[1.056s] Level 5:colcon.colcon_core.verb:set package 'camera_models' build argument 'cmake_args' from command line to 'None'
[1.057s] Level 5:colcon.colcon_core.verb:set package 'camera_models' build argument 'cmake_target' from command line to 'None'
[1.057s] Level 5:colcon.colcon_core.verb:set package 'camera_models' build argument 'cmake_target_skip_unavailable' from command line to 'False'
[1.057s] Level 5:colcon.colcon_core.verb:set package 'camera_models' build argument 'cmake_clean_cache' from command line to 'False'
[1.057s] Level 5:colcon.colcon_core.verb:set package 'camera_models' build argument 'cmake_clean_first' from command line to 'False'
[1.057s] Level 5:colcon.colcon_core.verb:set package 'camera_models' build argument 'cmake_force_configure' from command line to 'False'
[1.057s] Level 5:colcon.colcon_core.verb:set package 'camera_models' build argument 'ament_cmake_args' from command line to 'None'
[1.057s] Level 5:colcon.colcon_core.verb:set package 'camera_models' build argument 'catkin_cmake_args' from command line to 'None'
[1.057s] Level 5:colcon.colcon_core.verb:set package 'camera_models' build argument 'catkin_skip_building_tests' from command line to 'False'
[1.057s] DEBUG:colcon.colcon_core.verb:Building package 'camera_models' with the following arguments: {'ament_cmake_args': None, 'build_base': '/home/orangepi/Desktop/SparkCar_ROS2_WS/SparkCar_Perception/build/camera_models', 'catkin_cmake_args': None, 'catkin_skip_building_tests': False, 'cmake_args': None, 'cmake_clean_cache': False, 'cmake_clean_first': False, 'cmake_force_configure': False, 'cmake_target': None, 'cmake_target_skip_unavailable': False, 'install_base': '/home/orangepi/Desktop/SparkCar_ROS2_WS/SparkCar_Perception/install/camera_models', 'merge_install': False, 'path': '/home/orangepi/Desktop/SparkCar_ROS2_WS/SparkCar_Perception/src/VINS-Fusion-ROS2/camera_models', 'symlink_install': False, 'test_result_base': None}
[1.057s] Level 5:colcon.colcon_core.verb:set package 'global_fusion' build argument 'cmake_args' from command line to 'None'
[1.057s] Level 5:colcon.colcon_core.verb:set package 'global_fusion' build argument 'cmake_target' from command line to 'None'
[1.057s] Level 5:colcon.colcon_core.verb:set package 'global_fusion' build argument 'cmake_target_skip_unavailable' from command line to 'False'
[1.057s] Level 5:colcon.colcon_core.verb:set package 'global_fusion' build argument 'cmake_clean_cache' from command line to 'False'
[1.057s] Level 5:colcon.colcon_core.verb:set package 'global_fusion' build argument 'cmake_clean_first' from command line to 'False'
[1.058s] Level 5:colcon.colcon_core.verb:set package 'global_fusion' build argument 'cmake_force_configure' from command line to 'False'
[1.058s] Level 5:colcon.colcon_core.verb:set package 'global_fusion' build argument 'ament_cmake_args' from command line to 'None'
[1.058s] Level 5:colcon.colcon_core.verb:set package 'global_fusion' build argument 'catkin_cmake_args' from command line to 'None'
[1.058s] Level 5:colcon.colcon_core.verb:set package 'global_fusion' build argument 'catkin_skip_building_tests' from command line to 'False'
[1.058s] DEBUG:colcon.colcon_core.verb:Building package 'global_fusion' with the following arguments: {'ament_cmake_args': None, 'build_base': '/home/orangepi/Desktop/SparkCar_ROS2_WS/SparkCar_Perception/build/global_fusion', 'catkin_cmake_args': None, 'catkin_skip_building_tests': False, 'cmake_args': None, 'cmake_clean_cache': False, 'cmake_clean_first': False, 'cmake_force_configure': False, 'cmake_target': None, 'cmake_target_skip_unavailable': False, 'install_base': '/home/orangepi/Desktop/SparkCar_ROS2_WS/SparkCar_Perception/install/global_fusion', 'merge_install': False, 'path': '/home/orangepi/Desktop/SparkCar_ROS2_WS/SparkCar_Perception/src/VINS-Fusion-ROS2/global_fusion', 'symlink_install': False, 'test_result_base': None}
[1.058s] Level 5:colcon.colcon_core.verb:set package 'realsense2_camera_msgs' build argument 'cmake_args' from command line to 'None'
[1.058s] Level 5:colcon.colcon_core.verb:set package 'realsense2_camera_msgs' build argument 'cmake_target' from command line to 'None'
[1.058s] Level 5:colcon.colcon_core.verb:set package 'realsense2_camera_msgs' build argument 'cmake_target_skip_unavailable' from command line to 'False'
[1.058s] Level 5:colcon.colcon_core.verb:set package 'realsense2_camera_msgs' build argument 'cmake_clean_cache' from command line to 'False'
[1.058s] Level 5:colcon.colcon_core.verb:set package 'realsense2_camera_msgs' build argument 'cmake_clean_first' from command line to 'False'
[1.058s] Level 5:colcon.colcon_core.verb:set package 'realsense2_camera_msgs' build argument 'cmake_force_configure' from command line to 'False'
[1.058s] Level 5:colcon.colcon_core.verb:set package 'realsense2_camera_msgs' build argument 'ament_cmake_args' from command line to 'None'
[1.058s] Level 5:colcon.colcon_core.verb:set package 'realsense2_camera_msgs' build argument 'catkin_cmake_args' from command line to 'None'
[1.058s] Level 5:colcon.colcon_core.verb:set package 'realsense2_camera_msgs' build argument 'catkin_skip_building_tests' from command line to 'False'
[1.058s] DEBUG:colcon.colcon_core.verb:Building package 'realsense2_camera_msgs' with the following arguments: {'ament_cmake_args': None, 'build_base': '/home/orangepi/Desktop/SparkCar_ROS2_WS/SparkCar_Perception/build/realsense2_camera_msgs', 'catkin_cmake_args': None, 'catkin_skip_building_tests': False, 'cmake_args': None, 'cmake_clean_cache': False, 'cmake_clean_first': False, 'cmake_force_configure': False, 'cmake_target': None, 'cmake_target_skip_unavailable': False, 'install_base': '/home/orangepi/Desktop/SparkCar_ROS2_WS/SparkCar_Perception/install/realsense2_camera_msgs', 'merge_install': False, 'path': '/home/orangepi/Desktop/SparkCar_ROS2_WS/SparkCar_Perception/src/realsense-ros/realsense2_camera_msgs', 'symlink_install': False, 'test_result_base': None}
[1.059s] Level 5:colcon.colcon_core.verb:set package 'vision_to_mavros' build argument 'cmake_args' from command line to 'None'
[1.059s] Level 5:colcon.colcon_core.verb:set package 'vision_to_mavros' build argument 'cmake_target' from command line to 'None'
[1.059s] Level 5:colcon.colcon_core.verb:set package 'vision_to_mavros' build argument 'cmake_target_skip_unavailable' from command line to 'False'
[1.059s] Level 5:colcon.colcon_core.verb:set package 'vision_to_mavros' build argument 'cmake_clean_cache' from command line to 'False'
[1.059s] Level 5:colcon.colcon_core.verb:set package 'vision_to_mavros' build argument 'cmake_clean_first' from command line to 'False'
[1.059s] Level 5:colcon.colcon_core.verb:set package 'vision_to_mavros' build argument 'cmake_force_configure' from command line to 'False'
[1.059s] Level 5:colcon.colcon_core.verb:set package 'vision_to_mavros' build argument 'ament_cmake_args' from command line to 'None'
[1.059s] Level 5:colcon.colcon_core.verb:set package 'vision_to_mavros' build argument 'catkin_cmake_args' from command line to 'None'
[1.059s] Level 5:colcon.colcon_core.verb:set package 'vision_to_mavros' build argument 'catkin_skip_building_tests' from command line to 'False'
[1.059s] DEBUG:colcon.colcon_core.verb:Building package 'vision_to_mavros' with the following arguments: {'ament_cmake_args': None, 'build_base': '/home/orangepi/Desktop/SparkCar_ROS2_WS/SparkCar_Perception/build/vision_to_mavros', 'catkin_cmake_args': None, 'catkin_skip_building_tests': False, 'cmake_args': None, 'cmake_clean_cache': False, 'cmake_clean_first': False, 'cmake_force_configure': False, 'cmake_target': None, 'cmake_target_skip_unavailable': False, 'install_base': '/home/orangepi/Desktop/SparkCar_ROS2_WS/SparkCar_Perception/install/vision_to_mavros', 'merge_install': False, 'path': '/home/orangepi/Desktop/SparkCar_ROS2_WS/SparkCar_Perception/src/vision_to_mavros', 'symlink_install': False, 'test_result_base': None}
[1.059s] Level 5:colcon.colcon_core.verb:set package 'loop_fusion' build argument 'cmake_args' from command line to 'None'
[1.059s] Level 5:colcon.colcon_core.verb:set package 'loop_fusion' build argument 'cmake_target' from command line to 'None'
[1.059s] Level 5:colcon.colcon_core.verb:set package 'loop_fusion' build argument 'cmake_target_skip_unavailable' from command line to 'False'
[1.060s] Level 5:colcon.colcon_core.verb:set package 'loop_fusion' build argument 'cmake_clean_cache' from command line to 'False'
[1.060s] Level 5:colcon.colcon_core.verb:set package 'loop_fusion' build argument 'cmake_clean_first' from command line to 'False'
[1.060s] Level 5:colcon.colcon_core.verb:set package 'loop_fusion' build argument 'cmake_force_configure' from command line to 'False'
[1.060s] Level 5:colcon.colcon_core.verb:set package 'loop_fusion' build argument 'ament_cmake_args' from command line to 'None'
[1.060s] Level 5:colcon.colcon_core.verb:set package 'loop_fusion' build argument 'catkin_cmake_args' from command line to 'None'
[1.060s] Level 5:colcon.colcon_core.verb:set package 'loop_fusion' build argument 'catkin_skip_building_tests' from command line to 'False'
[1.060s] DEBUG:colcon.colcon_core.verb:Building package 'loop_fusion' with the following arguments: {'ament_cmake_args': None, 'build_base': '/home/orangepi/Desktop/SparkCar_ROS2_WS/SparkCar_Perception/build/loop_fusion', 'catkin_cmake_args': None, 'catkin_skip_building_tests': False, 'cmake_args': None, 'cmake_clean_cache': False, 'cmake_clean_first': False, 'cmake_force_configure': False, 'cmake_target': None, 'cmake_target_skip_unavailable': False, 'install_base': '/home/orangepi/Desktop/SparkCar_ROS2_WS/SparkCar_Perception/install/loop_fusion', 'merge_install': False, 'path': '/home/orangepi/Desktop/SparkCar_ROS2_WS/SparkCar_Perception/src/VINS-Fusion-ROS2/loop_fusion', 'symlink_install': False, 'test_result_base': None}
[1.060s] Level 5:colcon.colcon_core.verb:set package 'realsense2_camera' build argument 'cmake_args' from command line to 'None'
[1.060s] Level 5:colcon.colcon_core.verb:set package 'realsense2_camera' build argument 'cmake_target' from command line to 'None'
[1.060s] Level 5:colcon.colcon_core.verb:set package 'realsense2_camera' build argument 'cmake_target_skip_unavailable' from command line to 'False'
[1.060s] Level 5:colcon.colcon_core.verb:set package 'realsense2_camera' build argument 'cmake_clean_cache' from command line to 'False'
[1.060s] Level 5:colcon.colcon_core.verb:set package 'realsense2_camera' build argument 'cmake_clean_first' from command line to 'False'
[1.060s] Level 5:colcon.colcon_core.verb:set package 'realsense2_camera' build argument 'cmake_force_configure' from command line to 'False'
[1.060s] Level 5:colcon.colcon_core.verb:set package 'realsense2_camera' build argument 'ament_cmake_args' from command line to 'None'
[1.060s] Level 5:colcon.colcon_core.verb:set package 'realsense2_camera' build argument 'catkin_cmake_args' from command line to 'None'
[1.060s] Level 5:colcon.colcon_core.verb:set package 'realsense2_camera' build argument 'catkin_skip_building_tests' from command line to 'False'
[1.060s] DEBUG:colcon.colcon_core.verb:Building package 'realsense2_camera' with the following arguments: {'ament_cmake_args': None, 'build_base': '/home/orangepi/Desktop/SparkCar_ROS2_WS/SparkCar_Perception/build/realsense2_camera', 'catkin_cmake_args': None, 'catkin_skip_building_tests': False, 'cmake_args': None, 'cmake_clean_cache': False, 'cmake_clean_first': False, 'cmake_force_configure': False, 'cmake_target': None, 'cmake_target_skip_unavailable': False, 'install_base': '/home/orangepi/Desktop/SparkCar_ROS2_WS/SparkCar_Perception/install/realsense2_camera', 'merge_install': False, 'path': '/home/orangepi/Desktop/SparkCar_ROS2_WS/SparkCar_Perception/src/realsense-ros/realsense2_camera', 'symlink_install': False, 'test_result_base': None}
[1.061s] Level 5:colcon.colcon_core.verb:set package 'realsense2_description' build argument 'cmake_args' from command line to 'None'
[1.061s] Level 5:colcon.colcon_core.verb:set package 'realsense2_description' build argument 'cmake_target' from command line to 'None'
[1.061s] Level 5:colcon.colcon_core.verb:set package 'realsense2_description' build argument 'cmake_target_skip_unavailable' from command line to 'False'
[1.061s] Level 5:colcon.colcon_core.verb:set package 'realsense2_description' build argument 'cmake_clean_cache' from command line to 'False'
[1.061s] Level 5:colcon.colcon_core.verb:set package 'realsense2_description' build argument 'cmake_clean_first' from command line to 'False'
[1.061s] Level 5:colcon.colcon_core.verb:set package 'realsense2_description' build argument 'cmake_force_configure' from command line to 'False'
[1.061s] Level 5:colcon.colcon_core.verb:set package 'realsense2_description' build argument 'ament_cmake_args' from command line to 'None'
[1.061s] Level 5:colcon.colcon_core.verb:set package 'realsense2_description' build argument 'catkin_cmake_args' from command line to 'None'
[1.061s] Level 5:colcon.colcon_core.verb:set package 'realsense2_description' build argument 'catkin_skip_building_tests' from command line to 'False'
[1.061s] DEBUG:colcon.colcon_core.verb:Building package 'realsense2_description' with the following arguments: {'ament_cmake_args': None, 'build_base': '/home/orangepi/Desktop/SparkCar_ROS2_WS/SparkCar_Perception/build/realsense2_description', 'catkin_cmake_args': None, 'catkin_skip_building_tests': False, 'cmake_args': None, 'cmake_clean_cache': False, 'cmake_clean_first': False, 'cmake_force_configure': False, 'cmake_target': None, 'cmake_target_skip_unavailable': False, 'install_base': '/home/orangepi/Desktop/SparkCar_ROS2_WS/SparkCar_Perception/install/realsense2_description', 'merge_install': False, 'path': '/home/orangepi/Desktop/SparkCar_ROS2_WS/SparkCar_Perception/src/realsense-ros/realsense2_description', 'symlink_install': False, 'test_result_base': None}
[1.061s] Level 5:colcon.colcon_core.verb:set package 'vins' build argument 'cmake_args' from command line to 'None'
[1.061s] Level 5:colcon.colcon_core.verb:set package 'vins' build argument 'cmake_target' from command line to 'None'
[1.062s] Level 5:colcon.colcon_core.verb:set package 'vins' build argument 'cmake_target_skip_unavailable' from command line to 'False'
[1.062s] Level 5:colcon.colcon_core.verb:set package 'vins' build argument 'cmake_clean_cache' from command line to 'False'
[1.062s] Level 5:colcon.colcon_core.verb:set package 'vins' build argument 'cmake_clean_first' from command line to 'False'
[1.062s] Level 5:colcon.colcon_core.verb:set package 'vins' build argument 'cmake_force_configure' from command line to 'False'
[1.062s] Level 5:colcon.colcon_core.verb:set package 'vins' build argument 'ament_cmake_args' from command line to 'None'
[1.062s] Level 5:colcon.colcon_core.verb:set package 'vins' build argument 'catkin_cmake_args' from command line to 'None'
[1.062s] Level 5:colcon.colcon_core.verb:set package 'vins' build argument 'catkin_skip_building_tests' from command line to 'False'
[1.062s] DEBUG:colcon.colcon_core.verb:Building package 'vins' with the following arguments: {'ament_cmake_args': None, 'build_base': '/home/orangepi/Desktop/SparkCar_ROS2_WS/SparkCar_Perception/build/vins', 'catkin_cmake_args': None, 'catkin_skip_building_tests': False, 'cmake_args': None, 'cmake_clean_cache': False, 'cmake_clean_first': False, 'cmake_force_configure': False, 'cmake_target': None, 'cmake_target_skip_unavailable': False, 'install_base': '/home/orangepi/Desktop/SparkCar_ROS2_WS/SparkCar_Perception/install/vins', 'merge_install': False, 'path': '/home/orangepi/Desktop/SparkCar_ROS2_WS/SparkCar_Perception/src/VINS-Fusion-ROS2/vins', 'symlink_install': False, 'test_result_base': None}
[1.062s] INFO:colcon.colcon_core.executor:Executing jobs using 'parallel' executor
[1.064s] DEBUG:colcon.colcon_parallel_executor.executor.parallel:run_until_complete
[1.065s] INFO:colcon.colcon_ros.task.ament_cmake.build:Building ROS package in '/home/orangepi/Desktop/SparkCar_ROS2_WS/SparkCar_Perception/src/VINS-Fusion-ROS2/camera_models' with build type 'ament_cmake'
[1.065s] INFO:colcon.colcon_cmake.task.cmake.build:Building CMake package in '/home/orangepi/Desktop/SparkCar_ROS2_WS/SparkCar_Perception/src/VINS-Fusion-ROS2/camera_models'
[1.075s] INFO:colcon.colcon_core.plugin_system:Skipping extension 'colcon_core.shell.bat': Not used on non-Windows systems
[1.075s] INFO:colcon.colcon_core.shell:Skip shell extension 'powershell' for command environment: Not usable outside of PowerShell
[1.075s] DEBUG:colcon.colcon_core.shell:Skip shell extension 'dsv' for command environment
[1.094s] INFO:colcon.colcon_ros.task.ament_cmake.build:Building ROS package in '/home/orangepi/Desktop/SparkCar_ROS2_WS/SparkCar_Perception/src/realsense-ros/realsense2_camera_msgs' with build type 'ament_cmake'
[1.095s] INFO:colcon.colcon_cmake.task.cmake.build:Building CMake package in '/home/orangepi/Desktop/SparkCar_ROS2_WS/SparkCar_Perception/src/realsense-ros/realsense2_camera_msgs'
[1.095s] INFO:colcon.colcon_core.shell:Skip shell extension 'powershell' for command environment: Not usable outside of PowerShell
[1.095s] DEBUG:colcon.colcon_core.shell:Skip shell extension 'dsv' for command environment
[1.107s] INFO:colcon.colcon_ros.task.ament_cmake.build:Building ROS package in '/home/orangepi/Desktop/SparkCar_ROS2_WS/SparkCar_Perception/src/VINS-Fusion-ROS2/global_fusion' with build type 'ament_cmake'
[1.107s] INFO:colcon.colcon_cmake.task.cmake.build:Building CMake package in '/home/orangepi/Desktop/SparkCar_ROS2_WS/SparkCar_Perception/src/VINS-Fusion-ROS2/global_fusion'
[1.107s] INFO:colcon.colcon_core.shell:Skip shell extension 'powershell' for command environment: Not usable outside of PowerShell
[1.108s] DEBUG:colcon.colcon_core.shell:Skip shell extension 'dsv' for command environment
[1.117s] INFO:colcon.colcon_ros.task.ament_cmake.build:Building ROS package in '/home/orangepi/Desktop/SparkCar_ROS2_WS/SparkCar_Perception/src/vision_to_mavros' with build type 'ament_cmake'
[1.117s] INFO:colcon.colcon_cmake.task.cmake.build:Building CMake package in '/home/orangepi/Desktop/SparkCar_ROS2_WS/SparkCar_Perception/src/vision_to_mavros'
[1.118s] INFO:colcon.colcon_core.shell:Skip shell extension 'powershell' for command environment: Not usable outside of PowerShell
[1.118s] DEBUG:colcon.colcon_core.shell:Skip shell extension 'dsv' for command environment
[1.142s] DEBUG:colcon.colcon_core.event_handler.log_command:Invoking command in '/home/orangepi/Desktop/SparkCar_ROS2_WS/SparkCar_Perception/build/camera_models': CMAKE_PREFIX_PATH=${CMAKE_PREFIX_PATH}:/opt/ros/humble /usr/bin/cmake --build /home/orangepi/Desktop/SparkCar_ROS2_WS/SparkCar_Perception/build/camera_models -- -j8 -l8
[1.151s] DEBUG:colcon.colcon_core.event_handler.log_command:Invoking command in '/home/orangepi/Desktop/SparkCar_ROS2_WS/SparkCar_Perception/build/realsense2_camera_msgs': CMAKE_PREFIX_PATH=${CMAKE_PREFIX_PATH}:/opt/ros/humble /usr/bin/cmake --build /home/orangepi/Desktop/SparkCar_ROS2_WS/SparkCar_Perception/build/realsense2_camera_msgs -- -j8 -l8
[1.163s] DEBUG:colcon.colcon_core.event_handler.log_command:Invoking command in '/home/orangepi/Desktop/SparkCar_ROS2_WS/SparkCar_Perception/build/global_fusion': CMAKE_PREFIX_PATH=${CMAKE_PREFIX_PATH}:/opt/ros/humble /usr/bin/cmake --build /home/orangepi/Desktop/SparkCar_ROS2_WS/SparkCar_Perception/build/global_fusion -- -j8 -l8
[1.179s] DEBUG:colcon.colcon_core.event_handler.log_command:Invoking command in '/home/orangepi/Desktop/SparkCar_ROS2_WS/SparkCar_Perception/build/vision_to_mavros': CMAKE_PREFIX_PATH=${CMAKE_PREFIX_PATH}:/opt/ros/humble /usr/bin/cmake --build /home/orangepi/Desktop/SparkCar_ROS2_WS/SparkCar_Perception/build/vision_to_mavros -- -j8 -l8
[1.575s] DEBUG:colcon.colcon_core.event_handler.log_command:Invoked command in '/home/orangepi/Desktop/SparkCar_ROS2_WS/SparkCar_Perception/build/global_fusion' returned '0': CMAKE_PREFIX_PATH=${CMAKE_PREFIX_PATH}:/opt/ros/humble /usr/bin/cmake --build /home/orangepi/Desktop/SparkCar_ROS2_WS/SparkCar_Perception/build/global_fusion -- -j8 -l8
[1.617s] DEBUG:colcon.colcon_core.event_handler.log_command:Invoking command in '/home/orangepi/Desktop/SparkCar_ROS2_WS/SparkCar_Perception/build/global_fusion': CMAKE_PREFIX_PATH=${CMAKE_PREFIX_PATH}:/opt/ros/humble /usr/bin/cmake --install /home/orangepi/Desktop/SparkCar_ROS2_WS/SparkCar_Perception/build/global_fusion
[1.622s] DEBUG:colcon.colcon_core.event_handler.log_command:Invoked command in '/home/orangepi/Desktop/SparkCar_ROS2_WS/SparkCar_Perception/build/camera_models' returned '0': CMAKE_PREFIX_PATH=${CMAKE_PREFIX_PATH}:/opt/ros/humble /usr/bin/cmake --build /home/orangepi/Desktop/SparkCar_ROS2_WS/SparkCar_Perception/build/camera_models -- -j8 -l8
[1.628s] DEBUG:colcon.colcon_core.event_handler.log_command:Invoking command in '/home/orangepi/Desktop/SparkCar_ROS2_WS/SparkCar_Perception/build/camera_models': CMAKE_PREFIX_PATH=${CMAKE_PREFIX_PATH}:/opt/ros/humble /usr/bin/cmake --install /home/orangepi/Desktop/SparkCar_ROS2_WS/SparkCar_Perception/build/camera_models
[1.667s] Level 1:colcon.colcon_core.environment:create_environment_scripts_only(global_fusion)
[1.669s] DEBUG:colcon.colcon_core.event_handler.log_command:Invoked command in '/home/orangepi/Desktop/SparkCar_ROS2_WS/SparkCar_Perception/build/global_fusion' returned '0': CMAKE_PREFIX_PATH=${CMAKE_PREFIX_PATH}:/opt/ros/humble /usr/bin/cmake --install /home/orangepi/Desktop/SparkCar_ROS2_WS/SparkCar_Perception/build/global_fusion
[1.688s] Level 1:colcon.colcon_core.environment:checking '/home/orangepi/Desktop/SparkCar_ROS2_WS/SparkCar_Perception/install/global_fusion' for CMake module files
[1.691s] Level 1:colcon.colcon_core.environment:checking '/home/orangepi/Desktop/SparkCar_ROS2_WS/SparkCar_Perception/install/global_fusion' for CMake config files
[1.692s] Level 1:colcon.colcon_core.shell:create_environment_hook('global_fusion', 'cmake_prefix_path')
[1.694s] INFO:colcon.colcon_core.shell:Creating environment hook '/home/orangepi/Desktop/SparkCar_ROS2_WS/SparkCar_Perception/install/global_fusion/share/global_fusion/hook/cmake_prefix_path.ps1'
[1.699s] INFO:colcon.colcon_core.shell:Creating environment descriptor '/home/orangepi/Desktop/SparkCar_ROS2_WS/SparkCar_Perception/install/global_fusion/share/global_fusion/hook/cmake_prefix_path.dsv'
[1.702s] INFO:colcon.colcon_core.shell:Creating environment hook '/home/orangepi/Desktop/SparkCar_ROS2_WS/SparkCar_Perception/install/global_fusion/share/global_fusion/hook/cmake_prefix_path.sh'
[1.707s] Level 1:colcon.colcon_core.environment:checking '/home/orangepi/Desktop/SparkCar_ROS2_WS/SparkCar_Perception/install/global_fusion/lib'
[1.708s] Level 1:colcon.colcon_core.environment:checking '/home/orangepi/Desktop/SparkCar_ROS2_WS/SparkCar_Perception/install/global_fusion/bin'
[1.708s] Level 1:colcon.colcon_core.shell:create_environment_hook('global_fusion', 'path')
[1.709s] INFO:colcon.colcon_core.shell:Creating environment hook '/home/orangepi/Desktop/SparkCar_ROS2_WS/SparkCar_Perception/install/global_fusion/share/global_fusion/hook/path.ps1'
[1.712s] INFO:colcon.colcon_core.shell:Creating environment descriptor '/home/orangepi/Desktop/SparkCar_ROS2_WS/SparkCar_Perception/install/global_fusion/share/global_fusion/hook/path.dsv'
[1.714s] INFO:colcon.colcon_core.shell:Creating environment hook '/home/orangepi/Desktop/SparkCar_ROS2_WS/SparkCar_Perception/install/global_fusion/share/global_fusion/hook/path.sh'
[1.717s] Level 1:colcon.colcon_core.environment:checking '/home/orangepi/Desktop/SparkCar_ROS2_WS/SparkCar_Perception/install/global_fusion/lib/pkgconfig/global_fusion.pc'
[1.722s] Level 1:colcon.colcon_core.environment:checking '/home/orangepi/Desktop/SparkCar_ROS2_WS/SparkCar_Perception/install/global_fusion/lib/python3.10/site-packages'
[1.724s] Level 1:colcon.colcon_core.environment:checking '/home/orangepi/Desktop/SparkCar_ROS2_WS/SparkCar_Perception/install/global_fusion/bin'
[1.725s] Level 1:colcon.colcon_core.shell:create_environment_hook('global_fusion', 'pythonscriptspath')
[1.726s] INFO:colcon.colcon_core.shell:Creating environment hook '/home/orangepi/Desktop/SparkCar_ROS2_WS/SparkCar_Perception/install/global_fusion/share/global_fusion/hook/pythonscriptspath.ps1'
[1.729s] INFO:colcon.colcon_core.shell:Creating environment descriptor '/home/orangepi/Desktop/SparkCar_ROS2_WS/SparkCar_Perception/install/global_fusion/share/global_fusion/hook/pythonscriptspath.dsv'
[1.731s] INFO:colcon.colcon_core.shell:Creating environment hook '/home/orangepi/Desktop/SparkCar_ROS2_WS/SparkCar_Perception/install/global_fusion/share/global_fusion/hook/pythonscriptspath.sh'
[1.736s] INFO:colcon.colcon_core.shell:Creating package script '/home/orangepi/Desktop/SparkCar_ROS2_WS/SparkCar_Perception/install/global_fusion/share/global_fusion/package.ps1'
[1.745s] INFO:colcon.colcon_core.shell:Creating package descriptor '/home/orangepi/Desktop/SparkCar_ROS2_WS/SparkCar_Perception/install/global_fusion/share/global_fusion/package.dsv'
[1.750s] INFO:colcon.colcon_core.shell:Creating package script '/home/orangepi/Desktop/SparkCar_ROS2_WS/SparkCar_Perception/install/global_fusion/share/global_fusion/package.sh'
[1.756s] INFO:colcon.colcon_core.shell:Creating package script '/home/orangepi/Desktop/SparkCar_ROS2_WS/SparkCar_Perception/install/global_fusion/share/global_fusion/package.bash'
[1.758s] INFO:colcon.colcon_core.shell:Creating package script '/home/orangepi/Desktop/SparkCar_ROS2_WS/SparkCar_Perception/install/global_fusion/share/global_fusion/package.zsh'
[1.760s] Level 1:colcon.colcon_core.environment:create_file_with_runtime_dependencies(/home/orangepi/Desktop/SparkCar_ROS2_WS/SparkCar_Perception/install/global_fusion/share/colcon-core/packages/global_fusion)
[1.762s] Level 1:colcon.colcon_core.environment:create_environment_scripts_only(global_fusion)
[1.762s] Level 1:colcon.colcon_core.environment:checking '/home/orangepi/Desktop/SparkCar_ROS2_WS/SparkCar_Perception/install/global_fusion' for CMake module files
[1.763s] Level 1:colcon.colcon_core.environment:checking '/home/orangepi/Desktop/SparkCar_ROS2_WS/SparkCar_Perception/install/global_fusion' for CMake config files
[1.763s] Level 1:colcon.colcon_core.shell:create_environment_hook('global_fusion', 'cmake_prefix_path')
[1.764s] INFO:colcon.colcon_core.shell:Creating environment hook '/home/orangepi/Desktop/SparkCar_ROS2_WS/SparkCar_Perception/install/global_fusion/share/global_fusion/hook/cmake_prefix_path.ps1'
[1.764s] INFO:colcon.colcon_core.shell:Creating environment descriptor '/home/orangepi/Desktop/SparkCar_ROS2_WS/SparkCar_Perception/install/global_fusion/share/global_fusion/hook/cmake_prefix_path.dsv'
[1.765s] INFO:colcon.colcon_core.shell:Creating environment hook '/home/orangepi/Desktop/SparkCar_ROS2_WS/SparkCar_Perception/install/global_fusion/share/global_fusion/hook/cmake_prefix_path.sh'
[1.766s] Level 1:colcon.colcon_core.environment:checking '/home/orangepi/Desktop/SparkCar_ROS2_WS/SparkCar_Perception/install/global_fusion/lib'
[1.766s] Level 1:colcon.colcon_core.environment:checking '/home/orangepi/Desktop/SparkCar_ROS2_WS/SparkCar_Perception/install/global_fusion/bin'
[1.767s] Level 1:colcon.colcon_core.shell:create_environment_hook('global_fusion', 'path')
[1.767s] INFO:colcon.colcon_core.shell:Creating environment hook '/home/orangepi/Desktop/SparkCar_ROS2_WS/SparkCar_Perception/install/global_fusion/share/global_fusion/hook/path.ps1'
[1.768s] INFO:colcon.colcon_core.shell:Creating environment descriptor '/home/orangepi/Desktop/SparkCar_ROS2_WS/SparkCar_Perception/install/global_fusion/share/global_fusion/hook/path.dsv'
[1.769s] INFO:colcon.colcon_core.shell:Creating environment hook '/home/orangepi/Desktop/SparkCar_ROS2_WS/SparkCar_Perception/install/global_fusion/share/global_fusion/hook/path.sh'
[1.770s] Level 1:colcon.colcon_core.environment:checking '/home/orangepi/Desktop/SparkCar_ROS2_WS/SparkCar_Perception/install/global_fusion/lib/pkgconfig/global_fusion.pc'
[1.770s] Level 1:colcon.colcon_core.environment:checking '/home/orangepi/Desktop/SparkCar_ROS2_WS/SparkCar_Perception/install/global_fusion/lib/python3.10/site-packages'
[1.771s] Level 1:colcon.colcon_core.environment:checking '/home/orangepi/Desktop/SparkCar_ROS2_WS/SparkCar_Perception/install/global_fusion/bin'
[1.771s] Level 1:colcon.colcon_core.shell:create_environment_hook('global_fusion', 'pythonscriptspath')
[1.771s] INFO:colcon.colcon_core.shell:Creating environment hook '/home/orangepi/Desktop/SparkCar_ROS2_WS/SparkCar_Perception/install/global_fusion/share/global_fusion/hook/pythonscriptspath.ps1'
[1.772s] INFO:colcon.colcon_core.shell:Creating environment descriptor '/home/orangepi/Desktop/SparkCar_ROS2_WS/SparkCar_Perception/install/global_fusion/share/global_fusion/hook/pythonscriptspath.dsv'
[1.772s] INFO:colcon.colcon_core.shell:Creating environment hook '/home/orangepi/Desktop/SparkCar_ROS2_WS/SparkCar_Perception/install/global_fusion/share/global_fusion/hook/pythonscriptspath.sh'
[1.774s] INFO:colcon.colcon_core.shell:Creating package script '/home/orangepi/Desktop/SparkCar_ROS2_WS/SparkCar_Perception/install/global_fusion/share/global_fusion/package.ps1'
[1.775s] INFO:colcon.colcon_core.shell:Creating package descriptor '/home/orangepi/Desktop/SparkCar_ROS2_WS/SparkCar_Perception/install/global_fusion/share/global_fusion/package.dsv'
[1.776s] INFO:colcon.colcon_core.shell:Creating package script '/home/orangepi/Desktop/SparkCar_ROS2_WS/SparkCar_Perception/install/global_fusion/share/global_fusion/package.sh'
[1.776s] INFO:colcon.colcon_core.shell:Creating package script '/home/orangepi/Desktop/SparkCar_ROS2_WS/SparkCar_Perception/install/global_fusion/share/global_fusion/package.bash'
[1.777s] INFO:colcon.colcon_core.shell:Creating package script '/home/orangepi/Desktop/SparkCar_ROS2_WS/SparkCar_Perception/install/global_fusion/share/global_fusion/package.zsh'
[1.778s] Level 1:colcon.colcon_core.environment:create_file_with_runtime_dependencies(/home/orangepi/Desktop/SparkCar_ROS2_WS/SparkCar_Perception/install/global_fusion/share/colcon-core/packages/global_fusion)
[1.780s] Level 1:colcon.colcon_core.environment:create_environment_scripts_only(camera_models)
[1.781s] Level 1:colcon.colcon_core.environment:checking '/home/orangepi/Desktop/SparkCar_ROS2_WS/SparkCar_Perception/install/camera_models' for CMake module files
[1.783s] Level 1:colcon.colcon_core.environment:checking '/home/orangepi/Desktop/SparkCar_ROS2_WS/SparkCar_Perception/install/camera_models' for CMake config files
[1.783s] DEBUG:colcon.colcon_core.event_handler.log_command:Invoked command in '/home/orangepi/Desktop/SparkCar_ROS2_WS/SparkCar_Perception/build/camera_models' returned '0': CMAKE_PREFIX_PATH=${CMAKE_PREFIX_PATH}:/opt/ros/humble /usr/bin/cmake --install /home/orangepi/Desktop/SparkCar_ROS2_WS/SparkCar_Perception/build/camera_models
[1.784s] Level 1:colcon.colcon_core.shell:create_environment_hook('camera_models', 'cmake_prefix_path')
[1.785s] INFO:colcon.colcon_core.shell:Creating environment hook '/home/orangepi/Desktop/SparkCar_ROS2_WS/SparkCar_Perception/install/camera_models/share/camera_models/hook/cmake_prefix_path.ps1'
[1.786s] INFO:colcon.colcon_core.shell:Creating environment descriptor '/home/orangepi/Desktop/SparkCar_ROS2_WS/SparkCar_Perception/install/camera_models/share/camera_models/hook/cmake_prefix_path.dsv'
[1.786s] INFO:colcon.colcon_core.shell:Creating environment hook '/home/orangepi/Desktop/SparkCar_ROS2_WS/SparkCar_Perception/install/camera_models/share/camera_models/hook/cmake_prefix_path.sh'
[1.787s] Level 1:colcon.colcon_core.environment:checking '/home/orangepi/Desktop/SparkCar_ROS2_WS/SparkCar_Perception/install/camera_models/lib'
[1.787s] Level 1:colcon.colcon_core.environment:checking '/home/orangepi/Desktop/SparkCar_ROS2_WS/SparkCar_Perception/install/camera_models/bin'
[1.787s] Level 1:colcon.colcon_core.shell:create_environment_hook('camera_models', 'path')
[1.788s] INFO:colcon.colcon_core.shell:Creating environment hook '/home/orangepi/Desktop/SparkCar_ROS2_WS/SparkCar_Perception/install/camera_models/share/camera_models/hook/path.ps1'
[1.788s] INFO:colcon.colcon_core.shell:Creating environment descriptor '/home/orangepi/Desktop/SparkCar_ROS2_WS/SparkCar_Perception/install/camera_models/share/camera_models/hook/path.dsv'
[1.789s] INFO:colcon.colcon_core.shell:Creating environment hook '/home/orangepi/Desktop/SparkCar_ROS2_WS/SparkCar_Perception/install/camera_models/share/camera_models/hook/path.sh'
[1.790s] Level 1:colcon.colcon_core.environment:checking '/home/orangepi/Desktop/SparkCar_ROS2_WS/SparkCar_Perception/install/camera_models/lib/pkgconfig/camera_models.pc'
[1.790s] Level 1:colcon.colcon_core.environment:checking '/home/orangepi/Desktop/SparkCar_ROS2_WS/SparkCar_Perception/install/camera_models/lib/python3.10/site-packages'
[1.790s] Level 1:colcon.colcon_core.environment:checking '/home/orangepi/Desktop/SparkCar_ROS2_WS/SparkCar_Perception/install/camera_models/bin'
[1.791s] Level 1:colcon.colcon_core.shell:create_environment_hook('camera_models', 'pythonscriptspath')
[1.791s] INFO:colcon.colcon_core.shell:Creating environment hook '/home/orangepi/Desktop/SparkCar_ROS2_WS/SparkCar_Perception/install/camera_models/share/camera_models/hook/pythonscriptspath.ps1'
[1.792s] INFO:colcon.colcon_core.shell:Creating environment descriptor '/home/orangepi/Desktop/SparkCar_ROS2_WS/SparkCar_Perception/install/camera_models/share/camera_models/hook/pythonscriptspath.dsv'
[1.792s] INFO:colcon.colcon_core.shell:Creating environment hook '/home/orangepi/Desktop/SparkCar_ROS2_WS/SparkCar_Perception/install/camera_models/share/camera_models/hook/pythonscriptspath.sh'
[1.793s] INFO:colcon.colcon_core.shell:Creating package script '/home/orangepi/Desktop/SparkCar_ROS2_WS/SparkCar_Perception/install/camera_models/share/camera_models/package.ps1'
[1.794s] INFO:colcon.colcon_core.shell:Creating package descriptor '/home/orangepi/Desktop/SparkCar_ROS2_WS/SparkCar_Perception/install/camera_models/share/camera_models/package.dsv'
[1.795s] INFO:colcon.colcon_core.shell:Creating package script '/home/orangepi/Desktop/SparkCar_ROS2_WS/SparkCar_Perception/install/camera_models/share/camera_models/package.sh'
[1.796s] INFO:colcon.colcon_core.shell:Creating package script '/home/orangepi/Desktop/SparkCar_ROS2_WS/SparkCar_Perception/install/camera_models/share/camera_models/package.bash'
[1.796s] INFO:colcon.colcon_core.shell:Creating package script '/home/orangepi/Desktop/SparkCar_ROS2_WS/SparkCar_Perception/install/camera_models/share/camera_models/package.zsh'
[1.797s] Level 1:colcon.colcon_core.environment:create_file_with_runtime_dependencies(/home/orangepi/Desktop/SparkCar_ROS2_WS/SparkCar_Perception/install/camera_models/share/colcon-core/packages/camera_models)
[1.798s] Level 1:colcon.colcon_core.environment:create_environment_scripts_only(camera_models)
[1.798s] Level 1:colcon.colcon_core.environment:checking '/home/orangepi/Desktop/SparkCar_ROS2_WS/SparkCar_Perception/install/camera_models' for CMake module files
[1.799s] Level 1:colcon.colcon_core.environment:checking '/home/orangepi/Desktop/SparkCar_ROS2_WS/SparkCar_Perception/install/camera_models' for CMake config files
[1.799s] Level 1:colcon.colcon_core.shell:create_environment_hook('camera_models', 'cmake_prefix_path')
[1.800s] INFO:colcon.colcon_core.shell:Creating environment hook '/home/orangepi/Desktop/SparkCar_ROS2_WS/SparkCar_Perception/install/camera_models/share/camera_models/hook/cmake_prefix_path.ps1'
[1.800s] INFO:colcon.colcon_core.shell:Creating environment descriptor '/home/orangepi/Desktop/SparkCar_ROS2_WS/SparkCar_Perception/install/camera_models/share/camera_models/hook/cmake_prefix_path.dsv'
[1.801s] INFO:colcon.colcon_core.shell:Creating environment hook '/home/orangepi/Desktop/SparkCar_ROS2_WS/SparkCar_Perception/install/camera_models/share/camera_models/hook/cmake_prefix_path.sh'
[1.802s] Level 1:colcon.colcon_core.environment:checking '/home/orangepi/Desktop/SparkCar_ROS2_WS/SparkCar_Perception/install/camera_models/lib'
[1.802s] Level 1:colcon.colcon_core.environment:checking '/home/orangepi/Desktop/SparkCar_ROS2_WS/SparkCar_Perception/install/camera_models/bin'
[1.802s] Level 1:colcon.colcon_core.shell:create_environment_hook('camera_models', 'path')
[1.802s] INFO:colcon.colcon_core.shell:Creating environment hook '/home/orangepi/Desktop/SparkCar_ROS2_WS/SparkCar_Perception/install/camera_models/share/camera_models/hook/path.ps1'
[1.803s] INFO:colcon.colcon_core.shell:Creating environment descriptor '/home/orangepi/Desktop/SparkCar_ROS2_WS/SparkCar_Perception/install/camera_models/share/camera_models/hook/path.dsv'
[1.803s] INFO:colcon.colcon_core.shell:Creating environment hook '/home/orangepi/Desktop/SparkCar_ROS2_WS/SparkCar_Perception/install/camera_models/share/camera_models/hook/path.sh'
[1.804s] Level 1:colcon.colcon_core.environment:checking '/home/orangepi/Desktop/SparkCar_ROS2_WS/SparkCar_Perception/install/camera_models/lib/pkgconfig/camera_models.pc'
[1.804s] Level 1:colcon.colcon_core.environment:checking '/home/orangepi/Desktop/SparkCar_ROS2_WS/SparkCar_Perception/install/camera_models/lib/python3.10/site-packages'
[1.805s] Level 1:colcon.colcon_core.environment:checking '/home/orangepi/Desktop/SparkCar_ROS2_WS/SparkCar_Perception/install/camera_models/bin'
[1.805s] Level 1:colcon.colcon_core.shell:create_environment_hook('camera_models', 'pythonscriptspath')
[1.805s] INFO:colcon.colcon_core.shell:Creating environment hook '/home/orangepi/Desktop/SparkCar_ROS2_WS/SparkCar_Perception/install/camera_models/share/camera_models/hook/pythonscriptspath.ps1'
[1.806s] INFO:colcon.colcon_core.shell:Creating environment descriptor '/home/orangepi/Desktop/SparkCar_ROS2_WS/SparkCar_Perception/install/camera_models/share/camera_models/hook/pythonscriptspath.dsv'
[1.807s] INFO:colcon.colcon_core.shell:Creating environment hook '/home/orangepi/Desktop/SparkCar_ROS2_WS/SparkCar_Perception/install/camera_models/share/camera_models/hook/pythonscriptspath.sh'
[1.808s] INFO:colcon.colcon_core.shell:Creating package script '/home/orangepi/Desktop/SparkCar_ROS2_WS/SparkCar_Perception/install/camera_models/share/camera_models/package.ps1'
[1.809s] INFO:colcon.colcon_core.shell:Creating package descriptor '/home/orangepi/Desktop/SparkCar_ROS2_WS/SparkCar_Perception/install/camera_models/share/camera_models/package.dsv'
[1.810s] INFO:colcon.colcon_core.shell:Creating package script '/home/orangepi/Desktop/SparkCar_ROS2_WS/SparkCar_Perception/install/camera_models/share/camera_models/package.sh'
[1.811s] INFO:colcon.colcon_core.shell:Creating package script '/home/orangepi/Desktop/SparkCar_ROS2_WS/SparkCar_Perception/install/camera_models/share/camera_models/package.bash'
[1.811s] INFO:colcon.colcon_core.shell:Creating package script '/home/orangepi/Desktop/SparkCar_ROS2_WS/SparkCar_Perception/install/camera_models/share/camera_models/package.zsh'
[1.813s] Level 1:colcon.colcon_core.environment:create_file_with_runtime_dependencies(/home/orangepi/Desktop/SparkCar_ROS2_WS/SparkCar_Perception/install/camera_models/share/colcon-core/packages/camera_models)
[1.814s] INFO:colcon.colcon_ros.task.ament_cmake.build:Building ROS package in '/home/orangepi/Desktop/SparkCar_ROS2_WS/SparkCar_Perception/src/VINS-Fusion-ROS2/loop_fusion' with build type 'ament_cmake'
[1.814s] INFO:colcon.colcon_cmake.task.cmake.build:Building CMake package in '/home/orangepi/Desktop/SparkCar_ROS2_WS/SparkCar_Perception/src/VINS-Fusion-ROS2/loop_fusion'
[1.815s] INFO:colcon.colcon_core.shell:Skip shell extension 'powershell' for command environment: Not usable outside of PowerShell
[1.815s] DEBUG:colcon.colcon_core.shell:Skip shell extension 'dsv' for command environment
[1.827s] INFO:colcon.colcon_ros.task.ament_cmake.build:Building ROS package in '/home/orangepi/Desktop/SparkCar_ROS2_WS/SparkCar_Perception/src/VINS-Fusion-ROS2/vins' with build type 'ament_cmake'
[1.828s] INFO:colcon.colcon_cmake.task.cmake.build:Building CMake package in '/home/orangepi/Desktop/SparkCar_ROS2_WS/SparkCar_Perception/src/VINS-Fusion-ROS2/vins'
[1.828s] INFO:colcon.colcon_core.shell:Skip shell extension 'powershell' for command environment: Not usable outside of PowerShell
[1.829s] DEBUG:colcon.colcon_core.shell:Skip shell extension 'dsv' for command environment
[1.855s] DEBUG:colcon.colcon_core.event_handler.log_command:Invoking command in '/home/orangepi/Desktop/SparkCar_ROS2_WS/SparkCar_Perception/build/loop_fusion': CMAKE_PREFIX_PATH=/home/orangepi/Desktop/SparkCar_ROS2_WS/SparkCar_Perception/install/camera_models:/home/orangepi/Desktop/SparkCar_ROS2_WS/SparkCar_Perception/install/vision_to_mavros:/home/orangepi/Desktop/SparkCar_ROS2_WS/SparkCar_Perception/install/vins:/home/orangepi/Desktop/SparkCar_ROS2_WS/SparkCar_Perception/install/realsense2_description:/home/orangepi/Desktop/SparkCar_ROS2_WS/SparkCar_Perception/install/realsense2_camera:/home/orangepi/Desktop/SparkCar_ROS2_WS/SparkCar_Perception/install/realsense2_camera_msgs:/home/orangepi/Desktop/SparkCar_ROS2_WS/SparkCar_Perception/install/loop_fusion:/home/orangepi/Desktop/SparkCar_ROS2_WS/SparkCar_Perception/install/global_fusion:/home/orangepi/Desktop/SparkCar_ROS2_WS/SparkCar_Controller/install/target_follower:/home/orangepi/Desktop/SparkCar_ROS2_WS/SparkCar_Tools/install/kalibr:/home/orangepi/Desktop/SparkCar_ROS2_WS/SparkCar_Tools/install/incremental_calibration_python:/home/orangepi/Desktop/SparkCar_ROS2_WS/SparkCar_Tools/install/incremental_calibration:/home/orangepi/Desktop/SparkCar_ROS2_WS/SparkCar_Tools/install/aslam_splines_python:/home/orangepi/Desktop/SparkCar_ROS2_WS/SparkCar_Tools/install/bsplines_python:/home/orangepi/Desktop/SparkCar_ROS2_WS/SparkCar_Tools/install/aslam_cv_backend_python:/home/orangepi/Desktop/SparkCar_ROS2_WS/SparkCar_Tools/install/aslam_cv_python:/home/orangepi/Desktop/SparkCar_ROS2_WS/SparkCar_Tools/install/aslam_cv_error_terms:/home/orangepi/Desktop/SparkCar_ROS2_WS/SparkCar_Tools/install/aslam_cv_backend:/home/orangepi/Desktop/SparkCar_ROS2_WS/SparkCar_Tools/install/aslam_splines:/home/orangepi/Desktop/SparkCar_ROS2_WS/SparkCar_Tools/install/bsplines:/home/orangepi/Desktop/SparkCar_ROS2_WS/SparkCar_Tools/install/aslam_backend_python:/home/orangepi/Desktop/SparkCar_ROS2_WS/SparkCar_Tools/install/aslam_backend_expressions:/home/orangepi/Desktop/SparkCar_ROS2_WS/SparkCar_Tools/install/aslam_backend:/home/orangepi/Desktop/SparkCar_ROS2_WS/SparkCar_Tools/install/sparse_block_matrix:/home/orangepi/Desktop/SparkCar_ROS2_WS/SparkCar_Tools/install/aslam_cameras_april:/home/orangepi/Desktop/SparkCar_ROS2_WS/SparkCar_Tools/install/sm_python:/home/orangepi/Desktop/SparkCar_ROS2_WS/SparkCar_Tools/install/sm_timing:/home/orangepi/Desktop/SparkCar_ROS2_WS/SparkCar_Tools/install/aslam_imgproc:/home/orangepi/Desktop/SparkCar_ROS2_WS/SparkCar_Tools/install/aslam_cv_serialization:/home/orangepi/Desktop/SparkCar_ROS2_WS/SparkCar_Tools/install/aslam_cameras:/home/orangepi/Desktop/SparkCar_ROS2_WS/SparkCar_Tools/install/sm_kinematics:/home/orangepi/Desktop/SparkCar_ROS2_WS/SparkCar_Tools/install/sm_eigen:/home/orangepi/Desktop/SparkCar_ROS2_WS/SparkCar_Tools/install/sm_random:/home/orangepi/Desktop/SparkCar_ROS2_WS/SparkCar_Tools/install/sm_property_tree:/home/orangepi/Desktop/SparkCar_ROS2_WS/SparkCar_Tools/install/sm_opencv:/home/orangepi/Desktop/SparkCar_ROS2_WS/SparkCar_Tools/install/sm_matrix_archive:/home/orangepi/Desktop/SparkCar_ROS2_WS/SparkCar_Tools/install/sm_logging:/home/orangepi/Desktop/SparkCar_ROS2_WS/SparkCar_Tools/install/sm_boost:/home/orangepi/Desktop/SparkCar_ROS2_WS/SparkCar_Tools/install/sm_common:/home/orangepi/Desktop/SparkCar_ROS2_WS/SparkCar_Tools/install/python_module:/home/orangepi/Desktop/SparkCar_ROS2_WS/SparkCar_Tools/install/numpy_eigen:/home/orangepi/Desktop/SparkCar_ROS2_WS/SparkCar_Tools/install/ethz_apriltag2:/home/orangepi/Desktop/SparkCar_ROS2_WS/SparkCar_Tools/install/aslam_time:/opt/ros/humble PATH=/home/orangepi/Desktop/SparkCar_ROS2_WS/SparkCar_Perception/install/camera_models/bin:/home/orangepi/.local/bin:/home/orangepi/.local/bin:/home/orangepi/.vscode-server/data/User/globalStorage/github.copilot-chat/debugCommand:/home/orangepi/.vscode-server/data/User/globalStorage/github.copilot-chat/copilotCli:/home/orangepi/.vscode-server/cli/servers/Stable-7e7950df89d055b5a378379db9ee14290772148a/server/bin/remote-cli:/home/orangepi/.local/bin:/home/orangepi/.local/bin:/home/orangepi/.local/bin:/home/orangepi/Desktop/SparkCar_ROS2_WS/SparkCar_Perception/install/global_fusion/bin:/opt/ros/humble/bin:/home/orangepi/.local/bin:/usr/local/sbin:/usr/local/bin:/usr/sbin:/usr/bin:/sbin:/bin:/usr/games:/usr/local/games:/snap/bin /usr/bin/cmake --build /home/orangepi/Desktop/SparkCar_ROS2_WS/SparkCar_Perception/build/loop_fusion -- -j8 -l8
[1.879s] DEBUG:colcon.colcon_core.event_handler.log_command:Invoking command in '/home/orangepi/Desktop/SparkCar_ROS2_WS/SparkCar_Perception/build/vins': CMAKE_PREFIX_PATH=/home/orangepi/Desktop/SparkCar_ROS2_WS/SparkCar_Perception/install/camera_models:/home/orangepi/Desktop/SparkCar_ROS2_WS/SparkCar_Perception/install/vision_to_mavros:/home/orangepi/Desktop/SparkCar_ROS2_WS/SparkCar_Perception/install/vins:/home/orangepi/Desktop/SparkCar_ROS2_WS/SparkCar_Perception/install/realsense2_description:/home/orangepi/Desktop/SparkCar_ROS2_WS/SparkCar_Perception/install/realsense2_camera:/home/orangepi/Desktop/SparkCar_ROS2_WS/SparkCar_Perception/install/realsense2_camera_msgs:/home/orangepi/Desktop/SparkCar_ROS2_WS/SparkCar_Perception/install/loop_fusion:/home/orangepi/Desktop/SparkCar_ROS2_WS/SparkCar_Perception/install/global_fusion:/home/orangepi/Desktop/SparkCar_ROS2_WS/SparkCar_Controller/install/target_follower:/home/orangepi/Desktop/SparkCar_ROS2_WS/SparkCar_Tools/install/kalibr:/home/orangepi/Desktop/SparkCar_ROS2_WS/SparkCar_Tools/install/incremental_calibration_python:/home/orangepi/Desktop/SparkCar_ROS2_WS/SparkCar_Tools/install/incremental_calibration:/home/orangepi/Desktop/SparkCar_ROS2_WS/SparkCar_Tools/install/aslam_splines_python:/home/orangepi/Desktop/SparkCar_ROS2_WS/SparkCar_Tools/install/bsplines_python:/home/orangepi/Desktop/SparkCar_ROS2_WS/SparkCar_Tools/install/aslam_cv_backend_python:/home/orangepi/Desktop/SparkCar_ROS2_WS/SparkCar_Tools/install/aslam_cv_python:/home/orangepi/Desktop/SparkCar_ROS2_WS/SparkCar_Tools/install/aslam_cv_error_terms:/home/orangepi/Desktop/SparkCar_ROS2_WS/SparkCar_Tools/install/aslam_cv_backend:/home/orangepi/Desktop/SparkCar_ROS2_WS/SparkCar_Tools/install/aslam_splines:/home/orangepi/Desktop/SparkCar_ROS2_WS/SparkCar_Tools/install/bsplines:/home/orangepi/Desktop/SparkCar_ROS2_WS/SparkCar_Tools/install/aslam_backend_python:/home/orangepi/Desktop/SparkCar_ROS2_WS/SparkCar_Tools/install/aslam_backend_expressions:/home/orangepi/Desktop/SparkCar_ROS2_WS/SparkCar_Tools/install/aslam_backend:/home/orangepi/Desktop/SparkCar_ROS2_WS/SparkCar_Tools/install/sparse_block_matrix:/home/orangepi/Desktop/SparkCar_ROS2_WS/SparkCar_Tools/install/aslam_cameras_april:/home/orangepi/Desktop/SparkCar_ROS2_WS/SparkCar_Tools/install/sm_python:/home/orangepi/Desktop/SparkCar_ROS2_WS/SparkCar_Tools/install/sm_timing:/home/orangepi/Desktop/SparkCar_ROS2_WS/SparkCar_Tools/install/aslam_imgproc:/home/orangepi/Desktop/SparkCar_ROS2_WS/SparkCar_Tools/install/aslam_cv_serialization:/home/orangepi/Desktop/SparkCar_ROS2_WS/SparkCar_Tools/install/aslam_cameras:/home/orangepi/Desktop/SparkCar_ROS2_WS/SparkCar_Tools/install/sm_kinematics:/home/orangepi/Desktop/SparkCar_ROS2_WS/SparkCar_Tools/install/sm_eigen:/home/orangepi/Desktop/SparkCar_ROS2_WS/SparkCar_Tools/install/sm_random:/home/orangepi/Desktop/SparkCar_ROS2_WS/SparkCar_Tools/install/sm_property_tree:/home/orangepi/Desktop/SparkCar_ROS2_WS/SparkCar_Tools/install/sm_opencv:/home/orangepi/Desktop/SparkCar_ROS2_WS/SparkCar_Tools/install/sm_matrix_archive:/home/orangepi/Desktop/SparkCar_ROS2_WS/SparkCar_Tools/install/sm_logging:/home/orangepi/Desktop/SparkCar_ROS2_WS/SparkCar_Tools/install/sm_boost:/home/orangepi/Desktop/SparkCar_ROS2_WS/SparkCar_Tools/install/sm_common:/home/orangepi/Desktop/SparkCar_ROS2_WS/SparkCar_Tools/install/python_module:/home/orangepi/Desktop/SparkCar_ROS2_WS/SparkCar_Tools/install/numpy_eigen:/home/orangepi/Desktop/SparkCar_ROS2_WS/SparkCar_Tools/install/ethz_apriltag2:/home/orangepi/Desktop/SparkCar_ROS2_WS/SparkCar_Tools/install/aslam_time:/opt/ros/humble PATH=/home/orangepi/Desktop/SparkCar_ROS2_WS/SparkCar_Perception/install/camera_models/bin:/home/orangepi/.local/bin:/home/orangepi/.local/bin:/home/orangepi/.vscode-server/data/User/globalStorage/github.copilot-chat/debugCommand:/home/orangepi/.vscode-server/data/User/globalStorage/github.copilot-chat/copilotCli:/home/orangepi/.vscode-server/cli/servers/Stable-7e7950df89d055b5a378379db9ee14290772148a/server/bin/remote-cli:/home/orangepi/.local/bin:/home/orangepi/.local/bin:/home/orangepi/.local/bin:/home/orangepi/Desktop/SparkCar_ROS2_WS/SparkCar_Perception/install/global_fusion/bin:/opt/ros/humble/bin:/home/orangepi/.local/bin:/usr/local/sbin:/usr/local/bin:/usr/sbin:/usr/bin:/sbin:/bin:/usr/games:/usr/local/games:/snap/bin /usr/bin/cmake --build /home/orangepi/Desktop/SparkCar_ROS2_WS/SparkCar_Perception/build/vins -- -j8 -l8
[2.031s] DEBUG:colcon.colcon_core.event_handler.log_command:Invoked command in '/home/orangepi/Desktop/SparkCar_ROS2_WS/SparkCar_Perception/build/realsense2_camera_msgs' returned '0': CMAKE_PREFIX_PATH=${CMAKE_PREFIX_PATH}:/opt/ros/humble /usr/bin/cmake --build /home/orangepi/Desktop/SparkCar_ROS2_WS/SparkCar_Perception/build/realsense2_camera_msgs -- -j8 -l8
[2.038s] DEBUG:colcon.colcon_core.event_handler.log_command:Invoking command in '/home/orangepi/Desktop/SparkCar_ROS2_WS/SparkCar_Perception/build/realsense2_camera_msgs': CMAKE_PREFIX_PATH=${CMAKE_PREFIX_PATH}:/opt/ros/humble /usr/bin/cmake --install /home/orangepi/Desktop/SparkCar_ROS2_WS/SparkCar_Perception/build/realsense2_camera_msgs
[2.140s] DEBUG:colcon.colcon_core.event_handler.log_command:Invoked command in '/home/orangepi/Desktop/SparkCar_ROS2_WS/SparkCar_Perception/build/loop_fusion' returned '0': CMAKE_PREFIX_PATH=/home/orangepi/Desktop/SparkCar_ROS2_WS/SparkCar_Perception/install/camera_models:/home/orangepi/Desktop/SparkCar_ROS2_WS/SparkCar_Perception/install/vision_to_mavros:/home/orangepi/Desktop/SparkCar_ROS2_WS/SparkCar_Perception/install/vins:/home/orangepi/Desktop/SparkCar_ROS2_WS/SparkCar_Perception/install/realsense2_description:/home/orangepi/Desktop/SparkCar_ROS2_WS/SparkCar_Perception/install/realsense2_camera:/home/orangepi/Desktop/SparkCar_ROS2_WS/SparkCar_Perception/install/realsense2_camera_msgs:/home/orangepi/Desktop/SparkCar_ROS2_WS/SparkCar_Perception/install/loop_fusion:/home/orangepi/Desktop/SparkCar_ROS2_WS/SparkCar_Perception/install/global_fusion:/home/orangepi/Desktop/SparkCar_ROS2_WS/SparkCar_Controller/install/target_follower:/home/orangepi/Desktop/SparkCar_ROS2_WS/SparkCar_Tools/install/kalibr:/home/orangepi/Desktop/SparkCar_ROS2_WS/SparkCar_Tools/install/incremental_calibration_python:/home/orangepi/Desktop/SparkCar_ROS2_WS/SparkCar_Tools/install/incremental_calibration:/home/orangepi/Desktop/SparkCar_ROS2_WS/SparkCar_Tools/install/aslam_splines_python:/home/orangepi/Desktop/SparkCar_ROS2_WS/SparkCar_Tools/install/bsplines_python:/home/orangepi/Desktop/SparkCar_ROS2_WS/SparkCar_Tools/install/aslam_cv_backend_python:/home/orangepi/Desktop/SparkCar_ROS2_WS/SparkCar_Tools/install/aslam_cv_python:/home/orangepi/Desktop/SparkCar_ROS2_WS/SparkCar_Tools/install/aslam_cv_error_terms:/home/orangepi/Desktop/SparkCar_ROS2_WS/SparkCar_Tools/install/aslam_cv_backend:/home/orangepi/Desktop/SparkCar_ROS2_WS/SparkCar_Tools/install/aslam_splines:/home/orangepi/Desktop/SparkCar_ROS2_WS/SparkCar_Tools/install/bsplines:/home/orangepi/Desktop/SparkCar_ROS2_WS/SparkCar_Tools/install/aslam_backend_python:/home/orangepi/Desktop/SparkCar_ROS2_WS/SparkCar_Tools/install/aslam_backend_expressions:/home/orangepi/Desktop/SparkCar_ROS2_WS/SparkCar_Tools/install/aslam_backend:/home/orangepi/Desktop/SparkCar_ROS2_WS/SparkCar_Tools/install/sparse_block_matrix:/home/orangepi/Desktop/SparkCar_ROS2_WS/SparkCar_Tools/install/aslam_cameras_april:/home/orangepi/Desktop/SparkCar_ROS2_WS/SparkCar_Tools/install/sm_python:/home/orangepi/Desktop/SparkCar_ROS2_WS/SparkCar_Tools/install/sm_timing:/home/orangepi/Desktop/SparkCar_ROS2_WS/SparkCar_Tools/install/aslam_imgproc:/home/orangepi/Desktop/SparkCar_ROS2_WS/SparkCar_Tools/install/aslam_cv_serialization:/home/orangepi/Desktop/SparkCar_ROS2_WS/SparkCar_Tools/install/aslam_cameras:/home/orangepi/Desktop/SparkCar_ROS2_WS/SparkCar_Tools/install/sm_kinematics:/home/orangepi/Desktop/SparkCar_ROS2_WS/SparkCar_Tools/install/sm_eigen:/home/orangepi/Desktop/SparkCar_ROS2_WS/SparkCar_Tools/install/sm_random:/home/orangepi/Desktop/SparkCar_ROS2_WS/SparkCar_Tools/install/sm_property_tree:/home/orangepi/Desktop/SparkCar_ROS2_WS/SparkCar_Tools/install/sm_opencv:/home/orangepi/Desktop/SparkCar_ROS2_WS/SparkCar_Tools/install/sm_matrix_archive:/home/orangepi/Desktop/SparkCar_ROS2_WS/SparkCar_Tools/install/sm_logging:/home/orangepi/Desktop/SparkCar_ROS2_WS/SparkCar_Tools/install/sm_boost:/home/orangepi/Desktop/SparkCar_ROS2_WS/SparkCar_Tools/install/sm_common:/home/orangepi/Desktop/SparkCar_ROS2_WS/SparkCar_Tools/install/python_module:/home/orangepi/Desktop/SparkCar_ROS2_WS/SparkCar_Tools/install/numpy_eigen:/home/orangepi/Desktop/SparkCar_ROS2_WS/SparkCar_Tools/install/ethz_apriltag2:/home/orangepi/Desktop/SparkCar_ROS2_WS/SparkCar_Tools/install/aslam_time:/opt/ros/humble PATH=/home/orangepi/Desktop/SparkCar_ROS2_WS/SparkCar_Perception/install/camera_models/bin:/home/orangepi/.local/bin:/home/orangepi/.local/bin:/home/orangepi/.vscode-server/data/User/globalStorage/github.copilot-chat/debugCommand:/home/orangepi/.vscode-server/data/User/globalStorage/github.copilot-chat/copilotCli:/home/orangepi/.vscode-server/cli/servers/Stable-7e7950df89d055b5a378379db9ee14290772148a/server/bin/remote-cli:/home/orangepi/.local/bin:/home/orangepi/.local/bin:/home/orangepi/.local/bin:/home/orangepi/Desktop/SparkCar_ROS2_WS/SparkCar_Perception/install/global_fusion/bin:/opt/ros/humble/bin:/home/orangepi/.local/bin:/usr/local/sbin:/usr/local/bin:/usr/sbin:/usr/bin:/sbin:/bin:/usr/games:/usr/local/games:/snap/bin /usr/bin/cmake --build /home/orangepi/Desktop/SparkCar_ROS2_WS/SparkCar_Perception/build/loop_fusion -- -j8 -l8
[2.141s] DEBUG:colcon.colcon_core.event_handler.log_command:Invoking command in '/home/orangepi/Desktop/SparkCar_ROS2_WS/SparkCar_Perception/build/loop_fusion': CMAKE_PREFIX_PATH=/home/orangepi/Desktop/SparkCar_ROS2_WS/SparkCar_Perception/install/camera_models:/home/orangepi/Desktop/SparkCar_ROS2_WS/SparkCar_Perception/install/vision_to_mavros:/home/orangepi/Desktop/SparkCar_ROS2_WS/SparkCar_Perception/install/vins:/home/orangepi/Desktop/SparkCar_ROS2_WS/SparkCar_Perception/install/realsense2_description:/home/orangepi/Desktop/SparkCar_ROS2_WS/SparkCar_Perception/install/realsense2_camera:/home/orangepi/Desktop/SparkCar_ROS2_WS/SparkCar_Perception/install/realsense2_camera_msgs:/home/orangepi/Desktop/SparkCar_ROS2_WS/SparkCar_Perception/install/loop_fusion:/home/orangepi/Desktop/SparkCar_ROS2_WS/SparkCar_Perception/install/global_fusion:/home/orangepi/Desktop/SparkCar_ROS2_WS/SparkCar_Controller/install/target_follower:/home/orangepi/Desktop/SparkCar_ROS2_WS/SparkCar_Tools/install/kalibr:/home/orangepi/Desktop/SparkCar_ROS2_WS/SparkCar_Tools/install/incremental_calibration_python:/home/orangepi/Desktop/SparkCar_ROS2_WS/SparkCar_Tools/install/incremental_calibration:/home/orangepi/Desktop/SparkCar_ROS2_WS/SparkCar_Tools/install/aslam_splines_python:/home/orangepi/Desktop/SparkCar_ROS2_WS/SparkCar_Tools/install/bsplines_python:/home/orangepi/Desktop/SparkCar_ROS2_WS/SparkCar_Tools/install/aslam_cv_backend_python:/home/orangepi/Desktop/SparkCar_ROS2_WS/SparkCar_Tools/install/aslam_cv_python:/home/orangepi/Desktop/SparkCar_ROS2_WS/SparkCar_Tools/install/aslam_cv_error_terms:/home/orangepi/Desktop/SparkCar_ROS2_WS/SparkCar_Tools/install/aslam_cv_backend:/home/orangepi/Desktop/SparkCar_ROS2_WS/SparkCar_Tools/install/aslam_splines:/home/orangepi/Desktop/SparkCar_ROS2_WS/SparkCar_Tools/install/bsplines:/home/orangepi/Desktop/SparkCar_ROS2_WS/SparkCar_Tools/install/aslam_backend_python:/home/orangepi/Desktop/SparkCar_ROS2_WS/SparkCar_Tools/install/aslam_backend_expressions:/home/orangepi/Desktop/SparkCar_ROS2_WS/SparkCar_Tools/install/aslam_backend:/home/orangepi/Desktop/SparkCar_ROS2_WS/SparkCar_Tools/install/sparse_block_matrix:/home/orangepi/Desktop/SparkCar_ROS2_WS/SparkCar_Tools/install/aslam_cameras_april:/home/orangepi/Desktop/SparkCar_ROS2_WS/SparkCar_Tools/install/sm_python:/home/orangepi/Desktop/SparkCar_ROS2_WS/SparkCar_Tools/install/sm_timing:/home/orangepi/Desktop/SparkCar_ROS2_WS/SparkCar_Tools/install/aslam_imgproc:/home/orangepi/Desktop/SparkCar_ROS2_WS/SparkCar_Tools/install/aslam_cv_serialization:/home/orangepi/Desktop/SparkCar_ROS2_WS/SparkCar_Tools/install/aslam_cameras:/home/orangepi/Desktop/SparkCar_ROS2_WS/SparkCar_Tools/install/sm_kinematics:/home/orangepi/Desktop/SparkCar_ROS2_WS/SparkCar_Tools/install/sm_eigen:/home/orangepi/Desktop/SparkCar_ROS2_WS/SparkCar_Tools/install/sm_random:/home/orangepi/Desktop/SparkCar_ROS2_WS/SparkCar_Tools/install/sm_property_tree:/home/orangepi/Desktop/SparkCar_ROS2_WS/SparkCar_Tools/install/sm_opencv:/home/orangepi/Desktop/SparkCar_ROS2_WS/SparkCar_Tools/install/sm_matrix_archive:/home/orangepi/Desktop/SparkCar_ROS2_WS/SparkCar_Tools/install/sm_logging:/home/orangepi/Desktop/SparkCar_ROS2_WS/SparkCar_Tools/install/sm_boost:/home/orangepi/Desktop/SparkCar_ROS2_WS/SparkCar_Tools/install/sm_common:/home/orangepi/Desktop/SparkCar_ROS2_WS/SparkCar_Tools/install/python_module:/home/orangepi/Desktop/SparkCar_ROS2_WS/SparkCar_Tools/install/numpy_eigen:/home/orangepi/Desktop/SparkCar_ROS2_WS/SparkCar_Tools/install/ethz_apriltag2:/home/orangepi/Desktop/SparkCar_ROS2_WS/SparkCar_Tools/install/aslam_time:/opt/ros/humble PATH=/home/orangepi/Desktop/SparkCar_ROS2_WS/SparkCar_Perception/install/camera_models/bin:/home/orangepi/.local/bin:/home/orangepi/.local/bin:/home/orangepi/.vscode-server/data/User/globalStorage/github.copilot-chat/debugCommand:/home/orangepi/.vscode-server/data/User/globalStorage/github.copilot-chat/copilotCli:/home/orangepi/.vscode-server/cli/servers/Stable-7e7950df89d055b5a378379db9ee14290772148a/server/bin/remote-cli:/home/orangepi/.local/bin:/home/orangepi/.local/bin:/home/orangepi/.local/bin:/home/orangepi/Desktop/SparkCar_ROS2_WS/SparkCar_Perception/install/global_fusion/bin:/opt/ros/humble/bin:/home/orangepi/.local/bin:/usr/local/sbin:/usr/local/bin:/usr/sbin:/usr/bin:/sbin:/bin:/usr/games:/usr/local/games:/snap/bin /usr/bin/cmake --install /home/orangepi/Desktop/SparkCar_ROS2_WS/SparkCar_Perception/build/loop_fusion
[2.159s] Level 1:colcon.colcon_core.environment:create_environment_scripts_only(loop_fusion)
[2.161s] Level 1:colcon.colcon_core.environment:checking '/home/orangepi/Desktop/SparkCar_ROS2_WS/SparkCar_Perception/install/loop_fusion' for CMake module files
[2.163s] DEBUG:colcon.colcon_core.event_handler.log_command:Invoked command in '/home/orangepi/Desktop/SparkCar_ROS2_WS/SparkCar_Perception/build/loop_fusion' returned '0': CMAKE_PREFIX_PATH=/home/orangepi/Desktop/SparkCar_ROS2_WS/SparkCar_Perception/install/camera_models:/home/orangepi/Desktop/SparkCar_ROS2_WS/SparkCar_Perception/install/vision_to_mavros:/home/orangepi/Desktop/SparkCar_ROS2_WS/SparkCar_Perception/install/vins:/home/orangepi/Desktop/SparkCar_ROS2_WS/SparkCar_Perception/install/realsense2_description:/home/orangepi/Desktop/SparkCar_ROS2_WS/SparkCar_Perception/install/realsense2_camera:/home/orangepi/Desktop/SparkCar_ROS2_WS/SparkCar_Perception/install/realsense2_camera_msgs:/home/orangepi/Desktop/SparkCar_ROS2_WS/SparkCar_Perception/install/loop_fusion:/home/orangepi/Desktop/SparkCar_ROS2_WS/SparkCar_Perception/install/global_fusion:/home/orangepi/Desktop/SparkCar_ROS2_WS/SparkCar_Controller/install/target_follower:/home/orangepi/Desktop/SparkCar_ROS2_WS/SparkCar_Tools/install/kalibr:/home/orangepi/Desktop/SparkCar_ROS2_WS/SparkCar_Tools/install/incremental_calibration_python:/home/orangepi/Desktop/SparkCar_ROS2_WS/SparkCar_Tools/install/incremental_calibration:/home/orangepi/Desktop/SparkCar_ROS2_WS/SparkCar_Tools/install/aslam_splines_python:/home/orangepi/Desktop/SparkCar_ROS2_WS/SparkCar_Tools/install/bsplines_python:/home/orangepi/Desktop/SparkCar_ROS2_WS/SparkCar_Tools/install/aslam_cv_backend_python:/home/orangepi/Desktop/SparkCar_ROS2_WS/SparkCar_Tools/install/aslam_cv_python:/home/orangepi/Desktop/SparkCar_ROS2_WS/SparkCar_Tools/install/aslam_cv_error_terms:/home/orangepi/Desktop/SparkCar_ROS2_WS/SparkCar_Tools/install/aslam_cv_backend:/home/orangepi/Desktop/SparkCar_ROS2_WS/SparkCar_Tools/install/aslam_splines:/home/orangepi/Desktop/SparkCar_ROS2_WS/SparkCar_Tools/install/bsplines:/home/orangepi/Desktop/SparkCar_ROS2_WS/SparkCar_Tools/install/aslam_backend_python:/home/orangepi/Desktop/SparkCar_ROS2_WS/SparkCar_Tools/install/aslam_backend_expressions:/home/orangepi/Desktop/SparkCar_ROS2_WS/SparkCar_Tools/install/aslam_backend:/home/orangepi/Desktop/SparkCar_ROS2_WS/SparkCar_Tools/install/sparse_block_matrix:/home/orangepi/Desktop/SparkCar_ROS2_WS/SparkCar_Tools/install/aslam_cameras_april:/home/orangepi/Desktop/SparkCar_ROS2_WS/SparkCar_Tools/install/sm_python:/home/orangepi/Desktop/SparkCar_ROS2_WS/SparkCar_Tools/install/sm_timing:/home/orangepi/Desktop/SparkCar_ROS2_WS/SparkCar_Tools/install/aslam_imgproc:/home/orangepi/Desktop/SparkCar_ROS2_WS/SparkCar_Tools/install/aslam_cv_serialization:/home/orangepi/Desktop/SparkCar_ROS2_WS/SparkCar_Tools/install/aslam_cameras:/home/orangepi/Desktop/SparkCar_ROS2_WS/SparkCar_Tools/install/sm_kinematics:/home/orangepi/Desktop/SparkCar_ROS2_WS/SparkCar_Tools/install/sm_eigen:/home/orangepi/Desktop/SparkCar_ROS2_WS/SparkCar_Tools/install/sm_random:/home/orangepi/Desktop/SparkCar_ROS2_WS/SparkCar_Tools/install/sm_property_tree:/home/orangepi/Desktop/SparkCar_ROS2_WS/SparkCar_Tools/install/sm_opencv:/home/orangepi/Desktop/SparkCar_ROS2_WS/SparkCar_Tools/install/sm_matrix_archive:/home/orangepi/Desktop/SparkCar_ROS2_WS/SparkCar_Tools/install/sm_logging:/home/orangepi/Desktop/SparkCar_ROS2_WS/SparkCar_Tools/install/sm_boost:/home/orangepi/Desktop/SparkCar_ROS2_WS/SparkCar_Tools/install/sm_common:/home/orangepi/Desktop/SparkCar_ROS2_WS/SparkCar_Tools/install/python_module:/home/orangepi/Desktop/SparkCar_ROS2_WS/SparkCar_Tools/install/numpy_eigen:/home/orangepi/Desktop/SparkCar_ROS2_WS/SparkCar_Tools/install/ethz_apriltag2:/home/orangepi/Desktop/SparkCar_ROS2_WS/SparkCar_Tools/install/aslam_time:/opt/ros/humble PATH=/home/orangepi/Desktop/SparkCar_ROS2_WS/SparkCar_Perception/install/camera_models/bin:/home/orangepi/.local/bin:/home/orangepi/.local/bin:/home/orangepi/.vscode-server/data/User/globalStorage/github.copilot-chat/debugCommand:/home/orangepi/.vscode-server/data/User/globalStorage/github.copilot-chat/copilotCli:/home/orangepi/.vscode-server/cli/servers/Stable-7e7950df89d055b5a378379db9ee14290772148a/server/bin/remote-cli:/home/orangepi/.local/bin:/home/orangepi/.local/bin:/home/orangepi/.local/bin:/home/orangepi/Desktop/SparkCar_ROS2_WS/SparkCar_Perception/install/global_fusion/bin:/opt/ros/humble/bin:/home/orangepi/.local/bin:/usr/local/sbin:/usr/local/bin:/usr/sbin:/usr/bin:/sbin:/bin:/usr/games:/usr/local/games:/snap/bin /usr/bin/cmake --install /home/orangepi/Desktop/SparkCar_ROS2_WS/SparkCar_Perception/build/loop_fusion
[2.165s] Level 1:colcon.colcon_core.environment:checking '/home/orangepi/Desktop/SparkCar_ROS2_WS/SparkCar_Perception/install/loop_fusion' for CMake config files
[2.166s] Level 1:colcon.colcon_core.shell:create_environment_hook('loop_fusion', 'cmake_prefix_path')
[2.168s] INFO:colcon.colcon_core.shell:Creating environment hook '/home/orangepi/Desktop/SparkCar_ROS2_WS/SparkCar_Perception/install/loop_fusion/share/loop_fusion/hook/cmake_prefix_path.ps1'
[2.171s] INFO:colcon.colcon_core.shell:Creating environment descriptor '/home/orangepi/Desktop/SparkCar_ROS2_WS/SparkCar_Perception/install/loop_fusion/share/loop_fusion/hook/cmake_prefix_path.dsv'
[2.173s] INFO:colcon.colcon_core.shell:Creating environment hook '/home/orangepi/Desktop/SparkCar_ROS2_WS/SparkCar_Perception/install/loop_fusion/share/loop_fusion/hook/cmake_prefix_path.sh'
[2.176s] Level 1:colcon.colcon_core.environment:checking '/home/orangepi/Desktop/SparkCar_ROS2_WS/SparkCar_Perception/install/loop_fusion/lib'
[2.177s] Level 1:colcon.colcon_core.environment:checking '/home/orangepi/Desktop/SparkCar_ROS2_WS/SparkCar_Perception/install/loop_fusion/bin'
[2.177s] Level 1:colcon.colcon_core.environment:checking '/home/orangepi/Desktop/SparkCar_ROS2_WS/SparkCar_Perception/install/loop_fusion/lib/pkgconfig/loop_fusion.pc'
[2.178s] Level 1:colcon.colcon_core.environment:checking '/home/orangepi/Desktop/SparkCar_ROS2_WS/SparkCar_Perception/install/loop_fusion/lib/python3.10/site-packages'
[2.180s] Level 1:colcon.colcon_core.environment:checking '/home/orangepi/Desktop/SparkCar_ROS2_WS/SparkCar_Perception/install/loop_fusion/bin'
[2.183s] INFO:colcon.colcon_core.shell:Creating package script '/home/orangepi/Desktop/SparkCar_ROS2_WS/SparkCar_Perception/install/loop_fusion/share/loop_fusion/package.ps1'
[2.188s] INFO:colcon.colcon_core.shell:Creating package descriptor '/home/orangepi/Desktop/SparkCar_ROS2_WS/SparkCar_Perception/install/loop_fusion/share/loop_fusion/package.dsv'
[2.191s] INFO:colcon.colcon_core.shell:Creating package script '/home/orangepi/Desktop/SparkCar_ROS2_WS/SparkCar_Perception/install/loop_fusion/share/loop_fusion/package.sh'
[2.194s] INFO:colcon.colcon_core.shell:Creating package script '/home/orangepi/Desktop/SparkCar_ROS2_WS/SparkCar_Perception/install/loop_fusion/share/loop_fusion/package.bash'
[2.198s] INFO:colcon.colcon_core.shell:Creating package script '/home/orangepi/Desktop/SparkCar_ROS2_WS/SparkCar_Perception/install/loop_fusion/share/loop_fusion/package.zsh'
[2.203s] Level 1:colcon.colcon_core.environment:create_file_with_runtime_dependencies(/home/orangepi/Desktop/SparkCar_ROS2_WS/SparkCar_Perception/install/loop_fusion/share/colcon-core/packages/loop_fusion)
[2.209s] Level 1:colcon.colcon_core.environment:create_environment_scripts_only(loop_fusion)
[2.211s] Level 1:colcon.colcon_core.environment:checking '/home/orangepi/Desktop/SparkCar_ROS2_WS/SparkCar_Perception/install/loop_fusion' for CMake module files
[2.214s] Level 1:colcon.colcon_core.environment:checking '/home/orangepi/Desktop/SparkCar_ROS2_WS/SparkCar_Perception/install/loop_fusion' for CMake config files
[2.215s] Level 1:colcon.colcon_core.shell:create_environment_hook('loop_fusion', 'cmake_prefix_path')
[2.216s] INFO:colcon.colcon_core.shell:Creating environment hook '/home/orangepi/Desktop/SparkCar_ROS2_WS/SparkCar_Perception/install/loop_fusion/share/loop_fusion/hook/cmake_prefix_path.ps1'
[2.218s] INFO:colcon.colcon_core.shell:Creating environment descriptor '/home/orangepi/Desktop/SparkCar_ROS2_WS/SparkCar_Perception/install/loop_fusion/share/loop_fusion/hook/cmake_prefix_path.dsv'
[2.220s] INFO:colcon.colcon_core.shell:Creating environment hook '/home/orangepi/Desktop/SparkCar_ROS2_WS/SparkCar_Perception/install/loop_fusion/share/loop_fusion/hook/cmake_prefix_path.sh'
[2.222s] Level 1:colcon.colcon_core.environment:checking '/home/orangepi/Desktop/SparkCar_ROS2_WS/SparkCar_Perception/install/loop_fusion/lib'
[2.223s] Level 1:colcon.colcon_core.environment:checking '/home/orangepi/Desktop/SparkCar_ROS2_WS/SparkCar_Perception/install/loop_fusion/bin'
[2.223s] Level 1:colcon.colcon_core.environment:checking '/home/orangepi/Desktop/SparkCar_ROS2_WS/SparkCar_Perception/install/loop_fusion/lib/pkgconfig/loop_fusion.pc'
[2.224s] Level 1:colcon.colcon_core.environment:checking '/home/orangepi/Desktop/SparkCar_ROS2_WS/SparkCar_Perception/install/loop_fusion/lib/python3.10/site-packages'
[2.225s] Level 1:colcon.colcon_core.environment:checking '/home/orangepi/Desktop/SparkCar_ROS2_WS/SparkCar_Perception/install/loop_fusion/bin'
[2.225s] INFO:colcon.colcon_core.shell:Creating package script '/home/orangepi/Desktop/SparkCar_ROS2_WS/SparkCar_Perception/install/loop_fusion/share/loop_fusion/package.ps1'
[2.227s] INFO:colcon.colcon_core.shell:Creating package descriptor '/home/orangepi/Desktop/SparkCar_ROS2_WS/SparkCar_Perception/install/loop_fusion/share/loop_fusion/package.dsv'
[2.230s] INFO:colcon.colcon_core.shell:Creating package script '/home/orangepi/Desktop/SparkCar_ROS2_WS/SparkCar_Perception/install/loop_fusion/share/loop_fusion/package.sh'
[2.231s] INFO:colcon.colcon_core.shell:Creating package script '/home/orangepi/Desktop/SparkCar_ROS2_WS/SparkCar_Perception/install/loop_fusion/share/loop_fusion/package.bash'
[2.233s] INFO:colcon.colcon_core.shell:Creating package script '/home/orangepi/Desktop/SparkCar_ROS2_WS/SparkCar_Perception/install/loop_fusion/share/loop_fusion/package.zsh'
[2.234s] Level 1:colcon.colcon_core.environment:create_file_with_runtime_dependencies(/home/orangepi/Desktop/SparkCar_ROS2_WS/SparkCar_Perception/install/loop_fusion/share/colcon-core/packages/loop_fusion)
[2.236s] Level 1:colcon.colcon_core.environment:create_environment_scripts_only(realsense2_camera_msgs)
[2.237s] Level 1:colcon.colcon_core.environment:checking '/home/orangepi/Desktop/SparkCar_ROS2_WS/SparkCar_Perception/install/realsense2_camera_msgs' for CMake module files
[2.239s] Level 1:colcon.colcon_core.environment:checking '/home/orangepi/Desktop/SparkCar_ROS2_WS/SparkCar_Perception/install/realsense2_camera_msgs' for CMake config files
[2.257s] DEBUG:colcon.colcon_core.event_handler.log_command:Invoked command in '/home/orangepi/Desktop/SparkCar_ROS2_WS/SparkCar_Perception/build/realsense2_camera_msgs' returned '0': CMAKE_PREFIX_PATH=${CMAKE_PREFIX_PATH}:/opt/ros/humble /usr/bin/cmake --install /home/orangepi/Desktop/SparkCar_ROS2_WS/SparkCar_Perception/build/realsense2_camera_msgs
[2.258s] Level 1:colcon.colcon_core.shell:create_environment_hook('realsense2_camera_msgs', 'cmake_prefix_path')
[2.259s] INFO:colcon.colcon_core.shell:Creating environment hook '/home/orangepi/Desktop/SparkCar_ROS2_WS/SparkCar_Perception/install/realsense2_camera_msgs/share/realsense2_camera_msgs/hook/cmake_prefix_path.ps1'
[2.261s] INFO:colcon.colcon_core.shell:Creating environment descriptor '/home/orangepi/Desktop/SparkCar_ROS2_WS/SparkCar_Perception/install/realsense2_camera_msgs/share/realsense2_camera_msgs/hook/cmake_prefix_path.dsv'
[2.263s] INFO:colcon.colcon_core.shell:Creating environment hook '/home/orangepi/Desktop/SparkCar_ROS2_WS/SparkCar_Perception/install/realsense2_camera_msgs/share/realsense2_camera_msgs/hook/cmake_prefix_path.sh'
[2.266s] Level 1:colcon.colcon_core.environment:checking '/home/orangepi/Desktop/SparkCar_ROS2_WS/SparkCar_Perception/install/realsense2_camera_msgs/lib'
[2.267s] Level 1:colcon.colcon_core.shell:create_environment_hook('realsense2_camera_msgs', 'ld_library_path_lib')
[2.268s] INFO:colcon.colcon_core.shell:Creating environment hook '/home/orangepi/Desktop/SparkCar_ROS2_WS/SparkCar_Perception/install/realsense2_camera_msgs/share/realsense2_camera_msgs/hook/ld_library_path_lib.ps1'
[2.271s] INFO:colcon.colcon_core.shell:Creating environment descriptor '/home/orangepi/Desktop/SparkCar_ROS2_WS/SparkCar_Perception/install/realsense2_camera_msgs/share/realsense2_camera_msgs/hook/ld_library_path_lib.dsv'
[2.273s] INFO:colcon.colcon_core.shell:Creating environment hook '/home/orangepi/Desktop/SparkCar_ROS2_WS/SparkCar_Perception/install/realsense2_camera_msgs/share/realsense2_camera_msgs/hook/ld_library_path_lib.sh'
[2.275s] Level 1:colcon.colcon_core.environment:checking '/home/orangepi/Desktop/SparkCar_ROS2_WS/SparkCar_Perception/install/realsense2_camera_msgs/bin'
[2.275s] Level 1:colcon.colcon_core.environment:checking '/home/orangepi/Desktop/SparkCar_ROS2_WS/SparkCar_Perception/install/realsense2_camera_msgs/lib/pkgconfig/realsense2_camera_msgs.pc'
[2.277s] Level 1:colcon.colcon_core.environment:checking '/home/orangepi/Desktop/SparkCar_ROS2_WS/SparkCar_Perception/install/realsense2_camera_msgs/lib/python3.10/site-packages'
[2.279s] Level 1:colcon.colcon_core.environment:checking '/home/orangepi/Desktop/SparkCar_ROS2_WS/SparkCar_Perception/install/realsense2_camera_msgs/bin'
[2.281s] INFO:colcon.colcon_core.shell:Creating package script '/home/orangepi/Desktop/SparkCar_ROS2_WS/SparkCar_Perception/install/realsense2_camera_msgs/share/realsense2_camera_msgs/package.ps1'
[2.284s] INFO:colcon.colcon_core.shell:Creating package descriptor '/home/orangepi/Desktop/SparkCar_ROS2_WS/SparkCar_Perception/install/realsense2_camera_msgs/share/realsense2_camera_msgs/package.dsv'
[2.285s] INFO:colcon.colcon_core.shell:Creating package script '/home/orangepi/Desktop/SparkCar_ROS2_WS/SparkCar_Perception/install/realsense2_camera_msgs/share/realsense2_camera_msgs/package.sh'
[2.286s] INFO:colcon.colcon_core.shell:Creating package script '/home/orangepi/Desktop/SparkCar_ROS2_WS/SparkCar_Perception/install/realsense2_camera_msgs/share/realsense2_camera_msgs/package.bash'
[2.287s] INFO:colcon.colcon_core.shell:Creating package script '/home/orangepi/Desktop/SparkCar_ROS2_WS/SparkCar_Perception/install/realsense2_camera_msgs/share/realsense2_camera_msgs/package.zsh'
[2.288s] Level 1:colcon.colcon_core.environment:create_file_with_runtime_dependencies(/home/orangepi/Desktop/SparkCar_ROS2_WS/SparkCar_Perception/install/realsense2_camera_msgs/share/colcon-core/packages/realsense2_camera_msgs)
[2.289s] Level 1:colcon.colcon_core.environment:create_environment_scripts_only(realsense2_camera_msgs)
[2.290s] Level 1:colcon.colcon_core.environment:checking '/home/orangepi/Desktop/SparkCar_ROS2_WS/SparkCar_Perception/install/realsense2_camera_msgs' for CMake module files
[2.291s] Level 1:colcon.colcon_core.environment:checking '/home/orangepi/Desktop/SparkCar_ROS2_WS/SparkCar_Perception/install/realsense2_camera_msgs' for CMake config files
[2.292s] Level 1:colcon.colcon_core.shell:create_environment_hook('realsense2_camera_msgs', 'cmake_prefix_path')
[2.293s] INFO:colcon.colcon_core.shell:Creating environment hook '/home/orangepi/Desktop/SparkCar_ROS2_WS/SparkCar_Perception/install/realsense2_camera_msgs/share/realsense2_camera_msgs/hook/cmake_prefix_path.ps1'
[2.294s] INFO:colcon.colcon_core.shell:Creating environment descriptor '/home/orangepi/Desktop/SparkCar_ROS2_WS/SparkCar_Perception/install/realsense2_camera_msgs/share/realsense2_camera_msgs/hook/cmake_prefix_path.dsv'
[2.294s] INFO:colcon.colcon_core.shell:Creating environment hook '/home/orangepi/Desktop/SparkCar_ROS2_WS/SparkCar_Perception/install/realsense2_camera_msgs/share/realsense2_camera_msgs/hook/cmake_prefix_path.sh'
[2.295s] Level 1:colcon.colcon_core.environment:checking '/home/orangepi/Desktop/SparkCar_ROS2_WS/SparkCar_Perception/install/realsense2_camera_msgs/lib'
[2.296s] Level 1:colcon.colcon_core.shell:create_environment_hook('realsense2_camera_msgs', 'ld_library_path_lib')
[2.296s] INFO:colcon.colcon_core.shell:Creating environment hook '/home/orangepi/Desktop/SparkCar_ROS2_WS/SparkCar_Perception/install/realsense2_camera_msgs/share/realsense2_camera_msgs/hook/ld_library_path_lib.ps1'
[2.297s] INFO:colcon.colcon_core.shell:Creating environment descriptor '/home/orangepi/Desktop/SparkCar_ROS2_WS/SparkCar_Perception/install/realsense2_camera_msgs/share/realsense2_camera_msgs/hook/ld_library_path_lib.dsv'
[2.298s] INFO:colcon.colcon_core.shell:Creating environment hook '/home/orangepi/Desktop/SparkCar_ROS2_WS/SparkCar_Perception/install/realsense2_camera_msgs/share/realsense2_camera_msgs/hook/ld_library_path_lib.sh'
[2.299s] Level 1:colcon.colcon_core.environment:checking '/home/orangepi/Desktop/SparkCar_ROS2_WS/SparkCar_Perception/install/realsense2_camera_msgs/bin'
[2.299s] Level 1:colcon.colcon_core.environment:checking '/home/orangepi/Desktop/SparkCar_ROS2_WS/SparkCar_Perception/install/realsense2_camera_msgs/lib/pkgconfig/realsense2_camera_msgs.pc'
[2.300s] Level 1:colcon.colcon_core.environment:checking '/home/orangepi/Desktop/SparkCar_ROS2_WS/SparkCar_Perception/install/realsense2_camera_msgs/lib/python3.10/site-packages'
[2.301s] Level 1:colcon.colcon_core.environment:checking '/home/orangepi/Desktop/SparkCar_ROS2_WS/SparkCar_Perception/install/realsense2_camera_msgs/bin'
[2.301s] INFO:colcon.colcon_core.shell:Creating package script '/home/orangepi/Desktop/SparkCar_ROS2_WS/SparkCar_Perception/install/realsense2_camera_msgs/share/realsense2_camera_msgs/package.ps1'
[2.303s] INFO:colcon.colcon_core.shell:Creating package descriptor '/home/orangepi/Desktop/SparkCar_ROS2_WS/SparkCar_Perception/install/realsense2_camera_msgs/share/realsense2_camera_msgs/package.dsv'
[2.304s] INFO:colcon.colcon_core.shell:Creating package script '/home/orangepi/Desktop/SparkCar_ROS2_WS/SparkCar_Perception/install/realsense2_camera_msgs/share/realsense2_camera_msgs/package.sh'
[2.306s] INFO:colcon.colcon_core.shell:Creating package script '/home/orangepi/Desktop/SparkCar_ROS2_WS/SparkCar_Perception/install/realsense2_camera_msgs/share/realsense2_camera_msgs/package.bash'
[2.306s] INFO:colcon.colcon_core.shell:Creating package script '/home/orangepi/Desktop/SparkCar_ROS2_WS/SparkCar_Perception/install/realsense2_camera_msgs/share/realsense2_camera_msgs/package.zsh'
[2.307s] Level 1:colcon.colcon_core.environment:create_file_with_runtime_dependencies(/home/orangepi/Desktop/SparkCar_ROS2_WS/SparkCar_Perception/install/realsense2_camera_msgs/share/colcon-core/packages/realsense2_camera_msgs)
[2.309s] INFO:colcon.colcon_ros.task.ament_cmake.build:Building ROS package in '/home/orangepi/Desktop/SparkCar_ROS2_WS/SparkCar_Perception/src/realsense-ros/realsense2_camera' with build type 'ament_cmake'
[2.310s] INFO:colcon.colcon_cmake.task.cmake.build:Building CMake package in '/home/orangepi/Desktop/SparkCar_ROS2_WS/SparkCar_Perception/src/realsense-ros/realsense2_camera'
[2.310s] INFO:colcon.colcon_core.shell:Skip shell extension 'powershell' for command environment: Not usable outside of PowerShell
[2.311s] DEBUG:colcon.colcon_core.shell:Skip shell extension 'dsv' for command environment
[2.324s] INFO:colcon.colcon_ros.task.ament_cmake.build:Building ROS package in '/home/orangepi/Desktop/SparkCar_ROS2_WS/SparkCar_Perception/src/realsense-ros/realsense2_description' with build type 'ament_cmake'
[2.325s] INFO:colcon.colcon_cmake.task.cmake.build:Building CMake package in '/home/orangepi/Desktop/SparkCar_ROS2_WS/SparkCar_Perception/src/realsense-ros/realsense2_description'
[2.326s] INFO:colcon.colcon_core.shell:Skip shell extension 'powershell' for command environment: Not usable outside of PowerShell
[2.326s] DEBUG:colcon.colcon_core.shell:Skip shell extension 'dsv' for command environment
[2.341s] DEBUG:colcon.colcon_core.event_handler.log_command:Invoked command in '/home/orangepi/Desktop/SparkCar_ROS2_WS/SparkCar_Perception/build/vins' returned '0': CMAKE_PREFIX_PATH=/home/orangepi/Desktop/SparkCar_ROS2_WS/SparkCar_Perception/install/camera_models:/home/orangepi/Desktop/SparkCar_ROS2_WS/SparkCar_Perception/install/vision_to_mavros:/home/orangepi/Desktop/SparkCar_ROS2_WS/SparkCar_Perception/install/vins:/home/orangepi/Desktop/SparkCar_ROS2_WS/SparkCar_Perception/install/realsense2_description:/home/orangepi/Desktop/SparkCar_ROS2_WS/SparkCar_Perception/install/realsense2_camera:/home/orangepi/Desktop/SparkCar_ROS2_WS/SparkCar_Perception/install/realsense2_camera_msgs:/home/orangepi/Desktop/SparkCar_ROS2_WS/SparkCar_Perception/install/loop_fusion:/home/orangepi/Desktop/SparkCar_ROS2_WS/SparkCar_Perception/install/global_fusion:/home/orangepi/Desktop/SparkCar_ROS2_WS/SparkCar_Controller/install/target_follower:/home/orangepi/Desktop/SparkCar_ROS2_WS/SparkCar_Tools/install/kalibr:/home/orangepi/Desktop/SparkCar_ROS2_WS/SparkCar_Tools/install/incremental_calibration_python:/home/orangepi/Desktop/SparkCar_ROS2_WS/SparkCar_Tools/install/incremental_calibration:/home/orangepi/Desktop/SparkCar_ROS2_WS/SparkCar_Tools/install/aslam_splines_python:/home/orangepi/Desktop/SparkCar_ROS2_WS/SparkCar_Tools/install/bsplines_python:/home/orangepi/Desktop/SparkCar_ROS2_WS/SparkCar_Tools/install/aslam_cv_backend_python:/home/orangepi/Desktop/SparkCar_ROS2_WS/SparkCar_Tools/install/aslam_cv_python:/home/orangepi/Desktop/SparkCar_ROS2_WS/SparkCar_Tools/install/aslam_cv_error_terms:/home/orangepi/Desktop/SparkCar_ROS2_WS/SparkCar_Tools/install/aslam_cv_backend:/home/orangepi/Desktop/SparkCar_ROS2_WS/SparkCar_Tools/install/aslam_splines:/home/orangepi/Desktop/SparkCar_ROS2_WS/SparkCar_Tools/install/bsplines:/home/orangepi/Desktop/SparkCar_ROS2_WS/SparkCar_Tools/install/aslam_backend_python:/home/orangepi/Desktop/SparkCar_ROS2_WS/SparkCar_Tools/install/aslam_backend_expressions:/home/orangepi/Desktop/SparkCar_ROS2_WS/SparkCar_Tools/install/aslam_backend:/home/orangepi/Desktop/SparkCar_ROS2_WS/SparkCar_Tools/install/sparse_block_matrix:/home/orangepi/Desktop/SparkCar_ROS2_WS/SparkCar_Tools/install/aslam_cameras_april:/home/orangepi/Desktop/SparkCar_ROS2_WS/SparkCar_Tools/install/sm_python:/home/orangepi/Desktop/SparkCar_ROS2_WS/SparkCar_Tools/install/sm_timing:/home/orangepi/Desktop/SparkCar_ROS2_WS/SparkCar_Tools/install/aslam_imgproc:/home/orangepi/Desktop/SparkCar_ROS2_WS/SparkCar_Tools/install/aslam_cv_serialization:/home/orangepi/Desktop/SparkCar_ROS2_WS/SparkCar_Tools/install/aslam_cameras:/home/orangepi/Desktop/SparkCar_ROS2_WS/SparkCar_Tools/install/sm_kinematics:/home/orangepi/Desktop/SparkCar_ROS2_WS/SparkCar_Tools/install/sm_eigen:/home/orangepi/Desktop/SparkCar_ROS2_WS/SparkCar_Tools/install/sm_random:/home/orangepi/Desktop/SparkCar_ROS2_WS/SparkCar_Tools/install/sm_property_tree:/home/orangepi/Desktop/SparkCar_ROS2_WS/SparkCar_Tools/install/sm_opencv:/home/orangepi/Desktop/SparkCar_ROS2_WS/SparkCar_Tools/install/sm_matrix_archive:/home/orangepi/Desktop/SparkCar_ROS2_WS/SparkCar_Tools/install/sm_logging:/home/orangepi/Desktop/SparkCar_ROS2_WS/SparkCar_Tools/install/sm_boost:/home/orangepi/Desktop/SparkCar_ROS2_WS/SparkCar_Tools/install/sm_common:/home/orangepi/Desktop/SparkCar_ROS2_WS/SparkCar_Tools/install/python_module:/home/orangepi/Desktop/SparkCar_ROS2_WS/SparkCar_Tools/install/numpy_eigen:/home/orangepi/Desktop/SparkCar_ROS2_WS/SparkCar_Tools/install/ethz_apriltag2:/home/orangepi/Desktop/SparkCar_ROS2_WS/SparkCar_Tools/install/aslam_time:/opt/ros/humble PATH=/home/orangepi/Desktop/SparkCar_ROS2_WS/SparkCar_Perception/install/camera_models/bin:/home/orangepi/.local/bin:/home/orangepi/.local/bin:/home/orangepi/.vscode-server/data/User/globalStorage/github.copilot-chat/debugCommand:/home/orangepi/.vscode-server/data/User/globalStorage/github.copilot-chat/copilotCli:/home/orangepi/.vscode-server/cli/servers/Stable-7e7950df89d055b5a378379db9ee14290772148a/server/bin/remote-cli:/home/orangepi/.local/bin:/home/orangepi/.local/bin:/home/orangepi/.local/bin:/home/orangepi/Desktop/SparkCar_ROS2_WS/SparkCar_Perception/install/global_fusion/bin:/opt/ros/humble/bin:/home/orangepi/.local/bin:/usr/local/sbin:/usr/local/bin:/usr/sbin:/usr/bin:/sbin:/bin:/usr/games:/usr/local/games:/snap/bin /usr/bin/cmake --build /home/orangepi/Desktop/SparkCar_ROS2_WS/SparkCar_Perception/build/vins -- -j8 -l8
[2.346s] DEBUG:colcon.colcon_core.event_handler.log_command:Invoking command in '/home/orangepi/Desktop/SparkCar_ROS2_WS/SparkCar_Perception/build/vins': CMAKE_PREFIX_PATH=/home/orangepi/Desktop/SparkCar_ROS2_WS/SparkCar_Perception/install/camera_models:/home/orangepi/Desktop/SparkCar_ROS2_WS/SparkCar_Perception/install/vision_to_mavros:/home/orangepi/Desktop/SparkCar_ROS2_WS/SparkCar_Perception/install/vins:/home/orangepi/Desktop/SparkCar_ROS2_WS/SparkCar_Perception/install/realsense2_description:/home/orangepi/Desktop/SparkCar_ROS2_WS/SparkCar_Perception/install/realsense2_camera:/home/orangepi/Desktop/SparkCar_ROS2_WS/SparkCar_Perception/install/realsense2_camera_msgs:/home/orangepi/Desktop/SparkCar_ROS2_WS/SparkCar_Perception/install/loop_fusion:/home/orangepi/Desktop/SparkCar_ROS2_WS/SparkCar_Perception/install/global_fusion:/home/orangepi/Desktop/SparkCar_ROS2_WS/SparkCar_Controller/install/target_follower:/home/orangepi/Desktop/SparkCar_ROS2_WS/SparkCar_Tools/install/kalibr:/home/orangepi/Desktop/SparkCar_ROS2_WS/SparkCar_Tools/install/incremental_calibration_python:/home/orangepi/Desktop/SparkCar_ROS2_WS/SparkCar_Tools/install/incremental_calibration:/home/orangepi/Desktop/SparkCar_ROS2_WS/SparkCar_Tools/install/aslam_splines_python:/home/orangepi/Desktop/SparkCar_ROS2_WS/SparkCar_Tools/install/bsplines_python:/home/orangepi/Desktop/SparkCar_ROS2_WS/SparkCar_Tools/install/aslam_cv_backend_python:/home/orangepi/Desktop/SparkCar_ROS2_WS/SparkCar_Tools/install/aslam_cv_python:/home/orangepi/Desktop/SparkCar_ROS2_WS/SparkCar_Tools/install/aslam_cv_error_terms:/home/orangepi/Desktop/SparkCar_ROS2_WS/SparkCar_Tools/install/aslam_cv_backend:/home/orangepi/Desktop/SparkCar_ROS2_WS/SparkCar_Tools/install/aslam_splines:/home/orangepi/Desktop/SparkCar_ROS2_WS/SparkCar_Tools/install/bsplines:/home/orangepi/Desktop/SparkCar_ROS2_WS/SparkCar_Tools/install/aslam_backend_python:/home/orangepi/Desktop/SparkCar_ROS2_WS/SparkCar_Tools/install/aslam_backend_expressions:/home/orangepi/Desktop/SparkCar_ROS2_WS/SparkCar_Tools/install/aslam_backend:/home/orangepi/Desktop/SparkCar_ROS2_WS/SparkCar_Tools/install/sparse_block_matrix:/home/orangepi/Desktop/SparkCar_ROS2_WS/SparkCar_Tools/install/aslam_cameras_april:/home/orangepi/Desktop/SparkCar_ROS2_WS/SparkCar_Tools/install/sm_python:/home/orangepi/Desktop/SparkCar_ROS2_WS/SparkCar_Tools/install/sm_timing:/home/orangepi/Desktop/SparkCar_ROS2_WS/SparkCar_Tools/install/aslam_imgproc:/home/orangepi/Desktop/SparkCar_ROS2_WS/SparkCar_Tools/install/aslam_cv_serialization:/home/orangepi/Desktop/SparkCar_ROS2_WS/SparkCar_Tools/install/aslam_cameras:/home/orangepi/Desktop/SparkCar_ROS2_WS/SparkCar_Tools/install/sm_kinematics:/home/orangepi/Desktop/SparkCar_ROS2_WS/SparkCar_Tools/install/sm_eigen:/home/orangepi/Desktop/SparkCar_ROS2_WS/SparkCar_Tools/install/sm_random:/home/orangepi/Desktop/SparkCar_ROS2_WS/SparkCar_Tools/install/sm_property_tree:/home/orangepi/Desktop/SparkCar_ROS2_WS/SparkCar_Tools/install/sm_opencv:/home/orangepi/Desktop/SparkCar_ROS2_WS/SparkCar_Tools/install/sm_matrix_archive:/home/orangepi/Desktop/SparkCar_ROS2_WS/SparkCar_Tools/install/sm_logging:/home/orangepi/Desktop/SparkCar_ROS2_WS/SparkCar_Tools/install/sm_boost:/home/orangepi/Desktop/SparkCar_ROS2_WS/SparkCar_Tools/install/sm_common:/home/orangepi/Desktop/SparkCar_ROS2_WS/SparkCar_Tools/install/python_module:/home/orangepi/Desktop/SparkCar_ROS2_WS/SparkCar_Tools/install/numpy_eigen:/home/orangepi/Desktop/SparkCar_ROS2_WS/SparkCar_Tools/install/ethz_apriltag2:/home/orangepi/Desktop/SparkCar_ROS2_WS/SparkCar_Tools/install/aslam_time:/opt/ros/humble PATH=/home/orangepi/Desktop/SparkCar_ROS2_WS/SparkCar_Perception/install/camera_models/bin:/home/orangepi/.local/bin:/home/orangepi/.local/bin:/home/orangepi/.vscode-server/data/User/globalStorage/github.copilot-chat/debugCommand:/home/orangepi/.vscode-server/data/User/globalStorage/github.copilot-chat/copilotCli:/home/orangepi/.vscode-server/cli/servers/Stable-7e7950df89d055b5a378379db9ee14290772148a/server/bin/remote-cli:/home/orangepi/.local/bin:/home/orangepi/.local/bin:/home/orangepi/.local/bin:/home/orangepi/Desktop/SparkCar_ROS2_WS/SparkCar_Perception/install/global_fusion/bin:/opt/ros/humble/bin:/home/orangepi/.local/bin:/usr/local/sbin:/usr/local/bin:/usr/sbin:/usr/bin:/sbin:/bin:/usr/games:/usr/local/games:/snap/bin /usr/bin/cmake --install /home/orangepi/Desktop/SparkCar_ROS2_WS/SparkCar_Perception/build/vins
[2.355s] DEBUG:colcon.colcon_core.event_handler.log_command:Invoking command in '/home/orangepi/Desktop/SparkCar_ROS2_WS/SparkCar_Perception/build/realsense2_camera': CMAKE_PREFIX_PATH=/home/orangepi/Desktop/SparkCar_ROS2_WS/SparkCar_Perception/install/realsense2_camera_msgs:/home/orangepi/Desktop/SparkCar_ROS2_WS/SparkCar_Perception/install/vision_to_mavros:/home/orangepi/Desktop/SparkCar_ROS2_WS/SparkCar_Perception/install/vins:/home/orangepi/Desktop/SparkCar_ROS2_WS/SparkCar_Perception/install/realsense2_description:/home/orangepi/Desktop/SparkCar_ROS2_WS/SparkCar_Perception/install/realsense2_camera:/home/orangepi/Desktop/SparkCar_ROS2_WS/SparkCar_Perception/install/loop_fusion:/home/orangepi/Desktop/SparkCar_ROS2_WS/SparkCar_Perception/install/global_fusion:/home/orangepi/Desktop/SparkCar_ROS2_WS/SparkCar_Perception/install/camera_models:/home/orangepi/Desktop/SparkCar_ROS2_WS/SparkCar_Controller/install/target_follower:/home/orangepi/Desktop/SparkCar_ROS2_WS/SparkCar_Tools/install/kalibr:/home/orangepi/Desktop/SparkCar_ROS2_WS/SparkCar_Tools/install/incremental_calibration_python:/home/orangepi/Desktop/SparkCar_ROS2_WS/SparkCar_Tools/install/incremental_calibration:/home/orangepi/Desktop/SparkCar_ROS2_WS/SparkCar_Tools/install/aslam_splines_python:/home/orangepi/Desktop/SparkCar_ROS2_WS/SparkCar_Tools/install/bsplines_python:/home/orangepi/Desktop/SparkCar_ROS2_WS/SparkCar_Tools/install/aslam_cv_backend_python:/home/orangepi/Desktop/SparkCar_ROS2_WS/SparkCar_Tools/install/aslam_cv_python:/home/orangepi/Desktop/SparkCar_ROS2_WS/SparkCar_Tools/install/aslam_cv_error_terms:/home/orangepi/Desktop/SparkCar_ROS2_WS/SparkCar_Tools/install/aslam_cv_backend:/home/orangepi/Desktop/SparkCar_ROS2_WS/SparkCar_Tools/install/aslam_splines:/home/orangepi/Desktop/SparkCar_ROS2_WS/SparkCar_Tools/install/bsplines:/home/orangepi/Desktop/SparkCar_ROS2_WS/SparkCar_Tools/install/aslam_backend_python:/home/orangepi/Desktop/SparkCar_ROS2_WS/SparkCar_Tools/install/aslam_backend_expressions:/home/orangepi/Desktop/SparkCar_ROS2_WS/SparkCar_Tools/install/aslam_backend:/home/orangepi/Desktop/SparkCar_ROS2_WS/SparkCar_Tools/install/sparse_block_matrix:/home/orangepi/Desktop/SparkCar_ROS2_WS/SparkCar_Tools/install/aslam_cameras_april:/home/orangepi/Desktop/SparkCar_ROS2_WS/SparkCar_Tools/install/sm_python:/home/orangepi/Desktop/SparkCar_ROS2_WS/SparkCar_Tools/install/sm_timing:/home/orangepi/Desktop/SparkCar_ROS2_WS/SparkCar_Tools/install/aslam_imgproc:/home/orangepi/Desktop/SparkCar_ROS2_WS/SparkCar_Tools/install/aslam_cv_serialization:/home/orangepi/Desktop/SparkCar_ROS2_WS/SparkCar_Tools/install/aslam_cameras:/home/orangepi/Desktop/SparkCar_ROS2_WS/SparkCar_Tools/install/sm_kinematics:/home/orangepi/Desktop/SparkCar_ROS2_WS/SparkCar_Tools/install/sm_eigen:/home/orangepi/Desktop/SparkCar_ROS2_WS/SparkCar_Tools/install/sm_random:/home/orangepi/Desktop/SparkCar_ROS2_WS/SparkCar_Tools/install/sm_property_tree:/home/orangepi/Desktop/SparkCar_ROS2_WS/SparkCar_Tools/install/sm_opencv:/home/orangepi/Desktop/SparkCar_ROS2_WS/SparkCar_Tools/install/sm_matrix_archive:/home/orangepi/Desktop/SparkCar_ROS2_WS/SparkCar_Tools/install/sm_logging:/home/orangepi/Desktop/SparkCar_ROS2_WS/SparkCar_Tools/install/sm_boost:/home/orangepi/Desktop/SparkCar_ROS2_WS/SparkCar_Tools/install/sm_common:/home/orangepi/Desktop/SparkCar_ROS2_WS/SparkCar_Tools/install/python_module:/home/orangepi/Desktop/SparkCar_ROS2_WS/SparkCar_Tools/install/numpy_eigen:/home/orangepi/Desktop/SparkCar_ROS2_WS/SparkCar_Tools/install/ethz_apriltag2:/home/orangepi/Desktop/SparkCar_ROS2_WS/SparkCar_Tools/install/aslam_time:/opt/ros/humble LD_LIBRARY_PATH=/home/orangepi/Desktop/SparkCar_ROS2_WS/SparkCar_Perception/install/realsense2_camera_msgs/lib:/home/orangepi/Desktop/SparkCar_ROS2_WS/SparkCar_Perception/install/realsense2_camera/lib:/home/orangepi/Desktop/SparkCar_ROS2_WS/SparkCar_Perception/install/camera_models/lib:/home/orangepi/Desktop/SparkCar_ROS2_WS/SparkCar_Tools/install/kalibr/lib:/home/orangepi/Desktop/SparkCar_ROS2_WS/SparkCar_Tools/install/incremental_calibration/lib:/home/orangepi/Desktop/SparkCar_ROS2_WS/SparkCar_Tools/install/aslam_cv_error_terms/lib:/home/orangepi/Desktop/SparkCar_ROS2_WS/SparkCar_Tools/install/aslam_cv_backend/lib:/home/orangepi/Desktop/SparkCar_ROS2_WS/SparkCar_Tools/install/aslam_splines/lib:/home/orangepi/Desktop/SparkCar_ROS2_WS/SparkCar_Tools/install/bsplines/lib:/home/orangepi/Desktop/SparkCar_ROS2_WS/SparkCar_Tools/install/aslam_backend_expressions/lib:/home/orangepi/Desktop/SparkCar_ROS2_WS/SparkCar_Tools/install/aslam_backend/lib:/home/orangepi/Desktop/SparkCar_ROS2_WS/SparkCar_Tools/install/sparse_block_matrix/lib:/home/orangepi/Desktop/SparkCar_ROS2_WS/SparkCar_Tools/install/aslam_cameras_april/lib:/home/orangepi/Desktop/SparkCar_ROS2_WS/SparkCar_Tools/install/sm_timing/lib:/home/orangepi/Desktop/SparkCar_ROS2_WS/SparkCar_Tools/install/aslam_imgproc/lib:/home/orangepi/Desktop/SparkCar_ROS2_WS/SparkCar_Tools/install/aslam_cv_serialization/lib:/home/orangepi/Desktop/SparkCar_ROS2_WS/SparkCar_Tools/install/aslam_cameras/lib:/home/orangepi/Desktop/SparkCar_ROS2_WS/SparkCar_Tools/install/sm_kinematics/lib:/home/orangepi/Desktop/SparkCar_ROS2_WS/SparkCar_Tools/install/sm_eigen/lib:/home/orangepi/Desktop/SparkCar_ROS2_WS/SparkCar_Tools/install/sm_random/lib:/home/orangepi/Desktop/SparkCar_ROS2_WS/SparkCar_Tools/install/sm_property_tree/lib:/home/orangepi/Desktop/SparkCar_ROS2_WS/SparkCar_Tools/install/sm_matrix_archive/lib:/home/orangepi/Desktop/SparkCar_ROS2_WS/SparkCar_Tools/install/sm_logging/lib:/home/orangepi/Desktop/SparkCar_ROS2_WS/SparkCar_Tools/install/sm_boost/lib:/home/orangepi/Desktop/SparkCar_ROS2_WS/SparkCar_Tools/install/sm_common/lib:/home/orangepi/Desktop/SparkCar_ROS2_WS/SparkCar_Tools/install/ethz_apriltag2/lib:/home/orangepi/Desktop/SparkCar_ROS2_WS/SparkCar_Tools/install/aslam_time/lib:/opt/ros/humble/opt/rviz_ogre_vendor/lib:/opt/ros/humble/lib/aarch64-linux-gnu:/opt/ros/humble/lib /usr/bin/cmake --build /home/orangepi/Desktop/SparkCar_ROS2_WS/SparkCar_Perception/build/realsense2_camera -- -j8 -l8
[2.364s] DEBUG:colcon.colcon_core.event_handler.log_command:Invoking command in '/home/orangepi/Desktop/SparkCar_ROS2_WS/SparkCar_Perception/build/realsense2_description': CMAKE_PREFIX_PATH=/home/orangepi/Desktop/SparkCar_ROS2_WS/SparkCar_Perception/install/realsense2_camera_msgs:/home/orangepi/Desktop/SparkCar_ROS2_WS/SparkCar_Perception/install/vision_to_mavros:/home/orangepi/Desktop/SparkCar_ROS2_WS/SparkCar_Perception/install/vins:/home/orangepi/Desktop/SparkCar_ROS2_WS/SparkCar_Perception/install/realsense2_description:/home/orangepi/Desktop/SparkCar_ROS2_WS/SparkCar_Perception/install/realsense2_camera:/home/orangepi/Desktop/SparkCar_ROS2_WS/SparkCar_Perception/install/loop_fusion:/home/orangepi/Desktop/SparkCar_ROS2_WS/SparkCar_Perception/install/global_fusion:/home/orangepi/Desktop/SparkCar_ROS2_WS/SparkCar_Perception/install/camera_models:/home/orangepi/Desktop/SparkCar_ROS2_WS/SparkCar_Controller/install/target_follower:/home/orangepi/Desktop/SparkCar_ROS2_WS/SparkCar_Tools/install/kalibr:/home/orangepi/Desktop/SparkCar_ROS2_WS/SparkCar_Tools/install/incremental_calibration_python:/home/orangepi/Desktop/SparkCar_ROS2_WS/SparkCar_Tools/install/incremental_calibration:/home/orangepi/Desktop/SparkCar_ROS2_WS/SparkCar_Tools/install/aslam_splines_python:/home/orangepi/Desktop/SparkCar_ROS2_WS/SparkCar_Tools/install/bsplines_python:/home/orangepi/Desktop/SparkCar_ROS2_WS/SparkCar_Tools/install/aslam_cv_backend_python:/home/orangepi/Desktop/SparkCar_ROS2_WS/SparkCar_Tools/install/aslam_cv_python:/home/orangepi/Desktop/SparkCar_ROS2_WS/SparkCar_Tools/install/aslam_cv_error_terms:/home/orangepi/Desktop/SparkCar_ROS2_WS/SparkCar_Tools/install/aslam_cv_backend:/home/orangepi/Desktop/SparkCar_ROS2_WS/SparkCar_Tools/install/aslam_splines:/home/orangepi/Desktop/SparkCar_ROS2_WS/SparkCar_Tools/install/bsplines:/home/orangepi/Desktop/SparkCar_ROS2_WS/SparkCar_Tools/install/aslam_backend_python:/home/orangepi/Desktop/SparkCar_ROS2_WS/SparkCar_Tools/install/aslam_backend_expressions:/home/orangepi/Desktop/SparkCar_ROS2_WS/SparkCar_Tools/install/aslam_backend:/home/orangepi/Desktop/SparkCar_ROS2_WS/SparkCar_Tools/install/sparse_block_matrix:/home/orangepi/Desktop/SparkCar_ROS2_WS/SparkCar_Tools/install/aslam_cameras_april:/home/orangepi/Desktop/SparkCar_ROS2_WS/SparkCar_Tools/install/sm_python:/home/orangepi/Desktop/SparkCar_ROS2_WS/SparkCar_Tools/install/sm_timing:/home/orangepi/Desktop/SparkCar_ROS2_WS/SparkCar_Tools/install/aslam_imgproc:/home/orangepi/Desktop/SparkCar_ROS2_WS/SparkCar_Tools/install/aslam_cv_serialization:/home/orangepi/Desktop/SparkCar_ROS2_WS/SparkCar_Tools/install/aslam_cameras:/home/orangepi/Desktop/SparkCar_ROS2_WS/SparkCar_Tools/install/sm_kinematics:/home/orangepi/Desktop/SparkCar_ROS2_WS/SparkCar_Tools/install/sm_eigen:/home/orangepi/Desktop/SparkCar_ROS2_WS/SparkCar_Tools/install/sm_random:/home/orangepi/Desktop/SparkCar_ROS2_WS/SparkCar_Tools/install/sm_property_tree:/home/orangepi/Desktop/SparkCar_ROS2_WS/SparkCar_Tools/install/sm_opencv:/home/orangepi/Desktop/SparkCar_ROS2_WS/SparkCar_Tools/install/sm_matrix_archive:/home/orangepi/Desktop/SparkCar_ROS2_WS/SparkCar_Tools/install/sm_logging:/home/orangepi/Desktop/SparkCar_ROS2_WS/SparkCar_Tools/install/sm_boost:/home/orangepi/Desktop/SparkCar_ROS2_WS/SparkCar_Tools/install/sm_common:/home/orangepi/Desktop/SparkCar_ROS2_WS/SparkCar_Tools/install/python_module:/home/orangepi/Desktop/SparkCar_ROS2_WS/SparkCar_Tools/install/numpy_eigen:/home/orangepi/Desktop/SparkCar_ROS2_WS/SparkCar_Tools/install/ethz_apriltag2:/home/orangepi/Desktop/SparkCar_ROS2_WS/SparkCar_Tools/install/aslam_time:/opt/ros/humble LD_LIBRARY_PATH=/home/orangepi/Desktop/SparkCar_ROS2_WS/SparkCar_Perception/install/realsense2_camera_msgs/lib:/home/orangepi/Desktop/SparkCar_ROS2_WS/SparkCar_Perception/install/realsense2_camera/lib:/home/orangepi/Desktop/SparkCar_ROS2_WS/SparkCar_Perception/install/camera_models/lib:/home/orangepi/Desktop/SparkCar_ROS2_WS/SparkCar_Tools/install/kalibr/lib:/home/orangepi/Desktop/SparkCar_ROS2_WS/SparkCar_Tools/install/incremental_calibration/lib:/home/orangepi/Desktop/SparkCar_ROS2_WS/SparkCar_Tools/install/aslam_cv_error_terms/lib:/home/orangepi/Desktop/SparkCar_ROS2_WS/SparkCar_Tools/install/aslam_cv_backend/lib:/home/orangepi/Desktop/SparkCar_ROS2_WS/SparkCar_Tools/install/aslam_splines/lib:/home/orangepi/Desktop/SparkCar_ROS2_WS/SparkCar_Tools/install/bsplines/lib:/home/orangepi/Desktop/SparkCar_ROS2_WS/SparkCar_Tools/install/aslam_backend_expressions/lib:/home/orangepi/Desktop/SparkCar_ROS2_WS/SparkCar_Tools/install/aslam_backend/lib:/home/orangepi/Desktop/SparkCar_ROS2_WS/SparkCar_Tools/install/sparse_block_matrix/lib:/home/orangepi/Desktop/SparkCar_ROS2_WS/SparkCar_Tools/install/aslam_cameras_april/lib:/home/orangepi/Desktop/SparkCar_ROS2_WS/SparkCar_Tools/install/sm_timing/lib:/home/orangepi/Desktop/SparkCar_ROS2_WS/SparkCar_Tools/install/aslam_imgproc/lib:/home/orangepi/Desktop/SparkCar_ROS2_WS/SparkCar_Tools/install/aslam_cv_serialization/lib:/home/orangepi/Desktop/SparkCar_ROS2_WS/SparkCar_Tools/install/aslam_cameras/lib:/home/orangepi/Desktop/SparkCar_ROS2_WS/SparkCar_Tools/install/sm_kinematics/lib:/home/orangepi/Desktop/SparkCar_ROS2_WS/SparkCar_Tools/install/sm_eigen/lib:/home/orangepi/Desktop/SparkCar_ROS2_WS/SparkCar_Tools/install/sm_random/lib:/home/orangepi/Desktop/SparkCar_ROS2_WS/SparkCar_Tools/install/sm_property_tree/lib:/home/orangepi/Desktop/SparkCar_ROS2_WS/SparkCar_Tools/install/sm_matrix_archive/lib:/home/orangepi/Desktop/SparkCar_ROS2_WS/SparkCar_Tools/install/sm_logging/lib:/home/orangepi/Desktop/SparkCar_ROS2_WS/SparkCar_Tools/install/sm_boost/lib:/home/orangepi/Desktop/SparkCar_ROS2_WS/SparkCar_Tools/install/sm_common/lib:/home/orangepi/Desktop/SparkCar_ROS2_WS/SparkCar_Tools/install/ethz_apriltag2/lib:/home/orangepi/Desktop/SparkCar_ROS2_WS/SparkCar_Tools/install/aslam_time/lib:/opt/ros/humble/opt/rviz_ogre_vendor/lib:/opt/ros/humble/lib/aarch64-linux-gnu:/opt/ros/humble/lib /usr/bin/cmake --build /home/orangepi/Desktop/SparkCar_ROS2_WS/SparkCar_Perception/build/realsense2_description -- -j8 -l8
[2.391s] Level 1:colcon.colcon_core.environment:create_environment_scripts_only(vins)
[2.392s] Level 1:colcon.colcon_core.environment:checking '/home/orangepi/Desktop/SparkCar_ROS2_WS/SparkCar_Perception/install/vins' for CMake module files
[2.393s] DEBUG:colcon.colcon_core.event_handler.log_command:Invoked command in '/home/orangepi/Desktop/SparkCar_ROS2_WS/SparkCar_Perception/build/vins' returned '0': CMAKE_PREFIX_PATH=/home/orangepi/Desktop/SparkCar_ROS2_WS/SparkCar_Perception/install/camera_models:/home/orangepi/Desktop/SparkCar_ROS2_WS/SparkCar_Perception/install/vision_to_mavros:/home/orangepi/Desktop/SparkCar_ROS2_WS/SparkCar_Perception/install/vins:/home/orangepi/Desktop/SparkCar_ROS2_WS/SparkCar_Perception/install/realsense2_description:/home/orangepi/Desktop/SparkCar_ROS2_WS/SparkCar_Perception/install/realsense2_camera:/home/orangepi/Desktop/SparkCar_ROS2_WS/SparkCar_Perception/install/realsense2_camera_msgs:/home/orangepi/Desktop/SparkCar_ROS2_WS/SparkCar_Perception/install/loop_fusion:/home/orangepi/Desktop/SparkCar_ROS2_WS/SparkCar_Perception/install/global_fusion:/home/orangepi/Desktop/SparkCar_ROS2_WS/SparkCar_Controller/install/target_follower:/home/orangepi/Desktop/SparkCar_ROS2_WS/SparkCar_Tools/install/kalibr:/home/orangepi/Desktop/SparkCar_ROS2_WS/SparkCar_Tools/install/incremental_calibration_python:/home/orangepi/Desktop/SparkCar_ROS2_WS/SparkCar_Tools/install/incremental_calibration:/home/orangepi/Desktop/SparkCar_ROS2_WS/SparkCar_Tools/install/aslam_splines_python:/home/orangepi/Desktop/SparkCar_ROS2_WS/SparkCar_Tools/install/bsplines_python:/home/orangepi/Desktop/SparkCar_ROS2_WS/SparkCar_Tools/install/aslam_cv_backend_python:/home/orangepi/Desktop/SparkCar_ROS2_WS/SparkCar_Tools/install/aslam_cv_python:/home/orangepi/Desktop/SparkCar_ROS2_WS/SparkCar_Tools/install/aslam_cv_error_terms:/home/orangepi/Desktop/SparkCar_ROS2_WS/SparkCar_Tools/install/aslam_cv_backend:/home/orangepi/Desktop/SparkCar_ROS2_WS/SparkCar_Tools/install/aslam_splines:/home/orangepi/Desktop/SparkCar_ROS2_WS/SparkCar_Tools/install/bsplines:/home/orangepi/Desktop/SparkCar_ROS2_WS/SparkCar_Tools/install/aslam_backend_python:/home/orangepi/Desktop/SparkCar_ROS2_WS/SparkCar_Tools/install/aslam_backend_expressions:/home/orangepi/Desktop/SparkCar_ROS2_WS/SparkCar_Tools/install/aslam_backend:/home/orangepi/Desktop/SparkCar_ROS2_WS/SparkCar_Tools/install/sparse_block_matrix:/home/orangepi/Desktop/SparkCar_ROS2_WS/SparkCar_Tools/install/aslam_cameras_april:/home/orangepi/Desktop/SparkCar_ROS2_WS/SparkCar_Tools/install/sm_python:/home/orangepi/Desktop/SparkCar_ROS2_WS/SparkCar_Tools/install/sm_timing:/home/orangepi/Desktop/SparkCar_ROS2_WS/SparkCar_Tools/install/aslam_imgproc:/home/orangepi/Desktop/SparkCar_ROS2_WS/SparkCar_Tools/install/aslam_cv_serialization:/home/orangepi/Desktop/SparkCar_ROS2_WS/SparkCar_Tools/install/aslam_cameras:/home/orangepi/Desktop/SparkCar_ROS2_WS/SparkCar_Tools/install/sm_kinematics:/home/orangepi/Desktop/SparkCar_ROS2_WS/SparkCar_Tools/install/sm_eigen:/home/orangepi/Desktop/SparkCar_ROS2_WS/SparkCar_Tools/install/sm_random:/home/orangepi/Desktop/SparkCar_ROS2_WS/SparkCar_Tools/install/sm_property_tree:/home/orangepi/Desktop/SparkCar_ROS2_WS/SparkCar_Tools/install/sm_opencv:/home/orangepi/Desktop/SparkCar_ROS2_WS/SparkCar_Tools/install/sm_matrix_archive:/home/orangepi/Desktop/SparkCar_ROS2_WS/SparkCar_Tools/install/sm_logging:/home/orangepi/Desktop/SparkCar_ROS2_WS/SparkCar_Tools/install/sm_boost:/home/orangepi/Desktop/SparkCar_ROS2_WS/SparkCar_Tools/install/sm_common:/home/orangepi/Desktop/SparkCar_ROS2_WS/SparkCar_Tools/install/python_module:/home/orangepi/Desktop/SparkCar_ROS2_WS/SparkCar_Tools/install/numpy_eigen:/home/orangepi/Desktop/SparkCar_ROS2_WS/SparkCar_Tools/install/ethz_apriltag2:/home/orangepi/Desktop/SparkCar_ROS2_WS/SparkCar_Tools/install/aslam_time:/opt/ros/humble PATH=/home/orangepi/Desktop/SparkCar_ROS2_WS/SparkCar_Perception/install/camera_models/bin:/home/orangepi/.local/bin:/home/orangepi/.local/bin:/home/orangepi/.vscode-server/data/User/globalStorage/github.copilot-chat/debugCommand:/home/orangepi/.vscode-server/data/User/globalStorage/github.copilot-chat/copilotCli:/home/orangepi/.vscode-server/cli/servers/Stable-7e7950df89d055b5a378379db9ee14290772148a/server/bin/remote-cli:/home/orangepi/.local/bin:/home/orangepi/.local/bin:/home/orangepi/.local/bin:/home/orangepi/Desktop/SparkCar_ROS2_WS/SparkCar_Perception/install/global_fusion/bin:/opt/ros/humble/bin:/home/orangepi/.local/bin:/usr/local/sbin:/usr/local/bin:/usr/sbin:/usr/bin:/sbin:/bin:/usr/games:/usr/local/games:/snap/bin /usr/bin/cmake --install /home/orangepi/Desktop/SparkCar_ROS2_WS/SparkCar_Perception/build/vins
[2.394s] Level 1:colcon.colcon_core.environment:checking '/home/orangepi/Desktop/SparkCar_ROS2_WS/SparkCar_Perception/install/vins' for CMake config files
[2.394s] Level 1:colcon.colcon_core.shell:create_environment_hook('vins', 'cmake_prefix_path')
[2.395s] INFO:colcon.colcon_core.shell:Creating environment hook '/home/orangepi/Desktop/SparkCar_ROS2_WS/SparkCar_Perception/install/vins/share/vins/hook/cmake_prefix_path.ps1'
[2.395s] INFO:colcon.colcon_core.shell:Creating environment descriptor '/home/orangepi/Desktop/SparkCar_ROS2_WS/SparkCar_Perception/install/vins/share/vins/hook/cmake_prefix_path.dsv'
[2.397s] INFO:colcon.colcon_core.shell:Creating environment hook '/home/orangepi/Desktop/SparkCar_ROS2_WS/SparkCar_Perception/install/vins/share/vins/hook/cmake_prefix_path.sh'
[2.398s] Level 1:colcon.colcon_core.environment:checking '/home/orangepi/Desktop/SparkCar_ROS2_WS/SparkCar_Perception/install/vins/lib'
[2.398s] Level 1:colcon.colcon_core.environment:checking '/home/orangepi/Desktop/SparkCar_ROS2_WS/SparkCar_Perception/install/vins/bin'
[2.398s] Level 1:colcon.colcon_core.environment:checking '/home/orangepi/Desktop/SparkCar_ROS2_WS/SparkCar_Perception/install/vins/lib/pkgconfig/vins.pc'
[2.399s] Level 1:colcon.colcon_core.environment:checking '/home/orangepi/Desktop/SparkCar_ROS2_WS/SparkCar_Perception/install/vins/lib/python3.10/site-packages'
[2.399s] Level 1:colcon.colcon_core.environment:checking '/home/orangepi/Desktop/SparkCar_ROS2_WS/SparkCar_Perception/install/vins/bin'
[2.400s] INFO:colcon.colcon_core.shell:Creating package script '/home/orangepi/Desktop/SparkCar_ROS2_WS/SparkCar_Perception/install/vins/share/vins/package.ps1'
[2.401s] INFO:colcon.colcon_core.shell:Creating package descriptor '/home/orangepi/Desktop/SparkCar_ROS2_WS/SparkCar_Perception/install/vins/share/vins/package.dsv'
[2.401s] INFO:colcon.colcon_core.shell:Creating package script '/home/orangepi/Desktop/SparkCar_ROS2_WS/SparkCar_Perception/install/vins/share/vins/package.sh'
[2.402s] INFO:colcon.colcon_core.shell:Creating package script '/home/orangepi/Desktop/SparkCar_ROS2_WS/SparkCar_Perception/install/vins/share/vins/package.bash'
[2.403s] INFO:colcon.colcon_core.shell:Creating package script '/home/orangepi/Desktop/SparkCar_ROS2_WS/SparkCar_Perception/install/vins/share/vins/package.zsh'
[2.403s] Level 1:colcon.colcon_core.environment:create_file_with_runtime_dependencies(/home/orangepi/Desktop/SparkCar_ROS2_WS/SparkCar_Perception/install/vins/share/colcon-core/packages/vins)
[2.404s] Level 1:colcon.colcon_core.environment:create_environment_scripts_only(vins)
[2.404s] Level 1:colcon.colcon_core.environment:checking '/home/orangepi/Desktop/SparkCar_ROS2_WS/SparkCar_Perception/install/vins' for CMake module files
[2.405s] Level 1:colcon.colcon_core.environment:checking '/home/orangepi/Desktop/SparkCar_ROS2_WS/SparkCar_Perception/install/vins' for CMake config files
[2.405s] Level 1:colcon.colcon_core.shell:create_environment_hook('vins', 'cmake_prefix_path')
[2.405s] INFO:colcon.colcon_core.shell:Creating environment hook '/home/orangepi/Desktop/SparkCar_ROS2_WS/SparkCar_Perception/install/vins/share/vins/hook/cmake_prefix_path.ps1'
[2.406s] INFO:colcon.colcon_core.shell:Creating environment descriptor '/home/orangepi/Desktop/SparkCar_ROS2_WS/SparkCar_Perception/install/vins/share/vins/hook/cmake_prefix_path.dsv'
[2.407s] INFO:colcon.colcon_core.shell:Creating environment hook '/home/orangepi/Desktop/SparkCar_ROS2_WS/SparkCar_Perception/install/vins/share/vins/hook/cmake_prefix_path.sh'
[2.407s] Level 1:colcon.colcon_core.environment:checking '/home/orangepi/Desktop/SparkCar_ROS2_WS/SparkCar_Perception/install/vins/lib'
[2.408s] Level 1:colcon.colcon_core.environment:checking '/home/orangepi/Desktop/SparkCar_ROS2_WS/SparkCar_Perception/install/vins/bin'
[2.408s] Level 1:colcon.colcon_core.environment:checking '/home/orangepi/Desktop/SparkCar_ROS2_WS/SparkCar_Perception/install/vins/lib/pkgconfig/vins.pc'
[2.408s] Level 1:colcon.colcon_core.environment:checking '/home/orangepi/Desktop/SparkCar_ROS2_WS/SparkCar_Perception/install/vins/lib/python3.10/site-packages'
[2.408s] Level 1:colcon.colcon_core.environment:checking '/home/orangepi/Desktop/SparkCar_ROS2_WS/SparkCar_Perception/install/vins/bin'
[2.409s] INFO:colcon.colcon_core.shell:Creating package script '/home/orangepi/Desktop/SparkCar_ROS2_WS/SparkCar_Perception/install/vins/share/vins/package.ps1'
[2.410s] INFO:colcon.colcon_core.shell:Creating package descriptor '/home/orangepi/Desktop/SparkCar_ROS2_WS/SparkCar_Perception/install/vins/share/vins/package.dsv'
[2.410s] INFO:colcon.colcon_core.shell:Creating package script '/home/orangepi/Desktop/SparkCar_ROS2_WS/SparkCar_Perception/install/vins/share/vins/package.sh'
[2.411s] INFO:colcon.colcon_core.shell:Creating package script '/home/orangepi/Desktop/SparkCar_ROS2_WS/SparkCar_Perception/install/vins/share/vins/package.bash'
[2.412s] INFO:colcon.colcon_core.shell:Creating package script '/home/orangepi/Desktop/SparkCar_ROS2_WS/SparkCar_Perception/install/vins/share/vins/package.zsh'
[2.413s] Level 1:colcon.colcon_core.environment:create_file_with_runtime_dependencies(/home/orangepi/Desktop/SparkCar_ROS2_WS/SparkCar_Perception/install/vins/share/colcon-core/packages/vins)
[2.500s] DEBUG:colcon.colcon_core.event_handler.log_command:Invoked command in '/home/orangepi/Desktop/SparkCar_ROS2_WS/SparkCar_Perception/build/realsense2_description' returned '0': CMAKE_PREFIX_PATH=/home/orangepi/Desktop/SparkCar_ROS2_WS/SparkCar_Perception/install/realsense2_camera_msgs:/home/orangepi/Desktop/SparkCar_ROS2_WS/SparkCar_Perception/install/vision_to_mavros:/home/orangepi/Desktop/SparkCar_ROS2_WS/SparkCar_Perception/install/vins:/home/orangepi/Desktop/SparkCar_ROS2_WS/SparkCar_Perception/install/realsense2_description:/home/orangepi/Desktop/SparkCar_ROS2_WS/SparkCar_Perception/install/realsense2_camera:/home/orangepi/Desktop/SparkCar_ROS2_WS/SparkCar_Perception/install/loop_fusion:/home/orangepi/Desktop/SparkCar_ROS2_WS/SparkCar_Perception/install/global_fusion:/home/orangepi/Desktop/SparkCar_ROS2_WS/SparkCar_Perception/install/camera_models:/home/orangepi/Desktop/SparkCar_ROS2_WS/SparkCar_Controller/install/target_follower:/home/orangepi/Desktop/SparkCar_ROS2_WS/SparkCar_Tools/install/kalibr:/home/orangepi/Desktop/SparkCar_ROS2_WS/SparkCar_Tools/install/incremental_calibration_python:/home/orangepi/Desktop/SparkCar_ROS2_WS/SparkCar_Tools/install/incremental_calibration:/home/orangepi/Desktop/SparkCar_ROS2_WS/SparkCar_Tools/install/aslam_splines_python:/home/orangepi/Desktop/SparkCar_ROS2_WS/SparkCar_Tools/install/bsplines_python:/home/orangepi/Desktop/SparkCar_ROS2_WS/SparkCar_Tools/install/aslam_cv_backend_python:/home/orangepi/Desktop/SparkCar_ROS2_WS/SparkCar_Tools/install/aslam_cv_python:/home/orangepi/Desktop/SparkCar_ROS2_WS/SparkCar_Tools/install/aslam_cv_error_terms:/home/orangepi/Desktop/SparkCar_ROS2_WS/SparkCar_Tools/install/aslam_cv_backend:/home/orangepi/Desktop/SparkCar_ROS2_WS/SparkCar_Tools/install/aslam_splines:/home/orangepi/Desktop/SparkCar_ROS2_WS/SparkCar_Tools/install/bsplines:/home/orangepi/Desktop/SparkCar_ROS2_WS/SparkCar_Tools/install/aslam_backend_python:/home/orangepi/Desktop/SparkCar_ROS2_WS/SparkCar_Tools/install/aslam_backend_expressions:/home/orangepi/Desktop/SparkCar_ROS2_WS/SparkCar_Tools/install/aslam_backend:/home/orangepi/Desktop/SparkCar_ROS2_WS/SparkCar_Tools/install/sparse_block_matrix:/home/orangepi/Desktop/SparkCar_ROS2_WS/SparkCar_Tools/install/aslam_cameras_april:/home/orangepi/Desktop/SparkCar_ROS2_WS/SparkCar_Tools/install/sm_python:/home/orangepi/Desktop/SparkCar_ROS2_WS/SparkCar_Tools/install/sm_timing:/home/orangepi/Desktop/SparkCar_ROS2_WS/SparkCar_Tools/install/aslam_imgproc:/home/orangepi/Desktop/SparkCar_ROS2_WS/SparkCar_Tools/install/aslam_cv_serialization:/home/orangepi/Desktop/SparkCar_ROS2_WS/SparkCar_Tools/install/aslam_cameras:/home/orangepi/Desktop/SparkCar_ROS2_WS/SparkCar_Tools/install/sm_kinematics:/home/orangepi/Desktop/SparkCar_ROS2_WS/SparkCar_Tools/install/sm_eigen:/home/orangepi/Desktop/SparkCar_ROS2_WS/SparkCar_Tools/install/sm_random:/home/orangepi/Desktop/SparkCar_ROS2_WS/SparkCar_Tools/install/sm_property_tree:/home/orangepi/Desktop/SparkCar_ROS2_WS/SparkCar_Tools/install/sm_opencv:/home/orangepi/Desktop/SparkCar_ROS2_WS/SparkCar_Tools/install/sm_matrix_archive:/home/orangepi/Desktop/SparkCar_ROS2_WS/SparkCar_Tools/install/sm_logging:/home/orangepi/Desktop/SparkCar_ROS2_WS/SparkCar_Tools/install/sm_boost:/home/orangepi/Desktop/SparkCar_ROS2_WS/SparkCar_Tools/install/sm_common:/home/orangepi/Desktop/SparkCar_ROS2_WS/SparkCar_Tools/install/python_module:/home/orangepi/Desktop/SparkCar_ROS2_WS/SparkCar_Tools/install/numpy_eigen:/home/orangepi/Desktop/SparkCar_ROS2_WS/SparkCar_Tools/install/ethz_apriltag2:/home/orangepi/Desktop/SparkCar_ROS2_WS/SparkCar_Tools/install/aslam_time:/opt/ros/humble LD_LIBRARY_PATH=/home/orangepi/Desktop/SparkCar_ROS2_WS/SparkCar_Perception/install/realsense2_camera_msgs/lib:/home/orangepi/Desktop/SparkCar_ROS2_WS/SparkCar_Perception/install/realsense2_camera/lib:/home/orangepi/Desktop/SparkCar_ROS2_WS/SparkCar_Perception/install/camera_models/lib:/home/orangepi/Desktop/SparkCar_ROS2_WS/SparkCar_Tools/install/kalibr/lib:/home/orangepi/Desktop/SparkCar_ROS2_WS/SparkCar_Tools/install/incremental_calibration/lib:/home/orangepi/Desktop/SparkCar_ROS2_WS/SparkCar_Tools/install/aslam_cv_error_terms/lib:/home/orangepi/Desktop/SparkCar_ROS2_WS/SparkCar_Tools/install/aslam_cv_backend/lib:/home/orangepi/Desktop/SparkCar_ROS2_WS/SparkCar_Tools/install/aslam_splines/lib:/home/orangepi/Desktop/SparkCar_ROS2_WS/SparkCar_Tools/install/bsplines/lib:/home/orangepi/Desktop/SparkCar_ROS2_WS/SparkCar_Tools/install/aslam_backend_expressions/lib:/home/orangepi/Desktop/SparkCar_ROS2_WS/SparkCar_Tools/install/aslam_backend/lib:/home/orangepi/Desktop/SparkCar_ROS2_WS/SparkCar_Tools/install/sparse_block_matrix/lib:/home/orangepi/Desktop/SparkCar_ROS2_WS/SparkCar_Tools/install/aslam_cameras_april/lib:/home/orangepi/Desktop/SparkCar_ROS2_WS/SparkCar_Tools/install/sm_timing/lib:/home/orangepi/Desktop/SparkCar_ROS2_WS/SparkCar_Tools/install/aslam_imgproc/lib:/home/orangepi/Desktop/SparkCar_ROS2_WS/SparkCar_Tools/install/aslam_cv_serialization/lib:/home/orangepi/Desktop/SparkCar_ROS2_WS/SparkCar_Tools/install/aslam_cameras/lib:/home/orangepi/Desktop/SparkCar_ROS2_WS/SparkCar_Tools/install/sm_kinematics/lib:/home/orangepi/Desktop/SparkCar_ROS2_WS/SparkCar_Tools/install/sm_eigen/lib:/home/orangepi/Desktop/SparkCar_ROS2_WS/SparkCar_Tools/install/sm_random/lib:/home/orangepi/Desktop/SparkCar_ROS2_WS/SparkCar_Tools/install/sm_property_tree/lib:/home/orangepi/Desktop/SparkCar_ROS2_WS/SparkCar_Tools/install/sm_matrix_archive/lib:/home/orangepi/Desktop/SparkCar_ROS2_WS/SparkCar_Tools/install/sm_logging/lib:/home/orangepi/Desktop/SparkCar_ROS2_WS/SparkCar_Tools/install/sm_boost/lib:/home/orangepi/Desktop/SparkCar_ROS2_WS/SparkCar_Tools/install/sm_common/lib:/home/orangepi/Desktop/SparkCar_ROS2_WS/SparkCar_Tools/install/ethz_apriltag2/lib:/home/orangepi/Desktop/SparkCar_ROS2_WS/SparkCar_Tools/install/aslam_time/lib:/opt/ros/humble/opt/rviz_ogre_vendor/lib:/opt/ros/humble/lib/aarch64-linux-gnu:/opt/ros/humble/lib /usr/bin/cmake --build /home/orangepi/Desktop/SparkCar_ROS2_WS/SparkCar_Perception/build/realsense2_description -- -j8 -l8
[2.503s] DEBUG:colcon.colcon_core.event_handler.log_command:Invoking command in '/home/orangepi/Desktop/SparkCar_ROS2_WS/SparkCar_Perception/build/realsense2_description': CMAKE_PREFIX_PATH=/home/orangepi/Desktop/SparkCar_ROS2_WS/SparkCar_Perception/install/realsense2_camera_msgs:/home/orangepi/Desktop/SparkCar_ROS2_WS/SparkCar_Perception/install/vision_to_mavros:/home/orangepi/Desktop/SparkCar_ROS2_WS/SparkCar_Perception/install/vins:/home/orangepi/Desktop/SparkCar_ROS2_WS/SparkCar_Perception/install/realsense2_description:/home/orangepi/Desktop/SparkCar_ROS2_WS/SparkCar_Perception/install/realsense2_camera:/home/orangepi/Desktop/SparkCar_ROS2_WS/SparkCar_Perception/install/loop_fusion:/home/orangepi/Desktop/SparkCar_ROS2_WS/SparkCar_Perception/install/global_fusion:/home/orangepi/Desktop/SparkCar_ROS2_WS/SparkCar_Perception/install/camera_models:/home/orangepi/Desktop/SparkCar_ROS2_WS/SparkCar_Controller/install/target_follower:/home/orangepi/Desktop/SparkCar_ROS2_WS/SparkCar_Tools/install/kalibr:/home/orangepi/Desktop/SparkCar_ROS2_WS/SparkCar_Tools/install/incremental_calibration_python:/home/orangepi/Desktop/SparkCar_ROS2_WS/SparkCar_Tools/install/incremental_calibration:/home/orangepi/Desktop/SparkCar_ROS2_WS/SparkCar_Tools/install/aslam_splines_python:/home/orangepi/Desktop/SparkCar_ROS2_WS/SparkCar_Tools/install/bsplines_python:/home/orangepi/Desktop/SparkCar_ROS2_WS/SparkCar_Tools/install/aslam_cv_backend_python:/home/orangepi/Desktop/SparkCar_ROS2_WS/SparkCar_Tools/install/aslam_cv_python:/home/orangepi/Desktop/SparkCar_ROS2_WS/SparkCar_Tools/install/aslam_cv_error_terms:/home/orangepi/Desktop/SparkCar_ROS2_WS/SparkCar_Tools/install/aslam_cv_backend:/home/orangepi/Desktop/SparkCar_ROS2_WS/SparkCar_Tools/install/aslam_splines:/home/orangepi/Desktop/SparkCar_ROS2_WS/SparkCar_Tools/install/bsplines:/home/orangepi/Desktop/SparkCar_ROS2_WS/SparkCar_Tools/install/aslam_backend_python:/home/orangepi/Desktop/SparkCar_ROS2_WS/SparkCar_Tools/install/aslam_backend_expressions:/home/orangepi/Desktop/SparkCar_ROS2_WS/SparkCar_Tools/install/aslam_backend:/home/orangepi/Desktop/SparkCar_ROS2_WS/SparkCar_Tools/install/sparse_block_matrix:/home/orangepi/Desktop/SparkCar_ROS2_WS/SparkCar_Tools/install/aslam_cameras_april:/home/orangepi/Desktop/SparkCar_ROS2_WS/SparkCar_Tools/install/sm_python:/home/orangepi/Desktop/SparkCar_ROS2_WS/SparkCar_Tools/install/sm_timing:/home/orangepi/Desktop/SparkCar_ROS2_WS/SparkCar_Tools/install/aslam_imgproc:/home/orangepi/Desktop/SparkCar_ROS2_WS/SparkCar_Tools/install/aslam_cv_serialization:/home/orangepi/Desktop/SparkCar_ROS2_WS/SparkCar_Tools/install/aslam_cameras:/home/orangepi/Desktop/SparkCar_ROS2_WS/SparkCar_Tools/install/sm_kinematics:/home/orangepi/Desktop/SparkCar_ROS2_WS/SparkCar_Tools/install/sm_eigen:/home/orangepi/Desktop/SparkCar_ROS2_WS/SparkCar_Tools/install/sm_random:/home/orangepi/Desktop/SparkCar_ROS2_WS/SparkCar_Tools/install/sm_property_tree:/home/orangepi/Desktop/SparkCar_ROS2_WS/SparkCar_Tools/install/sm_opencv:/home/orangepi/Desktop/SparkCar_ROS2_WS/SparkCar_Tools/install/sm_matrix_archive:/home/orangepi/Desktop/SparkCar_ROS2_WS/SparkCar_Tools/install/sm_logging:/home/orangepi/Desktop/SparkCar_ROS2_WS/SparkCar_Tools/install/sm_boost:/home/orangepi/Desktop/SparkCar_ROS2_WS/SparkCar_Tools/install/sm_common:/home/orangepi/Desktop/SparkCar_ROS2_WS/SparkCar_Tools/install/python_module:/home/orangepi/Desktop/SparkCar_ROS2_WS/SparkCar_Tools/install/numpy_eigen:/home/orangepi/Desktop/SparkCar_ROS2_WS/SparkCar_Tools/install/ethz_apriltag2:/home/orangepi/Desktop/SparkCar_ROS2_WS/SparkCar_Tools/install/aslam_time:/opt/ros/humble LD_LIBRARY_PATH=/home/orangepi/Desktop/SparkCar_ROS2_WS/SparkCar_Perception/install/realsense2_camera_msgs/lib:/home/orangepi/Desktop/SparkCar_ROS2_WS/SparkCar_Perception/install/realsense2_camera/lib:/home/orangepi/Desktop/SparkCar_ROS2_WS/SparkCar_Perception/install/camera_models/lib:/home/orangepi/Desktop/SparkCar_ROS2_WS/SparkCar_Tools/install/kalibr/lib:/home/orangepi/Desktop/SparkCar_ROS2_WS/SparkCar_Tools/install/incremental_calibration/lib:/home/orangepi/Desktop/SparkCar_ROS2_WS/SparkCar_Tools/install/aslam_cv_error_terms/lib:/home/orangepi/Desktop/SparkCar_ROS2_WS/SparkCar_Tools/install/aslam_cv_backend/lib:/home/orangepi/Desktop/SparkCar_ROS2_WS/SparkCar_Tools/install/aslam_splines/lib:/home/orangepi/Desktop/SparkCar_ROS2_WS/SparkCar_Tools/install/bsplines/lib:/home/orangepi/Desktop/SparkCar_ROS2_WS/SparkCar_Tools/install/aslam_backend_expressions/lib:/home/orangepi/Desktop/SparkCar_ROS2_WS/SparkCar_Tools/install/aslam_backend/lib:/home/orangepi/Desktop/SparkCar_ROS2_WS/SparkCar_Tools/install/sparse_block_matrix/lib:/home/orangepi/Desktop/SparkCar_ROS2_WS/SparkCar_Tools/install/aslam_cameras_april/lib:/home/orangepi/Desktop/SparkCar_ROS2_WS/SparkCar_Tools/install/sm_timing/lib:/home/orangepi/Desktop/SparkCar_ROS2_WS/SparkCar_Tools/install/aslam_imgproc/lib:/home/orangepi/Desktop/SparkCar_ROS2_WS/SparkCar_Tools/install/aslam_cv_serialization/lib:/home/orangepi/Desktop/SparkCar_ROS2_WS/SparkCar_Tools/install/aslam_cameras/lib:/home/orangepi/Desktop/SparkCar_ROS2_WS/SparkCar_Tools/install/sm_kinematics/lib:/home/orangepi/Desktop/SparkCar_ROS2_WS/SparkCar_Tools/install/sm_eigen/lib:/home/orangepi/Desktop/SparkCar_ROS2_WS/SparkCar_Tools/install/sm_random/lib:/home/orangepi/Desktop/SparkCar_ROS2_WS/SparkCar_Tools/install/sm_property_tree/lib:/home/orangepi/Desktop/SparkCar_ROS2_WS/SparkCar_Tools/install/sm_matrix_archive/lib:/home/orangepi/Desktop/SparkCar_ROS2_WS/SparkCar_Tools/install/sm_logging/lib:/home/orangepi/Desktop/SparkCar_ROS2_WS/SparkCar_Tools/install/sm_boost/lib:/home/orangepi/Desktop/SparkCar_ROS2_WS/SparkCar_Tools/install/sm_common/lib:/home/orangepi/Desktop/SparkCar_ROS2_WS/SparkCar_Tools/install/ethz_apriltag2/lib:/home/orangepi/Desktop/SparkCar_ROS2_WS/SparkCar_Tools/install/aslam_time/lib:/opt/ros/humble/opt/rviz_ogre_vendor/lib:/opt/ros/humble/lib/aarch64-linux-gnu:/opt/ros/humble/lib /usr/bin/cmake --install /home/orangepi/Desktop/SparkCar_ROS2_WS/SparkCar_Perception/build/realsense2_description
[2.537s] Level 1:colcon.colcon_core.environment:create_environment_scripts_only(realsense2_description)
[2.538s] Level 1:colcon.colcon_core.environment:checking '/home/orangepi/Desktop/SparkCar_ROS2_WS/SparkCar_Perception/install/realsense2_description' for CMake module files
[2.540s] DEBUG:colcon.colcon_core.event_handler.log_command:Invoked command in '/home/orangepi/Desktop/SparkCar_ROS2_WS/SparkCar_Perception/build/realsense2_description' returned '0': CMAKE_PREFIX_PATH=/home/orangepi/Desktop/SparkCar_ROS2_WS/SparkCar_Perception/install/realsense2_camera_msgs:/home/orangepi/Desktop/SparkCar_ROS2_WS/SparkCar_Perception/install/vision_to_mavros:/home/orangepi/Desktop/SparkCar_ROS2_WS/SparkCar_Perception/install/vins:/home/orangepi/Desktop/SparkCar_ROS2_WS/SparkCar_Perception/install/realsense2_description:/home/orangepi/Desktop/SparkCar_ROS2_WS/SparkCar_Perception/install/realsense2_camera:/home/orangepi/Desktop/SparkCar_ROS2_WS/SparkCar_Perception/install/loop_fusion:/home/orangepi/Desktop/SparkCar_ROS2_WS/SparkCar_Perception/install/global_fusion:/home/orangepi/Desktop/SparkCar_ROS2_WS/SparkCar_Perception/install/camera_models:/home/orangepi/Desktop/SparkCar_ROS2_WS/SparkCar_Controller/install/target_follower:/home/orangepi/Desktop/SparkCar_ROS2_WS/SparkCar_Tools/install/kalibr:/home/orangepi/Desktop/SparkCar_ROS2_WS/SparkCar_Tools/install/incremental_calibration_python:/home/orangepi/Desktop/SparkCar_ROS2_WS/SparkCar_Tools/install/incremental_calibration:/home/orangepi/Desktop/SparkCar_ROS2_WS/SparkCar_Tools/install/aslam_splines_python:/home/orangepi/Desktop/SparkCar_ROS2_WS/SparkCar_Tools/install/bsplines_python:/home/orangepi/Desktop/SparkCar_ROS2_WS/SparkCar_Tools/install/aslam_cv_backend_python:/home/orangepi/Desktop/SparkCar_ROS2_WS/SparkCar_Tools/install/aslam_cv_python:/home/orangepi/Desktop/SparkCar_ROS2_WS/SparkCar_Tools/install/aslam_cv_error_terms:/home/orangepi/Desktop/SparkCar_ROS2_WS/SparkCar_Tools/install/aslam_cv_backend:/home/orangepi/Desktop/SparkCar_ROS2_WS/SparkCar_Tools/install/aslam_splines:/home/orangepi/Desktop/SparkCar_ROS2_WS/SparkCar_Tools/install/bsplines:/home/orangepi/Desktop/SparkCar_ROS2_WS/SparkCar_Tools/install/aslam_backend_python:/home/orangepi/Desktop/SparkCar_ROS2_WS/SparkCar_Tools/install/aslam_backend_expressions:/home/orangepi/Desktop/SparkCar_ROS2_WS/SparkCar_Tools/install/aslam_backend:/home/orangepi/Desktop/SparkCar_ROS2_WS/SparkCar_Tools/install/sparse_block_matrix:/home/orangepi/Desktop/SparkCar_ROS2_WS/SparkCar_Tools/install/aslam_cameras_april:/home/orangepi/Desktop/SparkCar_ROS2_WS/SparkCar_Tools/install/sm_python:/home/orangepi/Desktop/SparkCar_ROS2_WS/SparkCar_Tools/install/sm_timing:/home/orangepi/Desktop/SparkCar_ROS2_WS/SparkCar_Tools/install/aslam_imgproc:/home/orangepi/Desktop/SparkCar_ROS2_WS/SparkCar_Tools/install/aslam_cv_serialization:/home/orangepi/Desktop/SparkCar_ROS2_WS/SparkCar_Tools/install/aslam_cameras:/home/orangepi/Desktop/SparkCar_ROS2_WS/SparkCar_Tools/install/sm_kinematics:/home/orangepi/Desktop/SparkCar_ROS2_WS/SparkCar_Tools/install/sm_eigen:/home/orangepi/Desktop/SparkCar_ROS2_WS/SparkCar_Tools/install/sm_random:/home/orangepi/Desktop/SparkCar_ROS2_WS/SparkCar_Tools/install/sm_property_tree:/home/orangepi/Desktop/SparkCar_ROS2_WS/SparkCar_Tools/install/sm_opencv:/home/orangepi/Desktop/SparkCar_ROS2_WS/SparkCar_Tools/install/sm_matrix_archive:/home/orangepi/Desktop/SparkCar_ROS2_WS/SparkCar_Tools/install/sm_logging:/home/orangepi/Desktop/SparkCar_ROS2_WS/SparkCar_Tools/install/sm_boost:/home/orangepi/Desktop/SparkCar_ROS2_WS/SparkCar_Tools/install/sm_common:/home/orangepi/Desktop/SparkCar_ROS2_WS/SparkCar_Tools/install/python_module:/home/orangepi/Desktop/SparkCar_ROS2_WS/SparkCar_Tools/install/numpy_eigen:/home/orangepi/Desktop/SparkCar_ROS2_WS/SparkCar_Tools/install/ethz_apriltag2:/home/orangepi/Desktop/SparkCar_ROS2_WS/SparkCar_Tools/install/aslam_time:/opt/ros/humble LD_LIBRARY_PATH=/home/orangepi/Desktop/SparkCar_ROS2_WS/SparkCar_Perception/install/realsense2_camera_msgs/lib:/home/orangepi/Desktop/SparkCar_ROS2_WS/SparkCar_Perception/install/realsense2_camera/lib:/home/orangepi/Desktop/SparkCar_ROS2_WS/SparkCar_Perception/install/camera_models/lib:/home/orangepi/Desktop/SparkCar_ROS2_WS/SparkCar_Tools/install/kalibr/lib:/home/orangepi/Desktop/SparkCar_ROS2_WS/SparkCar_Tools/install/incremental_calibration/lib:/home/orangepi/Desktop/SparkCar_ROS2_WS/SparkCar_Tools/install/aslam_cv_error_terms/lib:/home/orangepi/Desktop/SparkCar_ROS2_WS/SparkCar_Tools/install/aslam_cv_backend/lib:/home/orangepi/Desktop/SparkCar_ROS2_WS/SparkCar_Tools/install/aslam_splines/lib:/home/orangepi/Desktop/SparkCar_ROS2_WS/SparkCar_Tools/install/bsplines/lib:/home/orangepi/Desktop/SparkCar_ROS2_WS/SparkCar_Tools/install/aslam_backend_expressions/lib:/home/orangepi/Desktop/SparkCar_ROS2_WS/SparkCar_Tools/install/aslam_backend/lib:/home/orangepi/Desktop/SparkCar_ROS2_WS/SparkCar_Tools/install/sparse_block_matrix/lib:/home/orangepi/Desktop/SparkCar_ROS2_WS/SparkCar_Tools/install/aslam_cameras_april/lib:/home/orangepi/Desktop/SparkCar_ROS2_WS/SparkCar_Tools/install/sm_timing/lib:/home/orangepi/Desktop/SparkCar_ROS2_WS/SparkCar_Tools/install/aslam_imgproc/lib:/home/orangepi/Desktop/SparkCar_ROS2_WS/SparkCar_Tools/install/aslam_cv_serialization/lib:/home/orangepi/Desktop/SparkCar_ROS2_WS/SparkCar_Tools/install/aslam_cameras/lib:/home/orangepi/Desktop/SparkCar_ROS2_WS/SparkCar_Tools/install/sm_kinematics/lib:/home/orangepi/Desktop/SparkCar_ROS2_WS/SparkCar_Tools/install/sm_eigen/lib:/home/orangepi/Desktop/SparkCar_ROS2_WS/SparkCar_Tools/install/sm_random/lib:/home/orangepi/Desktop/SparkCar_ROS2_WS/SparkCar_Tools/install/sm_property_tree/lib:/home/orangepi/Desktop/SparkCar_ROS2_WS/SparkCar_Tools/install/sm_matrix_archive/lib:/home/orangepi/Desktop/SparkCar_ROS2_WS/SparkCar_Tools/install/sm_logging/lib:/home/orangepi/Desktop/SparkCar_ROS2_WS/SparkCar_Tools/install/sm_boost/lib:/home/orangepi/Desktop/SparkCar_ROS2_WS/SparkCar_Tools/install/sm_common/lib:/home/orangepi/Desktop/SparkCar_ROS2_WS/SparkCar_Tools/install/ethz_apriltag2/lib:/home/orangepi/Desktop/SparkCar_ROS2_WS/SparkCar_Tools/install/aslam_time/lib:/opt/ros/humble/opt/rviz_ogre_vendor/lib:/opt/ros/humble/lib/aarch64-linux-gnu:/opt/ros/humble/lib /usr/bin/cmake --install /home/orangepi/Desktop/SparkCar_ROS2_WS/SparkCar_Perception/build/realsense2_description
[2.540s] Level 1:colcon.colcon_core.environment:checking '/home/orangepi/Desktop/SparkCar_ROS2_WS/SparkCar_Perception/install/realsense2_description' for CMake config files
[2.541s] Level 1:colcon.colcon_core.shell:create_environment_hook('realsense2_description', 'cmake_prefix_path')
[2.543s] INFO:colcon.colcon_core.shell:Creating environment hook '/home/orangepi/Desktop/SparkCar_ROS2_WS/SparkCar_Perception/install/realsense2_description/share/realsense2_description/hook/cmake_prefix_path.ps1'
[2.545s] INFO:colcon.colcon_core.shell:Creating environment descriptor '/home/orangepi/Desktop/SparkCar_ROS2_WS/SparkCar_Perception/install/realsense2_description/share/realsense2_description/hook/cmake_prefix_path.dsv'
[2.548s] INFO:colcon.colcon_core.shell:Creating environment hook '/home/orangepi/Desktop/SparkCar_ROS2_WS/SparkCar_Perception/install/realsense2_description/share/realsense2_description/hook/cmake_prefix_path.sh'
[2.551s] Level 1:colcon.colcon_core.environment:checking '/home/orangepi/Desktop/SparkCar_ROS2_WS/SparkCar_Perception/install/realsense2_description/bin'
[2.552s] Level 1:colcon.colcon_core.environment:checking '/home/orangepi/Desktop/SparkCar_ROS2_WS/SparkCar_Perception/install/realsense2_description/lib/pkgconfig/realsense2_description.pc'
[2.553s] Level 1:colcon.colcon_core.environment:checking '/home/orangepi/Desktop/SparkCar_ROS2_WS/SparkCar_Perception/install/realsense2_description/lib/python3.10/site-packages'
[2.555s] Level 1:colcon.colcon_core.environment:checking '/home/orangepi/Desktop/SparkCar_ROS2_WS/SparkCar_Perception/install/realsense2_description/bin'
[2.557s] INFO:colcon.colcon_core.shell:Creating package script '/home/orangepi/Desktop/SparkCar_ROS2_WS/SparkCar_Perception/install/realsense2_description/share/realsense2_description/package.ps1'
[2.561s] INFO:colcon.colcon_core.shell:Creating package descriptor '/home/orangepi/Desktop/SparkCar_ROS2_WS/SparkCar_Perception/install/realsense2_description/share/realsense2_description/package.dsv'
[2.564s] INFO:colcon.colcon_core.shell:Creating package script '/home/orangepi/Desktop/SparkCar_ROS2_WS/SparkCar_Perception/install/realsense2_description/share/realsense2_description/package.sh'
[2.567s] INFO:colcon.colcon_core.shell:Creating package script '/home/orangepi/Desktop/SparkCar_ROS2_WS/SparkCar_Perception/install/realsense2_description/share/realsense2_description/package.bash'
[2.570s] INFO:colcon.colcon_core.shell:Creating package script '/home/orangepi/Desktop/SparkCar_ROS2_WS/SparkCar_Perception/install/realsense2_description/share/realsense2_description/package.zsh'
[2.573s] Level 1:colcon.colcon_core.environment:create_file_with_runtime_dependencies(/home/orangepi/Desktop/SparkCar_ROS2_WS/SparkCar_Perception/install/realsense2_description/share/colcon-core/packages/realsense2_description)
[2.576s] Level 1:colcon.colcon_core.environment:create_environment_scripts_only(realsense2_description)
[2.578s] Level 1:colcon.colcon_core.environment:checking '/home/orangepi/Desktop/SparkCar_ROS2_WS/SparkCar_Perception/install/realsense2_description' for CMake module files
[2.581s] Level 1:colcon.colcon_core.environment:checking '/home/orangepi/Desktop/SparkCar_ROS2_WS/SparkCar_Perception/install/realsense2_description' for CMake config files
[2.582s] Level 1:colcon.colcon_core.shell:create_environment_hook('realsense2_description', 'cmake_prefix_path')
[2.584s] INFO:colcon.colcon_core.shell:Creating environment hook '/home/orangepi/Desktop/SparkCar_ROS2_WS/SparkCar_Perception/install/realsense2_description/share/realsense2_description/hook/cmake_prefix_path.ps1'
[2.587s] INFO:colcon.colcon_core.shell:Creating environment descriptor '/home/orangepi/Desktop/SparkCar_ROS2_WS/SparkCar_Perception/install/realsense2_description/share/realsense2_description/hook/cmake_prefix_path.dsv'
[2.589s] INFO:colcon.colcon_core.shell:Creating environment hook '/home/orangepi/Desktop/SparkCar_ROS2_WS/SparkCar_Perception/install/realsense2_description/share/realsense2_description/hook/cmake_prefix_path.sh'
[2.593s] Level 1:colcon.colcon_core.environment:checking '/home/orangepi/Desktop/SparkCar_ROS2_WS/SparkCar_Perception/install/realsense2_description/bin'
[2.594s] Level 1:colcon.colcon_core.environment:checking '/home/orangepi/Desktop/SparkCar_ROS2_WS/SparkCar_Perception/install/realsense2_description/lib/pkgconfig/realsense2_description.pc'
[2.595s] Level 1:colcon.colcon_core.environment:checking '/home/orangepi/Desktop/SparkCar_ROS2_WS/SparkCar_Perception/install/realsense2_description/lib/python3.10/site-packages'
[2.597s] Level 1:colcon.colcon_core.environment:checking '/home/orangepi/Desktop/SparkCar_ROS2_WS/SparkCar_Perception/install/realsense2_description/bin'
[2.600s] INFO:colcon.colcon_core.shell:Creating package script '/home/orangepi/Desktop/SparkCar_ROS2_WS/SparkCar_Perception/install/realsense2_description/share/realsense2_description/package.ps1'
[2.605s] INFO:colcon.colcon_core.shell:Creating package descriptor '/home/orangepi/Desktop/SparkCar_ROS2_WS/SparkCar_Perception/install/realsense2_description/share/realsense2_description/package.dsv'
[2.608s] INFO:colcon.colcon_core.shell:Creating package script '/home/orangepi/Desktop/SparkCar_ROS2_WS/SparkCar_Perception/install/realsense2_description/share/realsense2_description/package.sh'
[2.611s] INFO:colcon.colcon_core.shell:Creating package script '/home/orangepi/Desktop/SparkCar_ROS2_WS/SparkCar_Perception/install/realsense2_description/share/realsense2_description/package.bash'
[2.614s] INFO:colcon.colcon_core.shell:Creating package script '/home/orangepi/Desktop/SparkCar_ROS2_WS/SparkCar_Perception/install/realsense2_description/share/realsense2_description/package.zsh'
[2.617s] Level 1:colcon.colcon_core.environment:create_file_with_runtime_dependencies(/home/orangepi/Desktop/SparkCar_ROS2_WS/SparkCar_Perception/install/realsense2_description/share/colcon-core/packages/realsense2_description)
[2.620s] DEBUG:colcon.colcon_core.event_handler.log_command:Invoked command in '/home/orangepi/Desktop/SparkCar_ROS2_WS/SparkCar_Perception/build/realsense2_camera' returned '0': CMAKE_PREFIX_PATH=/home/orangepi/Desktop/SparkCar_ROS2_WS/SparkCar_Perception/install/realsense2_camera_msgs:/home/orangepi/Desktop/SparkCar_ROS2_WS/SparkCar_Perception/install/vision_to_mavros:/home/orangepi/Desktop/SparkCar_ROS2_WS/SparkCar_Perception/install/vins:/home/orangepi/Desktop/SparkCar_ROS2_WS/SparkCar_Perception/install/realsense2_description:/home/orangepi/Desktop/SparkCar_ROS2_WS/SparkCar_Perception/install/realsense2_camera:/home/orangepi/Desktop/SparkCar_ROS2_WS/SparkCar_Perception/install/loop_fusion:/home/orangepi/Desktop/SparkCar_ROS2_WS/SparkCar_Perception/install/global_fusion:/home/orangepi/Desktop/SparkCar_ROS2_WS/SparkCar_Perception/install/camera_models:/home/orangepi/Desktop/SparkCar_ROS2_WS/SparkCar_Controller/install/target_follower:/home/orangepi/Desktop/SparkCar_ROS2_WS/SparkCar_Tools/install/kalibr:/home/orangepi/Desktop/SparkCar_ROS2_WS/SparkCar_Tools/install/incremental_calibration_python:/home/orangepi/Desktop/SparkCar_ROS2_WS/SparkCar_Tools/install/incremental_calibration:/home/orangepi/Desktop/SparkCar_ROS2_WS/SparkCar_Tools/install/aslam_splines_python:/home/orangepi/Desktop/SparkCar_ROS2_WS/SparkCar_Tools/install/bsplines_python:/home/orangepi/Desktop/SparkCar_ROS2_WS/SparkCar_Tools/install/aslam_cv_backend_python:/home/orangepi/Desktop/SparkCar_ROS2_WS/SparkCar_Tools/install/aslam_cv_python:/home/orangepi/Desktop/SparkCar_ROS2_WS/SparkCar_Tools/install/aslam_cv_error_terms:/home/orangepi/Desktop/SparkCar_ROS2_WS/SparkCar_Tools/install/aslam_cv_backend:/home/orangepi/Desktop/SparkCar_ROS2_WS/SparkCar_Tools/install/aslam_splines:/home/orangepi/Desktop/SparkCar_ROS2_WS/SparkCar_Tools/install/bsplines:/home/orangepi/Desktop/SparkCar_ROS2_WS/SparkCar_Tools/install/aslam_backend_python:/home/orangepi/Desktop/SparkCar_ROS2_WS/SparkCar_Tools/install/aslam_backend_expressions:/home/orangepi/Desktop/SparkCar_ROS2_WS/SparkCar_Tools/install/aslam_backend:/home/orangepi/Desktop/SparkCar_ROS2_WS/SparkCar_Tools/install/sparse_block_matrix:/home/orangepi/Desktop/SparkCar_ROS2_WS/SparkCar_Tools/install/aslam_cameras_april:/home/orangepi/Desktop/SparkCar_ROS2_WS/SparkCar_Tools/install/sm_python:/home/orangepi/Desktop/SparkCar_ROS2_WS/SparkCar_Tools/install/sm_timing:/home/orangepi/Desktop/SparkCar_ROS2_WS/SparkCar_Tools/install/aslam_imgproc:/home/orangepi/Desktop/SparkCar_ROS2_WS/SparkCar_Tools/install/aslam_cv_serialization:/home/orangepi/Desktop/SparkCar_ROS2_WS/SparkCar_Tools/install/aslam_cameras:/home/orangepi/Desktop/SparkCar_ROS2_WS/SparkCar_Tools/install/sm_kinematics:/home/orangepi/Desktop/SparkCar_ROS2_WS/SparkCar_Tools/install/sm_eigen:/home/orangepi/Desktop/SparkCar_ROS2_WS/SparkCar_Tools/install/sm_random:/home/orangepi/Desktop/SparkCar_ROS2_WS/SparkCar_Tools/install/sm_property_tree:/home/orangepi/Desktop/SparkCar_ROS2_WS/SparkCar_Tools/install/sm_opencv:/home/orangepi/Desktop/SparkCar_ROS2_WS/SparkCar_Tools/install/sm_matrix_archive:/home/orangepi/Desktop/SparkCar_ROS2_WS/SparkCar_Tools/install/sm_logging:/home/orangepi/Desktop/SparkCar_ROS2_WS/SparkCar_Tools/install/sm_boost:/home/orangepi/Desktop/SparkCar_ROS2_WS/SparkCar_Tools/install/sm_common:/home/orangepi/Desktop/SparkCar_ROS2_WS/SparkCar_Tools/install/python_module:/home/orangepi/Desktop/SparkCar_ROS2_WS/SparkCar_Tools/install/numpy_eigen:/home/orangepi/Desktop/SparkCar_ROS2_WS/SparkCar_Tools/install/ethz_apriltag2:/home/orangepi/Desktop/SparkCar_ROS2_WS/SparkCar_Tools/install/aslam_time:/opt/ros/humble LD_LIBRARY_PATH=/home/orangepi/Desktop/SparkCar_ROS2_WS/SparkCar_Perception/install/realsense2_camera_msgs/lib:/home/orangepi/Desktop/SparkCar_ROS2_WS/SparkCar_Perception/install/realsense2_camera/lib:/home/orangepi/Desktop/SparkCar_ROS2_WS/SparkCar_Perception/install/camera_models/lib:/home/orangepi/Desktop/SparkCar_ROS2_WS/SparkCar_Tools/install/kalibr/lib:/home/orangepi/Desktop/SparkCar_ROS2_WS/SparkCar_Tools/install/incremental_calibration/lib:/home/orangepi/Desktop/SparkCar_ROS2_WS/SparkCar_Tools/install/aslam_cv_error_terms/lib:/home/orangepi/Desktop/SparkCar_ROS2_WS/SparkCar_Tools/install/aslam_cv_backend/lib:/home/orangepi/Desktop/SparkCar_ROS2_WS/SparkCar_Tools/install/aslam_splines/lib:/home/orangepi/Desktop/SparkCar_ROS2_WS/SparkCar_Tools/install/bsplines/lib:/home/orangepi/Desktop/SparkCar_ROS2_WS/SparkCar_Tools/install/aslam_backend_expressions/lib:/home/orangepi/Desktop/SparkCar_ROS2_WS/SparkCar_Tools/install/aslam_backend/lib:/home/orangepi/Desktop/SparkCar_ROS2_WS/SparkCar_Tools/install/sparse_block_matrix/lib:/home/orangepi/Desktop/SparkCar_ROS2_WS/SparkCar_Tools/install/aslam_cameras_april/lib:/home/orangepi/Desktop/SparkCar_ROS2_WS/SparkCar_Tools/install/sm_timing/lib:/home/orangepi/Desktop/SparkCar_ROS2_WS/SparkCar_Tools/install/aslam_imgproc/lib:/home/orangepi/Desktop/SparkCar_ROS2_WS/SparkCar_Tools/install/aslam_cv_serialization/lib:/home/orangepi/Desktop/SparkCar_ROS2_WS/SparkCar_Tools/install/aslam_cameras/lib:/home/orangepi/Desktop/SparkCar_ROS2_WS/SparkCar_Tools/install/sm_kinematics/lib:/home/orangepi/Desktop/SparkCar_ROS2_WS/SparkCar_Tools/install/sm_eigen/lib:/home/orangepi/Desktop/SparkCar_ROS2_WS/SparkCar_Tools/install/sm_random/lib:/home/orangepi/Desktop/SparkCar_ROS2_WS/SparkCar_Tools/install/sm_property_tree/lib:/home/orangepi/Desktop/SparkCar_ROS2_WS/SparkCar_Tools/install/sm_matrix_archive/lib:/home/orangepi/Desktop/SparkCar_ROS2_WS/SparkCar_Tools/install/sm_logging/lib:/home/orangepi/Desktop/SparkCar_ROS2_WS/SparkCar_Tools/install/sm_boost/lib:/home/orangepi/Desktop/SparkCar_ROS2_WS/SparkCar_Tools/install/sm_common/lib:/home/orangepi/Desktop/SparkCar_ROS2_WS/SparkCar_Tools/install/ethz_apriltag2/lib:/home/orangepi/Desktop/SparkCar_ROS2_WS/SparkCar_Tools/install/aslam_time/lib:/opt/ros/humble/opt/rviz_ogre_vendor/lib:/opt/ros/humble/lib/aarch64-linux-gnu:/opt/ros/humble/lib /usr/bin/cmake --build /home/orangepi/Desktop/SparkCar_ROS2_WS/SparkCar_Perception/build/realsense2_camera -- -j8 -l8
[2.625s] DEBUG:colcon.colcon_core.event_handler.log_command:Invoking command in '/home/orangepi/Desktop/SparkCar_ROS2_WS/SparkCar_Perception/build/realsense2_camera': CMAKE_PREFIX_PATH=/home/orangepi/Desktop/SparkCar_ROS2_WS/SparkCar_Perception/install/realsense2_camera_msgs:/home/orangepi/Desktop/SparkCar_ROS2_WS/SparkCar_Perception/install/vision_to_mavros:/home/orangepi/Desktop/SparkCar_ROS2_WS/SparkCar_Perception/install/vins:/home/orangepi/Desktop/SparkCar_ROS2_WS/SparkCar_Perception/install/realsense2_description:/home/orangepi/Desktop/SparkCar_ROS2_WS/SparkCar_Perception/install/realsense2_camera:/home/orangepi/Desktop/SparkCar_ROS2_WS/SparkCar_Perception/install/loop_fusion:/home/orangepi/Desktop/SparkCar_ROS2_WS/SparkCar_Perception/install/global_fusion:/home/orangepi/Desktop/SparkCar_ROS2_WS/SparkCar_Perception/install/camera_models:/home/orangepi/Desktop/SparkCar_ROS2_WS/SparkCar_Controller/install/target_follower:/home/orangepi/Desktop/SparkCar_ROS2_WS/SparkCar_Tools/install/kalibr:/home/orangepi/Desktop/SparkCar_ROS2_WS/SparkCar_Tools/install/incremental_calibration_python:/home/orangepi/Desktop/SparkCar_ROS2_WS/SparkCar_Tools/install/incremental_calibration:/home/orangepi/Desktop/SparkCar_ROS2_WS/SparkCar_Tools/install/aslam_splines_python:/home/orangepi/Desktop/SparkCar_ROS2_WS/SparkCar_Tools/install/bsplines_python:/home/orangepi/Desktop/SparkCar_ROS2_WS/SparkCar_Tools/install/aslam_cv_backend_python:/home/orangepi/Desktop/SparkCar_ROS2_WS/SparkCar_Tools/install/aslam_cv_python:/home/orangepi/Desktop/SparkCar_ROS2_WS/SparkCar_Tools/install/aslam_cv_error_terms:/home/orangepi/Desktop/SparkCar_ROS2_WS/SparkCar_Tools/install/aslam_cv_backend:/home/orangepi/Desktop/SparkCar_ROS2_WS/SparkCar_Tools/install/aslam_splines:/home/orangepi/Desktop/SparkCar_ROS2_WS/SparkCar_Tools/install/bsplines:/home/orangepi/Desktop/SparkCar_ROS2_WS/SparkCar_Tools/install/aslam_backend_python:/home/orangepi/Desktop/SparkCar_ROS2_WS/SparkCar_Tools/install/aslam_backend_expressions:/home/orangepi/Desktop/SparkCar_ROS2_WS/SparkCar_Tools/install/aslam_backend:/home/orangepi/Desktop/SparkCar_ROS2_WS/SparkCar_Tools/install/sparse_block_matrix:/home/orangepi/Desktop/SparkCar_ROS2_WS/SparkCar_Tools/install/aslam_cameras_april:/home/orangepi/Desktop/SparkCar_ROS2_WS/SparkCar_Tools/install/sm_python:/home/orangepi/Desktop/SparkCar_ROS2_WS/SparkCar_Tools/install/sm_timing:/home/orangepi/Desktop/SparkCar_ROS2_WS/SparkCar_Tools/install/aslam_imgproc:/home/orangepi/Desktop/SparkCar_ROS2_WS/SparkCar_Tools/install/aslam_cv_serialization:/home/orangepi/Desktop/SparkCar_ROS2_WS/SparkCar_Tools/install/aslam_cameras:/home/orangepi/Desktop/SparkCar_ROS2_WS/SparkCar_Tools/install/sm_kinematics:/home/orangepi/Desktop/SparkCar_ROS2_WS/SparkCar_Tools/install/sm_eigen:/home/orangepi/Desktop/SparkCar_ROS2_WS/SparkCar_Tools/install/sm_random:/home/orangepi/Desktop/SparkCar_ROS2_WS/SparkCar_Tools/install/sm_property_tree:/home/orangepi/Desktop/SparkCar_ROS2_WS/SparkCar_Tools/install/sm_opencv:/home/orangepi/Desktop/SparkCar_ROS2_WS/SparkCar_Tools/install/sm_matrix_archive:/home/orangepi/Desktop/SparkCar_ROS2_WS/SparkCar_Tools/install/sm_logging:/home/orangepi/Desktop/SparkCar_ROS2_WS/SparkCar_Tools/install/sm_boost:/home/orangepi/Desktop/SparkCar_ROS2_WS/SparkCar_Tools/install/sm_common:/home/orangepi/Desktop/SparkCar_ROS2_WS/SparkCar_Tools/install/python_module:/home/orangepi/Desktop/SparkCar_ROS2_WS/SparkCar_Tools/install/numpy_eigen:/home/orangepi/Desktop/SparkCar_ROS2_WS/SparkCar_Tools/install/ethz_apriltag2:/home/orangepi/Desktop/SparkCar_ROS2_WS/SparkCar_Tools/install/aslam_time:/opt/ros/humble LD_LIBRARY_PATH=/home/orangepi/Desktop/SparkCar_ROS2_WS/SparkCar_Perception/install/realsense2_camera_msgs/lib:/home/orangepi/Desktop/SparkCar_ROS2_WS/SparkCar_Perception/install/realsense2_camera/lib:/home/orangepi/Desktop/SparkCar_ROS2_WS/SparkCar_Perception/install/camera_models/lib:/home/orangepi/Desktop/SparkCar_ROS2_WS/SparkCar_Tools/install/kalibr/lib:/home/orangepi/Desktop/SparkCar_ROS2_WS/SparkCar_Tools/install/incremental_calibration/lib:/home/orangepi/Desktop/SparkCar_ROS2_WS/SparkCar_Tools/install/aslam_cv_error_terms/lib:/home/orangepi/Desktop/SparkCar_ROS2_WS/SparkCar_Tools/install/aslam_cv_backend/lib:/home/orangepi/Desktop/SparkCar_ROS2_WS/SparkCar_Tools/install/aslam_splines/lib:/home/orangepi/Desktop/SparkCar_ROS2_WS/SparkCar_Tools/install/bsplines/lib:/home/orangepi/Desktop/SparkCar_ROS2_WS/SparkCar_Tools/install/aslam_backend_expressions/lib:/home/orangepi/Desktop/SparkCar_ROS2_WS/SparkCar_Tools/install/aslam_backend/lib:/home/orangepi/Desktop/SparkCar_ROS2_WS/SparkCar_Tools/install/sparse_block_matrix/lib:/home/orangepi/Desktop/SparkCar_ROS2_WS/SparkCar_Tools/install/aslam_cameras_april/lib:/home/orangepi/Desktop/SparkCar_ROS2_WS/SparkCar_Tools/install/sm_timing/lib:/home/orangepi/Desktop/SparkCar_ROS2_WS/SparkCar_Tools/install/aslam_imgproc/lib:/home/orangepi/Desktop/SparkCar_ROS2_WS/SparkCar_Tools/install/aslam_cv_serialization/lib:/home/orangepi/Desktop/SparkCar_ROS2_WS/SparkCar_Tools/install/aslam_cameras/lib:/home/orangepi/Desktop/SparkCar_ROS2_WS/SparkCar_Tools/install/sm_kinematics/lib:/home/orangepi/Desktop/SparkCar_ROS2_WS/SparkCar_Tools/install/sm_eigen/lib:/home/orangepi/Desktop/SparkCar_ROS2_WS/SparkCar_Tools/install/sm_random/lib:/home/orangepi/Desktop/SparkCar_ROS2_WS/SparkCar_Tools/install/sm_property_tree/lib:/home/orangepi/Desktop/SparkCar_ROS2_WS/SparkCar_Tools/install/sm_matrix_archive/lib:/home/orangepi/Desktop/SparkCar_ROS2_WS/SparkCar_Tools/install/sm_logging/lib:/home/orangepi/Desktop/SparkCar_ROS2_WS/SparkCar_Tools/install/sm_boost/lib:/home/orangepi/Desktop/SparkCar_ROS2_WS/SparkCar_Tools/install/sm_common/lib:/home/orangepi/Desktop/SparkCar_ROS2_WS/SparkCar_Tools/install/ethz_apriltag2/lib:/home/orangepi/Desktop/SparkCar_ROS2_WS/SparkCar_Tools/install/aslam_time/lib:/opt/ros/humble/opt/rviz_ogre_vendor/lib:/opt/ros/humble/lib/aarch64-linux-gnu:/opt/ros/humble/lib /usr/bin/cmake --install /home/orangepi/Desktop/SparkCar_ROS2_WS/SparkCar_Perception/build/realsense2_camera
[2.681s] Level 1:colcon.colcon_core.environment:create_environment_scripts_only(realsense2_camera)
[2.682s] Level 1:colcon.colcon_core.environment:checking '/home/orangepi/Desktop/SparkCar_ROS2_WS/SparkCar_Perception/install/realsense2_camera' for CMake module files
[2.684s] DEBUG:colcon.colcon_core.event_handler.log_command:Invoked command in '/home/orangepi/Desktop/SparkCar_ROS2_WS/SparkCar_Perception/build/realsense2_camera' returned '0': CMAKE_PREFIX_PATH=/home/orangepi/Desktop/SparkCar_ROS2_WS/SparkCar_Perception/install/realsense2_camera_msgs:/home/orangepi/Desktop/SparkCar_ROS2_WS/SparkCar_Perception/install/vision_to_mavros:/home/orangepi/Desktop/SparkCar_ROS2_WS/SparkCar_Perception/install/vins:/home/orangepi/Desktop/SparkCar_ROS2_WS/SparkCar_Perception/install/realsense2_description:/home/orangepi/Desktop/SparkCar_ROS2_WS/SparkCar_Perception/install/realsense2_camera:/home/orangepi/Desktop/SparkCar_ROS2_WS/SparkCar_Perception/install/loop_fusion:/home/orangepi/Desktop/SparkCar_ROS2_WS/SparkCar_Perception/install/global_fusion:/home/orangepi/Desktop/SparkCar_ROS2_WS/SparkCar_Perception/install/camera_models:/home/orangepi/Desktop/SparkCar_ROS2_WS/SparkCar_Controller/install/target_follower:/home/orangepi/Desktop/SparkCar_ROS2_WS/SparkCar_Tools/install/kalibr:/home/orangepi/Desktop/SparkCar_ROS2_WS/SparkCar_Tools/install/incremental_calibration_python:/home/orangepi/Desktop/SparkCar_ROS2_WS/SparkCar_Tools/install/incremental_calibration:/home/orangepi/Desktop/SparkCar_ROS2_WS/SparkCar_Tools/install/aslam_splines_python:/home/orangepi/Desktop/SparkCar_ROS2_WS/SparkCar_Tools/install/bsplines_python:/home/orangepi/Desktop/SparkCar_ROS2_WS/SparkCar_Tools/install/aslam_cv_backend_python:/home/orangepi/Desktop/SparkCar_ROS2_WS/SparkCar_Tools/install/aslam_cv_python:/home/orangepi/Desktop/SparkCar_ROS2_WS/SparkCar_Tools/install/aslam_cv_error_terms:/home/orangepi/Desktop/SparkCar_ROS2_WS/SparkCar_Tools/install/aslam_cv_backend:/home/orangepi/Desktop/SparkCar_ROS2_WS/SparkCar_Tools/install/aslam_splines:/home/orangepi/Desktop/SparkCar_ROS2_WS/SparkCar_Tools/install/bsplines:/home/orangepi/Desktop/SparkCar_ROS2_WS/SparkCar_Tools/install/aslam_backend_python:/home/orangepi/Desktop/SparkCar_ROS2_WS/SparkCar_Tools/install/aslam_backend_expressions:/home/orangepi/Desktop/SparkCar_ROS2_WS/SparkCar_Tools/install/aslam_backend:/home/orangepi/Desktop/SparkCar_ROS2_WS/SparkCar_Tools/install/sparse_block_matrix:/home/orangepi/Desktop/SparkCar_ROS2_WS/SparkCar_Tools/install/aslam_cameras_april:/home/orangepi/Desktop/SparkCar_ROS2_WS/SparkCar_Tools/install/sm_python:/home/orangepi/Desktop/SparkCar_ROS2_WS/SparkCar_Tools/install/sm_timing:/home/orangepi/Desktop/SparkCar_ROS2_WS/SparkCar_Tools/install/aslam_imgproc:/home/orangepi/Desktop/SparkCar_ROS2_WS/SparkCar_Tools/install/aslam_cv_serialization:/home/orangepi/Desktop/SparkCar_ROS2_WS/SparkCar_Tools/install/aslam_cameras:/home/orangepi/Desktop/SparkCar_ROS2_WS/SparkCar_Tools/install/sm_kinematics:/home/orangepi/Desktop/SparkCar_ROS2_WS/SparkCar_Tools/install/sm_eigen:/home/orangepi/Desktop/SparkCar_ROS2_WS/SparkCar_Tools/install/sm_random:/home/orangepi/Desktop/SparkCar_ROS2_WS/SparkCar_Tools/install/sm_property_tree:/home/orangepi/Desktop/SparkCar_ROS2_WS/SparkCar_Tools/install/sm_opencv:/home/orangepi/Desktop/SparkCar_ROS2_WS/SparkCar_Tools/install/sm_matrix_archive:/home/orangepi/Desktop/SparkCar_ROS2_WS/SparkCar_Tools/install/sm_logging:/home/orangepi/Desktop/SparkCar_ROS2_WS/SparkCar_Tools/install/sm_boost:/home/orangepi/Desktop/SparkCar_ROS2_WS/SparkCar_Tools/install/sm_common:/home/orangepi/Desktop/SparkCar_ROS2_WS/SparkCar_Tools/install/python_module:/home/orangepi/Desktop/SparkCar_ROS2_WS/SparkCar_Tools/install/numpy_eigen:/home/orangepi/Desktop/SparkCar_ROS2_WS/SparkCar_Tools/install/ethz_apriltag2:/home/orangepi/Desktop/SparkCar_ROS2_WS/SparkCar_Tools/install/aslam_time:/opt/ros/humble LD_LIBRARY_PATH=/home/orangepi/Desktop/SparkCar_ROS2_WS/SparkCar_Perception/install/realsense2_camera_msgs/lib:/home/orangepi/Desktop/SparkCar_ROS2_WS/SparkCar_Perception/install/realsense2_camera/lib:/home/orangepi/Desktop/SparkCar_ROS2_WS/SparkCar_Perception/install/camera_models/lib:/home/orangepi/Desktop/SparkCar_ROS2_WS/SparkCar_Tools/install/kalibr/lib:/home/orangepi/Desktop/SparkCar_ROS2_WS/SparkCar_Tools/install/incremental_calibration/lib:/home/orangepi/Desktop/SparkCar_ROS2_WS/SparkCar_Tools/install/aslam_cv_error_terms/lib:/home/orangepi/Desktop/SparkCar_ROS2_WS/SparkCar_Tools/install/aslam_cv_backend/lib:/home/orangepi/Desktop/SparkCar_ROS2_WS/SparkCar_Tools/install/aslam_splines/lib:/home/orangepi/Desktop/SparkCar_ROS2_WS/SparkCar_Tools/install/bsplines/lib:/home/orangepi/Desktop/SparkCar_ROS2_WS/SparkCar_Tools/install/aslam_backend_expressions/lib:/home/orangepi/Desktop/SparkCar_ROS2_WS/SparkCar_Tools/install/aslam_backend/lib:/home/orangepi/Desktop/SparkCar_ROS2_WS/SparkCar_Tools/install/sparse_block_matrix/lib:/home/orangepi/Desktop/SparkCar_ROS2_WS/SparkCar_Tools/install/aslam_cameras_april/lib:/home/orangepi/Desktop/SparkCar_ROS2_WS/SparkCar_Tools/install/sm_timing/lib:/home/orangepi/Desktop/SparkCar_ROS2_WS/SparkCar_Tools/install/aslam_imgproc/lib:/home/orangepi/Desktop/SparkCar_ROS2_WS/SparkCar_Tools/install/aslam_cv_serialization/lib:/home/orangepi/Desktop/SparkCar_ROS2_WS/SparkCar_Tools/install/aslam_cameras/lib:/home/orangepi/Desktop/SparkCar_ROS2_WS/SparkCar_Tools/install/sm_kinematics/lib:/home/orangepi/Desktop/SparkCar_ROS2_WS/SparkCar_Tools/install/sm_eigen/lib:/home/orangepi/Desktop/SparkCar_ROS2_WS/SparkCar_Tools/install/sm_random/lib:/home/orangepi/Desktop/SparkCar_ROS2_WS/SparkCar_Tools/install/sm_property_tree/lib:/home/orangepi/Desktop/SparkCar_ROS2_WS/SparkCar_Tools/install/sm_matrix_archive/lib:/home/orangepi/Desktop/SparkCar_ROS2_WS/SparkCar_Tools/install/sm_logging/lib:/home/orangepi/Desktop/SparkCar_ROS2_WS/SparkCar_Tools/install/sm_boost/lib:/home/orangepi/Desktop/SparkCar_ROS2_WS/SparkCar_Tools/install/sm_common/lib:/home/orangepi/Desktop/SparkCar_ROS2_WS/SparkCar_Tools/install/ethz_apriltag2/lib:/home/orangepi/Desktop/SparkCar_ROS2_WS/SparkCar_Tools/install/aslam_time/lib:/opt/ros/humble/opt/rviz_ogre_vendor/lib:/opt/ros/humble/lib/aarch64-linux-gnu:/opt/ros/humble/lib /usr/bin/cmake --install /home/orangepi/Desktop/SparkCar_ROS2_WS/SparkCar_Perception/build/realsense2_camera
[2.684s] Level 1:colcon.colcon_core.environment:checking '/home/orangepi/Desktop/SparkCar_ROS2_WS/SparkCar_Perception/install/realsense2_camera' for CMake config files
[2.685s] Level 1:colcon.colcon_core.shell:create_environment_hook('realsense2_camera', 'cmake_prefix_path')
[2.685s] INFO:colcon.colcon_core.shell:Creating environment hook '/home/orangepi/Desktop/SparkCar_ROS2_WS/SparkCar_Perception/install/realsense2_camera/share/realsense2_camera/hook/cmake_prefix_path.ps1'
[2.686s] INFO:colcon.colcon_core.shell:Creating environment descriptor '/home/orangepi/Desktop/SparkCar_ROS2_WS/SparkCar_Perception/install/realsense2_camera/share/realsense2_camera/hook/cmake_prefix_path.dsv'
[2.687s] INFO:colcon.colcon_core.shell:Creating environment hook '/home/orangepi/Desktop/SparkCar_ROS2_WS/SparkCar_Perception/install/realsense2_camera/share/realsense2_camera/hook/cmake_prefix_path.sh'
[2.688s] Level 1:colcon.colcon_core.environment:checking '/home/orangepi/Desktop/SparkCar_ROS2_WS/SparkCar_Perception/install/realsense2_camera/lib'
[2.688s] Level 1:colcon.colcon_core.shell:create_environment_hook('realsense2_camera', 'ld_library_path_lib')
[2.688s] INFO:colcon.colcon_core.shell:Creating environment hook '/home/orangepi/Desktop/SparkCar_ROS2_WS/SparkCar_Perception/install/realsense2_camera/share/realsense2_camera/hook/ld_library_path_lib.ps1'
[2.689s] INFO:colcon.colcon_core.shell:Creating environment descriptor '/home/orangepi/Desktop/SparkCar_ROS2_WS/SparkCar_Perception/install/realsense2_camera/share/realsense2_camera/hook/ld_library_path_lib.dsv'
[2.690s] INFO:colcon.colcon_core.shell:Creating environment hook '/home/orangepi/Desktop/SparkCar_ROS2_WS/SparkCar_Perception/install/realsense2_camera/share/realsense2_camera/hook/ld_library_path_lib.sh'
[2.690s] Level 1:colcon.colcon_core.environment:checking '/home/orangepi/Desktop/SparkCar_ROS2_WS/SparkCar_Perception/install/realsense2_camera/bin'
[2.691s] Level 1:colcon.colcon_core.environment:checking '/home/orangepi/Desktop/SparkCar_ROS2_WS/SparkCar_Perception/install/realsense2_camera/lib/pkgconfig/realsense2_camera.pc'
[2.691s] Level 1:colcon.colcon_core.environment:checking '/home/orangepi/Desktop/SparkCar_ROS2_WS/SparkCar_Perception/install/realsense2_camera/lib/python3.10/site-packages'
[2.691s] Level 1:colcon.colcon_core.environment:checking '/home/orangepi/Desktop/SparkCar_ROS2_WS/SparkCar_Perception/install/realsense2_camera/bin'
[2.692s] INFO:colcon.colcon_core.shell:Creating package script '/home/orangepi/Desktop/SparkCar_ROS2_WS/SparkCar_Perception/install/realsense2_camera/share/realsense2_camera/package.ps1'
[2.693s] INFO:colcon.colcon_core.shell:Creating package descriptor '/home/orangepi/Desktop/SparkCar_ROS2_WS/SparkCar_Perception/install/realsense2_camera/share/realsense2_camera/package.dsv'
[2.694s] INFO:colcon.colcon_core.shell:Creating package script '/home/orangepi/Desktop/SparkCar_ROS2_WS/SparkCar_Perception/install/realsense2_camera/share/realsense2_camera/package.sh'
[2.695s] INFO:colcon.colcon_core.shell:Creating package script '/home/orangepi/Desktop/SparkCar_ROS2_WS/SparkCar_Perception/install/realsense2_camera/share/realsense2_camera/package.bash'
[2.695s] INFO:colcon.colcon_core.shell:Creating package script '/home/orangepi/Desktop/SparkCar_ROS2_WS/SparkCar_Perception/install/realsense2_camera/share/realsense2_camera/package.zsh'
[2.696s] Level 1:colcon.colcon_core.environment:create_file_with_runtime_dependencies(/home/orangepi/Desktop/SparkCar_ROS2_WS/SparkCar_Perception/install/realsense2_camera/share/colcon-core/packages/realsense2_camera)
[2.697s] Level 1:colcon.colcon_core.environment:create_environment_scripts_only(realsense2_camera)
[2.697s] Level 1:colcon.colcon_core.environment:checking '/home/orangepi/Desktop/SparkCar_ROS2_WS/SparkCar_Perception/install/realsense2_camera' for CMake module files
[2.698s] Level 1:colcon.colcon_core.environment:checking '/home/orangepi/Desktop/SparkCar_ROS2_WS/SparkCar_Perception/install/realsense2_camera' for CMake config files
[2.698s] Level 1:colcon.colcon_core.shell:create_environment_hook('realsense2_camera', 'cmake_prefix_path')
[2.699s] INFO:colcon.colcon_core.shell:Creating environment hook '/home/orangepi/Desktop/SparkCar_ROS2_WS/SparkCar_Perception/install/realsense2_camera/share/realsense2_camera/hook/cmake_prefix_path.ps1'
[2.700s] INFO:colcon.colcon_core.shell:Creating environment descriptor '/home/orangepi/Desktop/SparkCar_ROS2_WS/SparkCar_Perception/install/realsense2_camera/share/realsense2_camera/hook/cmake_prefix_path.dsv'
[2.701s] INFO:colcon.colcon_core.shell:Creating environment hook '/home/orangepi/Desktop/SparkCar_ROS2_WS/SparkCar_Perception/install/realsense2_camera/share/realsense2_camera/hook/cmake_prefix_path.sh'
[2.702s] Level 1:colcon.colcon_core.environment:checking '/home/orangepi/Desktop/SparkCar_ROS2_WS/SparkCar_Perception/install/realsense2_camera/lib'
[2.702s] Level 1:colcon.colcon_core.shell:create_environment_hook('realsense2_camera', 'ld_library_path_lib')
[2.703s] INFO:colcon.colcon_core.shell:Creating environment hook '/home/orangepi/Desktop/SparkCar_ROS2_WS/SparkCar_Perception/install/realsense2_camera/share/realsense2_camera/hook/ld_library_path_lib.ps1'
[2.704s] INFO:colcon.colcon_core.shell:Creating environment descriptor '/home/orangepi/Desktop/SparkCar_ROS2_WS/SparkCar_Perception/install/realsense2_camera/share/realsense2_camera/hook/ld_library_path_lib.dsv'
[2.704s] INFO:colcon.colcon_core.shell:Creating environment hook '/home/orangepi/Desktop/SparkCar_ROS2_WS/SparkCar_Perception/install/realsense2_camera/share/realsense2_camera/hook/ld_library_path_lib.sh'
[2.705s] Level 1:colcon.colcon_core.environment:checking '/home/orangepi/Desktop/SparkCar_ROS2_WS/SparkCar_Perception/install/realsense2_camera/bin'
[2.705s] Level 1:colcon.colcon_core.environment:checking '/home/orangepi/Desktop/SparkCar_ROS2_WS/SparkCar_Perception/install/realsense2_camera/lib/pkgconfig/realsense2_camera.pc'
[2.705s] Level 1:colcon.colcon_core.environment:checking '/home/orangepi/Desktop/SparkCar_ROS2_WS/SparkCar_Perception/install/realsense2_camera/lib/python3.10/site-packages'
[2.706s] Level 1:colcon.colcon_core.environment:checking '/home/orangepi/Desktop/SparkCar_ROS2_WS/SparkCar_Perception/install/realsense2_camera/bin'
[2.707s] INFO:colcon.colcon_core.shell:Creating package script '/home/orangepi/Desktop/SparkCar_ROS2_WS/SparkCar_Perception/install/realsense2_camera/share/realsense2_camera/package.ps1'
[2.708s] INFO:colcon.colcon_core.shell:Creating package descriptor '/home/orangepi/Desktop/SparkCar_ROS2_WS/SparkCar_Perception/install/realsense2_camera/share/realsense2_camera/package.dsv'
[2.709s] INFO:colcon.colcon_core.shell:Creating package script '/home/orangepi/Desktop/SparkCar_ROS2_WS/SparkCar_Perception/install/realsense2_camera/share/realsense2_camera/package.sh'
[2.710s] INFO:colcon.colcon_core.shell:Creating package script '/home/orangepi/Desktop/SparkCar_ROS2_WS/SparkCar_Perception/install/realsense2_camera/share/realsense2_camera/package.bash'
[2.710s] INFO:colcon.colcon_core.shell:Creating package script '/home/orangepi/Desktop/SparkCar_ROS2_WS/SparkCar_Perception/install/realsense2_camera/share/realsense2_camera/package.zsh'
[2.711s] Level 1:colcon.colcon_core.environment:create_file_with_runtime_dependencies(/home/orangepi/Desktop/SparkCar_ROS2_WS/SparkCar_Perception/install/realsense2_camera/share/colcon-core/packages/realsense2_camera)
[20.499s] DEBUG:colcon.colcon_core.event_handler.log_command:Invoked command in '/home/orangepi/Desktop/SparkCar_ROS2_WS/SparkCar_Perception/build/vision_to_mavros' returned '0': CMAKE_PREFIX_PATH=${CMAKE_PREFIX_PATH}:/opt/ros/humble /usr/bin/cmake --build /home/orangepi/Desktop/SparkCar_ROS2_WS/SparkCar_Perception/build/vision_to_mavros -- -j8 -l8
[20.505s] DEBUG:colcon.colcon_core.event_handler.log_command:Invoking command in '/home/orangepi/Desktop/SparkCar_ROS2_WS/SparkCar_Perception/build/vision_to_mavros': CMAKE_PREFIX_PATH=${CMAKE_PREFIX_PATH}:/opt/ros/humble /usr/bin/cmake --install /home/orangepi/Desktop/SparkCar_ROS2_WS/SparkCar_Perception/build/vision_to_mavros
[20.544s] Level 1:colcon.colcon_core.environment:create_environment_scripts_only(vision_to_mavros)
[20.545s] Level 1:colcon.colcon_core.environment:checking '/home/orangepi/Desktop/SparkCar_ROS2_WS/SparkCar_Perception/install/vision_to_mavros' for CMake module files
[20.547s] Level 1:colcon.colcon_core.environment:checking '/home/orangepi/Desktop/SparkCar_ROS2_WS/SparkCar_Perception/install/vision_to_mavros' for CMake config files
[20.549s] Level 1:colcon.colcon_core.shell:create_environment_hook('vision_to_mavros', 'cmake_prefix_path')
[20.551s] INFO:colcon.colcon_core.shell:Creating environment hook '/home/orangepi/Desktop/SparkCar_ROS2_WS/SparkCar_Perception/install/vision_to_mavros/share/vision_to_mavros/hook/cmake_prefix_path.ps1'
[20.552s] DEBUG:colcon.colcon_core.event_handler.log_command:Invoked command in '/home/orangepi/Desktop/SparkCar_ROS2_WS/SparkCar_Perception/build/vision_to_mavros' returned '0': CMAKE_PREFIX_PATH=${CMAKE_PREFIX_PATH}:/opt/ros/humble /usr/bin/cmake --install /home/orangepi/Desktop/SparkCar_ROS2_WS/SparkCar_Perception/build/vision_to_mavros
[20.553s] INFO:colcon.colcon_core.shell:Creating environment descriptor '/home/orangepi/Desktop/SparkCar_ROS2_WS/SparkCar_Perception/install/vision_to_mavros/share/vision_to_mavros/hook/cmake_prefix_path.dsv'
[20.554s] INFO:colcon.colcon_core.shell:Creating environment hook '/home/orangepi/Desktop/SparkCar_ROS2_WS/SparkCar_Perception/install/vision_to_mavros/share/vision_to_mavros/hook/cmake_prefix_path.sh'
[20.556s] Level 1:colcon.colcon_core.environment:checking '/home/orangepi/Desktop/SparkCar_ROS2_WS/SparkCar_Perception/install/vision_to_mavros/lib'
[20.556s] Level 1:colcon.colcon_core.environment:checking '/home/orangepi/Desktop/SparkCar_ROS2_WS/SparkCar_Perception/install/vision_to_mavros/bin'
[20.556s] Level 1:colcon.colcon_core.environment:checking '/home/orangepi/Desktop/SparkCar_ROS2_WS/SparkCar_Perception/install/vision_to_mavros/lib/pkgconfig/vision_to_mavros.pc'
[20.556s] Level 1:colcon.colcon_core.environment:checking '/home/orangepi/Desktop/SparkCar_ROS2_WS/SparkCar_Perception/install/vision_to_mavros/lib/python3.10/site-packages'
[20.557s] Level 1:colcon.colcon_core.environment:checking '/home/orangepi/Desktop/SparkCar_ROS2_WS/SparkCar_Perception/install/vision_to_mavros/bin'
[20.557s] INFO:colcon.colcon_core.shell:Creating package script '/home/orangepi/Desktop/SparkCar_ROS2_WS/SparkCar_Perception/install/vision_to_mavros/share/vision_to_mavros/package.ps1'
[20.558s] INFO:colcon.colcon_core.shell:Creating package descriptor '/home/orangepi/Desktop/SparkCar_ROS2_WS/SparkCar_Perception/install/vision_to_mavros/share/vision_to_mavros/package.dsv'
[20.559s] INFO:colcon.colcon_core.shell:Creating package script '/home/orangepi/Desktop/SparkCar_ROS2_WS/SparkCar_Perception/install/vision_to_mavros/share/vision_to_mavros/package.sh'
[20.560s] INFO:colcon.colcon_core.shell:Creating package script '/home/orangepi/Desktop/SparkCar_ROS2_WS/SparkCar_Perception/install/vision_to_mavros/share/vision_to_mavros/package.bash'
[20.560s] INFO:colcon.colcon_core.shell:Creating package script '/home/orangepi/Desktop/SparkCar_ROS2_WS/SparkCar_Perception/install/vision_to_mavros/share/vision_to_mavros/package.zsh'
[20.561s] Level 1:colcon.colcon_core.environment:create_file_with_runtime_dependencies(/home/orangepi/Desktop/SparkCar_ROS2_WS/SparkCar_Perception/install/vision_to_mavros/share/colcon-core/packages/vision_to_mavros)
[20.562s] Level 1:colcon.colcon_core.environment:create_environment_scripts_only(vision_to_mavros)
[20.562s] Level 1:colcon.colcon_core.environment:checking '/home/orangepi/Desktop/SparkCar_ROS2_WS/SparkCar_Perception/install/vision_to_mavros' for CMake module files
[20.563s] Level 1:colcon.colcon_core.environment:checking '/home/orangepi/Desktop/SparkCar_ROS2_WS/SparkCar_Perception/install/vision_to_mavros' for CMake config files
[20.563s] Level 1:colcon.colcon_core.shell:create_environment_hook('vision_to_mavros', 'cmake_prefix_path')
[20.563s] INFO:colcon.colcon_core.shell:Creating environment hook '/home/orangepi/Desktop/SparkCar_ROS2_WS/SparkCar_Perception/install/vision_to_mavros/share/vision_to_mavros/hook/cmake_prefix_path.ps1'
[20.564s] INFO:colcon.colcon_core.shell:Creating environment descriptor '/home/orangepi/Desktop/SparkCar_ROS2_WS/SparkCar_Perception/install/vision_to_mavros/share/vision_to_mavros/hook/cmake_prefix_path.dsv'
[20.565s] INFO:colcon.colcon_core.shell:Creating environment hook '/home/orangepi/Desktop/SparkCar_ROS2_WS/SparkCar_Perception/install/vision_to_mavros/share/vision_to_mavros/hook/cmake_prefix_path.sh'
[20.566s] Level 1:colcon.colcon_core.environment:checking '/home/orangepi/Desktop/SparkCar_ROS2_WS/SparkCar_Perception/install/vision_to_mavros/lib'
[20.566s] Level 1:colcon.colcon_core.environment:checking '/home/orangepi/Desktop/SparkCar_ROS2_WS/SparkCar_Perception/install/vision_to_mavros/bin'
[20.566s] Level 1:colcon.colcon_core.environment:checking '/home/orangepi/Desktop/SparkCar_ROS2_WS/SparkCar_Perception/install/vision_to_mavros/lib/pkgconfig/vision_to_mavros.pc'
[20.567s] Level 1:colcon.colcon_core.environment:checking '/home/orangepi/Desktop/SparkCar_ROS2_WS/SparkCar_Perception/install/vision_to_mavros/lib/python3.10/site-packages'
[20.567s] Level 1:colcon.colcon_core.environment:checking '/home/orangepi/Desktop/SparkCar_ROS2_WS/SparkCar_Perception/install/vision_to_mavros/bin'
[20.568s] INFO:colcon.colcon_core.shell:Creating package script '/home/orangepi/Desktop/SparkCar_ROS2_WS/SparkCar_Perception/install/vision_to_mavros/share/vision_to_mavros/package.ps1'
[20.569s] INFO:colcon.colcon_core.shell:Creating package descriptor '/home/orangepi/Desktop/SparkCar_ROS2_WS/SparkCar_Perception/install/vision_to_mavros/share/vision_to_mavros/package.dsv'
[20.570s] INFO:colcon.colcon_core.shell:Creating package script '/home/orangepi/Desktop/SparkCar_ROS2_WS/SparkCar_Perception/install/vision_to_mavros/share/vision_to_mavros/package.sh'
[20.571s] INFO:colcon.colcon_core.shell:Creating package script '/home/orangepi/Desktop/SparkCar_ROS2_WS/SparkCar_Perception/install/vision_to_mavros/share/vision_to_mavros/package.bash'
[20.572s] INFO:colcon.colcon_core.shell:Creating package script '/home/orangepi/Desktop/SparkCar_ROS2_WS/SparkCar_Perception/install/vision_to_mavros/share/vision_to_mavros/package.zsh'
[20.572s] Level 1:colcon.colcon_core.environment:create_file_with_runtime_dependencies(/home/orangepi/Desktop/SparkCar_ROS2_WS/SparkCar_Perception/install/vision_to_mavros/share/colcon-core/packages/vision_to_mavros)
[20.573s] DEBUG:colcon.colcon_parallel_executor.executor.parallel:closing loop
[20.574s] DEBUG:colcon.colcon_parallel_executor.executor.parallel:loop closed
[20.574s] DEBUG:colcon.colcon_parallel_executor.executor.parallel:run_until_complete finished with '0'
[20.574s] DEBUG:colcon.colcon_core.event_reactor:joining thread
[20.577s] DEBUG:colcon.colcon_core.event_reactor:joined thread
[20.577s] INFO:colcon.colcon_core.shell:Creating prefix script '/home/orangepi/Desktop/SparkCar_ROS2_WS/SparkCar_Perception/install/local_setup.ps1'
[20.580s] INFO:colcon.colcon_core.shell:Creating prefix util module '/home/orangepi/Desktop/SparkCar_ROS2_WS/SparkCar_Perception/install/_local_setup_util_ps1.py'
[20.591s] INFO:colcon.colcon_core.shell:Creating prefix chain script '/home/orangepi/Desktop/SparkCar_ROS2_WS/SparkCar_Perception/install/setup.ps1'
[20.602s] INFO:colcon.colcon_core.shell:Creating prefix script '/home/orangepi/Desktop/SparkCar_ROS2_WS/SparkCar_Perception/install/local_setup.sh'
[20.603s] INFO:colcon.colcon_core.shell:Creating prefix util module '/home/orangepi/Desktop/SparkCar_ROS2_WS/SparkCar_Perception/install/_local_setup_util_sh.py'
[20.604s] INFO:colcon.colcon_core.shell:Creating prefix chain script '/home/orangepi/Desktop/SparkCar_ROS2_WS/SparkCar_Perception/install/setup.sh'
[20.609s] INFO:colcon.colcon_core.shell:Creating prefix script '/home/orangepi/Desktop/SparkCar_ROS2_WS/SparkCar_Perception/install/local_setup.bash'
[20.610s] INFO:colcon.colcon_core.shell:Creating prefix chain script '/home/orangepi/Desktop/SparkCar_ROS2_WS/SparkCar_Perception/install/setup.bash'
[20.614s] INFO:colcon.colcon_core.shell:Creating prefix script '/home/orangepi/Desktop/SparkCar_ROS2_WS/SparkCar_Perception/install/local_setup.zsh'
[20.615s] INFO:colcon.colcon_core.shell:Creating prefix chain script '/home/orangepi/Desktop/SparkCar_ROS2_WS/SparkCar_Perception/install/setup.zsh'
