[0.000000] (-) TimerEvent: {}
[0.000366] (benchmark_publisher) JobQueued: {'identifier': 'benchmark_publisher', 'dependencies': OrderedDict()}
[0.000566] (camera_model) JobQueued: {'identifier': 'camera_model', 'dependencies': OrderedDict()}
[0.000590] (config_pkg) JobQueued: {'identifier': 'config_pkg', 'dependencies': OrderedDict()}
[0.000971] (ar_demo) JobQueued: {'identifier': 'ar_demo', 'dependencies': OrderedDict([('camera_model', '/home/orangepi/Desktop/SparkCar_ROS2_WS/SparkCar_Perception/install/camera_model')])}
[0.001000] (feature_tracker) JobQueued: {'identifier': 'feature_tracker', 'dependencies': OrderedDict([('camera_model', '/home/orangepi/Desktop/SparkCar_ROS2_WS/SparkCar_Perception/install/camera_model')])}
[0.001155] (pose_graph) JobQueued: {'identifier': 'pose_graph', 'dependencies': OrderedDict([('camera_model', '/home/orangepi/Desktop/SparkCar_ROS2_WS/SparkCar_Perception/install/camera_model')])}
[0.001178] (vins_estimator) JobQueued: {'identifier': 'vins_estimator', 'dependencies': OrderedDict([('camera_model', '/home/orangepi/Desktop/SparkCar_ROS2_WS/SparkCar_Perception/install/camera_model')])}
[0.001386] (camera_model) JobStarted: {'identifier': 'camera_model'}
[0.010317] (benchmark_publisher) JobStarted: {'identifier': 'benchmark_publisher'}
[0.015199] (config_pkg) JobStarted: {'identifier': 'config_pkg'}
[0.021936] (camera_model) JobProgress: {'identifier': 'camera_model', 'progress': 'cmake'}
[0.022564] (camera_model) Command: {'cmd': ['/usr/bin/cmake', '/home/orangepi/Desktop/SparkCar_ROS2_WS/SparkCar_Perception/src/VINS-MONO-ROS2/camera_model', '-DAMENT_CMAKE_SYMLINK_INSTALL=1', '-DCMAKE_INSTALL_PREFIX=/home/orangepi/Desktop/SparkCar_ROS2_WS/SparkCar_Perception/install/camera_model'], 'cwd': '/home/orangepi/Desktop/SparkCar_ROS2_WS/SparkCar_Perception/build/camera_model', 'env': OrderedDict([('LESSOPEN', '| /usr/bin/lesspipe %s'), ('UMS_MOUNTPOINT', '/mnt/ums'), ('GST_V4L2_PREFERRED_FOURCC', 'NV12:YU12:NV16:YUY2'), ('LANGUAGE', 'en_US.UTF-8'), ('USER', 'orangepi'), ('SSH_CLIENT', '192.168.110.167 61328 22'), ('XDG_SESSION_TYPE', 'tty'), ('GIT_ASKPASS', '/home/orangepi/.vscode-server/cli/servers/Stable-7e7950df89d055b5a378379db9ee14290772148a/server/extensions/git/dist/askpass.sh'), ('SHLVL', '1'), ('USB_FUNCS', 'adb'), ('LD_LIBRARY_PATH', '/opt/ros/humble/opt/rviz_ogre_vendor/lib:/opt/ros/humble/lib/aarch64-linux-gnu:/opt/ros/humble/lib'), ('BROWSER', '/home/orangepi/.vscode-server/cli/servers/Stable-7e7950df89d055b5a378379db9ee14290772148a/server/bin/helpers/browser.sh'), ('MOTD_SHOWN', 'pam'), ('HOME', '/home/orangepi'), ('OLDPWD', '/home/orangepi/Desktop/SparkCar_ROS2_WS/SparkCar_Perception'), ('TERM_PROGRAM_VERSION', '1.126.0'), ('VSCODE_IPC_HOOK_CLI', '/run/user/1000/vscode-ipc-8f68b4a7-073c-40b4-bfba-8c77c4821cfd.sock'), ('GST_INSPECT_NO_COLORS', '1'), ('GST_MPP_NO_RGA', '1'), ('ROS_PYTHON_VERSION', '3'), ('COGL_DRIVER', 'gles2'), ('VSCODE_GIT_ASKPASS_MAIN', '/home/orangepi/.vscode-server/cli/servers/Stable-7e7950df89d055b5a378379db9ee14290772148a/server/extensions/git/dist/askpass-main.js'), ('VSCODE_GIT_ASKPASS_NODE', '/home/orangepi/.vscode-server/cli/servers/Stable-7e7950df89d055b5a378379db9ee14290772148a/server/node'), ('VSCODE_PYTHON_AUTOACTIVATE_GUARD', '1'), ('DBUS_SESSION_BUS_ADDRESS', 'unix:path=/run/user/1000/bus'), ('COLORTERM', 'truecolor'), ('GST_V4L2SRC_MAX_RESOLUTION', '3840x2160'), ('ROS_DISTRO', 'humble'), ('LOGNAME', 'orangepi'), ('_', '/usr/bin/colcon'), ('ROS_VERSION', '2'), ('XDG_SESSION_CLASS', 'user'), ('TERM', 'xterm-256color'), ('GST_GL_API', 'gles2'), ('XDG_SESSION_ID', '6'), ('GST_VIDEO_CONVERT_PREFERRED_FORMAT', 'NV12:NV16:I420:YUY2'), ('GST_V4L2SRC_RK_DEVICES', '_mainpath:_selfpath:_bypass:_scale'), ('ROS_LOCALHOST_ONLY', '0'), ('PATH', '/home/orangepi/.local/bin:/home/orangepi/.vscode-server/data/User/globalStorage/github.copilot-chat/debugCommand:/home/orangepi/.vscode-server/data/User/globalStorage/github.copilot-chat/copilotCli:/home/orangepi/.vscode-server/cli/servers/Stable-7e7950df89d055b5a378379db9ee14290772148a/server/bin/remote-cli:/home/orangepi/.local/bin:/opt/ros/humble/bin:/home/orangepi/.local/bin:/usr/local/sbin:/usr/local/bin:/usr/sbin:/usr/bin:/sbin:/bin:/usr/games:/usr/local/games:/snap/bin'), ('XDG_RUNTIME_DIR', '/run/user/1000'), ('GST_GL_PLATFORM', 'egl'), ('GST_DEBUG_NO_COLOR', '1'), ('GST_V4L2SRC_DEFAULT_DEVICE', '/dev/video-camera0'), ('DISPLAY', ':0'), ('LANG', 'en_US.UTF-8'), ('LS_COLORS', 'rs=0:di=01;34:ln=01;36:mh=00:pi=40;33:so=01;35:do=01;35:bd=40;33;01:cd=40;33;01:or=40;31;01:mi=00:su=37;41:sg=30;43:ca=30;41:tw=30;42:ow=34;42:st=37;44:ex=01;32:*.tar=01;31:*.tgz=01;31:*.arc=01;31:*.arj=01;31:*.taz=01;31:*.lha=01;31:*.lz4=01;31:*.lzh=01;31:*.lzma=01;31:*.tlz=01;31:*.txz=01;31:*.tzo=01;31:*.t7z=01;31:*.zip=01;31:*.z=01;31:*.dz=01;31:*.gz=01;31:*.lrz=01;31:*.lz=01;31:*.lzo=01;31:*.xz=01;31:*.zst=01;31:*.tzst=01;31:*.bz2=01;31:*.bz=01;31:*.tbz=01;31:*.tbz2=01;31:*.tz=01;31:*.deb=01;31:*.rpm=01;31:*.jar=01;31:*.war=01;31:*.ear=01;31:*.sar=01;31:*.rar=01;31:*.alz=01;31:*.ace=01;31:*.zoo=01;31:*.cpio=01;31:*.7z=01;31:*.rz=01;31:*.cab=01;31:*.wim=01;31:*.swm=01;31:*.dwm=01;31:*.esd=01;31:*.jpg=01;35:*.jpeg=01;35:*.mjpg=01;35:*.mjpeg=01;35:*.gif=01;35:*.bmp=01;35:*.pbm=01;35:*.pgm=01;35:*.ppm=01;35:*.tga=01;35:*.xbm=01;35:*.xpm=01;35:*.tif=01;35:*.tiff=01;35:*.png=01;35:*.svg=01;35:*.svgz=01;35:*.mng=01;35:*.pcx=01;35:*.mov=01;35:*.mpg=01;35:*.mpeg=01;35:*.m2v=01;35:*.mkv=01;35:*.webm=01;35:*.webp=01;35:*.ogm=01;35:*.mp4=01;35:*.m4v=01;35:*.mp4v=01;35:*.vob=01;35:*.qt=01;35:*.nuv=01;35:*.wmv=01;35:*.asf=01;35:*.rm=01;35:*.rmvb=01;35:*.flc=01;35:*.avi=01;35:*.fli=01;35:*.flv=01;35:*.gl=01;35:*.dl=01;35:*.xcf=01;35:*.xwd=01;35:*.yuv=01;35:*.cgm=01;35:*.emf=01;35:*.ogv=01;35:*.ogx=01;35:*.aac=00;36:*.au=00;36:*.flac=00;36:*.m4a=00;36:*.mid=00;36:*.midi=00;36:*.mka=00;36:*.mp3=00;36:*.mpc=00;36:*.ogg=00;36:*.ra=00;36:*.wav=00;36:*.oga=00;36:*.opus=00;36:*.spx=00;36:*.xspf=00;36:'), ('VSCODE_GIT_IPC_HANDLE', '/run/user/1000/vscode-git-3d806f3df3.sock'), ('TERM_PROGRAM', 'vscode'), ('GST_V4L2_USE_LIBV4L2', '1'), ('UMS_SIZE', '256M'), ('AMENT_PREFIX_PATH', '/opt/ros/humble'), ('LC_MESSAGES', 'en_US.UTF-8'), ('SHELL', '/bin/bash'), ('UMS_RO', '0'), ('LESSCLOSE', '/usr/bin/lesspipe %s %s'), ('UMS_FSTYPE', 'vfat'), ('VSCODE_GIT_ASKPASS_EXTRA_ARGS', ''), ('PWD', '/home/orangepi/Desktop/SparkCar_ROS2_WS/SparkCar_Perception/build/camera_model'), ('LC_ALL', 'en_US.UTF-8'), ('COPILOT_DEBUG_NONCE', 'eea91dafbd2eb1b0ec653fb18529b126'), ('SSH_CONNECTION', '192.168.110.167 61328 192.168.110.159 22'), ('XDG_DATA_DIRS', '/usr/share/gnome:/usr/local/share:/usr/share:/var/lib/snapd/desktop'), ('PYTHONPATH', '/opt/ros/humble/lib/python3.10/site-packages:/opt/ros/humble/local/lib/python3.10/dist-packages'), ('UMS_MOUNT', '0'), ('COLCON', '1'), ('UMS_FILE', '/userdata/ums_shared.img'), ('CMAKE_PREFIX_PATH', '/opt/ros/humble')]), 'shell': False}
[0.027276] (benchmark_publisher) JobProgress: {'identifier': 'benchmark_publisher', 'progress': 'cmake'}
[0.028166] (benchmark_publisher) Command: {'cmd': ['/usr/bin/cmake', '/home/orangepi/Desktop/SparkCar_ROS2_WS/SparkCar_Perception/src/VINS-MONO-ROS2/benchmark_publisher', '-DAMENT_CMAKE_SYMLINK_INSTALL=1', '-DCMAKE_INSTALL_PREFIX=/home/orangepi/Desktop/SparkCar_ROS2_WS/SparkCar_Perception/install/benchmark_publisher'], 'cwd': '/home/orangepi/Desktop/SparkCar_ROS2_WS/SparkCar_Perception/build/benchmark_publisher', 'env': OrderedDict([('LESSOPEN', '| /usr/bin/lesspipe %s'), ('UMS_MOUNTPOINT', '/mnt/ums'), ('GST_V4L2_PREFERRED_FOURCC', 'NV12:YU12:NV16:YUY2'), ('LANGUAGE', 'en_US.UTF-8'), ('USER', 'orangepi'), ('SSH_CLIENT', '192.168.110.167 61328 22'), ('XDG_SESSION_TYPE', 'tty'), ('GIT_ASKPASS', '/home/orangepi/.vscode-server/cli/servers/Stable-7e7950df89d055b5a378379db9ee14290772148a/server/extensions/git/dist/askpass.sh'), ('SHLVL', '1'), ('USB_FUNCS', 'adb'), ('LD_LIBRARY_PATH', '/opt/ros/humble/opt/rviz_ogre_vendor/lib:/opt/ros/humble/lib/aarch64-linux-gnu:/opt/ros/humble/lib'), ('BROWSER', '/home/orangepi/.vscode-server/cli/servers/Stable-7e7950df89d055b5a378379db9ee14290772148a/server/bin/helpers/browser.sh'), ('MOTD_SHOWN', 'pam'), ('HOME', '/home/orangepi'), ('OLDPWD', '/home/orangepi/Desktop/SparkCar_ROS2_WS/SparkCar_Perception'), ('TERM_PROGRAM_VERSION', '1.126.0'), ('VSCODE_IPC_HOOK_CLI', '/run/user/1000/vscode-ipc-8f68b4a7-073c-40b4-bfba-8c77c4821cfd.sock'), ('GST_INSPECT_NO_COLORS', '1'), ('GST_MPP_NO_RGA', '1'), ('ROS_PYTHON_VERSION', '3'), ('COGL_DRIVER', 'gles2'), ('VSCODE_GIT_ASKPASS_MAIN', '/home/orangepi/.vscode-server/cli/servers/Stable-7e7950df89d055b5a378379db9ee14290772148a/server/extensions/git/dist/askpass-main.js'), ('VSCODE_GIT_ASKPASS_NODE', '/home/orangepi/.vscode-server/cli/servers/Stable-7e7950df89d055b5a378379db9ee14290772148a/server/node'), ('VSCODE_PYTHON_AUTOACTIVATE_GUARD', '1'), ('DBUS_SESSION_BUS_ADDRESS', 'unix:path=/run/user/1000/bus'), ('COLORTERM', 'truecolor'), ('GST_V4L2SRC_MAX_RESOLUTION', '3840x2160'), ('ROS_DISTRO', 'humble'), ('LOGNAME', 'orangepi'), ('_', '/usr/bin/colcon'), ('ROS_VERSION', '2'), ('XDG_SESSION_CLASS', 'user'), ('TERM', 'xterm-256color'), ('GST_GL_API', 'gles2'), ('XDG_SESSION_ID', '6'), ('GST_VIDEO_CONVERT_PREFERRED_FORMAT', 'NV12:NV16:I420:YUY2'), ('GST_V4L2SRC_RK_DEVICES', '_mainpath:_selfpath:_bypass:_scale'), ('ROS_LOCALHOST_ONLY', '0'), ('PATH', '/home/orangepi/.local/bin:/home/orangepi/.vscode-server/data/User/globalStorage/github.copilot-chat/debugCommand:/home/orangepi/.vscode-server/data/User/globalStorage/github.copilot-chat/copilotCli:/home/orangepi/.vscode-server/cli/servers/Stable-7e7950df89d055b5a378379db9ee14290772148a/server/bin/remote-cli:/home/orangepi/.local/bin:/opt/ros/humble/bin:/home/orangepi/.local/bin:/usr/local/sbin:/usr/local/bin:/usr/sbin:/usr/bin:/sbin:/bin:/usr/games:/usr/local/games:/snap/bin'), ('XDG_RUNTIME_DIR', '/run/user/1000'), ('GST_GL_PLATFORM', 'egl'), ('GST_DEBUG_NO_COLOR', '1'), ('GST_V4L2SRC_DEFAULT_DEVICE', '/dev/video-camera0'), ('DISPLAY', ':0'), ('LANG', 'en_US.UTF-8'), ('LS_COLORS', 'rs=0:di=01;34:ln=01;36:mh=00:pi=40;33:so=01;35:do=01;35:bd=40;33;01:cd=40;33;01:or=40;31;01:mi=00:su=37;41:sg=30;43:ca=30;41:tw=30;42:ow=34;42:st=37;44:ex=01;32:*.tar=01;31:*.tgz=01;31:*.arc=01;31:*.arj=01;31:*.taz=01;31:*.lha=01;31:*.lz4=01;31:*.lzh=01;31:*.lzma=01;31:*.tlz=01;31:*.txz=01;31:*.tzo=01;31:*.t7z=01;31:*.zip=01;31:*.z=01;31:*.dz=01;31:*.gz=01;31:*.lrz=01;31:*.lz=01;31:*.lzo=01;31:*.xz=01;31:*.zst=01;31:*.tzst=01;31:*.bz2=01;31:*.bz=01;31:*.tbz=01;31:*.tbz2=01;31:*.tz=01;31:*.deb=01;31:*.rpm=01;31:*.jar=01;31:*.war=01;31:*.ear=01;31:*.sar=01;31:*.rar=01;31:*.alz=01;31:*.ace=01;31:*.zoo=01;31:*.cpio=01;31:*.7z=01;31:*.rz=01;31:*.cab=01;31:*.wim=01;31:*.swm=01;31:*.dwm=01;31:*.esd=01;31:*.jpg=01;35:*.jpeg=01;35:*.mjpg=01;35:*.mjpeg=01;35:*.gif=01;35:*.bmp=01;35:*.pbm=01;35:*.pgm=01;35:*.ppm=01;35:*.tga=01;35:*.xbm=01;35:*.xpm=01;35:*.tif=01;35:*.tiff=01;35:*.png=01;35:*.svg=01;35:*.svgz=01;35:*.mng=01;35:*.pcx=01;35:*.mov=01;35:*.mpg=01;35:*.mpeg=01;35:*.m2v=01;35:*.mkv=01;35:*.webm=01;35:*.webp=01;35:*.ogm=01;35:*.mp4=01;35:*.m4v=01;35:*.mp4v=01;35:*.vob=01;35:*.qt=01;35:*.nuv=01;35:*.wmv=01;35:*.asf=01;35:*.rm=01;35:*.rmvb=01;35:*.flc=01;35:*.avi=01;35:*.fli=01;35:*.flv=01;35:*.gl=01;35:*.dl=01;35:*.xcf=01;35:*.xwd=01;35:*.yuv=01;35:*.cgm=01;35:*.emf=01;35:*.ogv=01;35:*.ogx=01;35:*.aac=00;36:*.au=00;36:*.flac=00;36:*.m4a=00;36:*.mid=00;36:*.midi=00;36:*.mka=00;36:*.mp3=00;36:*.mpc=00;36:*.ogg=00;36:*.ra=00;36:*.wav=00;36:*.oga=00;36:*.opus=00;36:*.spx=00;36:*.xspf=00;36:'), ('VSCODE_GIT_IPC_HANDLE', '/run/user/1000/vscode-git-3d806f3df3.sock'), ('TERM_PROGRAM', 'vscode'), ('GST_V4L2_USE_LIBV4L2', '1'), ('UMS_SIZE', '256M'), ('AMENT_PREFIX_PATH', '/opt/ros/humble'), ('LC_MESSAGES', 'en_US.UTF-8'), ('SHELL', '/bin/bash'), ('UMS_RO', '0'), ('LESSCLOSE', '/usr/bin/lesspipe %s %s'), ('UMS_FSTYPE', 'vfat'), ('VSCODE_GIT_ASKPASS_EXTRA_ARGS', ''), ('PWD', '/home/orangepi/Desktop/SparkCar_ROS2_WS/SparkCar_Perception/build/benchmark_publisher'), ('LC_ALL', 'en_US.UTF-8'), ('COPILOT_DEBUG_NONCE', 'eea91dafbd2eb1b0ec653fb18529b126'), ('SSH_CONNECTION', '192.168.110.167 61328 192.168.110.159 22'), ('XDG_DATA_DIRS', '/usr/share/gnome:/usr/local/share:/usr/share:/var/lib/snapd/desktop'), ('PYTHONPATH', '/opt/ros/humble/lib/python3.10/site-packages:/opt/ros/humble/local/lib/python3.10/dist-packages'), ('UMS_MOUNT', '0'), ('COLCON', '1'), ('UMS_FILE', '/userdata/ums_shared.img'), ('CMAKE_PREFIX_PATH', '/opt/ros/humble')]), 'shell': False}
[0.036719] (config_pkg) JobProgress: {'identifier': 'config_pkg', 'progress': 'cmake'}
[0.038140] (config_pkg) Command: {'cmd': ['/usr/bin/cmake', '/home/orangepi/Desktop/SparkCar_ROS2_WS/SparkCar_Perception/src/VINS-MONO-ROS2/config_pkg', '-DAMENT_CMAKE_SYMLINK_INSTALL=1', '-DCMAKE_INSTALL_PREFIX=/home/orangepi/Desktop/SparkCar_ROS2_WS/SparkCar_Perception/install/config_pkg'], 'cwd': '/home/orangepi/Desktop/SparkCar_ROS2_WS/SparkCar_Perception/build/config_pkg', 'env': OrderedDict([('LESSOPEN', '| /usr/bin/lesspipe %s'), ('UMS_MOUNTPOINT', '/mnt/ums'), ('GST_V4L2_PREFERRED_FOURCC', 'NV12:YU12:NV16:YUY2'), ('LANGUAGE', 'en_US.UTF-8'), ('USER', 'orangepi'), ('SSH_CLIENT', '192.168.110.167 61328 22'), ('XDG_SESSION_TYPE', 'tty'), ('GIT_ASKPASS', '/home/orangepi/.vscode-server/cli/servers/Stable-7e7950df89d055b5a378379db9ee14290772148a/server/extensions/git/dist/askpass.sh'), ('SHLVL', '1'), ('USB_FUNCS', 'adb'), ('LD_LIBRARY_PATH', '/opt/ros/humble/opt/rviz_ogre_vendor/lib:/opt/ros/humble/lib/aarch64-linux-gnu:/opt/ros/humble/lib'), ('BROWSER', '/home/orangepi/.vscode-server/cli/servers/Stable-7e7950df89d055b5a378379db9ee14290772148a/server/bin/helpers/browser.sh'), ('MOTD_SHOWN', 'pam'), ('HOME', '/home/orangepi'), ('OLDPWD', '/home/orangepi/Desktop/SparkCar_ROS2_WS/SparkCar_Perception'), ('TERM_PROGRAM_VERSION', '1.126.0'), ('VSCODE_IPC_HOOK_CLI', '/run/user/1000/vscode-ipc-8f68b4a7-073c-40b4-bfba-8c77c4821cfd.sock'), ('GST_INSPECT_NO_COLORS', '1'), ('GST_MPP_NO_RGA', '1'), ('ROS_PYTHON_VERSION', '3'), ('COGL_DRIVER', 'gles2'), ('VSCODE_GIT_ASKPASS_MAIN', '/home/orangepi/.vscode-server/cli/servers/Stable-7e7950df89d055b5a378379db9ee14290772148a/server/extensions/git/dist/askpass-main.js'), ('VSCODE_GIT_ASKPASS_NODE', '/home/orangepi/.vscode-server/cli/servers/Stable-7e7950df89d055b5a378379db9ee14290772148a/server/node'), ('VSCODE_PYTHON_AUTOACTIVATE_GUARD', '1'), ('DBUS_SESSION_BUS_ADDRESS', 'unix:path=/run/user/1000/bus'), ('COLORTERM', 'truecolor'), ('GST_V4L2SRC_MAX_RESOLUTION', '3840x2160'), ('ROS_DISTRO', 'humble'), ('LOGNAME', 'orangepi'), ('_', '/usr/bin/colcon'), ('ROS_VERSION', '2'), ('XDG_SESSION_CLASS', 'user'), ('TERM', 'xterm-256color'), ('GST_GL_API', 'gles2'), ('XDG_SESSION_ID', '6'), ('GST_VIDEO_CONVERT_PREFERRED_FORMAT', 'NV12:NV16:I420:YUY2'), ('GST_V4L2SRC_RK_DEVICES', '_mainpath:_selfpath:_bypass:_scale'), ('ROS_LOCALHOST_ONLY', '0'), ('PATH', '/home/orangepi/.local/bin:/home/orangepi/.vscode-server/data/User/globalStorage/github.copilot-chat/debugCommand:/home/orangepi/.vscode-server/data/User/globalStorage/github.copilot-chat/copilotCli:/home/orangepi/.vscode-server/cli/servers/Stable-7e7950df89d055b5a378379db9ee14290772148a/server/bin/remote-cli:/home/orangepi/.local/bin:/opt/ros/humble/bin:/home/orangepi/.local/bin:/usr/local/sbin:/usr/local/bin:/usr/sbin:/usr/bin:/sbin:/bin:/usr/games:/usr/local/games:/snap/bin'), ('XDG_RUNTIME_DIR', '/run/user/1000'), ('GST_GL_PLATFORM', 'egl'), ('GST_DEBUG_NO_COLOR', '1'), ('GST_V4L2SRC_DEFAULT_DEVICE', '/dev/video-camera0'), ('DISPLAY', ':0'), ('LANG', 'en_US.UTF-8'), ('LS_COLORS', 'rs=0:di=01;34:ln=01;36:mh=00:pi=40;33:so=01;35:do=01;35:bd=40;33;01:cd=40;33;01:or=40;31;01:mi=00:su=37;41:sg=30;43:ca=30;41:tw=30;42:ow=34;42:st=37;44:ex=01;32:*.tar=01;31:*.tgz=01;31:*.arc=01;31:*.arj=01;31:*.taz=01;31:*.lha=01;31:*.lz4=01;31:*.lzh=01;31:*.lzma=01;31:*.tlz=01;31:*.txz=01;31:*.tzo=01;31:*.t7z=01;31:*.zip=01;31:*.z=01;31:*.dz=01;31:*.gz=01;31:*.lrz=01;31:*.lz=01;31:*.lzo=01;31:*.xz=01;31:*.zst=01;31:*.tzst=01;31:*.bz2=01;31:*.bz=01;31:*.tbz=01;31:*.tbz2=01;31:*.tz=01;31:*.deb=01;31:*.rpm=01;31:*.jar=01;31:*.war=01;31:*.ear=01;31:*.sar=01;31:*.rar=01;31:*.alz=01;31:*.ace=01;31:*.zoo=01;31:*.cpio=01;31:*.7z=01;31:*.rz=01;31:*.cab=01;31:*.wim=01;31:*.swm=01;31:*.dwm=01;31:*.esd=01;31:*.jpg=01;35:*.jpeg=01;35:*.mjpg=01;35:*.mjpeg=01;35:*.gif=01;35:*.bmp=01;35:*.pbm=01;35:*.pgm=01;35:*.ppm=01;35:*.tga=01;35:*.xbm=01;35:*.xpm=01;35:*.tif=01;35:*.tiff=01;35:*.png=01;35:*.svg=01;35:*.svgz=01;35:*.mng=01;35:*.pcx=01;35:*.mov=01;35:*.mpg=01;35:*.mpeg=01;35:*.m2v=01;35:*.mkv=01;35:*.webm=01;35:*.webp=01;35:*.ogm=01;35:*.mp4=01;35:*.m4v=01;35:*.mp4v=01;35:*.vob=01;35:*.qt=01;35:*.nuv=01;35:*.wmv=01;35:*.asf=01;35:*.rm=01;35:*.rmvb=01;35:*.flc=01;35:*.avi=01;35:*.fli=01;35:*.flv=01;35:*.gl=01;35:*.dl=01;35:*.xcf=01;35:*.xwd=01;35:*.yuv=01;35:*.cgm=01;35:*.emf=01;35:*.ogv=01;35:*.ogx=01;35:*.aac=00;36:*.au=00;36:*.flac=00;36:*.m4a=00;36:*.mid=00;36:*.midi=00;36:*.mka=00;36:*.mp3=00;36:*.mpc=00;36:*.ogg=00;36:*.ra=00;36:*.wav=00;36:*.oga=00;36:*.opus=00;36:*.spx=00;36:*.xspf=00;36:'), ('VSCODE_GIT_IPC_HANDLE', '/run/user/1000/vscode-git-3d806f3df3.sock'), ('TERM_PROGRAM', 'vscode'), ('GST_V4L2_USE_LIBV4L2', '1'), ('UMS_SIZE', '256M'), ('AMENT_PREFIX_PATH', '/opt/ros/humble'), ('LC_MESSAGES', 'en_US.UTF-8'), ('SHELL', '/bin/bash'), ('UMS_RO', '0'), ('LESSCLOSE', '/usr/bin/lesspipe %s %s'), ('UMS_FSTYPE', 'vfat'), ('VSCODE_GIT_ASKPASS_EXTRA_ARGS', ''), ('PWD', '/home/orangepi/Desktop/SparkCar_ROS2_WS/SparkCar_Perception/build/config_pkg'), ('LC_ALL', 'en_US.UTF-8'), ('COPILOT_DEBUG_NONCE', 'eea91dafbd2eb1b0ec653fb18529b126'), ('SSH_CONNECTION', '192.168.110.167 61328 192.168.110.159 22'), ('XDG_DATA_DIRS', '/usr/share/gnome:/usr/local/share:/usr/share:/var/lib/snapd/desktop'), ('PYTHONPATH', '/opt/ros/humble/lib/python3.10/site-packages:/opt/ros/humble/local/lib/python3.10/dist-packages'), ('UMS_MOUNT', '0'), ('COLCON', '1'), ('UMS_FILE', '/userdata/ums_shared.img'), ('CMAKE_PREFIX_PATH', '/opt/ros/humble')]), 'shell': False}
[0.099656] (-) TimerEvent: {}
[0.201141] (-) TimerEvent: {}
[0.210314] (camera_model) StdoutLine: {'line': b'-- The C compiler identification is GNU 11.4.0\n'}
[0.223681] (config_pkg) StdoutLine: {'line': b'-- The C compiler identification is GNU 11.4.0\n'}
[0.225473] (benchmark_publisher) StdoutLine: {'line': b'-- The C compiler identification is GNU 11.4.0\n'}
[0.301481] (-) TimerEvent: {}
[0.342533] (camera_model) StdoutLine: {'line': b'-- The CXX compiler identification is GNU 11.4.0\n'}
[0.344391] (benchmark_publisher) StdoutLine: {'line': b'-- The CXX compiler identification is GNU 11.4.0\n'}
[0.344998] (config_pkg) StdoutLine: {'line': b'-- The CXX compiler identification is GNU 11.4.0\n'}
[0.351839] (camera_model) StdoutLine: {'line': b'-- Detecting C compiler ABI info\n'}
[0.353584] (benchmark_publisher) StdoutLine: {'line': b'-- Detecting C compiler ABI info\n'}
[0.369875] (config_pkg) StdoutLine: {'line': b'-- Detecting C compiler ABI info\n'}
[0.401659] (-) TimerEvent: {}
[0.502531] (-) TimerEvent: {}
[0.524296] (camera_model) StdoutLine: {'line': b'-- Detecting C compiler ABI info - done\n'}
[0.534343] (camera_model) StdoutLine: {'line': b'-- Check for working C compiler: /usr/bin/cc - skipped\n'}
[0.534963] (camera_model) StdoutLine: {'line': b'-- Detecting C compile features\n'}
[0.535449] (camera_model) StdoutLine: {'line': b'-- Detecting C compile features - done\n'}
[0.539153] (camera_model) StdoutLine: {'line': b'-- Detecting CXX compiler ABI info\n'}
[0.551700] (benchmark_publisher) StdoutLine: {'line': b'-- Detecting C compiler ABI info - done\n'}
[0.562875] (benchmark_publisher) StdoutLine: {'line': b'-- Check for working C compiler: /usr/bin/cc - skipped\n'}
[0.563531] (benchmark_publisher) StdoutLine: {'line': b'-- Detecting C compile features\n'}
[0.563916] (benchmark_publisher) StdoutLine: {'line': b'-- Detecting C compile features - done\n'}
[0.566176] (config_pkg) StdoutLine: {'line': b'-- Detecting C compiler ABI info - done\n'}
[0.567643] (benchmark_publisher) StdoutLine: {'line': b'-- Detecting CXX compiler ABI info\n'}
[0.602806] (-) TimerEvent: {}
[0.604617] (config_pkg) StdoutLine: {'line': b'-- Check for working C compiler: /usr/bin/cc - skipped\n'}
[0.605636] (config_pkg) StdoutLine: {'line': b'-- Detecting C compile features\n'}
[0.606550] (config_pkg) StdoutLine: {'line': b'-- Detecting C compile features - done\n'}
[0.620190] (config_pkg) StdoutLine: {'line': b'-- Detecting CXX compiler ABI info\n'}
[0.703109] (-) TimerEvent: {}
[0.775808] (camera_model) StdoutLine: {'line': b'-- Detecting CXX compiler ABI info - done\n'}
[0.803281] (-) TimerEvent: {}
[0.809073] (benchmark_publisher) StdoutLine: {'line': b'-- Detecting CXX compiler ABI info - done\n'}
[0.816046] (camera_model) StdoutLine: {'line': b'-- Check for working CXX compiler: /usr/bin/c++ - skipped\n'}
[0.817191] (camera_model) StdoutLine: {'line': b'-- Detecting CXX compile features\n'}
[0.819585] (camera_model) StdoutLine: {'line': b'-- Detecting CXX compile features - done\n'}
[0.827058] (benchmark_publisher) StdoutLine: {'line': b'-- Check for working CXX compiler: /usr/bin/c++ - skipped\n'}
[0.827809] (benchmark_publisher) StdoutLine: {'line': b'-- Detecting CXX compile features\n'}
[0.828447] (benchmark_publisher) StdoutLine: {'line': b'-- Detecting CXX compile features - done\n'}
[0.828832] (camera_model) StdoutLine: {'line': b'-- Found ament_cmake: 1.3.14 (/opt/ros/humble/share/ament_cmake/cmake)\n'}
[0.836023] (benchmark_publisher) StdoutLine: {'line': b'-- Found ament_cmake: 1.3.14 (/opt/ros/humble/share/ament_cmake/cmake)\n'}
[0.900488] (config_pkg) StdoutLine: {'line': b'-- Detecting CXX compiler ABI info - done\n'}
[0.903332] (-) TimerEvent: {}
[0.940287] (config_pkg) StdoutLine: {'line': b'-- Check for working CXX compiler: /usr/bin/c++ - skipped\n'}
[0.941168] (config_pkg) StdoutLine: {'line': b'-- Detecting CXX compile features\n'}
[0.943169] (config_pkg) StdoutLine: {'line': b'-- Detecting CXX compile features - done\n'}
[0.946240] (config_pkg) StdoutLine: {'line': b'-- Found ament_cmake: 1.3.14 (/opt/ros/humble/share/ament_cmake/cmake)\n'}
[1.003552] (-) TimerEvent: {}
[1.104395] (-) TimerEvent: {}
[1.118565] (benchmark_publisher) StdoutLine: {'line': b'-- Found Python3: /usr/bin/python3 (found version "3.10.12") found components: Interpreter \n'}
[1.141590] (camera_model) StdoutLine: {'line': b'-- Found Python3: /usr/bin/python3 (found version "3.10.12") found components: Interpreter \n'}
[1.204589] (-) TimerEvent: {}
[1.238022] (config_pkg) StdoutLine: {'line': b'-- Found Python3: /usr/bin/python3 (found version "3.10.12") found components: Interpreter \n'}
[1.243998] (benchmark_publisher) StdoutLine: {'line': b'-- Override CMake install command with custom implementation using symlinks instead of copying resources\n'}
[1.269101] (camera_model) StdoutLine: {'line': b'-- Override CMake install command with custom implementation using symlinks instead of copying resources\n'}
[1.302313] (benchmark_publisher) StdoutLine: {'line': b'-- Found rclcpp: 16.0.19 (/opt/ros/humble/share/rclcpp/cmake)\n'}
[1.304771] (-) TimerEvent: {}
[1.335844] (camera_model) StdoutLine: {'line': b'-- Found rclcpp: 16.0.19 (/opt/ros/humble/share/rclcpp/cmake)\n'}
[1.350918] (config_pkg) StdoutLine: {'line': b'-- Override CMake install command with custom implementation using symlinks instead of copying resources\n'}
[1.351718] (benchmark_publisher) StdoutLine: {'line': b'-- Found rosidl_generator_c: 3.1.9 (/opt/ros/humble/share/rosidl_generator_c/cmake)\n'}
[1.356957] (benchmark_publisher) StdoutLine: {'line': b'-- Found rosidl_adapter: 3.1.9 (/opt/ros/humble/share/rosidl_adapter/cmake)\n'}
[1.367140] (benchmark_publisher) StdoutLine: {'line': b'-- Found rosidl_generator_cpp: 3.1.9 (/opt/ros/humble/share/rosidl_generator_cpp/cmake)\n'}
[1.374892] (config_pkg) StdoutLine: {'line': b'-- Found rclcpp: 16.0.19 (/opt/ros/humble/share/rclcpp/cmake)\n'}
[1.382526] (benchmark_publisher) StdoutLine: {'line': b'-- Using all available rosidl_typesupport_c: rosidl_typesupport_fastrtps_c;rosidl_typesupport_introspection_c\n'}
[1.383572] (camera_model) StdoutLine: {'line': b'-- Found rosidl_generator_c: 3.1.9 (/opt/ros/humble/share/rosidl_generator_c/cmake)\n'}
[1.388634] (camera_model) StdoutLine: {'line': b'-- Found rosidl_adapter: 3.1.9 (/opt/ros/humble/share/rosidl_adapter/cmake)\n'}
[1.398303] (camera_model) StdoutLine: {'line': b'-- Found rosidl_generator_cpp: 3.1.9 (/opt/ros/humble/share/rosidl_generator_cpp/cmake)\n'}
[1.402346] (benchmark_publisher) StdoutLine: {'line': b'-- Using all available rosidl_typesupport_cpp: rosidl_typesupport_fastrtps_cpp;rosidl_typesupport_introspection_cpp\n'}
[1.404838] (-) TimerEvent: {}
[1.413107] (camera_model) StdoutLine: {'line': b'-- Using all available rosidl_typesupport_c: rosidl_typesupport_fastrtps_c;rosidl_typesupport_introspection_c\n'}
[1.422231] (config_pkg) StdoutLine: {'line': b'-- Found rosidl_generator_c: 3.1.9 (/opt/ros/humble/share/rosidl_generator_c/cmake)\n'}
[1.427452] (config_pkg) StdoutLine: {'line': b'-- Found rosidl_adapter: 3.1.9 (/opt/ros/humble/share/rosidl_adapter/cmake)\n'}
[1.433795] (camera_model) StdoutLine: {'line': b'-- Using all available rosidl_typesupport_cpp: rosidl_typesupport_fastrtps_cpp;rosidl_typesupport_introspection_cpp\n'}
[1.438615] (config_pkg) StdoutLine: {'line': b'-- Found rosidl_generator_cpp: 3.1.9 (/opt/ros/humble/share/rosidl_generator_cpp/cmake)\n'}
[1.455488] (config_pkg) StdoutLine: {'line': b'-- Using all available rosidl_typesupport_c: rosidl_typesupport_fastrtps_c;rosidl_typesupport_introspection_c\n'}
[1.461553] (benchmark_publisher) StdoutLine: {'line': b'-- Found rmw_implementation_cmake: 6.1.2 (/opt/ros/humble/share/rmw_implementation_cmake/cmake)\n'}
[1.464402] (benchmark_publisher) StdoutLine: {'line': b'-- Found rmw_fastrtps_cpp: 6.2.10 (/opt/ros/humble/share/rmw_fastrtps_cpp/cmake)\n'}
[1.477675] (config_pkg) StdoutLine: {'line': b'-- Using all available rosidl_typesupport_cpp: rosidl_typesupport_fastrtps_cpp;rosidl_typesupport_introspection_cpp\n'}
[1.490523] (camera_model) StdoutLine: {'line': b'-- Found rmw_implementation_cmake: 6.1.2 (/opt/ros/humble/share/rmw_implementation_cmake/cmake)\n'}
[1.493296] (camera_model) StdoutLine: {'line': b'-- Found rmw_fastrtps_cpp: 6.2.10 (/opt/ros/humble/share/rmw_fastrtps_cpp/cmake)\n'}
[1.505048] (-) TimerEvent: {}
[1.538479] (config_pkg) StdoutLine: {'line': b'-- Found rmw_implementation_cmake: 6.1.2 (/opt/ros/humble/share/rmw_implementation_cmake/cmake)\n'}
[1.541216] (config_pkg) StdoutLine: {'line': b'-- Found rmw_fastrtps_cpp: 6.2.10 (/opt/ros/humble/share/rmw_fastrtps_cpp/cmake)\n'}
[1.605307] (-) TimerEvent: {}
[1.650568] (benchmark_publisher) StdoutLine: {'line': b'-- Found OpenSSL: /usr/lib/aarch64-linux-gnu/libcrypto.so (found version "3.0.2")  \n'}
[1.661911] (camera_model) StdoutLine: {'line': b'-- Found OpenSSL: /usr/lib/aarch64-linux-gnu/libcrypto.so (found version "3.0.2")  \n'}
[1.699855] (benchmark_publisher) StdoutLine: {'line': b'-- Found FastRTPS: /opt/ros/humble/include  \n'}
[1.703556] (config_pkg) StdoutLine: {'line': b'-- Found OpenSSL: /usr/lib/aarch64-linux-gnu/libcrypto.so (found version "3.0.2")  \n'}
[1.705423] (-) TimerEvent: {}
[1.711101] (camera_model) StdoutLine: {'line': b'-- Found FastRTPS: /opt/ros/humble/include  \n'}
[1.747393] (config_pkg) StdoutLine: {'line': b'-- Found FastRTPS: /opt/ros/humble/include  \n'}
[1.767206] (benchmark_publisher) StdoutLine: {'line': b"-- Using RMW implementation 'rmw_fastrtps_cpp' as default\n"}
[1.778291] (benchmark_publisher) StdoutLine: {'line': b'-- Looking for pthread.h\n'}
[1.779321] (camera_model) StdoutLine: {'line': b"-- Using RMW implementation 'rmw_fastrtps_cpp' as default\n"}
[1.788816] (camera_model) StdoutLine: {'line': b'-- Looking for pthread.h\n'}
[1.805870] (-) TimerEvent: {}
[1.809330] (config_pkg) StdoutLine: {'line': b"-- Using RMW implementation 'rmw_fastrtps_cpp' as default\n"}
[1.821247] (config_pkg) StdoutLine: {'line': b'-- Looking for pthread.h\n'}
[1.906219] (-) TimerEvent: {}
[1.992513] (benchmark_publisher) StdoutLine: {'line': b'-- Looking for pthread.h - found\n'}
[1.993580] (benchmark_publisher) StdoutLine: {'line': b'-- Performing Test CMAKE_HAVE_LIBC_PTHREAD\n'}
[2.006577] (-) TimerEvent: {}
[2.008314] (camera_model) StdoutLine: {'line': b'-- Looking for pthread.h - found\n'}
[2.008929] (camera_model) StdoutLine: {'line': b'-- Performing Test CMAKE_HAVE_LIBC_PTHREAD\n'}
[2.042745] (config_pkg) StdoutLine: {'line': b'-- Looking for pthread.h - found\n'}
[2.043438] (config_pkg) StdoutLine: {'line': b'-- Performing Test CMAKE_HAVE_LIBC_PTHREAD\n'}
[2.106699] (-) TimerEvent: {}
[2.168953] (benchmark_publisher) StdoutLine: {'line': b'-- Performing Test CMAKE_HAVE_LIBC_PTHREAD - Success\n'}
[2.171231] (benchmark_publisher) StdoutLine: {'line': b'-- Found Threads: TRUE  \n'}
[2.180885] (camera_model) StdoutLine: {'line': b'-- Performing Test CMAKE_HAVE_LIBC_PTHREAD - Success\n'}
[2.183158] (camera_model) StdoutLine: {'line': b'-- Found Threads: TRUE  \n'}
[2.206973] (-) TimerEvent: {}
[2.215557] (config_pkg) StdoutLine: {'line': b'-- Performing Test CMAKE_HAVE_LIBC_PTHREAD - Success\n'}
[2.216955] (config_pkg) StdoutLine: {'line': b'-- Found Threads: TRUE  \n'}
[2.256547] (benchmark_publisher) StdoutLine: {'line': b'-- Found geometry_msgs: 4.9.1 (/opt/ros/humble/share/geometry_msgs/cmake)\n'}
[2.276071] (benchmark_publisher) StdoutLine: {'line': b'-- Found nav_msgs: 4.9.1 (/opt/ros/humble/share/nav_msgs/cmake)\n'}
[2.293332] (camera_model) StdoutLine: {'line': b'-- Found Boost: /usr/lib/aarch64-linux-gnu/cmake/Boost-1.74.0/BoostConfig.cmake (found version "1.74.0") found components: filesystem program_options system \n'}
[2.306008] (benchmark_publisher) StdoutLine: {'line': b'-- Found tf2: 0.25.20 (/opt/ros/humble/share/tf2/cmake)\n'}
[2.307060] (-) TimerEvent: {}
[2.310001] (camera_model) StdoutLine: {'line': b'-- Found OpenCV: /usr (found suitable version "4.5.4", minimum required is "4") \n'}
[2.320025] (benchmark_publisher) StdoutLine: {'line': b'-- Found tf2_ros: 0.25.20 (/opt/ros/humble/share/tf2_ros/cmake)\n'}
[2.322115] (camera_model) StdoutLine: {'line': b'-- Found required Ceres dependency: Eigen version 3.4.0 in /usr/include/eigen3\n'}
[2.328519] (camera_model) StdoutLine: {'line': b'-- Found required Ceres dependency: glog\n'}
[2.329742] (camera_model) StdoutLine: {'line': b'-- Found required Ceres dependency: gflags\n'}
[2.330329] (camera_model) StdoutLine: {'line': b'-- Found Ceres version: 2.0.0 installed in: /usr with components: [EigenSparse, SparseLinearAlgebraLibrary, LAPACK, SuiteSparse, CXSparse, SchurSpecializations, Multithreading]\n'}
[2.407503] (-) TimerEvent: {}
[2.439890] (config_pkg) StdoutLine: {'line': b'-- Configuring done\n'}
[2.446380] (config_pkg) StdoutLine: {'line': b'-- Generating done\n'}
[2.450248] (config_pkg) StdoutLine: {'line': b'-- Build files have been written to: /home/orangepi/Desktop/SparkCar_ROS2_WS/SparkCar_Perception/build/config_pkg\n'}
[2.472091] (config_pkg) CommandEnded: {'returncode': 0}
[2.476334] (config_pkg) JobProgress: {'identifier': 'config_pkg', 'progress': 'build'}
[2.476550] (config_pkg) Command: {'cmd': ['/usr/bin/cmake', '--build', '/home/orangepi/Desktop/SparkCar_ROS2_WS/SparkCar_Perception/build/config_pkg', '--', '-j8', '-l8'], 'cwd': '/home/orangepi/Desktop/SparkCar_ROS2_WS/SparkCar_Perception/build/config_pkg', 'env': OrderedDict([('LESSOPEN', '| /usr/bin/lesspipe %s'), ('UMS_MOUNTPOINT', '/mnt/ums'), ('GST_V4L2_PREFERRED_FOURCC', 'NV12:YU12:NV16:YUY2'), ('LANGUAGE', 'en_US.UTF-8'), ('USER', 'orangepi'), ('SSH_CLIENT', '192.168.110.167 61328 22'), ('XDG_SESSION_TYPE', 'tty'), ('GIT_ASKPASS', '/home/orangepi/.vscode-server/cli/servers/Stable-7e7950df89d055b5a378379db9ee14290772148a/server/extensions/git/dist/askpass.sh'), ('SHLVL', '1'), ('USB_FUNCS', 'adb'), ('LD_LIBRARY_PATH', '/opt/ros/humble/opt/rviz_ogre_vendor/lib:/opt/ros/humble/lib/aarch64-linux-gnu:/opt/ros/humble/lib'), ('BROWSER', '/home/orangepi/.vscode-server/cli/servers/Stable-7e7950df89d055b5a378379db9ee14290772148a/server/bin/helpers/browser.sh'), ('MOTD_SHOWN', 'pam'), ('HOME', '/home/orangepi'), ('OLDPWD', '/home/orangepi/Desktop/SparkCar_ROS2_WS/SparkCar_Perception'), ('TERM_PROGRAM_VERSION', '1.126.0'), ('VSCODE_IPC_HOOK_CLI', '/run/user/1000/vscode-ipc-8f68b4a7-073c-40b4-bfba-8c77c4821cfd.sock'), ('GST_INSPECT_NO_COLORS', '1'), ('GST_MPP_NO_RGA', '1'), ('ROS_PYTHON_VERSION', '3'), ('COGL_DRIVER', 'gles2'), ('VSCODE_GIT_ASKPASS_MAIN', '/home/orangepi/.vscode-server/cli/servers/Stable-7e7950df89d055b5a378379db9ee14290772148a/server/extensions/git/dist/askpass-main.js'), ('VSCODE_GIT_ASKPASS_NODE', '/home/orangepi/.vscode-server/cli/servers/Stable-7e7950df89d055b5a378379db9ee14290772148a/server/node'), ('VSCODE_PYTHON_AUTOACTIVATE_GUARD', '1'), ('DBUS_SESSION_BUS_ADDRESS', 'unix:path=/run/user/1000/bus'), ('COLORTERM', 'truecolor'), ('GST_V4L2SRC_MAX_RESOLUTION', '3840x2160'), ('ROS_DISTRO', 'humble'), ('LOGNAME', 'orangepi'), ('_', '/usr/bin/colcon'), ('ROS_VERSION', '2'), ('XDG_SESSION_CLASS', 'user'), ('TERM', 'xterm-256color'), ('GST_GL_API', 'gles2'), ('XDG_SESSION_ID', '6'), ('GST_VIDEO_CONVERT_PREFERRED_FORMAT', 'NV12:NV16:I420:YUY2'), ('GST_V4L2SRC_RK_DEVICES', '_mainpath:_selfpath:_bypass:_scale'), ('ROS_LOCALHOST_ONLY', '0'), ('PATH', '/home/orangepi/.local/bin:/home/orangepi/.vscode-server/data/User/globalStorage/github.copilot-chat/debugCommand:/home/orangepi/.vscode-server/data/User/globalStorage/github.copilot-chat/copilotCli:/home/orangepi/.vscode-server/cli/servers/Stable-7e7950df89d055b5a378379db9ee14290772148a/server/bin/remote-cli:/home/orangepi/.local/bin:/opt/ros/humble/bin:/home/orangepi/.local/bin:/usr/local/sbin:/usr/local/bin:/usr/sbin:/usr/bin:/sbin:/bin:/usr/games:/usr/local/games:/snap/bin'), ('XDG_RUNTIME_DIR', '/run/user/1000'), ('GST_GL_PLATFORM', 'egl'), ('GST_DEBUG_NO_COLOR', '1'), ('GST_V4L2SRC_DEFAULT_DEVICE', '/dev/video-camera0'), ('DISPLAY', ':0'), ('LANG', 'en_US.UTF-8'), ('LS_COLORS', 'rs=0:di=01;34:ln=01;36:mh=00:pi=40;33:so=01;35:do=01;35:bd=40;33;01:cd=40;33;01:or=40;31;01:mi=00:su=37;41:sg=30;43:ca=30;41:tw=30;42:ow=34;42:st=37;44:ex=01;32:*.tar=01;31:*.tgz=01;31:*.arc=01;31:*.arj=01;31:*.taz=01;31:*.lha=01;31:*.lz4=01;31:*.lzh=01;31:*.lzma=01;31:*.tlz=01;31:*.txz=01;31:*.tzo=01;31:*.t7z=01;31:*.zip=01;31:*.z=01;31:*.dz=01;31:*.gz=01;31:*.lrz=01;31:*.lz=01;31:*.lzo=01;31:*.xz=01;31:*.zst=01;31:*.tzst=01;31:*.bz2=01;31:*.bz=01;31:*.tbz=01;31:*.tbz2=01;31:*.tz=01;31:*.deb=01;31:*.rpm=01;31:*.jar=01;31:*.war=01;31:*.ear=01;31:*.sar=01;31:*.rar=01;31:*.alz=01;31:*.ace=01;31:*.zoo=01;31:*.cpio=01;31:*.7z=01;31:*.rz=01;31:*.cab=01;31:*.wim=01;31:*.swm=01;31:*.dwm=01;31:*.esd=01;31:*.jpg=01;35:*.jpeg=01;35:*.mjpg=01;35:*.mjpeg=01;35:*.gif=01;35:*.bmp=01;35:*.pbm=01;35:*.pgm=01;35:*.ppm=01;35:*.tga=01;35:*.xbm=01;35:*.xpm=01;35:*.tif=01;35:*.tiff=01;35:*.png=01;35:*.svg=01;35:*.svgz=01;35:*.mng=01;35:*.pcx=01;35:*.mov=01;35:*.mpg=01;35:*.mpeg=01;35:*.m2v=01;35:*.mkv=01;35:*.webm=01;35:*.webp=01;35:*.ogm=01;35:*.mp4=01;35:*.m4v=01;35:*.mp4v=01;35:*.vob=01;35:*.qt=01;35:*.nuv=01;35:*.wmv=01;35:*.asf=01;35:*.rm=01;35:*.rmvb=01;35:*.flc=01;35:*.avi=01;35:*.fli=01;35:*.flv=01;35:*.gl=01;35:*.dl=01;35:*.xcf=01;35:*.xwd=01;35:*.yuv=01;35:*.cgm=01;35:*.emf=01;35:*.ogv=01;35:*.ogx=01;35:*.aac=00;36:*.au=00;36:*.flac=00;36:*.m4a=00;36:*.mid=00;36:*.midi=00;36:*.mka=00;36:*.mp3=00;36:*.mpc=00;36:*.ogg=00;36:*.ra=00;36:*.wav=00;36:*.oga=00;36:*.opus=00;36:*.spx=00;36:*.xspf=00;36:'), ('VSCODE_GIT_IPC_HANDLE', '/run/user/1000/vscode-git-3d806f3df3.sock'), ('TERM_PROGRAM', 'vscode'), ('GST_V4L2_USE_LIBV4L2', '1'), ('UMS_SIZE', '256M'), ('AMENT_PREFIX_PATH', '/opt/ros/humble'), ('LC_MESSAGES', 'en_US.UTF-8'), ('SHELL', '/bin/bash'), ('UMS_RO', '0'), ('LESSCLOSE', '/usr/bin/lesspipe %s %s'), ('UMS_FSTYPE', 'vfat'), ('VSCODE_GIT_ASKPASS_EXTRA_ARGS', ''), ('PWD', '/home/orangepi/Desktop/SparkCar_ROS2_WS/SparkCar_Perception/build/config_pkg'), ('LC_ALL', 'en_US.UTF-8'), ('COPILOT_DEBUG_NONCE', 'eea91dafbd2eb1b0ec653fb18529b126'), ('SSH_CONNECTION', '192.168.110.167 61328 192.168.110.159 22'), ('XDG_DATA_DIRS', '/usr/share/gnome:/usr/local/share:/usr/share:/var/lib/snapd/desktop'), ('PYTHONPATH', '/opt/ros/humble/lib/python3.10/site-packages:/opt/ros/humble/local/lib/python3.10/dist-packages'), ('UMS_MOUNT', '0'), ('COLCON', '1'), ('UMS_FILE', '/userdata/ums_shared.img'), ('CMAKE_PREFIX_PATH', '/opt/ros/humble')]), 'shell': False}
[2.481902] (camera_model) StdoutLine: {'line': b'-- Configuring done\n'}
[2.502229] (camera_model) StdoutLine: {'line': b'-- Generating done\n'}
[2.507595] (-) TimerEvent: {}
[2.508081] (camera_model) StdoutLine: {'line': b'-- Build files have been written to: /home/orangepi/Desktop/SparkCar_ROS2_WS/SparkCar_Perception/build/camera_model\n'}
[2.525758] (camera_model) CommandEnded: {'returncode': 0}
[2.529099] (camera_model) JobProgress: {'identifier': 'camera_model', 'progress': 'build'}
[2.529614] (camera_model) Command: {'cmd': ['/usr/bin/cmake', '--build', '/home/orangepi/Desktop/SparkCar_ROS2_WS/SparkCar_Perception/build/camera_model', '--', '-j8', '-l8'], 'cwd': '/home/orangepi/Desktop/SparkCar_ROS2_WS/SparkCar_Perception/build/camera_model', 'env': OrderedDict([('LESSOPEN', '| /usr/bin/lesspipe %s'), ('UMS_MOUNTPOINT', '/mnt/ums'), ('GST_V4L2_PREFERRED_FOURCC', 'NV12:YU12:NV16:YUY2'), ('LANGUAGE', 'en_US.UTF-8'), ('USER', 'orangepi'), ('SSH_CLIENT', '192.168.110.167 61328 22'), ('XDG_SESSION_TYPE', 'tty'), ('GIT_ASKPASS', '/home/orangepi/.vscode-server/cli/servers/Stable-7e7950df89d055b5a378379db9ee14290772148a/server/extensions/git/dist/askpass.sh'), ('SHLVL', '1'), ('USB_FUNCS', 'adb'), ('LD_LIBRARY_PATH', '/opt/ros/humble/opt/rviz_ogre_vendor/lib:/opt/ros/humble/lib/aarch64-linux-gnu:/opt/ros/humble/lib'), ('BROWSER', '/home/orangepi/.vscode-server/cli/servers/Stable-7e7950df89d055b5a378379db9ee14290772148a/server/bin/helpers/browser.sh'), ('MOTD_SHOWN', 'pam'), ('HOME', '/home/orangepi'), ('OLDPWD', '/home/orangepi/Desktop/SparkCar_ROS2_WS/SparkCar_Perception'), ('TERM_PROGRAM_VERSION', '1.126.0'), ('VSCODE_IPC_HOOK_CLI', '/run/user/1000/vscode-ipc-8f68b4a7-073c-40b4-bfba-8c77c4821cfd.sock'), ('GST_INSPECT_NO_COLORS', '1'), ('GST_MPP_NO_RGA', '1'), ('ROS_PYTHON_VERSION', '3'), ('COGL_DRIVER', 'gles2'), ('VSCODE_GIT_ASKPASS_MAIN', '/home/orangepi/.vscode-server/cli/servers/Stable-7e7950df89d055b5a378379db9ee14290772148a/server/extensions/git/dist/askpass-main.js'), ('VSCODE_GIT_ASKPASS_NODE', '/home/orangepi/.vscode-server/cli/servers/Stable-7e7950df89d055b5a378379db9ee14290772148a/server/node'), ('VSCODE_PYTHON_AUTOACTIVATE_GUARD', '1'), ('DBUS_SESSION_BUS_ADDRESS', 'unix:path=/run/user/1000/bus'), ('COLORTERM', 'truecolor'), ('GST_V4L2SRC_MAX_RESOLUTION', '3840x2160'), ('ROS_DISTRO', 'humble'), ('LOGNAME', 'orangepi'), ('_', '/usr/bin/colcon'), ('ROS_VERSION', '2'), ('XDG_SESSION_CLASS', 'user'), ('TERM', 'xterm-256color'), ('GST_GL_API', 'gles2'), ('XDG_SESSION_ID', '6'), ('GST_VIDEO_CONVERT_PREFERRED_FORMAT', 'NV12:NV16:I420:YUY2'), ('GST_V4L2SRC_RK_DEVICES', '_mainpath:_selfpath:_bypass:_scale'), ('ROS_LOCALHOST_ONLY', '0'), ('PATH', '/home/orangepi/.local/bin:/home/orangepi/.vscode-server/data/User/globalStorage/github.copilot-chat/debugCommand:/home/orangepi/.vscode-server/data/User/globalStorage/github.copilot-chat/copilotCli:/home/orangepi/.vscode-server/cli/servers/Stable-7e7950df89d055b5a378379db9ee14290772148a/server/bin/remote-cli:/home/orangepi/.local/bin:/opt/ros/humble/bin:/home/orangepi/.local/bin:/usr/local/sbin:/usr/local/bin:/usr/sbin:/usr/bin:/sbin:/bin:/usr/games:/usr/local/games:/snap/bin'), ('XDG_RUNTIME_DIR', '/run/user/1000'), ('GST_GL_PLATFORM', 'egl'), ('GST_DEBUG_NO_COLOR', '1'), ('GST_V4L2SRC_DEFAULT_DEVICE', '/dev/video-camera0'), ('DISPLAY', ':0'), ('LANG', 'en_US.UTF-8'), ('LS_COLORS', 'rs=0:di=01;34:ln=01;36:mh=00:pi=40;33:so=01;35:do=01;35:bd=40;33;01:cd=40;33;01:or=40;31;01:mi=00:su=37;41:sg=30;43:ca=30;41:tw=30;42:ow=34;42:st=37;44:ex=01;32:*.tar=01;31:*.tgz=01;31:*.arc=01;31:*.arj=01;31:*.taz=01;31:*.lha=01;31:*.lz4=01;31:*.lzh=01;31:*.lzma=01;31:*.tlz=01;31:*.txz=01;31:*.tzo=01;31:*.t7z=01;31:*.zip=01;31:*.z=01;31:*.dz=01;31:*.gz=01;31:*.lrz=01;31:*.lz=01;31:*.lzo=01;31:*.xz=01;31:*.zst=01;31:*.tzst=01;31:*.bz2=01;31:*.bz=01;31:*.tbz=01;31:*.tbz2=01;31:*.tz=01;31:*.deb=01;31:*.rpm=01;31:*.jar=01;31:*.war=01;31:*.ear=01;31:*.sar=01;31:*.rar=01;31:*.alz=01;31:*.ace=01;31:*.zoo=01;31:*.cpio=01;31:*.7z=01;31:*.rz=01;31:*.cab=01;31:*.wim=01;31:*.swm=01;31:*.dwm=01;31:*.esd=01;31:*.jpg=01;35:*.jpeg=01;35:*.mjpg=01;35:*.mjpeg=01;35:*.gif=01;35:*.bmp=01;35:*.pbm=01;35:*.pgm=01;35:*.ppm=01;35:*.tga=01;35:*.xbm=01;35:*.xpm=01;35:*.tif=01;35:*.tiff=01;35:*.png=01;35:*.svg=01;35:*.svgz=01;35:*.mng=01;35:*.pcx=01;35:*.mov=01;35:*.mpg=01;35:*.mpeg=01;35:*.m2v=01;35:*.mkv=01;35:*.webm=01;35:*.webp=01;35:*.ogm=01;35:*.mp4=01;35:*.m4v=01;35:*.mp4v=01;35:*.vob=01;35:*.qt=01;35:*.nuv=01;35:*.wmv=01;35:*.asf=01;35:*.rm=01;35:*.rmvb=01;35:*.flc=01;35:*.avi=01;35:*.fli=01;35:*.flv=01;35:*.gl=01;35:*.dl=01;35:*.xcf=01;35:*.xwd=01;35:*.yuv=01;35:*.cgm=01;35:*.emf=01;35:*.ogv=01;35:*.ogx=01;35:*.aac=00;36:*.au=00;36:*.flac=00;36:*.m4a=00;36:*.mid=00;36:*.midi=00;36:*.mka=00;36:*.mp3=00;36:*.mpc=00;36:*.ogg=00;36:*.ra=00;36:*.wav=00;36:*.oga=00;36:*.opus=00;36:*.spx=00;36:*.xspf=00;36:'), ('VSCODE_GIT_IPC_HANDLE', '/run/user/1000/vscode-git-3d806f3df3.sock'), ('TERM_PROGRAM', 'vscode'), ('GST_V4L2_USE_LIBV4L2', '1'), ('UMS_SIZE', '256M'), ('AMENT_PREFIX_PATH', '/opt/ros/humble'), ('LC_MESSAGES', 'en_US.UTF-8'), ('SHELL', '/bin/bash'), ('UMS_RO', '0'), ('LESSCLOSE', '/usr/bin/lesspipe %s %s'), ('UMS_FSTYPE', 'vfat'), ('VSCODE_GIT_ASKPASS_EXTRA_ARGS', ''), ('PWD', '/home/orangepi/Desktop/SparkCar_ROS2_WS/SparkCar_Perception/build/camera_model'), ('LC_ALL', 'en_US.UTF-8'), ('COPILOT_DEBUG_NONCE', 'eea91dafbd2eb1b0ec653fb18529b126'), ('SSH_CONNECTION', '192.168.110.167 61328 192.168.110.159 22'), ('XDG_DATA_DIRS', '/usr/share/gnome:/usr/local/share:/usr/share:/var/lib/snapd/desktop'), ('PYTHONPATH', '/opt/ros/humble/lib/python3.10/site-packages:/opt/ros/humble/local/lib/python3.10/dist-packages'), ('UMS_MOUNT', '0'), ('COLCON', '1'), ('UMS_FILE', '/userdata/ums_shared.img'), ('CMAKE_PREFIX_PATH', '/opt/ros/humble')]), 'shell': False}
[2.572516] (config_pkg) CommandEnded: {'returncode': 0}
[2.575059] (config_pkg) JobProgress: {'identifier': 'config_pkg', 'progress': 'install'}
[2.606526] (benchmark_publisher) StdoutLine: {'line': b'-- Configuring done\n'}
[2.607673] (-) TimerEvent: {}
[2.610123] (config_pkg) Command: {'cmd': ['/usr/bin/cmake', '--install', '/home/orangepi/Desktop/SparkCar_ROS2_WS/SparkCar_Perception/build/config_pkg'], 'cwd': '/home/orangepi/Desktop/SparkCar_ROS2_WS/SparkCar_Perception/build/config_pkg', 'env': OrderedDict([('LESSOPEN', '| /usr/bin/lesspipe %s'), ('UMS_MOUNTPOINT', '/mnt/ums'), ('GST_V4L2_PREFERRED_FOURCC', 'NV12:YU12:NV16:YUY2'), ('LANGUAGE', 'en_US.UTF-8'), ('USER', 'orangepi'), ('SSH_CLIENT', '192.168.110.167 61328 22'), ('XDG_SESSION_TYPE', 'tty'), ('GIT_ASKPASS', '/home/orangepi/.vscode-server/cli/servers/Stable-7e7950df89d055b5a378379db9ee14290772148a/server/extensions/git/dist/askpass.sh'), ('SHLVL', '1'), ('USB_FUNCS', 'adb'), ('LD_LIBRARY_PATH', '/opt/ros/humble/opt/rviz_ogre_vendor/lib:/opt/ros/humble/lib/aarch64-linux-gnu:/opt/ros/humble/lib'), ('BROWSER', '/home/orangepi/.vscode-server/cli/servers/Stable-7e7950df89d055b5a378379db9ee14290772148a/server/bin/helpers/browser.sh'), ('MOTD_SHOWN', 'pam'), ('HOME', '/home/orangepi'), ('OLDPWD', '/home/orangepi/Desktop/SparkCar_ROS2_WS/SparkCar_Perception'), ('TERM_PROGRAM_VERSION', '1.126.0'), ('VSCODE_IPC_HOOK_CLI', '/run/user/1000/vscode-ipc-8f68b4a7-073c-40b4-bfba-8c77c4821cfd.sock'), ('GST_INSPECT_NO_COLORS', '1'), ('GST_MPP_NO_RGA', '1'), ('ROS_PYTHON_VERSION', '3'), ('COGL_DRIVER', 'gles2'), ('VSCODE_GIT_ASKPASS_MAIN', '/home/orangepi/.vscode-server/cli/servers/Stable-7e7950df89d055b5a378379db9ee14290772148a/server/extensions/git/dist/askpass-main.js'), ('VSCODE_GIT_ASKPASS_NODE', '/home/orangepi/.vscode-server/cli/servers/Stable-7e7950df89d055b5a378379db9ee14290772148a/server/node'), ('VSCODE_PYTHON_AUTOACTIVATE_GUARD', '1'), ('DBUS_SESSION_BUS_ADDRESS', 'unix:path=/run/user/1000/bus'), ('COLORTERM', 'truecolor'), ('GST_V4L2SRC_MAX_RESOLUTION', '3840x2160'), ('ROS_DISTRO', 'humble'), ('LOGNAME', 'orangepi'), ('_', '/usr/bin/colcon'), ('ROS_VERSION', '2'), ('XDG_SESSION_CLASS', 'user'), ('TERM', 'xterm-256color'), ('GST_GL_API', 'gles2'), ('XDG_SESSION_ID', '6'), ('GST_VIDEO_CONVERT_PREFERRED_FORMAT', 'NV12:NV16:I420:YUY2'), ('GST_V4L2SRC_RK_DEVICES', '_mainpath:_selfpath:_bypass:_scale'), ('ROS_LOCALHOST_ONLY', '0'), ('PATH', '/home/orangepi/.local/bin:/home/orangepi/.vscode-server/data/User/globalStorage/github.copilot-chat/debugCommand:/home/orangepi/.vscode-server/data/User/globalStorage/github.copilot-chat/copilotCli:/home/orangepi/.vscode-server/cli/servers/Stable-7e7950df89d055b5a378379db9ee14290772148a/server/bin/remote-cli:/home/orangepi/.local/bin:/opt/ros/humble/bin:/home/orangepi/.local/bin:/usr/local/sbin:/usr/local/bin:/usr/sbin:/usr/bin:/sbin:/bin:/usr/games:/usr/local/games:/snap/bin'), ('XDG_RUNTIME_DIR', '/run/user/1000'), ('GST_GL_PLATFORM', 'egl'), ('GST_DEBUG_NO_COLOR', '1'), ('GST_V4L2SRC_DEFAULT_DEVICE', '/dev/video-camera0'), ('DISPLAY', ':0'), ('LANG', 'en_US.UTF-8'), ('LS_COLORS', 'rs=0:di=01;34:ln=01;36:mh=00:pi=40;33:so=01;35:do=01;35:bd=40;33;01:cd=40;33;01:or=40;31;01:mi=00:su=37;41:sg=30;43:ca=30;41:tw=30;42:ow=34;42:st=37;44:ex=01;32:*.tar=01;31:*.tgz=01;31:*.arc=01;31:*.arj=01;31:*.taz=01;31:*.lha=01;31:*.lz4=01;31:*.lzh=01;31:*.lzma=01;31:*.tlz=01;31:*.txz=01;31:*.tzo=01;31:*.t7z=01;31:*.zip=01;31:*.z=01;31:*.dz=01;31:*.gz=01;31:*.lrz=01;31:*.lz=01;31:*.lzo=01;31:*.xz=01;31:*.zst=01;31:*.tzst=01;31:*.bz2=01;31:*.bz=01;31:*.tbz=01;31:*.tbz2=01;31:*.tz=01;31:*.deb=01;31:*.rpm=01;31:*.jar=01;31:*.war=01;31:*.ear=01;31:*.sar=01;31:*.rar=01;31:*.alz=01;31:*.ace=01;31:*.zoo=01;31:*.cpio=01;31:*.7z=01;31:*.rz=01;31:*.cab=01;31:*.wim=01;31:*.swm=01;31:*.dwm=01;31:*.esd=01;31:*.jpg=01;35:*.jpeg=01;35:*.mjpg=01;35:*.mjpeg=01;35:*.gif=01;35:*.bmp=01;35:*.pbm=01;35:*.pgm=01;35:*.ppm=01;35:*.tga=01;35:*.xbm=01;35:*.xpm=01;35:*.tif=01;35:*.tiff=01;35:*.png=01;35:*.svg=01;35:*.svgz=01;35:*.mng=01;35:*.pcx=01;35:*.mov=01;35:*.mpg=01;35:*.mpeg=01;35:*.m2v=01;35:*.mkv=01;35:*.webm=01;35:*.webp=01;35:*.ogm=01;35:*.mp4=01;35:*.m4v=01;35:*.mp4v=01;35:*.vob=01;35:*.qt=01;35:*.nuv=01;35:*.wmv=01;35:*.asf=01;35:*.rm=01;35:*.rmvb=01;35:*.flc=01;35:*.avi=01;35:*.fli=01;35:*.flv=01;35:*.gl=01;35:*.dl=01;35:*.xcf=01;35:*.xwd=01;35:*.yuv=01;35:*.cgm=01;35:*.emf=01;35:*.ogv=01;35:*.ogx=01;35:*.aac=00;36:*.au=00;36:*.flac=00;36:*.m4a=00;36:*.mid=00;36:*.midi=00;36:*.mka=00;36:*.mp3=00;36:*.mpc=00;36:*.ogg=00;36:*.ra=00;36:*.wav=00;36:*.oga=00;36:*.opus=00;36:*.spx=00;36:*.xspf=00;36:'), ('VSCODE_GIT_IPC_HANDLE', '/run/user/1000/vscode-git-3d806f3df3.sock'), ('TERM_PROGRAM', 'vscode'), ('GST_V4L2_USE_LIBV4L2', '1'), ('UMS_SIZE', '256M'), ('AMENT_PREFIX_PATH', '/opt/ros/humble'), ('LC_MESSAGES', 'en_US.UTF-8'), ('SHELL', '/bin/bash'), ('UMS_RO', '0'), ('LESSCLOSE', '/usr/bin/lesspipe %s %s'), ('UMS_FSTYPE', 'vfat'), ('VSCODE_GIT_ASKPASS_EXTRA_ARGS', ''), ('PWD', '/home/orangepi/Desktop/SparkCar_ROS2_WS/SparkCar_Perception/build/config_pkg'), ('LC_ALL', 'en_US.UTF-8'), ('COPILOT_DEBUG_NONCE', 'eea91dafbd2eb1b0ec653fb18529b126'), ('SSH_CONNECTION', '192.168.110.167 61328 192.168.110.159 22'), ('XDG_DATA_DIRS', '/usr/share/gnome:/usr/local/share:/usr/share:/var/lib/snapd/desktop'), ('PYTHONPATH', '/opt/ros/humble/lib/python3.10/site-packages:/opt/ros/humble/local/lib/python3.10/dist-packages'), ('UMS_MOUNT', '0'), ('COLCON', '1'), ('UMS_FILE', '/userdata/ums_shared.img'), ('CMAKE_PREFIX_PATH', '/opt/ros/humble')]), 'shell': False}
[2.625845] (benchmark_publisher) StdoutLine: {'line': b'-- Generating done\n'}
[2.633413] (benchmark_publisher) StdoutLine: {'line': b'-- Build files have been written to: /home/orangepi/Desktop/SparkCar_ROS2_WS/SparkCar_Perception/build/benchmark_publisher\n'}
[2.635864] (config_pkg) StdoutLine: {'line': b'-- Install configuration: "Release"\n'}
[2.636773] (config_pkg) StdoutLine: {'line': b'-- Execute custom install script\n'}
[2.638714] (config_pkg) StdoutLine: {'line': b'-- Symlinking: /home/orangepi/Desktop/SparkCar_ROS2_WS/SparkCar_Perception/install/config_pkg/share/config_pkg//config/3dm/3dm_config.yaml\n'}
[2.648808] (camera_model) StdoutLine: {'line': b'[  7%] \x1b[32mBuilding CXX object CMakeFiles/Calibration.dir/src/camera_models/Camera.cc.o\x1b[0m\n'}
[2.650068] (camera_model) StdoutLine: {'line': b'[  7%] \x1b[32mBuilding CXX object CMakeFiles/Calibration.dir/src/chessboard/Chessboard.cc.o\x1b[0m\n'}
[2.656047] (config_pkg) StdoutLine: {'line': b'-- Symlinking: /home/orangepi/Desktop/SparkCar_ROS2_WS/SparkCar_Perception/install/config_pkg/share/config_pkg//config/AR_demo.rviz\n'}
[2.662075] (camera_model) StdoutLine: {'line': b'[ 11%] \x1b[32mBuilding CXX object CMakeFiles/Calibration.dir/src/calib/CameraCalibration.cc.o\x1b[0m\n'}
[2.664812] (camera_model) StdoutLine: {'line': b'[ 18%] \x1b[32mBuilding CXX object CMakeFiles/Calibration.dir/src/camera_models/CameraFactory.cc.o\x1b[0m\n'}
[2.667776] (camera_model) StdoutLine: {'line': b'[ 18%] \x1b[32mBuilding CXX object CMakeFiles/Calibration.dir/src/camera_models/PinholeCamera.cc.o\x1b[0m\n'}
[2.668119] (benchmark_publisher) CommandEnded: {'returncode': 0}
[2.668733] (benchmark_publisher) JobProgress: {'identifier': 'benchmark_publisher', 'progress': 'build'}
[2.668771] (benchmark_publisher) Command: {'cmd': ['/usr/bin/cmake', '--build', '/home/orangepi/Desktop/SparkCar_ROS2_WS/SparkCar_Perception/build/benchmark_publisher', '--', '-j8', '-l8'], 'cwd': '/home/orangepi/Desktop/SparkCar_ROS2_WS/SparkCar_Perception/build/benchmark_publisher', 'env': OrderedDict([('LESSOPEN', '| /usr/bin/lesspipe %s'), ('UMS_MOUNTPOINT', '/mnt/ums'), ('GST_V4L2_PREFERRED_FOURCC', 'NV12:YU12:NV16:YUY2'), ('LANGUAGE', 'en_US.UTF-8'), ('USER', 'orangepi'), ('SSH_CLIENT', '192.168.110.167 61328 22'), ('XDG_SESSION_TYPE', 'tty'), ('GIT_ASKPASS', '/home/orangepi/.vscode-server/cli/servers/Stable-7e7950df89d055b5a378379db9ee14290772148a/server/extensions/git/dist/askpass.sh'), ('SHLVL', '1'), ('USB_FUNCS', 'adb'), ('LD_LIBRARY_PATH', '/opt/ros/humble/opt/rviz_ogre_vendor/lib:/opt/ros/humble/lib/aarch64-linux-gnu:/opt/ros/humble/lib'), ('BROWSER', '/home/orangepi/.vscode-server/cli/servers/Stable-7e7950df89d055b5a378379db9ee14290772148a/server/bin/helpers/browser.sh'), ('MOTD_SHOWN', 'pam'), ('HOME', '/home/orangepi'), ('OLDPWD', '/home/orangepi/Desktop/SparkCar_ROS2_WS/SparkCar_Perception'), ('TERM_PROGRAM_VERSION', '1.126.0'), ('VSCODE_IPC_HOOK_CLI', '/run/user/1000/vscode-ipc-8f68b4a7-073c-40b4-bfba-8c77c4821cfd.sock'), ('GST_INSPECT_NO_COLORS', '1'), ('GST_MPP_NO_RGA', '1'), ('ROS_PYTHON_VERSION', '3'), ('COGL_DRIVER', 'gles2'), ('VSCODE_GIT_ASKPASS_MAIN', '/home/orangepi/.vscode-server/cli/servers/Stable-7e7950df89d055b5a378379db9ee14290772148a/server/extensions/git/dist/askpass-main.js'), ('VSCODE_GIT_ASKPASS_NODE', '/home/orangepi/.vscode-server/cli/servers/Stable-7e7950df89d055b5a378379db9ee14290772148a/server/node'), ('VSCODE_PYTHON_AUTOACTIVATE_GUARD', '1'), ('DBUS_SESSION_BUS_ADDRESS', 'unix:path=/run/user/1000/bus'), ('COLORTERM', 'truecolor'), ('GST_V4L2SRC_MAX_RESOLUTION', '3840x2160'), ('ROS_DISTRO', 'humble'), ('LOGNAME', 'orangepi'), ('_', '/usr/bin/colcon'), ('ROS_VERSION', '2'), ('XDG_SESSION_CLASS', 'user'), ('TERM', 'xterm-256color'), ('GST_GL_API', 'gles2'), ('XDG_SESSION_ID', '6'), ('GST_VIDEO_CONVERT_PREFERRED_FORMAT', 'NV12:NV16:I420:YUY2'), ('GST_V4L2SRC_RK_DEVICES', '_mainpath:_selfpath:_bypass:_scale'), ('ROS_LOCALHOST_ONLY', '0'), ('PATH', '/home/orangepi/.local/bin:/home/orangepi/.vscode-server/data/User/globalStorage/github.copilot-chat/debugCommand:/home/orangepi/.vscode-server/data/User/globalStorage/github.copilot-chat/copilotCli:/home/orangepi/.vscode-server/cli/servers/Stable-7e7950df89d055b5a378379db9ee14290772148a/server/bin/remote-cli:/home/orangepi/.local/bin:/opt/ros/humble/bin:/home/orangepi/.local/bin:/usr/local/sbin:/usr/local/bin:/usr/sbin:/usr/bin:/sbin:/bin:/usr/games:/usr/local/games:/snap/bin'), ('XDG_RUNTIME_DIR', '/run/user/1000'), ('GST_GL_PLATFORM', 'egl'), ('GST_DEBUG_NO_COLOR', '1'), ('GST_V4L2SRC_DEFAULT_DEVICE', '/dev/video-camera0'), ('DISPLAY', ':0'), ('LANG', 'en_US.UTF-8'), ('LS_COLORS', 'rs=0:di=01;34:ln=01;36:mh=00:pi=40;33:so=01;35:do=01;35:bd=40;33;01:cd=40;33;01:or=40;31;01:mi=00:su=37;41:sg=30;43:ca=30;41:tw=30;42:ow=34;42:st=37;44:ex=01;32:*.tar=01;31:*.tgz=01;31:*.arc=01;31:*.arj=01;31:*.taz=01;31:*.lha=01;31:*.lz4=01;31:*.lzh=01;31:*.lzma=01;31:*.tlz=01;31:*.txz=01;31:*.tzo=01;31:*.t7z=01;31:*.zip=01;31:*.z=01;31:*.dz=01;31:*.gz=01;31:*.lrz=01;31:*.lz=01;31:*.lzo=01;31:*.xz=01;31:*.zst=01;31:*.tzst=01;31:*.bz2=01;31:*.bz=01;31:*.tbz=01;31:*.tbz2=01;31:*.tz=01;31:*.deb=01;31:*.rpm=01;31:*.jar=01;31:*.war=01;31:*.ear=01;31:*.sar=01;31:*.rar=01;31:*.alz=01;31:*.ace=01;31:*.zoo=01;31:*.cpio=01;31:*.7z=01;31:*.rz=01;31:*.cab=01;31:*.wim=01;31:*.swm=01;31:*.dwm=01;31:*.esd=01;31:*.jpg=01;35:*.jpeg=01;35:*.mjpg=01;35:*.mjpeg=01;35:*.gif=01;35:*.bmp=01;35:*.pbm=01;35:*.pgm=01;35:*.ppm=01;35:*.tga=01;35:*.xbm=01;35:*.xpm=01;35:*.tif=01;35:*.tiff=01;35:*.png=01;35:*.svg=01;35:*.svgz=01;35:*.mng=01;35:*.pcx=01;35:*.mov=01;35:*.mpg=01;35:*.mpeg=01;35:*.m2v=01;35:*.mkv=01;35:*.webm=01;35:*.webp=01;35:*.ogm=01;35:*.mp4=01;35:*.m4v=01;35:*.mp4v=01;35:*.vob=01;35:*.qt=01;35:*.nuv=01;35:*.wmv=01;35:*.asf=01;35:*.rm=01;35:*.rmvb=01;35:*.flc=01;35:*.avi=01;35:*.fli=01;35:*.flv=01;35:*.gl=01;35:*.dl=01;35:*.xcf=01;35:*.xwd=01;35:*.yuv=01;35:*.cgm=01;35:*.emf=01;35:*.ogv=01;35:*.ogx=01;35:*.aac=00;36:*.au=00;36:*.flac=00;36:*.m4a=00;36:*.mid=00;36:*.midi=00;36:*.mka=00;36:*.mp3=00;36:*.mpc=00;36:*.ogg=00;36:*.ra=00;36:*.wav=00;36:*.oga=00;36:*.opus=00;36:*.spx=00;36:*.xspf=00;36:'), ('VSCODE_GIT_IPC_HANDLE', '/run/user/1000/vscode-git-3d806f3df3.sock'), ('TERM_PROGRAM', 'vscode'), ('GST_V4L2_USE_LIBV4L2', '1'), ('UMS_SIZE', '256M'), ('AMENT_PREFIX_PATH', '/opt/ros/humble'), ('LC_MESSAGES', 'en_US.UTF-8'), ('SHELL', '/bin/bash'), ('UMS_RO', '0'), ('LESSCLOSE', '/usr/bin/lesspipe %s %s'), ('UMS_FSTYPE', 'vfat'), ('VSCODE_GIT_ASKPASS_EXTRA_ARGS', ''), ('PWD', '/home/orangepi/Desktop/SparkCar_ROS2_WS/SparkCar_Perception/build/benchmark_publisher'), ('LC_ALL', 'en_US.UTF-8'), ('COPILOT_DEBUG_NONCE', 'eea91dafbd2eb1b0ec653fb18529b126'), ('SSH_CONNECTION', '192.168.110.167 61328 192.168.110.159 22'), ('XDG_DATA_DIRS', '/usr/share/gnome:/usr/local/share:/usr/share:/var/lib/snapd/desktop'), ('PYTHONPATH', '/opt/ros/humble/lib/python3.10/site-packages:/opt/ros/humble/local/lib/python3.10/dist-packages'), ('UMS_MOUNT', '0'), ('COLCON', '1'), ('UMS_FILE', '/userdata/ums_shared.img'), ('CMAKE_PREFIX_PATH', '/opt/ros/humble')]), 'shell': False}
[2.669677] (camera_model) StdoutLine: {'line': b'[ 22%] \x1b[32mBuilding CXX object CMakeFiles/camera_model.dir/src/chessboard/Chessboard.cc.o\x1b[0m\n'}
[2.673745] (camera_model) StdoutLine: {'line': b'[ 25%] \x1b[32mBuilding CXX object CMakeFiles/Calibration.dir/src/intrinsic_calib.cc.o\x1b[0m\n'}
[2.675582] (camera_model) StdoutLine: {'line': b'[ 29%] \x1b[32mBuilding CXX object CMakeFiles/Calibration.dir/src/camera_models/CostFunctionFactory.cc.o\x1b[0m\n'}
[2.679310] (config_pkg) StdoutLine: {'line': b'-- Symlinking: /home/orangepi/Desktop/SparkCar_ROS2_WS/SparkCar_Perception/install/config_pkg/share/config_pkg//config/ar_demo_rviz.rviz\n'}
[2.695526] (config_pkg) StdoutLine: {'line': b'-- Symlinking: /home/orangepi/Desktop/SparkCar_ROS2_WS/SparkCar_Perception/install/config_pkg/share/config_pkg//config/black_box/black_box_config.yaml\n'}
[2.706442] (config_pkg) StdoutLine: {'line': b'-- Symlinking: /home/orangepi/Desktop/SparkCar_ROS2_WS/SparkCar_Perception/install/config_pkg/share/config_pkg//config/cla/cla_config.yaml\n'}
[2.707786] (-) TimerEvent: {}
[2.717049] (config_pkg) StdoutLine: {'line': b'-- Symlinking: /home/orangepi/Desktop/SparkCar_ROS2_WS/SparkCar_Perception/install/config_pkg/share/config_pkg//config/euroc/euroc_config.yaml\n'}
[2.774237] (config_pkg) StdoutLine: {'line': b'-- Symlinking: /home/orangepi/Desktop/SparkCar_ROS2_WS/SparkCar_Perception/install/config_pkg/share/config_pkg//config/euroc/euroc_config_no_extrinsic.yaml\n'}
[2.807932] (-) TimerEvent: {}
[2.842739] (config_pkg) StdoutLine: {'line': b'-- Symlinking: /home/orangepi/Desktop/SparkCar_ROS2_WS/SparkCar_Perception/install/config_pkg/share/config_pkg//config/extrinsic_parameter_example.pdf\n'}
[2.866239] (benchmark_publisher) StdoutLine: {'line': b'[ 50%] \x1b[32mBuilding CXX object CMakeFiles/benchmark_publisher.dir/src/benchmark_publisher_node.cpp.o\x1b[0m\n'}
[2.878384] (config_pkg) StdoutLine: {'line': b'-- Symlinking: /home/orangepi/Desktop/SparkCar_ROS2_WS/SparkCar_Perception/install/config_pkg/share/config_pkg//config/fisheye_mask.jpg\n'}
[2.908173] (-) TimerEvent: {}
[2.917894] (config_pkg) StdoutLine: {'line': b'-- Symlinking: /home/orangepi/Desktop/SparkCar_ROS2_WS/SparkCar_Perception/install/config_pkg/share/config_pkg//config/fisheye_mask_752x480.jpg\n'}
[2.942964] (config_pkg) StdoutLine: {'line': b'-- Symlinking: /home/orangepi/Desktop/SparkCar_ROS2_WS/SparkCar_Perception/install/config_pkg/share/config_pkg//config/gif/vins_ros2_ar_demo.gif\n'}
[2.967527] (config_pkg) StdoutLine: {'line': b'-- Symlinking: /home/orangepi/Desktop/SparkCar_ROS2_WS/SparkCar_Perception/install/config_pkg/share/config_pkg//config/gif/vins_ros2_benchmark_mh01.gif\n'}
[3.009394] (config_pkg) StdoutLine: {'line': b'-- Symlinking: /home/orangepi/Desktop/SparkCar_ROS2_WS/SparkCar_Perception/install/config_pkg/share/config_pkg//config/gif/vins_ros2_benchmark_mh02.gif\n'}
[3.009684] (-) TimerEvent: {}
[3.041678] (config_pkg) StdoutLine: {'line': b'-- Symlinking: /home/orangepi/Desktop/SparkCar_ROS2_WS/SparkCar_Perception/install/config_pkg/share/config_pkg//config/gif/vins_ros2_benchmark_mh05.gif\n'}
[3.078740] (config_pkg) StdoutLine: {'line': b'-- Symlinking: /home/orangepi/Desktop/SparkCar_ROS2_WS/SparkCar_Perception/install/config_pkg/share/config_pkg//config/gif/vins_ros2_mh01.gif\n'}
[3.109849] (-) TimerEvent: {}
[3.113614] (config_pkg) StdoutLine: {'line': b'-- Symlinking: /home/orangepi/Desktop/SparkCar_ROS2_WS/SparkCar_Perception/install/config_pkg/share/config_pkg//config/gif/vins_ros2_mh02.gif\n'}
[3.143115] (config_pkg) StdoutLine: {'line': b'-- Symlinking: /home/orangepi/Desktop/SparkCar_ROS2_WS/SparkCar_Perception/install/config_pkg/share/config_pkg//config/gif/vins_ros2_mh05.gif\n'}
[3.194747] (config_pkg) StdoutLine: {'line': b'-- Symlinking: /home/orangepi/Desktop/SparkCar_ROS2_WS/SparkCar_Perception/install/config_pkg/share/config_pkg//config/gif/vins_ros2_v101.gif\n'}
[3.210003] (-) TimerEvent: {}
[3.224985] (config_pkg) StdoutLine: {'line': b'-- Symlinking: /home/orangepi/Desktop/SparkCar_ROS2_WS/SparkCar_Perception/install/config_pkg/share/config_pkg//config/gif/vins_ros2_v201.gif\n'}
[3.259900] (config_pkg) StdoutLine: {'line': b'-- Symlinking: /home/orangepi/Desktop/SparkCar_ROS2_WS/SparkCar_Perception/install/config_pkg/share/config_pkg//config/realsense/realsense_color_config.yaml\n'}
[3.300839] (config_pkg) StdoutLine: {'line': b'-- Symlinking: /home/orangepi/Desktop/SparkCar_ROS2_WS/SparkCar_Perception/install/config_pkg/share/config_pkg//config/realsense/realsense_fisheye_config.yaml\n'}
[3.310154] (-) TimerEvent: {}
[3.337294] (config_pkg) StdoutLine: {'line': b'-- Symlinking: /home/orangepi/Desktop/SparkCar_ROS2_WS/SparkCar_Perception/install/config_pkg/share/config_pkg//config/realsense/realsense_zr300\n'}
[3.362452] (config_pkg) StdoutLine: {'line': b'-- Symlinking: /home/orangepi/Desktop/SparkCar_ROS2_WS/SparkCar_Perception/install/config_pkg/share/config_pkg//config/tum/tum_config.yaml\n'}
[3.405521] (config_pkg) StdoutLine: {'line': b'-- Symlinking: /home/orangepi/Desktop/SparkCar_ROS2_WS/SparkCar_Perception/install/config_pkg/share/config_pkg//config/vins_euroc_rviz.rviz\n'}
[3.410283] (-) TimerEvent: {}
[3.449146] (config_pkg) StdoutLine: {'line': b'-- Symlinking: /home/orangepi/Desktop/SparkCar_ROS2_WS/SparkCar_Perception/install/config_pkg/share/config_pkg//support_files/brief_k10L6.bin\n'}
[3.482692] (config_pkg) StdoutLine: {'line': b'-- Symlinking: /home/orangepi/Desktop/SparkCar_ROS2_WS/SparkCar_Perception/install/config_pkg/share/config_pkg//support_files/brief_pattern.yml\n'}
[3.510419] (-) TimerEvent: {}
[3.516866] (config_pkg) StdoutLine: {'line': b'-- Symlinking: /home/orangepi/Desktop/SparkCar_ROS2_WS/SparkCar_Perception/install/config_pkg/share/config_pkg//support_files/image/vins.png\n'}
[3.555775] (config_pkg) StdoutLine: {'line': b'-- Symlinking: /home/orangepi/Desktop/SparkCar_ROS2_WS/SparkCar_Perception/install/config_pkg/share/config_pkg//support_files/image/vins_black.png\n'}
[3.588127] (config_pkg) StdoutLine: {'line': b'-- Symlinking: /home/orangepi/Desktop/SparkCar_ROS2_WS/SparkCar_Perception/install/config_pkg/share/config_pkg//support_files/paper/tro_technical_report.pdf\n'}
[3.610554] (-) TimerEvent: {}
[3.628573] (config_pkg) StdoutLine: {'line': b'-- Symlinking: /home/orangepi/Desktop/SparkCar_ROS2_WS/SparkCar_Perception/install/config_pkg/share/config_pkg//support_files/paper_bib.txt\n'}
[3.659911] (config_pkg) StdoutLine: {'line': b'-- Symlinking: /home/orangepi/Desktop/SparkCar_ROS2_WS/SparkCar_Perception/install/config_pkg/share/ament_index/resource_index/package_run_dependencies/config_pkg\n'}
[3.672416] (config_pkg) StdoutLine: {'line': b'-- Symlinking: /home/orangepi/Desktop/SparkCar_ROS2_WS/SparkCar_Perception/install/config_pkg/share/ament_index/resource_index/parent_prefix_path/config_pkg\n'}
[3.692268] (config_pkg) StdoutLine: {'line': b'-- Symlinking: /home/orangepi/Desktop/SparkCar_ROS2_WS/SparkCar_Perception/install/config_pkg/share/config_pkg/environment/ament_prefix_path.sh\n'}
[3.717950] (-) TimerEvent: {}
[3.724678] (config_pkg) StdoutLine: {'line': b'-- Symlinking: /home/orangepi/Desktop/SparkCar_ROS2_WS/SparkCar_Perception/install/config_pkg/share/config_pkg/environment/ament_prefix_path.dsv\n'}
[3.739321] (config_pkg) StdoutLine: {'line': b'-- Symlinking: /home/orangepi/Desktop/SparkCar_ROS2_WS/SparkCar_Perception/install/config_pkg/share/config_pkg/environment/path.sh\n'}
[3.752482] (config_pkg) StdoutLine: {'line': b'-- Symlinking: /home/orangepi/Desktop/SparkCar_ROS2_WS/SparkCar_Perception/install/config_pkg/share/config_pkg/environment/path.dsv\n'}
[3.765601] (config_pkg) StdoutLine: {'line': b'-- Symlinking: /home/orangepi/Desktop/SparkCar_ROS2_WS/SparkCar_Perception/install/config_pkg/share/config_pkg/local_setup.bash\n'}
[3.779192] (config_pkg) StdoutLine: {'line': b'-- Symlinking: /home/orangepi/Desktop/SparkCar_ROS2_WS/SparkCar_Perception/install/config_pkg/share/config_pkg/local_setup.sh\n'}
[3.794043] (config_pkg) StdoutLine: {'line': b'-- Symlinking: /home/orangepi/Desktop/SparkCar_ROS2_WS/SparkCar_Perception/install/config_pkg/share/config_pkg/local_setup.zsh\n'}
[3.811501] (config_pkg) StdoutLine: {'line': b'-- Symlinking: /home/orangepi/Desktop/SparkCar_ROS2_WS/SparkCar_Perception/install/config_pkg/share/config_pkg/local_setup.dsv\n'}
[3.818109] (-) TimerEvent: {}
[3.827582] (config_pkg) StdoutLine: {'line': b'-- Symlinking: /home/orangepi/Desktop/SparkCar_ROS2_WS/SparkCar_Perception/install/config_pkg/share/config_pkg/package.dsv\n'}
[3.840713] (config_pkg) StdoutLine: {'line': b'-- Symlinking: /home/orangepi/Desktop/SparkCar_ROS2_WS/SparkCar_Perception/install/config_pkg/share/ament_index/resource_index/packages/config_pkg\n'}
[3.855604] (config_pkg) StdoutLine: {'line': b'-- Symlinking: /home/orangepi/Desktop/SparkCar_ROS2_WS/SparkCar_Perception/install/config_pkg/share/config_pkg/cmake/config_pkgConfig.cmake\n'}
[3.869070] (config_pkg) StdoutLine: {'line': b'-- Symlinking: /home/orangepi/Desktop/SparkCar_ROS2_WS/SparkCar_Perception/install/config_pkg/share/config_pkg/cmake/config_pkgConfig-version.cmake\n'}
[3.882660] (config_pkg) StdoutLine: {'line': b'-- Symlinking: /home/orangepi/Desktop/SparkCar_ROS2_WS/SparkCar_Perception/install/config_pkg/share/config_pkg/package.xml\n'}
[3.904474] (config_pkg) CommandEnded: {'returncode': 0}
[3.918210] (-) TimerEvent: {}
[3.932652] (config_pkg) JobEnded: {'identifier': 'config_pkg', 'rc': 0}
[4.018358] (-) TimerEvent: {}
[4.118975] (-) TimerEvent: {}
[4.219658] (-) TimerEvent: {}
[4.320472] (-) TimerEvent: {}
[4.421180] (-) TimerEvent: {}
[4.521901] (-) TimerEvent: {}
[4.622589] (-) TimerEvent: {}
[4.723288] (-) TimerEvent: {}
[4.824023] (-) TimerEvent: {}
[4.924765] (-) TimerEvent: {}
[5.025456] (-) TimerEvent: {}
[5.126301] (-) TimerEvent: {}
[5.227190] (-) TimerEvent: {}
[5.332757] (-) TimerEvent: {}
[5.433629] (-) TimerEvent: {}
[5.534645] (-) TimerEvent: {}
[5.635606] (-) TimerEvent: {}
[5.736488] (-) TimerEvent: {}
[5.837373] (-) TimerEvent: {}
[5.938250] (-) TimerEvent: {}
[6.039085] (-) TimerEvent: {}
[6.139930] (-) TimerEvent: {}
[6.240799] (-) TimerEvent: {}
[6.341637] (-) TimerEvent: {}
[6.442477] (-) TimerEvent: {}
[6.543359] (-) TimerEvent: {}
[6.544024] (camera_model) StderrLine: {'line': b'\x1b[01m\x1b[K/home/orangepi/Desktop/SparkCar_ROS2_WS/SparkCar_Perception/src/VINS-MONO-ROS2/camera_model/src/camera_models/PinholeCamera.cc:\x1b[m\x1b[K In constructor \xe2\x80\x98\x1b[01m\x1b[Kcamodocal::PinholeCamera::PinholeCamera(const camodocal::PinholeCamera::Parameters&)\x1b[m\x1b[K\xe2\x80\x99:\n'}
[6.544318] (camera_model) StderrLine: {'line': b'\x1b[01m\x1b[K/home/orangepi/Desktop/SparkCar_ROS2_WS/SparkCar_Perception/src/VINS-MONO-ROS2/camera_model/src/camera_models/PinholeCamera.cc:299:4:\x1b[m\x1b[K \x1b[01;35m\x1b[Kwarning: \x1b[m\x1b[Kimplicitly-declared \xe2\x80\x98\x1b[01m\x1b[Kcamodocal::PinholeCamera::Parameters::Parameters(const camodocal::PinholeCamera::Parameters&)\x1b[m\x1b[K\xe2\x80\x99 is deprecated [\x1b[01;35m\x1b[K\x1b]8;;https://gcc.gnu.org/onlinedocs/gcc/Warning-Options.html#index-Wdeprecated-copy\x07-Wdeprecated-copy\x1b]8;;\x07\x1b[m\x1b[K]\n'}
[6.544413] (camera_model) StderrLine: {'line': b'  299 |  : \x1b[01;35m\x1b[KmParameters(params)\x1b[m\x1b[K\n'}
[6.544499] (camera_model) StderrLine: {'line': b'      |    \x1b[01;35m\x1b[K^~~~~~~~~~~~~~~~~~~\x1b[m\x1b[K\n'}
[6.544564] (camera_model) StderrLine: {'line': b'\x1b[01m\x1b[K/home/orangepi/Desktop/SparkCar_ROS2_WS/SparkCar_Perception/src/VINS-MONO-ROS2/camera_model/src/camera_models/PinholeCamera.cc:214:1:\x1b[m\x1b[K \x1b[01;36m\x1b[Knote: \x1b[m\x1b[Kbecause \xe2\x80\x98\x1b[01m\x1b[Kcamodocal::PinholeCamera::Parameters\x1b[m\x1b[K\xe2\x80\x99 has user-provided \xe2\x80\x98\x1b[01m\x1b[Kcamodocal::PinholeCamera::Parameters& camodocal::PinholeCamera::Parameters::operator=(const camodocal::PinholeCamera::Parameters&)\x1b[m\x1b[K\xe2\x80\x99\n'}
[6.544633] (camera_model) StderrLine: {'line': b'  214 | \x1b[01;36m\x1b[KPinholeCamera\x1b[m\x1b[K::Parameters::operator=(const PinholeCamera::Parameters& other)\n'}
[6.544698] (camera_model) StderrLine: {'line': b'      | \x1b[01;36m\x1b[K^~~~~~~~~~~~~\x1b[m\x1b[K\n'}
[6.544916] (camera_model) StderrLine: {'line': b'\x1b[01m\x1b[K/home/orangepi/Desktop/SparkCar_ROS2_WS/SparkCar_Perception/src/VINS-MONO-ROS2/camera_model/src/camera_models/PinholeCamera.cc:\x1b[m\x1b[K In member function \xe2\x80\x98\x1b[01m\x1b[Kvirtual void camodocal::PinholeCamera::estimateIntrinsics(const Size&, const std::vector<std::vector<cv::Point3_<float> > >&, const std::vector<std::vector<cv::Point_<float> > >&)\x1b[m\x1b[K\xe2\x80\x99:\n'}
[6.545132] (camera_model) StderrLine: {'line': b'\x1b[01m\x1b[K/home/orangepi/Desktop/SparkCar_ROS2_WS/SparkCar_Perception/src/VINS-MONO-ROS2/camera_model/src/camera_models/PinholeCamera.cc:351:39:\x1b[m\x1b[K \x1b[01;35m\x1b[Kwarning: \x1b[m\x1b[Kimplicitly-declared \xe2\x80\x98\x1b[01m\x1b[Kcamodocal::PinholeCamera::Parameters::Parameters(const camodocal::PinholeCamera::Parameters&)\x1b[m\x1b[K\xe2\x80\x99 is deprecated [\x1b[01;35m\x1b[K\x1b]8;;https://gcc.gnu.org/onlinedocs/gcc/Warning-Options.html#index-Wdeprecated-copy\x07-Wdeprecated-copy\x1b]8;;\x07\x1b[m\x1b[K]\n'}
[6.545209] (camera_model) StderrLine: {'line': b'  351 |     Parameters params = getParameters(\x1b[01;35m\x1b[K)\x1b[m\x1b[K;\n'}
[6.545274] (camera_model) StderrLine: {'line': b'      |                                       \x1b[01;35m\x1b[K^\x1b[m\x1b[K\n'}
[6.545334] (camera_model) StderrLine: {'line': b'\x1b[01m\x1b[K/home/orangepi/Desktop/SparkCar_ROS2_WS/SparkCar_Perception/src/VINS-MONO-ROS2/camera_model/src/camera_models/PinholeCamera.cc:214:1:\x1b[m\x1b[K \x1b[01;36m\x1b[Knote: \x1b[m\x1b[Kbecause \xe2\x80\x98\x1b[01m\x1b[Kcamodocal::PinholeCamera::Parameters\x1b[m\x1b[K\xe2\x80\x99 has user-provided \xe2\x80\x98\x1b[01m\x1b[Kcamodocal::PinholeCamera::Parameters& camodocal::PinholeCamera::Parameters::operator=(const camodocal::PinholeCamera::Parameters&)\x1b[m\x1b[K\xe2\x80\x99\n'}
[6.545399] (camera_model) StderrLine: {'line': b'  214 | \x1b[01;36m\x1b[KPinholeCamera\x1b[m\x1b[K::Parameters::operator=(const PinholeCamera::Parameters& other)\n'}
[6.545460] (camera_model) StderrLine: {'line': b'      | \x1b[01;36m\x1b[K^~~~~~~~~~~~~\x1b[m\x1b[K\n'}
[6.643523] (-) TimerEvent: {}
[6.744072] (-) TimerEvent: {}
[6.776378] (camera_model) StderrLine: {'line': b'\x1b[01m\x1b[K/home/orangepi/Desktop/SparkCar_ROS2_WS/SparkCar_Perception/src/VINS-MONO-ROS2/camera_model/src/camera_models/PinholeCamera.cc:\x1b[m\x1b[K In member function \xe2\x80\x98\x1b[01m\x1b[Kvirtual void camodocal::PinholeCamera::readParameters(const std::vector<double, std::allocator<double> >&)\x1b[m\x1b[K\xe2\x80\x99:\n'}
[6.776764] (camera_model) StderrLine: {'line': b'\x1b[01m\x1b[K/home/orangepi/Desktop/SparkCar_ROS2_WS/SparkCar_Perception/src/VINS-MONO-ROS2/camera_model/src/camera_models/PinholeCamera.cc:838:39:\x1b[m\x1b[K \x1b[01;35m\x1b[Kwarning: \x1b[m\x1b[Kimplicitly-declared \xe2\x80\x98\x1b[01m\x1b[Kcamodocal::PinholeCamera::Parameters::Parameters(const camodocal::PinholeCamera::Parameters&)\x1b[m\x1b[K\xe2\x80\x99 is deprecated [\x1b[01;35m\x1b[K\x1b]8;;https://gcc.gnu.org/onlinedocs/gcc/Warning-Options.html#index-Wdeprecated-copy\x07-Wdeprecated-copy\x1b]8;;\x07\x1b[m\x1b[K]\n'}
[6.776887] (camera_model) StderrLine: {'line': b'  838 |     Parameters params = getParameters(\x1b[01;35m\x1b[K)\x1b[m\x1b[K;\n'}
[6.776963] (camera_model) StderrLine: {'line': b'      |                                       \x1b[01;35m\x1b[K^\x1b[m\x1b[K\n'}
[6.777028] (camera_model) StderrLine: {'line': b'\x1b[01m\x1b[K/home/orangepi/Desktop/SparkCar_ROS2_WS/SparkCar_Perception/src/VINS-MONO-ROS2/camera_model/src/camera_models/PinholeCamera.cc:214:1:\x1b[m\x1b[K \x1b[01;36m\x1b[Knote: \x1b[m\x1b[Kbecause \xe2\x80\x98\x1b[01m\x1b[Kcamodocal::PinholeCamera::Parameters\x1b[m\x1b[K\xe2\x80\x99 has user-provided \xe2\x80\x98\x1b[01m\x1b[Kcamodocal::PinholeCamera::Parameters& camodocal::PinholeCamera::Parameters::operator=(const camodocal::PinholeCamera::Parameters&)\x1b[m\x1b[K\xe2\x80\x99\n'}
[6.777108] (camera_model) StderrLine: {'line': b'  214 | \x1b[01;36m\x1b[KPinholeCamera\x1b[m\x1b[K::Parameters::operator=(const PinholeCamera::Parameters& other)\n'}
[6.777174] (camera_model) StderrLine: {'line': b'      | \x1b[01;36m\x1b[K^~~~~~~~~~~~~\x1b[m\x1b[K\n'}
[6.844231] (-) TimerEvent: {}
[6.945237] (-) TimerEvent: {}
[7.046120] (-) TimerEvent: {}
[7.146819] (-) TimerEvent: {}
[7.247467] (-) TimerEvent: {}
[7.348166] (-) TimerEvent: {}
[7.448596] (-) TimerEvent: {}
[7.549040] (-) TimerEvent: {}
[7.649493] (-) TimerEvent: {}
[7.749963] (-) TimerEvent: {}
[7.850437] (-) TimerEvent: {}
[7.950905] (-) TimerEvent: {}
[8.051348] (-) TimerEvent: {}
[8.152077] (-) TimerEvent: {}
[8.252779] (-) TimerEvent: {}
[8.353499] (-) TimerEvent: {}
[8.454195] (-) TimerEvent: {}
[8.543341] (camera_model) StdoutLine: {'line': b'[ 33%] \x1b[32mBuilding CXX object CMakeFiles/camera_model.dir/src/calib/CameraCalibration.cc.o\x1b[0m\n'}
[8.554356] (-) TimerEvent: {}
[8.566910] (camera_model) StdoutLine: {'line': b'[ 37%] \x1b[32mBuilding CXX object CMakeFiles/Calibration.dir/src/camera_models/CataCamera.cc.o\x1b[0m\n'}
[8.654498] (-) TimerEvent: {}
[8.755184] (-) TimerEvent: {}
[8.855942] (-) TimerEvent: {}
[8.932547] (camera_model) StdoutLine: {'line': b'[ 40%] \x1b[32mBuilding CXX object CMakeFiles/Calibration.dir/src/camera_models/EquidistantCamera.cc.o\x1b[0m\n'}
[8.956053] (-) TimerEvent: {}
[9.056686] (-) TimerEvent: {}
[9.157102] (-) TimerEvent: {}
[9.257551] (-) TimerEvent: {}
[9.358000] (-) TimerEvent: {}
[9.458482] (-) TimerEvent: {}
[9.558959] (-) TimerEvent: {}
[9.659471] (-) TimerEvent: {}
[9.760203] (-) TimerEvent: {}
[9.860904] (-) TimerEvent: {}
[9.961740] (-) TimerEvent: {}
[10.062473] (-) TimerEvent: {}
[10.163179] (-) TimerEvent: {}
[10.263898] (-) TimerEvent: {}
[10.364593] (-) TimerEvent: {}
[10.465314] (-) TimerEvent: {}
[10.566039] (-) TimerEvent: {}
[10.570287] (camera_model) StderrLine: {'line': b'In file included from \x1b[01m\x1b[K/home/orangepi/Desktop/SparkCar_ROS2_WS/SparkCar_Perception/src/VINS-MONO-ROS2/camera_model/src/calib/CameraCalibration.cc:15\x1b[m\x1b[K:\n'}
[10.570566] (camera_model) StderrLine: {'line': b'\x1b[01m\x1b[K/home/orangepi/Desktop/SparkCar_ROS2_WS/SparkCar_Perception/src/VINS-MONO-ROS2/camera_model/include/camodocal/sparse_graph/Transform.h:22:5:\x1b[m\x1b[K \x1b[01;35m\x1b[Kwarning: \x1b[m\x1b[Ktype qualifiers ignored on function return type [\x1b[01;35m\x1b[K\x1b]8;;https://gcc.gnu.org/onlinedocs/gcc/Warning-Options.html#index-Wignored-qualifiers\x07-Wignored-qualifiers\x1b]8;;\x07\x1b[m\x1b[K]\n'}
[10.570680] (camera_model) StderrLine: {'line': b'   22 |     \x1b[01;35m\x1b[Kconst\x1b[m\x1b[K double* const rotationData(void) const;\n'}
[10.570751] (camera_model) StderrLine: {'line': b'      |     \x1b[01;35m\x1b[K^~~~~\x1b[m\x1b[K\n'}
[10.570816] (camera_model) StderrLine: {'line': b'\x1b[01m\x1b[K/home/orangepi/Desktop/SparkCar_ROS2_WS/SparkCar_Perception/src/VINS-MONO-ROS2/camera_model/include/camodocal/sparse_graph/Transform.h:27:5:\x1b[m\x1b[K \x1b[01;35m\x1b[Kwarning: \x1b[m\x1b[Ktype qualifiers ignored on function return type [\x1b[01;35m\x1b[K\x1b]8;;https://gcc.gnu.org/onlinedocs/gcc/Warning-Options.html#index-Wignored-qualifiers\x07-Wignored-qualifiers\x1b]8;;\x07\x1b[m\x1b[K]\n'}
[10.570883] (camera_model) StderrLine: {'line': b'   27 |     \x1b[01;35m\x1b[Kconst\x1b[m\x1b[K double* const translationData(void) const;\n'}
[10.570944] (camera_model) StderrLine: {'line': b'      |     \x1b[01;35m\x1b[K^~~~~\x1b[m\x1b[K\n'}
[10.666182] (-) TimerEvent: {}
[10.766610] (-) TimerEvent: {}
[10.867042] (-) TimerEvent: {}
[10.967498] (-) TimerEvent: {}
[11.067945] (-) TimerEvent: {}
[11.168407] (-) TimerEvent: {}
[11.270268] (-) TimerEvent: {}
[11.370767] (-) TimerEvent: {}
[11.471222] (-) TimerEvent: {}
[11.571664] (-) TimerEvent: {}
[11.672371] (-) TimerEvent: {}
[11.770728] (camera_model) StdoutLine: {'line': b'[ 44%] \x1b[32mBuilding CXX object CMakeFiles/Calibration.dir/src/camera_models/ScaramuzzaCamera.cc.o\x1b[0m\n'}
[11.772499] (-) TimerEvent: {}
[11.873225] (-) TimerEvent: {}
[11.973950] (-) TimerEvent: {}
[12.074671] (-) TimerEvent: {}
[12.175405] (-) TimerEvent: {}
[12.276103] (-) TimerEvent: {}
[12.376784] (-) TimerEvent: {}
[12.477485] (-) TimerEvent: {}
[12.577938] (-) TimerEvent: {}
[12.623976] (camera_model) StderrLine: {'line': b'In file included from \x1b[01m\x1b[K/home/orangepi/Desktop/SparkCar_ROS2_WS/SparkCar_Perception/src/VINS-MONO-ROS2/camera_model/src/calib/CameraCalibration.cc:15\x1b[m\x1b[K:\n'}
[12.624253] (camera_model) StderrLine: {'line': b'\x1b[01m\x1b[K/home/orangepi/Desktop/SparkCar_ROS2_WS/SparkCar_Perception/src/VINS-MONO-ROS2/camera_model/include/camodocal/sparse_graph/Transform.h:22:5:\x1b[m\x1b[K \x1b[01;35m\x1b[Kwarning: \x1b[m\x1b[Ktype qualifiers ignored on function return type [\x1b[01;35m\x1b[K\x1b]8;;https://gcc.gnu.org/onlinedocs/gcc/Warning-Options.html#index-Wignored-qualifiers\x07-Wignored-qualifiers\x1b]8;;\x07\x1b[m\x1b[K]\n'}
[12.624342] (camera_model) StderrLine: {'line': b'   22 |     \x1b[01;35m\x1b[Kconst\x1b[m\x1b[K double* const rotationData(void) const;\n'}
[12.624412] (camera_model) StderrLine: {'line': b'      |     \x1b[01;35m\x1b[K^~~~~\x1b[m\x1b[K\n'}
[12.624476] (camera_model) StderrLine: {'line': b'\x1b[01m\x1b[K/home/orangepi/Desktop/SparkCar_ROS2_WS/SparkCar_Perception/src/VINS-MONO-ROS2/camera_model/include/camodocal/sparse_graph/Transform.h:27:5:\x1b[m\x1b[K \x1b[01;35m\x1b[Kwarning: \x1b[m\x1b[Ktype qualifiers ignored on function return type [\x1b[01;35m\x1b[K\x1b]8;;https://gcc.gnu.org/onlinedocs/gcc/Warning-Options.html#index-Wignored-qualifiers\x07-Wignored-qualifiers\x1b]8;;\x07\x1b[m\x1b[K]\n'}
[12.624544] (camera_model) StderrLine: {'line': b'   27 |     \x1b[01;35m\x1b[Kconst\x1b[m\x1b[K double* const translationData(void) const;\n'}
[12.624606] (camera_model) StderrLine: {'line': b'      |     \x1b[01;35m\x1b[K^~~~~\x1b[m\x1b[K\n'}
[12.678080] (-) TimerEvent: {}
[12.733765] (camera_model) StderrLine: {'line': b'\x1b[01m\x1b[K/home/orangepi/Desktop/SparkCar_ROS2_WS/SparkCar_Perception/src/VINS-MONO-ROS2/camera_model/src/camera_models/EquidistantCamera.cc:\x1b[m\x1b[K In constructor \xe2\x80\x98\x1b[01m\x1b[Kcamodocal::EquidistantCamera::EquidistantCamera(const camodocal::EquidistantCamera::Parameters&)\x1b[m\x1b[K\xe2\x80\x99:\n'}
[12.734094] (camera_model) StderrLine: {'line': b'\x1b[01m\x1b[K/home/orangepi/Desktop/SparkCar_ROS2_WS/SparkCar_Perception/src/VINS-MONO-ROS2/camera_model/src/camera_models/EquidistantCamera.cc:278:4:\x1b[m\x1b[K \x1b[01;35m\x1b[Kwarning: \x1b[m\x1b[Kimplicitly-declared \xe2\x80\x98\x1b[01m\x1b[Kcamodocal::EquidistantCamera::Parameters::Parameters(const camodocal::EquidistantCamera::Parameters&)\x1b[m\x1b[K\xe2\x80\x99 is deprecated [\x1b[01;35m\x1b[K\x1b]8;;https://gcc.gnu.org/onlinedocs/gcc/Warning-Options.html#index-Wdeprecated-copy\x07-Wdeprecated-copy\x1b]8;;\x07\x1b[m\x1b[K]\n'}
[12.734212] (camera_model) StderrLine: {'line': b'  278 |  : \x1b[01;35m\x1b[KmParameters(params)\x1b[m\x1b[K\n'}
[12.734289] (camera_model) StderrLine: {'line': b'      |    \x1b[01;35m\x1b[K^~~~~~~~~~~~~~~~~~~\x1b[m\x1b[K\n'}
[12.734355] (camera_model) StderrLine: {'line': b'\x1b[01m\x1b[K/home/orangepi/Desktop/SparkCar_ROS2_WS/SparkCar_Perception/src/VINS-MONO-ROS2/camera_model/src/camera_models/EquidistantCamera.cc:209:1:\x1b[m\x1b[K \x1b[01;36m\x1b[Knote: \x1b[m\x1b[Kbecause \xe2\x80\x98\x1b[01m\x1b[Kcamodocal::EquidistantCamera::Parameters\x1b[m\x1b[K\xe2\x80\x99 has user-provided \xe2\x80\x98\x1b[01m\x1b[Kcamodocal::EquidistantCamera::Parameters& camodocal::EquidistantCamera::Parameters::operator=(const camodocal::EquidistantCamera::Parameters&)\x1b[m\x1b[K\xe2\x80\x99\n'}
[12.734425] (camera_model) StderrLine: {'line': b'  209 | \x1b[01;36m\x1b[KEquidistantCamera\x1b[m\x1b[K::Parameters::operator=(const EquidistantCamera::Parameters& other)\n'}
[12.734564] (camera_model) StderrLine: {'line': b'      | \x1b[01;36m\x1b[K^~~~~~~~~~~~~~~~~\x1b[m\x1b[K\n'}
[12.734775] (camera_model) StderrLine: {'line': b'\x1b[01m\x1b[K/home/orangepi/Desktop/SparkCar_ROS2_WS/SparkCar_Perception/src/VINS-MONO-ROS2/camera_model/src/camera_models/EquidistantCamera.cc:\x1b[m\x1b[K In member function \xe2\x80\x98\x1b[01m\x1b[Kvirtual void camodocal::EquidistantCamera::estimateIntrinsics(const Size&, const std::vector<std::vector<cv::Point3_<float> > >&, const std::vector<std::vector<cv::Point_<float> > >&)\x1b[m\x1b[K\xe2\x80\x99:\n'}
[12.734926] (camera_model) StderrLine: {'line': b'\x1b[01m\x1b[K/home/orangepi/Desktop/SparkCar_ROS2_WS/SparkCar_Perception/src/VINS-MONO-ROS2/camera_model/src/camera_models/EquidistantCamera.cc:316:39:\x1b[m\x1b[K \x1b[01;35m\x1b[Kwarning: \x1b[m\x1b[Kimplicitly-declared \xe2\x80\x98\x1b[01m\x1b[Kcamodocal::EquidistantCamera::Parameters::Parameters(const camodocal::EquidistantCamera::Parameters&)\x1b[m\x1b[K\xe2\x80\x99 is deprecated [\x1b[01;35m\x1b[K\x1b]8;;https://gcc.gnu.org/onlinedocs/gcc/Warning-Options.html#index-Wdeprecated-copy\x07-Wdeprecated-copy\x1b]8;;\x07\x1b[m\x1b[K]\n'}
[12.735019] (camera_model) StderrLine: {'line': b'  316 |     Parameters params = getParameters(\x1b[01;35m\x1b[K)\x1b[m\x1b[K;\n'}
[12.735087] (camera_model) StderrLine: {'line': b'      |                                       \x1b[01;35m\x1b[K^\x1b[m\x1b[K\n'}
[12.735254] (camera_model) StderrLine: {'line': b'\x1b[01m\x1b[K/home/orangepi/Desktop/SparkCar_ROS2_WS/SparkCar_Perception/src/VINS-MONO-ROS2/camera_model/src/camera_models/EquidistantCamera.cc:209:1:\x1b[m\x1b[K \x1b[01;36m\x1b[Knote: \x1b[m\x1b[Kbecause \xe2\x80\x98\x1b[01m\x1b[Kcamodocal::EquidistantCamera::Parameters\x1b[m\x1b[K\xe2\x80\x99 has user-provided \xe2\x80\x98\x1b[01m\x1b[Kcamodocal::EquidistantCamera::Parameters& camodocal::EquidistantCamera::Parameters::operator=(const camodocal::EquidistantCamera::Parameters&)\x1b[m\x1b[K\xe2\x80\x99\n'}
[12.735414] (camera_model) StderrLine: {'line': b'  209 | \x1b[01;36m\x1b[KEquidistantCamera\x1b[m\x1b[K::Parameters::operator=(const EquidistantCamera::Parameters& other)\n'}
[12.735488] (camera_model) StderrLine: {'line': b'      | \x1b[01;36m\x1b[K^~~~~~~~~~~~~~~~~\x1b[m\x1b[K\n'}
[12.756988] (camera_model) StderrLine: {'line': b'\x1b[01m\x1b[K/home/orangepi/Desktop/SparkCar_ROS2_WS/SparkCar_Perception/src/VINS-MONO-ROS2/camera_model/src/camera_models/EquidistantCamera.cc:345:16:\x1b[m\x1b[K \x1b[01;35m\x1b[Kwarning: \x1b[m\x1b[KISO C++ forbids variable length array \xe2\x80\x98\x1b[01m\x1b[Kradius\x1b[m\x1b[K\xe2\x80\x99 [\x1b[01;35m\x1b[K\x1b]8;;https://gcc.gnu.org/onlinedocs/gcc/Warning-Options.html#index-Wvla\x07-Wvla\x1b]8;;\x07\x1b[m\x1b[K]\n'}
[12.757354] (camera_model) StderrLine: {'line': b'  345 |         double \x1b[01;35m\x1b[Kradius\x1b[m\x1b[K[boardSize.height];\n'}
[12.757512] (camera_model) StderrLine: {'line': b'      |                \x1b[01;35m\x1b[K^~~~~~\x1b[m\x1b[K\n'}
[12.778203] (-) TimerEvent: {}
[12.878906] (-) TimerEvent: {}
[12.951690] (camera_model) StderrLine: {'line': b'\x1b[01m\x1b[K/home/orangepi/Desktop/SparkCar_ROS2_WS/SparkCar_Perception/src/VINS-MONO-ROS2/camera_model/src/camera_models/EquidistantCamera.cc:\x1b[m\x1b[K In member function \xe2\x80\x98\x1b[01m\x1b[Kvirtual void camodocal::EquidistantCamera::readParameters(const std::vector<double, std::allocator<double> >&)\x1b[m\x1b[K\xe2\x80\x99:\n'}
[12.952053] (camera_model) StderrLine: {'line': b'\x1b[01m\x1b[K/home/orangepi/Desktop/SparkCar_ROS2_WS/SparkCar_Perception/src/VINS-MONO-ROS2/camera_model/src/camera_models/EquidistantCamera.cc:637:29:\x1b[m\x1b[K \x1b[01;35m\x1b[Kwarning: \x1b[m\x1b[Kcomparison of integer expressions of different signedness: \xe2\x80\x98\x1b[01m\x1b[Kstd::vector<double, std::allocator<double> >::size_type\x1b[m\x1b[K\xe2\x80\x99 {aka \xe2\x80\x98\x1b[01m\x1b[Klong unsigned int\x1b[m\x1b[K\xe2\x80\x99} and \xe2\x80\x98\x1b[01m\x1b[Kint\x1b[m\x1b[K\xe2\x80\x99 [\x1b[01;35m\x1b[K\x1b]8;;https://gcc.gnu.org/onlinedocs/gcc/Warning-Options.html#index-Wsign-compare\x07-Wsign-compare\x1b]8;;\x07\x1b[m\x1b[K]\n'}
[12.952242] (camera_model) StderrLine: {'line': b'  637 |     if (\x1b[01;35m\x1b[KparameterVec.size() != parameterCount()\x1b[m\x1b[K)\n'}
[12.952372] (camera_model) StderrLine: {'line': b'      |         \x1b[01;35m\x1b[K~~~~~~~~~~~~~~~~~~~~^~~~~~~~~~~~~~~~~~~\x1b[m\x1b[K\n'}
[12.952683] (camera_model) StderrLine: {'line': b'\x1b[01m\x1b[K/home/orangepi/Desktop/SparkCar_ROS2_WS/SparkCar_Perception/src/VINS-MONO-ROS2/camera_model/src/camera_models/EquidistantCamera.cc:642:39:\x1b[m\x1b[K \x1b[01;35m\x1b[Kwarning: \x1b[m\x1b[Kimplicitly-declared \xe2\x80\x98\x1b[01m\x1b[Kcamodocal::EquidistantCamera::Parameters::Parameters(const camodocal::EquidistantCamera::Parameters&)\x1b[m\x1b[K\xe2\x80\x99 is deprecated [\x1b[01;35m\x1b[K\x1b]8;;https://gcc.gnu.org/onlinedocs/gcc/Warning-Options.html#index-Wdeprecated-copy\x07-Wdeprecated-copy\x1b]8;;\x07\x1b[m\x1b[K]\n'}
[12.952845] (camera_model) StderrLine: {'line': b'  642 |     Parameters params = getParameters(\x1b[01;35m\x1b[K)\x1b[m\x1b[K;\n'}
[12.952973] (camera_model) StderrLine: {'line': b'      |                                       \x1b[01;35m\x1b[K^\x1b[m\x1b[K\n'}
[12.953173] (camera_model) StderrLine: {'line': b'\x1b[01m\x1b[K/home/orangepi/Desktop/SparkCar_ROS2_WS/SparkCar_Perception/src/VINS-MONO-ROS2/camera_model/src/camera_models/EquidistantCamera.cc:209:1:\x1b[m\x1b[K \x1b[01;36m\x1b[Knote: \x1b[m\x1b[Kbecause \xe2\x80\x98\x1b[01m\x1b[Kcamodocal::EquidistantCamera::Parameters\x1b[m\x1b[K\xe2\x80\x99 has user-provided \xe2\x80\x98\x1b[01m\x1b[Kcamodocal::EquidistantCamera::Parameters& camodocal::EquidistantCamera::Parameters::operator=(const camodocal::EquidistantCamera::Parameters&)\x1b[m\x1b[K\xe2\x80\x99\n'}
[12.953323] (camera_model) StderrLine: {'line': b'  209 | \x1b[01;36m\x1b[KEquidistantCamera\x1b[m\x1b[K::Parameters::operator=(const EquidistantCamera::Parameters& other)\n'}
[12.953455] (camera_model) StderrLine: {'line': b'      | \x1b[01;36m\x1b[K^~~~~~~~~~~~~~~~~\x1b[m\x1b[K\n'}
[12.979048] (-) TimerEvent: {}
[13.079778] (-) TimerEvent: {}
[13.180497] (-) TimerEvent: {}
[13.281240] (-) TimerEvent: {}
[13.327582] (camera_model) StderrLine: {'line': b'\x1b[01m\x1b[K/home/orangepi/Desktop/SparkCar_ROS2_WS/SparkCar_Perception/src/VINS-MONO-ROS2/camera_model/src/camera_models/CataCamera.cc:\x1b[m\x1b[K In constructor \xe2\x80\x98\x1b[01m\x1b[Kcamodocal::CataCamera::CataCamera(const camodocal::CataCamera::Parameters&)\x1b[m\x1b[K\xe2\x80\x99:\n'}
[13.327867] (camera_model) StderrLine: {'line': b'\x1b[01m\x1b[K/home/orangepi/Desktop/SparkCar_ROS2_WS/SparkCar_Perception/src/VINS-MONO-ROS2/camera_model/src/camera_models/CataCamera.cc:327:4:\x1b[m\x1b[K \x1b[01;35m\x1b[Kwarning: \x1b[m\x1b[Kimplicitly-declared \xe2\x80\x98\x1b[01m\x1b[Kcamodocal::CataCamera::Parameters::Parameters(const camodocal::CataCamera::Parameters&)\x1b[m\x1b[K\xe2\x80\x99 is deprecated [\x1b[01;35m\x1b[K\x1b]8;;https://gcc.gnu.org/onlinedocs/gcc/Warning-Options.html#index-Wdeprecated-copy\x07-Wdeprecated-copy\x1b]8;;\x07\x1b[m\x1b[K]\n'}
[13.327971] (camera_model) StderrLine: {'line': b'  327 |  : \x1b[01;35m\x1b[KmParameters(params)\x1b[m\x1b[K\n'}
[13.328042] (camera_model) StderrLine: {'line': b'      |    \x1b[01;35m\x1b[K^~~~~~~~~~~~~~~~~~~\x1b[m\x1b[K\n'}
[13.328129] (camera_model) StderrLine: {'line': b'\x1b[01m\x1b[K/home/orangepi/Desktop/SparkCar_ROS2_WS/SparkCar_Perception/src/VINS-MONO-ROS2/camera_model/src/camera_models/CataCamera.cc:237:1:\x1b[m\x1b[K \x1b[01;36m\x1b[Knote: \x1b[m\x1b[Kbecause \xe2\x80\x98\x1b[01m\x1b[Kcamodocal::CataCamera::Parameters\x1b[m\x1b[K\xe2\x80\x99 has user-provided \xe2\x80\x98\x1b[01m\x1b[Kcamodocal::CataCamera::Parameters& camodocal::CataCamera::Parameters::operator=(const camodocal::CataCamera::Parameters&)\x1b[m\x1b[K\xe2\x80\x99\n'}
[13.328200] (camera_model) StderrLine: {'line': b'  237 | \x1b[01;36m\x1b[KCataCamera\x1b[m\x1b[K::Parameters::operator=(const CataCamera::Parameters& other)\n'}
[13.328265] (camera_model) StderrLine: {'line': b'      | \x1b[01;36m\x1b[K^~~~~~~~~~\x1b[m\x1b[K\n'}
[13.328750] (camera_model) StderrLine: {'line': b'\x1b[01m\x1b[K/home/orangepi/Desktop/SparkCar_ROS2_WS/SparkCar_Perception/src/VINS-MONO-ROS2/camera_model/src/camera_models/CataCamera.cc:\x1b[m\x1b[K In member function \xe2\x80\x98\x1b[01m\x1b[Kvirtual void camodocal::CataCamera::estimateIntrinsics(const Size&, const std::vector<std::vector<cv::Point3_<float> > >&, const std::vector<std::vector<cv::Point_<float> > >&)\x1b[m\x1b[K\xe2\x80\x99:\n'}
[13.328922] (camera_model) StderrLine: {'line': b'\x1b[01m\x1b[K/home/orangepi/Desktop/SparkCar_ROS2_WS/SparkCar_Perception/src/VINS-MONO-ROS2/camera_model/src/camera_models/CataCamera.cc:377:39:\x1b[m\x1b[K \x1b[01;35m\x1b[Kwarning: \x1b[m\x1b[Kimplicitly-declared \xe2\x80\x98\x1b[01m\x1b[Kcamodocal::CataCamera::Parameters::Parameters(const camodocal::CataCamera::Parameters&)\x1b[m\x1b[K\xe2\x80\x99 is deprecated [\x1b[01;35m\x1b[K\x1b]8;;https://gcc.gnu.org/onlinedocs/gcc/Warning-Options.html#index-Wdeprecated-copy\x07-Wdeprecated-copy\x1b]8;;\x07\x1b[m\x1b[K]\n'}
[13.328995] (camera_model) StderrLine: {'line': b'  377 |     Parameters params = getParameters(\x1b[01;35m\x1b[K)\x1b[m\x1b[K;\n'}
[13.329058] (camera_model) StderrLine: {'line': b'      |                                       \x1b[01;35m\x1b[K^\x1b[m\x1b[K\n'}
[13.329119] (camera_model) StderrLine: {'line': b'\x1b[01m\x1b[K/home/orangepi/Desktop/SparkCar_ROS2_WS/SparkCar_Perception/src/VINS-MONO-ROS2/camera_model/src/camera_models/CataCamera.cc:237:1:\x1b[m\x1b[K \x1b[01;36m\x1b[Knote: \x1b[m\x1b[Kbecause \xe2\x80\x98\x1b[01m\x1b[Kcamodocal::CataCamera::Parameters\x1b[m\x1b[K\xe2\x80\x99 has user-provided \xe2\x80\x98\x1b[01m\x1b[Kcamodocal::CataCamera::Parameters& camodocal::CataCamera::Parameters::operator=(const camodocal::CataCamera::Parameters&)\x1b[m\x1b[K\xe2\x80\x99\n'}
[13.329199] (camera_model) StderrLine: {'line': b'  237 | \x1b[01;36m\x1b[KCataCamera\x1b[m\x1b[K::Parameters::operator=(const CataCamera::Parameters& other)\n'}
[13.329263] (camera_model) StderrLine: {'line': b'      | \x1b[01;36m\x1b[K^~~~~~~~~~\x1b[m\x1b[K\n'}
[13.381381] (-) TimerEvent: {}
[13.481830] (-) TimerEvent: {}
[13.551452] (camera_model) StderrLine: {'line': b'\x1b[01m\x1b[K/home/orangepi/Desktop/SparkCar_ROS2_WS/SparkCar_Perception/src/VINS-MONO-ROS2/camera_model/src/camera_models/CataCamera.cc:\x1b[m\x1b[K In member function \xe2\x80\x98\x1b[01m\x1b[Kvirtual void camodocal::CataCamera::readParameters(const std::vector<double, std::allocator<double> >&)\x1b[m\x1b[K\xe2\x80\x99:\n'}
[13.551790] (camera_model) StderrLine: {'line': b'\x1b[01m\x1b[K/home/orangepi/Desktop/SparkCar_ROS2_WS/SparkCar_Perception/src/VINS-MONO-ROS2/camera_model/src/camera_models/CataCamera.cc:960:39:\x1b[m\x1b[K \x1b[01;35m\x1b[Kwarning: \x1b[m\x1b[Kimplicitly-declared \xe2\x80\x98\x1b[01m\x1b[Kcamodocal::CataCamera::Parameters::Parameters(const camodocal::CataCamera::Parameters&)\x1b[m\x1b[K\xe2\x80\x99 is deprecated [\x1b[01;35m\x1b[K\x1b]8;;https://gcc.gnu.org/onlinedocs/gcc/Warning-Options.html#index-Wdeprecated-copy\x07-Wdeprecated-copy\x1b]8;;\x07\x1b[m\x1b[K]\n'}
[13.551880] (camera_model) StderrLine: {'line': b'  960 |     Parameters params = getParameters(\x1b[01;35m\x1b[K)\x1b[m\x1b[K;\n'}
[13.551950] (camera_model) StderrLine: {'line': b'      |                                       \x1b[01;35m\x1b[K^\x1b[m\x1b[K\n'}
[13.552013] (camera_model) StderrLine: {'line': b'\x1b[01m\x1b[K/home/orangepi/Desktop/SparkCar_ROS2_WS/SparkCar_Perception/src/VINS-MONO-ROS2/camera_model/src/camera_models/CataCamera.cc:237:1:\x1b[m\x1b[K \x1b[01;36m\x1b[Knote: \x1b[m\x1b[Kbecause \xe2\x80\x98\x1b[01m\x1b[Kcamodocal::CataCamera::Parameters\x1b[m\x1b[K\xe2\x80\x99 has user-provided \xe2\x80\x98\x1b[01m\x1b[Kcamodocal::CataCamera::Parameters& camodocal::CataCamera::Parameters::operator=(const camodocal::CataCamera::Parameters&)\x1b[m\x1b[K\xe2\x80\x99\n'}
[13.552080] (camera_model) StderrLine: {'line': b'  237 | \x1b[01;36m\x1b[KCataCamera\x1b[m\x1b[K::Parameters::operator=(const CataCamera::Parameters& other)\n'}
[13.552143] (camera_model) StderrLine: {'line': b'      | \x1b[01;36m\x1b[K^~~~~~~~~~\x1b[m\x1b[K\n'}
[13.581964] (-) TimerEvent: {}
[13.682406] (-) TimerEvent: {}
[13.783102] (-) TimerEvent: {}
[13.883817] (-) TimerEvent: {}
[13.984486] (-) TimerEvent: {}
[14.085655] (-) TimerEvent: {}
[14.130909] (camera_model) StdoutLine: {'line': b'[ 48%] \x1b[32mBuilding CXX object CMakeFiles/Calibration.dir/src/sparse_graph/Transform.cc.o\x1b[0m\n'}
[14.185796] (-) TimerEvent: {}
[14.209585] (camera_model) StderrLine: {'line': b'\x1b[01m\x1b[K/home/orangepi/Desktop/SparkCar_ROS2_WS/SparkCar_Perception/src/VINS-MONO-ROS2/camera_model/src/camera_models/CameraFactory.cc:\x1b[m\x1b[K In member function \xe2\x80\x98\x1b[01m\x1b[Kcamodocal::CameraPtr camodocal::CameraFactory::generateCamera(camodocal::Camera::ModelType, const string&, cv::Size) const\x1b[m\x1b[K\xe2\x80\x99:\n'}
[14.209914] (camera_model) StderrLine: {'line': b'\x1b[01m\x1b[K/home/orangepi/Desktop/SparkCar_ROS2_WS/SparkCar_Perception/src/VINS-MONO-ROS2/camera_model/src/camera_models/CameraFactory.cc:45:70:\x1b[m\x1b[K \x1b[01;35m\x1b[Kwarning: \x1b[m\x1b[Kimplicitly-declared \xe2\x80\x98\x1b[01m\x1b[Kcamodocal::EquidistantCamera::Parameters::Parameters(const camodocal::EquidistantCamera::Parameters&)\x1b[m\x1b[K\xe2\x80\x99 is deprecated [\x1b[01;35m\x1b[K\x1b]8;;https://gcc.gnu.org/onlinedocs/gcc/Warning-Options.html#index-Wdeprecated-copy\x07-Wdeprecated-copy\x1b]8;;\x07\x1b[m\x1b[K]\n'}
[14.210023] (camera_model) StderrLine: {'line': b'   45 |         EquidistantCamera::Parameters params = camera->getParameters(\x1b[01;35m\x1b[K)\x1b[m\x1b[K;\n'}
[14.210096] (camera_model) StderrLine: {'line': b'      |                                                                      \x1b[01;35m\x1b[K^\x1b[m\x1b[K\n'}
[14.210161] (camera_model) StderrLine: {'line': b'In file included from \x1b[01m\x1b[K/home/orangepi/Desktop/SparkCar_ROS2_WS/SparkCar_Perception/src/VINS-MONO-ROS2/camera_model/src/camera_models/CameraFactory.cc:7\x1b[m\x1b[K:\n'}
[14.210229] (camera_model) StderrLine: {'line': b'\x1b[01m\x1b[K/home/orangepi/Desktop/SparkCar_ROS2_WS/SparkCar_Perception/src/VINS-MONO-ROS2/camera_model/include/camodocal/camera_models/EquidistantCamera.h:52:21:\x1b[m\x1b[K \x1b[01;36m\x1b[Knote: \x1b[m\x1b[Kbecause \xe2\x80\x98\x1b[01m\x1b[Kcamodocal::EquidistantCamera::Parameters\x1b[m\x1b[K\xe2\x80\x99 has user-provided \xe2\x80\x98\x1b[01m\x1b[Kcamodocal::EquidistantCamera::Parameters& camodocal::EquidistantCamera::Parameters::operator=(const camodocal::EquidistantCamera::Parameters&)\x1b[m\x1b[K\xe2\x80\x99\n'}
[14.210303] (camera_model) StderrLine: {'line': b'   52 |         Parameters& \x1b[01;36m\x1b[Koperator\x1b[m\x1b[K=(const Parameters& other);\n'}
[14.210366] (camera_model) StderrLine: {'line': b'      |                     \x1b[01;36m\x1b[K^~~~~~~~\x1b[m\x1b[K\n'}
[14.216373] (camera_model) StderrLine: {'line': b'\x1b[01m\x1b[K/home/orangepi/Desktop/SparkCar_ROS2_WS/SparkCar_Perception/src/VINS-MONO-ROS2/camera_model/src/camera_models/CameraFactory.cc:56:66:\x1b[m\x1b[K \x1b[01;35m\x1b[Kwarning: \x1b[m\x1b[Kimplicitly-declared \xe2\x80\x98\x1b[01m\x1b[Kcamodocal::PinholeCamera::Parameters::Parameters(const camodocal::PinholeCamera::Parameters&)\x1b[m\x1b[K\xe2\x80\x99 is deprecated [\x1b[01;35m\x1b[K\x1b]8;;https://gcc.gnu.org/onlinedocs/gcc/Warning-Options.html#index-Wdeprecated-copy\x07-Wdeprecated-copy\x1b]8;;\x07\x1b[m\x1b[K]\n'}
[14.216684] (camera_model) StderrLine: {'line': b'   56 |         PinholeCamera::Parameters params = camera->getParameters(\x1b[01;35m\x1b[K)\x1b[m\x1b[K;\n'}
[14.216785] (camera_model) StderrLine: {'line': b'      |                                                                  \x1b[01;35m\x1b[K^\x1b[m\x1b[K\n'}
[14.216854] (camera_model) StderrLine: {'line': b'In file included from \x1b[01m\x1b[K/home/orangepi/Desktop/SparkCar_ROS2_WS/SparkCar_Perception/src/VINS-MONO-ROS2/camera_model/src/camera_models/CameraFactory.cc:8\x1b[m\x1b[K:\n'}
[14.216924] (camera_model) StderrLine: {'line': b'\x1b[01m\x1b[K/home/orangepi/Desktop/SparkCar_ROS2_WS/SparkCar_Perception/src/VINS-MONO-ROS2/camera_model/include/camodocal/camera_models/PinholeCamera.h:47:21:\x1b[m\x1b[K \x1b[01;36m\x1b[Knote: \x1b[m\x1b[Kbecause \xe2\x80\x98\x1b[01m\x1b[Kcamodocal::PinholeCamera::Parameters\x1b[m\x1b[K\xe2\x80\x99 has user-provided \xe2\x80\x98\x1b[01m\x1b[Kcamodocal::PinholeCamera::Parameters& camodocal::PinholeCamera::Parameters::operator=(const camodocal::PinholeCamera::Parameters&)\x1b[m\x1b[K\xe2\x80\x99\n'}
[14.216993] (camera_model) StderrLine: {'line': b'   47 |         Parameters& \x1b[01;36m\x1b[Koperator\x1b[m\x1b[K=(const Parameters& other);\n'}
[14.217056] (camera_model) StderrLine: {'line': b'      |                     \x1b[01;36m\x1b[K^~~~~~~~\x1b[m\x1b[K\n'}
[14.222360] (camera_model) StderrLine: {'line': b'\x1b[01m\x1b[K/home/orangepi/Desktop/SparkCar_ROS2_WS/SparkCar_Perception/src/VINS-MONO-ROS2/camera_model/src/camera_models/CameraFactory.cc:67:63:\x1b[m\x1b[K \x1b[01;35m\x1b[Kwarning: \x1b[m\x1b[Kimplicitly-declared \xe2\x80\x98\x1b[01m\x1b[Kcamodocal::OCAMCamera::Parameters::Parameters(const camodocal::OCAMCamera::Parameters&)\x1b[m\x1b[K\xe2\x80\x99 is deprecated [\x1b[01;35m\x1b[K\x1b]8;;https://gcc.gnu.org/onlinedocs/gcc/Warning-Options.html#index-Wdeprecated-copy\x07-Wdeprecated-copy\x1b]8;;\x07\x1b[m\x1b[K]\n'}
[14.222699] (camera_model) StderrLine: {'line': b'   67 |         OCAMCamera::Parameters params = camera->getParameters(\x1b[01;35m\x1b[K)\x1b[m\x1b[K;\n'}
[14.222781] (camera_model) StderrLine: {'line': b'      |                                                               \x1b[01;35m\x1b[K^\x1b[m\x1b[K\n'}
[14.222846] (camera_model) StderrLine: {'line': b'In file included from \x1b[01m\x1b[K/home/orangepi/Desktop/SparkCar_ROS2_WS/SparkCar_Perception/src/VINS-MONO-ROS2/camera_model/src/camera_models/CameraFactory.cc:9\x1b[m\x1b[K:\n'}
[14.222913] (camera_model) StderrLine: {'line': b'\x1b[01m\x1b[K/home/orangepi/Desktop/SparkCar_ROS2_WS/SparkCar_Perception/src/VINS-MONO-ROS2/camera_model/include/camodocal/camera_models/ScaramuzzaCamera.h:54:21:\x1b[m\x1b[K \x1b[01;36m\x1b[Knote: \x1b[m\x1b[Kbecause \xe2\x80\x98\x1b[01m\x1b[Kcamodocal::OCAMCamera::Parameters\x1b[m\x1b[K\xe2\x80\x99 has user-provided \xe2\x80\x98\x1b[01m\x1b[Kcamodocal::OCAMCamera::Parameters& camodocal::OCAMCamera::Parameters::operator=(const camodocal::OCAMCamera::Parameters&)\x1b[m\x1b[K\xe2\x80\x99\n'}
[14.222981] (camera_model) StderrLine: {'line': b'   54 |         Parameters& \x1b[01;36m\x1b[Koperator\x1b[m\x1b[K=(const Parameters& other);\n'}
[14.223065] (camera_model) StderrLine: {'line': b'      |                     \x1b[01;36m\x1b[K^~~~~~~~\x1b[m\x1b[K\n'}
[14.228312] (camera_model) StderrLine: {'line': b'\x1b[01m\x1b[K/home/orangepi/Desktop/SparkCar_ROS2_WS/SparkCar_Perception/src/VINS-MONO-ROS2/camera_model/src/camera_models/CameraFactory.cc:79:63:\x1b[m\x1b[K \x1b[01;35m\x1b[Kwarning: \x1b[m\x1b[Kimplicitly-declared \xe2\x80\x98\x1b[01m\x1b[Kcamodocal::CataCamera::Parameters::Parameters(const camodocal::CataCamera::Parameters&)\x1b[m\x1b[K\xe2\x80\x99 is deprecated [\x1b[01;35m\x1b[K\x1b]8;;https://gcc.gnu.org/onlinedocs/gcc/Warning-Options.html#index-Wdeprecated-copy\x07-Wdeprecated-copy\x1b]8;;\x07\x1b[m\x1b[K]\n'}
[14.228646] (camera_model) StderrLine: {'line': b'   79 |         CataCamera::Parameters params = camera->getParameters(\x1b[01;35m\x1b[K)\x1b[m\x1b[K;\n'}
[14.228724] (camera_model) StderrLine: {'line': b'      |                                                               \x1b[01;35m\x1b[K^\x1b[m\x1b[K\n'}
[14.228790] (camera_model) StderrLine: {'line': b'In file included from \x1b[01m\x1b[K/home/orangepi/Desktop/SparkCar_ROS2_WS/SparkCar_Perception/src/VINS-MONO-ROS2/camera_model/src/camera_models/CameraFactory.cc:6\x1b[m\x1b[K:\n'}
[14.228859] (camera_model) StderrLine: {'line': b'\x1b[01m\x1b[K/home/orangepi/Desktop/SparkCar_ROS2_WS/SparkCar_Perception/src/VINS-MONO-ROS2/camera_model/include/camodocal/camera_models/CataCamera.h:54:21:\x1b[m\x1b[K \x1b[01;36m\x1b[Knote: \x1b[m\x1b[Kbecause \xe2\x80\x98\x1b[01m\x1b[Kcamodocal::CataCamera::Parameters\x1b[m\x1b[K\xe2\x80\x99 has user-provided \xe2\x80\x98\x1b[01m\x1b[Kcamodocal::CataCamera::Parameters& camodocal::CataCamera::Parameters::operator=(const camodocal::CataCamera::Parameters&)\x1b[m\x1b[K\xe2\x80\x99\n'}
[14.228926] (camera_model) StderrLine: {'line': b'   54 |         Parameters& \x1b[01;36m\x1b[Koperator\x1b[m\x1b[K=(const Parameters& other);\n'}
[14.228987] (camera_model) StderrLine: {'line': b'      |                     \x1b[01;36m\x1b[K^~~~~~~~\x1b[m\x1b[K\n'}
[14.238405] (camera_model) StderrLine: {'line': b'\x1b[01m\x1b[K/home/orangepi/Desktop/SparkCar_ROS2_WS/SparkCar_Perception/src/VINS-MONO-ROS2/camera_model/src/camera_models/CameraFactory.cc:\x1b[m\x1b[K In member function \xe2\x80\x98\x1b[01m\x1b[Kcamodocal::CameraPtr camodocal::CameraFactory::generateCameraFromYamlFile(const string&)\x1b[m\x1b[K\xe2\x80\x99:\n'}
[14.238706] (camera_model) StderrLine: {'line': b'\x1b[01m\x1b[K/home/orangepi/Desktop/SparkCar_ROS2_WS/SparkCar_Perception/src/VINS-MONO-ROS2/camera_model/src/camera_models/CameraFactory.cc:134:70:\x1b[m\x1b[K \x1b[01;35m\x1b[Kwarning: \x1b[m\x1b[Kimplicitly-declared \xe2\x80\x98\x1b[01m\x1b[Kcamodocal::EquidistantCamera::Parameters::Parameters(const camodocal::EquidistantCamera::Parameters&)\x1b[m\x1b[K\xe2\x80\x99 is deprecated [\x1b[01;35m\x1b[K\x1b]8;;https://gcc.gnu.org/onlinedocs/gcc/Warning-Options.html#index-Wdeprecated-copy\x07-Wdeprecated-copy\x1b]8;;\x07\x1b[m\x1b[K]\n'}
[14.238807] (camera_model) StderrLine: {'line': b'  134 |         EquidistantCamera::Parameters params = camera->getParameters(\x1b[01;35m\x1b[K)\x1b[m\x1b[K;\n'}
[14.238878] (camera_model) StderrLine: {'line': b'      |                                                                      \x1b[01;35m\x1b[K^\x1b[m\x1b[K\n'}
[14.238941] (camera_model) StderrLine: {'line': b'In file included from \x1b[01m\x1b[K/home/orangepi/Desktop/SparkCar_ROS2_WS/SparkCar_Perception/src/VINS-MONO-ROS2/camera_model/src/camera_models/CameraFactory.cc:7\x1b[m\x1b[K:\n'}
[14.239009] (camera_model) StderrLine: {'line': b'\x1b[01m\x1b[K/home/orangepi/Desktop/SparkCar_ROS2_WS/SparkCar_Perception/src/VINS-MONO-ROS2/camera_model/include/camodocal/camera_models/EquidistantCamera.h:52:21:\x1b[m\x1b[K \x1b[01;36m\x1b[Knote: \x1b[m\x1b[Kbecause \xe2\x80\x98\x1b[01m\x1b[Kcamodocal::EquidistantCamera::Parameters\x1b[m\x1b[K\xe2\x80\x99 has user-provided \xe2\x80\x98\x1b[01m\x1b[Kcamodocal::EquidistantCamera::Parameters& camodocal::EquidistantCamera::Parameters::operator=(const camodocal::EquidistantCamera::Parameters&)\x1b[m\x1b[K\xe2\x80\x99\n'}
[14.239086] (camera_model) StderrLine: {'line': b'   52 |         Parameters& \x1b[01;36m\x1b[Koperator\x1b[m\x1b[K=(const Parameters& other);\n'}
[14.239149] (camera_model) StderrLine: {'line': b'      |                     \x1b[01;36m\x1b[K^~~~~~~~\x1b[m\x1b[K\n'}
[14.239641] (camera_model) StderrLine: {'line': b'\x1b[01m\x1b[K/home/orangepi/Desktop/SparkCar_ROS2_WS/SparkCar_Perception/src/VINS-MONO-ROS2/camera_model/src/camera_models/CameraFactory.cc:143:66:\x1b[m\x1b[K \x1b[01;35m\x1b[Kwarning: \x1b[m\x1b[Kimplicitly-declared \xe2\x80\x98\x1b[01m\x1b[Kcamodocal::PinholeCamera::Parameters::Parameters(const camodocal::PinholeCamera::Parameters&)\x1b[m\x1b[K\xe2\x80\x99 is deprecated [\x1b[01;35m\x1b[K\x1b]8;;https://gcc.gnu.org/onlinedocs/gcc/Warning-Options.html#index-Wdeprecated-copy\x07-Wdeprecated-copy\x1b]8;;\x07\x1b[m\x1b[K]\n'}
[14.239847] (camera_model) StderrLine: {'line': b'  143 |         PinholeCamera::Parameters params = camera->getParameters(\x1b[01;35m\x1b[K)\x1b[m\x1b[K;\n'}
[14.239915] (camera_model) StderrLine: {'line': b'      |                                                                  \x1b[01;35m\x1b[K^\x1b[m\x1b[K\n'}
[14.239976] (camera_model) StderrLine: {'line': b'In file included from \x1b[01m\x1b[K/home/orangepi/Desktop/SparkCar_ROS2_WS/SparkCar_Perception/src/VINS-MONO-ROS2/camera_model/src/camera_models/CameraFactory.cc:8\x1b[m\x1b[K:\n'}
[14.240040] (camera_model) StderrLine: {'line': b'\x1b[01m\x1b[K/home/orangepi/Desktop/SparkCar_ROS2_WS/SparkCar_Perception/src/VINS-MONO-ROS2/camera_model/include/camodocal/camera_models/PinholeCamera.h:47:21:\x1b[m\x1b[K \x1b[01;36m\x1b[Knote: \x1b[m\x1b[Kbecause \xe2\x80\x98\x1b[01m\x1b[Kcamodocal::PinholeCamera::Parameters\x1b[m\x1b[K\xe2\x80\x99 has user-provided \xe2\x80\x98\x1b[01m\x1b[Kcamodocal::PinholeCamera::Parameters& camodocal::PinholeCamera::Parameters::operator=(const camodocal::PinholeCamera::Parameters&)\x1b[m\x1b[K\xe2\x80\x99\n'}
[14.240122] (camera_model) StderrLine: {'line': b'   47 |         Parameters& \x1b[01;36m\x1b[Koperator\x1b[m\x1b[K=(const Parameters& other);\n'}
[14.240183] (camera_model) StderrLine: {'line': b'      |                     \x1b[01;36m\x1b[K^~~~~~~~\x1b[m\x1b[K\n'}
[14.240707] (camera_model) StderrLine: {'line': b'\x1b[01m\x1b[K/home/orangepi/Desktop/SparkCar_ROS2_WS/SparkCar_Perception/src/VINS-MONO-ROS2/camera_model/src/camera_models/CameraFactory.cc:152:63:\x1b[m\x1b[K \x1b[01;35m\x1b[Kwarning: \x1b[m\x1b[Kimplicitly-declared \xe2\x80\x98\x1b[01m\x1b[Kcamodocal::OCAMCamera::Parameters::Parameters(const camodocal::OCAMCamera::Parameters&)\x1b[m\x1b[K\xe2\x80\x99 is deprecated [\x1b[01;35m\x1b[K\x1b]8;;https://gcc.gnu.org/onlinedocs/gcc/Warning-Options.html#index-Wdeprecated-copy\x07-Wdeprecated-copy\x1b]8;;\x07\x1b[m\x1b[K]\n'}
[14.240876] (camera_model) StderrLine: {'line': b'  152 |         OCAMCamera::Parameters params = camera->getParameters(\x1b[01;35m\x1b[K)\x1b[m\x1b[K;\n'}
[14.240939] (camera_model) StderrLine: {'line': b'      |                                                               \x1b[01;35m\x1b[K^\x1b[m\x1b[K\n'}
[14.240999] (camera_model) StderrLine: {'line': b'In file included from \x1b[01m\x1b[K/home/orangepi/Desktop/SparkCar_ROS2_WS/SparkCar_Perception/src/VINS-MONO-ROS2/camera_model/src/camera_models/CameraFactory.cc:9\x1b[m\x1b[K:\n'}
[14.241062] (camera_model) StderrLine: {'line': b'\x1b[01m\x1b[K/home/orangepi/Desktop/SparkCar_ROS2_WS/SparkCar_Perception/src/VINS-MONO-ROS2/camera_model/include/camodocal/camera_models/ScaramuzzaCamera.h:54:21:\x1b[m\x1b[K \x1b[01;36m\x1b[Knote: \x1b[m\x1b[Kbecause \xe2\x80\x98\x1b[01m\x1b[Kcamodocal::OCAMCamera::Parameters\x1b[m\x1b[K\xe2\x80\x99 has user-provided \xe2\x80\x98\x1b[01m\x1b[Kcamodocal::OCAMCamera::Parameters& camodocal::OCAMCamera::Parameters::operator=(const camodocal::OCAMCamera::Parameters&)\x1b[m\x1b[K\xe2\x80\x99\n'}
[14.241125] (camera_model) StderrLine: {'line': b'   54 |         Parameters& \x1b[01;36m\x1b[Koperator\x1b[m\x1b[K=(const Parameters& other);\n'}
[14.241198] (camera_model) StderrLine: {'line': b'      |                     \x1b[01;36m\x1b[K^~~~~~~~\x1b[m\x1b[K\n'}
[14.241838] (camera_model) StderrLine: {'line': b'\x1b[01m\x1b[K/home/orangepi/Desktop/SparkCar_ROS2_WS/SparkCar_Perception/src/VINS-MONO-ROS2/camera_model/src/camera_models/CameraFactory.cc:162:63:\x1b[m\x1b[K \x1b[01;35m\x1b[Kwarning: \x1b[m\x1b[Kimplicitly-declared \xe2\x80\x98\x1b[01m\x1b[Kcamodocal::CataCamera::Parameters::Parameters(const camodocal::CataCamera::Parameters&)\x1b[m\x1b[K\xe2\x80\x99 is deprecated [\x1b[01;35m\x1b[K\x1b]8;;https://gcc.gnu.org/onlinedocs/gcc/Warning-Options.html#index-Wdeprecated-copy\x07-Wdeprecated-copy\x1b]8;;\x07\x1b[m\x1b[K]\n'}
[14.242064] (camera_model) StderrLine: {'line': b'  162 |         CataCamera::Parameters params = camera->getParameters(\x1b[01;35m\x1b[K)\x1b[m\x1b[K;\n'}
[14.242135] (camera_model) StderrLine: {'line': b'      |                                                               \x1b[01;35m\x1b[K^\x1b[m\x1b[K\n'}
[14.242196] (camera_model) StderrLine: {'line': b'In file included from \x1b[01m\x1b[K/home/orangepi/Desktop/SparkCar_ROS2_WS/SparkCar_Perception/src/VINS-MONO-ROS2/camera_model/src/camera_models/CameraFactory.cc:6\x1b[m\x1b[K:\n'}
[14.242259] (camera_model) StderrLine: {'line': b'\x1b[01m\x1b[K/home/orangepi/Desktop/SparkCar_ROS2_WS/SparkCar_Perception/src/VINS-MONO-ROS2/camera_model/include/camodocal/camera_models/CataCamera.h:54:21:\x1b[m\x1b[K \x1b[01;36m\x1b[Knote: \x1b[m\x1b[Kbecause \xe2\x80\x98\x1b[01m\x1b[Kcamodocal::CataCamera::Parameters\x1b[m\x1b[K\xe2\x80\x99 has user-provided \xe2\x80\x98\x1b[01m\x1b[Kcamodocal::CataCamera::Parameters& camodocal::CataCamera::Parameters::operator=(const camodocal::CataCamera::Parameters&)\x1b[m\x1b[K\xe2\x80\x99\n'}
[14.242325] (camera_model) StderrLine: {'line': b'   54 |         Parameters& \x1b[01;36m\x1b[Koperator\x1b[m\x1b[K=(const Parameters& other);\n'}
[14.242385] (camera_model) StderrLine: {'line': b'      |                     \x1b[01;36m\x1b[K^~~~~~~~\x1b[m\x1b[K\n'}
[14.285931] (-) TimerEvent: {}
[14.386369] (-) TimerEvent: {}
[14.486819] (-) TimerEvent: {}
[14.587274] (-) TimerEvent: {}
[14.687726] (-) TimerEvent: {}
[14.788288] (-) TimerEvent: {}
[14.888732] (-) TimerEvent: {}
[14.989176] (-) TimerEvent: {}
[15.089642] (-) TimerEvent: {}
[15.190334] (-) TimerEvent: {}
[15.291051] (-) TimerEvent: {}
[15.391819] (-) TimerEvent: {}
[15.492499] (-) TimerEvent: {}
[15.514555] (camera_model) StdoutLine: {'line': b'[ 51%] \x1b[32mBuilding CXX object CMakeFiles/Calibration.dir/src/gpl/gpl.cc.o\x1b[0m\n'}
[15.595298] (camera_model) StdoutLine: {'line': b'[ 55%] \x1b[32mBuilding CXX object CMakeFiles/Calibration.dir/src/gpl/EigenQuaternionParameterization.cc.o\x1b[0m\n'}
[15.595597] (-) TimerEvent: {}
[15.696257] (-) TimerEvent: {}
[15.796942] (-) TimerEvent: {}
[15.897619] (-) TimerEvent: {}
[15.998065] (-) TimerEvent: {}
[16.098545] (-) TimerEvent: {}
[16.208216] (-) TimerEvent: {}
[16.308635] (-) TimerEvent: {}
[16.409342] (-) TimerEvent: {}
[16.510050] (-) TimerEvent: {}
[16.610746] (-) TimerEvent: {}
[16.711446] (-) TimerEvent: {}
[16.735506] (camera_model) StderrLine: {'line': b'In file included from \x1b[01m\x1b[K/home/orangepi/Desktop/SparkCar_ROS2_WS/SparkCar_Perception/src/VINS-MONO-ROS2/camera_model/src/sparse_graph/Transform.cc:1\x1b[m\x1b[K:\n'}
[16.735867] (camera_model) StderrLine: {'line': b'\x1b[01m\x1b[K/home/orangepi/Desktop/SparkCar_ROS2_WS/SparkCar_Perception/src/VINS-MONO-ROS2/camera_model/include/camodocal/sparse_graph/Transform.h:22:5:\x1b[m\x1b[K \x1b[01;35m\x1b[Kwarning: \x1b[m\x1b[Ktype qualifiers ignored on function return type [\x1b[01;35m\x1b[K\x1b]8;;https://gcc.gnu.org/onlinedocs/gcc/Warning-Options.html#index-Wignored-qualifiers\x07-Wignored-qualifiers\x1b]8;;\x07\x1b[m\x1b[K]\n'}
[16.735958] (camera_model) StderrLine: {'line': b'   22 |     \x1b[01;35m\x1b[Kconst\x1b[m\x1b[K double* const rotationData(void) const;\n'}
[16.736028] (camera_model) StderrLine: {'line': b'      |     \x1b[01;35m\x1b[K^~~~~\x1b[m\x1b[K\n'}
[16.736092] (camera_model) StderrLine: {'line': b'\x1b[01m\x1b[K/home/orangepi/Desktop/SparkCar_ROS2_WS/SparkCar_Perception/src/VINS-MONO-ROS2/camera_model/include/camodocal/sparse_graph/Transform.h:27:5:\x1b[m\x1b[K \x1b[01;35m\x1b[Kwarning: \x1b[m\x1b[Ktype qualifiers ignored on function return type [\x1b[01;35m\x1b[K\x1b]8;;https://gcc.gnu.org/onlinedocs/gcc/Warning-Options.html#index-Wignored-qualifiers\x07-Wignored-qualifiers\x1b]8;;\x07\x1b[m\x1b[K]\n'}
[16.736178] (camera_model) StderrLine: {'line': b'   27 |     \x1b[01;35m\x1b[Kconst\x1b[m\x1b[K double* const translationData(void) const;\n'}
[16.736241] (camera_model) StderrLine: {'line': b'      |     \x1b[01;35m\x1b[K^~~~~\x1b[m\x1b[K\n'}
[16.802610] (camera_model) StderrLine: {'line': b'\x1b[01m\x1b[K/home/orangepi/Desktop/SparkCar_ROS2_WS/SparkCar_Perception/src/VINS-MONO-ROS2/camera_model/src/sparse_graph/Transform.cc:36:1:\x1b[m\x1b[K \x1b[01;35m\x1b[Kwarning: \x1b[m\x1b[Ktype qualifiers ignored on function return type [\x1b[01;35m\x1b[K\x1b]8;;https://gcc.gnu.org/onlinedocs/gcc/Warning-Options.html#index-Wignored-qualifiers\x07-Wignored-qualifiers\x1b]8;;\x07\x1b[m\x1b[K]\n'}
[16.802958] (camera_model) StderrLine: {'line': b'   36 | \x1b[01;35m\x1b[Kconst\x1b[m\x1b[K double* const\n'}
[16.803132] (camera_model) StderrLine: {'line': b'      | \x1b[01;35m\x1b[K^~~~~\x1b[m\x1b[K\n'}
[16.803205] (camera_model) StderrLine: {'line': b'\x1b[01m\x1b[K/home/orangepi/Desktop/SparkCar_ROS2_WS/SparkCar_Perception/src/VINS-MONO-ROS2/camera_model/src/sparse_graph/Transform.cc:60:1:\x1b[m\x1b[K \x1b[01;35m\x1b[Kwarning: \x1b[m\x1b[Ktype qualifiers ignored on function return type [\x1b[01;35m\x1b[K\x1b]8;;https://gcc.gnu.org/onlinedocs/gcc/Warning-Options.html#index-Wignored-qualifiers\x07-Wignored-qualifiers\x1b]8;;\x07\x1b[m\x1b[K]\n'}
[16.803275] (camera_model) StderrLine: {'line': b'   60 | \x1b[01;35m\x1b[Kconst\x1b[m\x1b[K double* const\n'}
[16.803338] (camera_model) StderrLine: {'line': b'      | \x1b[01;35m\x1b[K^~~~~\x1b[m\x1b[K\n'}
[16.811532] (-) TimerEvent: {}
[16.911953] (-) TimerEvent: {}
[17.012646] (-) TimerEvent: {}
[17.042170] (camera_model) StdoutLine: {'line': b'[ 59%] \x1b[32mBuilding CXX object CMakeFiles/camera_model.dir/src/camera_models/Camera.cc.o\x1b[0m\n'}
[17.112782] (-) TimerEvent: {}
[17.213562] (-) TimerEvent: {}
[17.314271] (-) TimerEvent: {}
[17.415242] (-) TimerEvent: {}
[17.480969] (camera_model) StdoutLine: {'line': b'[ 62%] \x1b[32mBuilding CXX object CMakeFiles/camera_model.dir/src/camera_models/CameraFactory.cc.o\x1b[0m\n'}
[17.515382] (-) TimerEvent: {}
[17.615833] (-) TimerEvent: {}
[17.716540] (-) TimerEvent: {}
[17.817270] (-) TimerEvent: {}
[17.819570] (camera_model) StdoutLine: {'line': b'[ 66%] \x1b[32mBuilding CXX object CMakeFiles/camera_model.dir/src/camera_models/CostFunctionFactory.cc.o\x1b[0m\n'}
[17.917415] (-) TimerEvent: {}
[17.944975] (camera_model) StdoutLine: {'line': b'[ 70%] \x1b[32mBuilding CXX object CMakeFiles/camera_model.dir/src/camera_models/PinholeCamera.cc.o\x1b[0m\n'}
[18.017549] (-) TimerEvent: {}
[18.118290] (-) TimerEvent: {}
[18.219007] (-) TimerEvent: {}
[18.319718] (-) TimerEvent: {}
[18.420481] (-) TimerEvent: {}
[18.521264] (-) TimerEvent: {}
[18.622039] (-) TimerEvent: {}
[18.722800] (-) TimerEvent: {}
[18.823566] (-) TimerEvent: {}
[18.924326] (-) TimerEvent: {}
[19.024791] (-) TimerEvent: {}
[19.125257] (-) TimerEvent: {}
[19.225766] (-) TimerEvent: {}
[19.326235] (-) TimerEvent: {}
[19.426690] (-) TimerEvent: {}
[19.527148] (-) TimerEvent: {}
[19.627885] (-) TimerEvent: {}
[19.728557] (-) TimerEvent: {}
[19.829248] (-) TimerEvent: {}
[19.929977] (-) TimerEvent: {}
[20.030662] (-) TimerEvent: {}
[20.131394] (-) TimerEvent: {}
[20.232096] (-) TimerEvent: {}
[20.332878] (-) TimerEvent: {}
[20.433561] (-) TimerEvent: {}
[20.534305] (-) TimerEvent: {}
[20.635048] (-) TimerEvent: {}
[20.735759] (-) TimerEvent: {}
[20.836469] (-) TimerEvent: {}
[20.937178] (-) TimerEvent: {}
[20.991447] (camera_model) StdoutLine: {'line': b'[ 74%] \x1b[32mBuilding CXX object CMakeFiles/camera_model.dir/src/camera_models/CataCamera.cc.o\x1b[0m\n'}
[21.037326] (-) TimerEvent: {}
[21.138036] (-) TimerEvent: {}
[21.238711] (-) TimerEvent: {}
[21.339408] (-) TimerEvent: {}
[21.440250] (-) TimerEvent: {}
[21.540977] (-) TimerEvent: {}
[21.641689] (-) TimerEvent: {}
[21.742390] (-) TimerEvent: {}
[21.840311] (camera_model) StderrLine: {'line': b'\x1b[01m\x1b[K/home/orangepi/Desktop/SparkCar_ROS2_WS/SparkCar_Perception/src/VINS-MONO-ROS2/camera_model/src/camera_models/PinholeCamera.cc:\x1b[m\x1b[K In constructor \xe2\x80\x98\x1b[01m\x1b[Kcamodocal::PinholeCamera::PinholeCamera(const camodocal::PinholeCamera::Parameters&)\x1b[m\x1b[K\xe2\x80\x99:\n'}
[21.840671] (camera_model) StderrLine: {'line': b'\x1b[01m\x1b[K/home/orangepi/Desktop/SparkCar_ROS2_WS/SparkCar_Perception/src/VINS-MONO-ROS2/camera_model/src/camera_models/PinholeCamera.cc:299:4:\x1b[m\x1b[K \x1b[01;35m\x1b[Kwarning: \x1b[m\x1b[Kimplicitly-declared \xe2\x80\x98\x1b[01m\x1b[Kcamodocal::PinholeCamera::Parameters::Parameters(const camodocal::PinholeCamera::Parameters&)\x1b[m\x1b[K\xe2\x80\x99 is deprecated [\x1b[01;35m\x1b[K\x1b]8;;https://gcc.gnu.org/onlinedocs/gcc/Warning-Options.html#index-Wdeprecated-copy\x07-Wdeprecated-copy\x1b]8;;\x07\x1b[m\x1b[K]\n'}
[21.840768] (camera_model) StderrLine: {'line': b'  299 |  : \x1b[01;35m\x1b[KmParameters(params)\x1b[m\x1b[K\n'}
[21.840836] (camera_model) StderrLine: {'line': b'      |    \x1b[01;35m\x1b[K^~~~~~~~~~~~~~~~~~~\x1b[m\x1b[K\n'}
[21.840899] (camera_model) StderrLine: {'line': b'\x1b[01m\x1b[K/home/orangepi/Desktop/SparkCar_ROS2_WS/SparkCar_Perception/src/VINS-MONO-ROS2/camera_model/src/camera_models/PinholeCamera.cc:214:1:\x1b[m\x1b[K \x1b[01;36m\x1b[Knote: \x1b[m\x1b[Kbecause \xe2\x80\x98\x1b[01m\x1b[Kcamodocal::PinholeCamera::Parameters\x1b[m\x1b[K\xe2\x80\x99 has user-provided \xe2\x80\x98\x1b[01m\x1b[Kcamodocal::PinholeCamera::Parameters& camodocal::PinholeCamera::Parameters::operator=(const camodocal::PinholeCamera::Parameters&)\x1b[m\x1b[K\xe2\x80\x99\n'}
[21.840969] (camera_model) StderrLine: {'line': b'  214 | \x1b[01;36m\x1b[KPinholeCamera\x1b[m\x1b[K::Parameters::operator=(const PinholeCamera::Parameters& other)\n'}
[21.841033] (camera_model) StderrLine: {'line': b'      | \x1b[01;36m\x1b[K^~~~~~~~~~~~~\x1b[m\x1b[K\n'}
[21.841621] (camera_model) StderrLine: {'line': b'\x1b[01m\x1b[K/home/orangepi/Desktop/SparkCar_ROS2_WS/SparkCar_Perception/src/VINS-MONO-ROS2/camera_model/src/camera_models/PinholeCamera.cc:\x1b[m\x1b[K In member function \xe2\x80\x98\x1b[01m\x1b[Kvirtual void camodocal::PinholeCamera::estimateIntrinsics(const Size&, const std::vector<std::vector<cv::Point3_<float> > >&, const std::vector<std::vector<cv::Point_<float> > >&)\x1b[m\x1b[K\xe2\x80\x99:\n'}
[21.841959] (camera_model) StderrLine: {'line': b'\x1b[01m\x1b[K/home/orangepi/Desktop/SparkCar_ROS2_WS/SparkCar_Perception/src/VINS-MONO-ROS2/camera_model/src/camera_models/PinholeCamera.cc:351:39:\x1b[m\x1b[K \x1b[01;35m\x1b[Kwarning: \x1b[m\x1b[Kimplicitly-declared \xe2\x80\x98\x1b[01m\x1b[Kcamodocal::PinholeCamera::Parameters::Parameters(const camodocal::PinholeCamera::Parameters&)\x1b[m\x1b[K\xe2\x80\x99 is deprecated [\x1b[01;35m\x1b[K\x1b]8;;https://gcc.gnu.org/onlinedocs/gcc/Warning-Options.html#index-Wdeprecated-copy\x07-Wdeprecated-copy\x1b]8;;\x07\x1b[m\x1b[K]\n'}
[21.842050] (camera_model) StderrLine: {'line': b'  351 |     Parameters params = getParameters(\x1b[01;35m\x1b[K)\x1b[m\x1b[K;\n'}
[21.842118] (camera_model) StderrLine: {'line': b'      |                                       \x1b[01;35m\x1b[K^\x1b[m\x1b[K\n'}
[21.842180] (camera_model) StderrLine: {'line': b'\x1b[01m\x1b[K/home/orangepi/Desktop/SparkCar_ROS2_WS/SparkCar_Perception/src/VINS-MONO-ROS2/camera_model/src/camera_models/PinholeCamera.cc:214:1:\x1b[m\x1b[K \x1b[01;36m\x1b[Knote: \x1b[m\x1b[Kbecause \xe2\x80\x98\x1b[01m\x1b[Kcamodocal::PinholeCamera::Parameters\x1b[m\x1b[K\xe2\x80\x99 has user-provided \xe2\x80\x98\x1b[01m\x1b[Kcamodocal::PinholeCamera::Parameters& camodocal::PinholeCamera::Parameters::operator=(const camodocal::PinholeCamera::Parameters&)\x1b[m\x1b[K\xe2\x80\x99\n'}
[21.842246] (camera_model) StderrLine: {'line': b'  214 | \x1b[01;36m\x1b[KPinholeCamera\x1b[m\x1b[K::Parameters::operator=(const PinholeCamera::Parameters& other)\n'}
[21.842328] (camera_model) StderrLine: {'line': b'      | \x1b[01;36m\x1b[K^~~~~~~~~~~~~\x1b[m\x1b[K\n'}
[21.842396] (-) TimerEvent: {}
[21.942718] (-) TimerEvent: {}
[22.043152] (-) TimerEvent: {}
[22.049624] (camera_model) StderrLine: {'line': b'\x1b[01m\x1b[K/home/orangepi/Desktop/SparkCar_ROS2_WS/SparkCar_Perception/src/VINS-MONO-ROS2/camera_model/src/camera_models/CameraFactory.cc:\x1b[m\x1b[K In member function \xe2\x80\x98\x1b[01m\x1b[Kcamodocal::CameraPtr camodocal::CameraFactory::generateCamera(camodocal::Camera::ModelType, const string&, cv::Size) const\x1b[m\x1b[K\xe2\x80\x99:\n'}
[22.050196] (camera_model) StderrLine: {'line': b'\x1b[01m\x1b[K/home/orangepi/Desktop/SparkCar_ROS2_WS/SparkCar_Perception/src/VINS-MONO-ROS2/camera_model/src/camera_models/CameraFactory.cc:45:70:\x1b[m\x1b[K \x1b[01;35m\x1b[Kwarning: \x1b[m\x1b[Kimplicitly-declared \xe2\x80\x98\x1b[01m\x1b[Kcamodocal::EquidistantCamera::Parameters::Parameters(const camodocal::EquidistantCamera::Parameters&)\x1b[m\x1b[K\xe2\x80\x99 is deprecated [\x1b[01;35m\x1b[K\x1b]8;;https://gcc.gnu.org/onlinedocs/gcc/Warning-Options.html#index-Wdeprecated-copy\x07-Wdeprecated-copy\x1b]8;;\x07\x1b[m\x1b[K]\n'}
[22.050395] (camera_model) StderrLine: {'line': b'   45 |         EquidistantCamera::Parameters params = camera->getParameters(\x1b[01;35m\x1b[K)\x1b[m\x1b[K;\n'}
[22.050553] (camera_model) StderrLine: {'line': b'      |                                                                      \x1b[01;35m\x1b[K^\x1b[m\x1b[K\n'}
[22.050828] (camera_model) StderrLine: {'line': b'In file included from \x1b[01m\x1b[K/home/orangepi/Desktop/SparkCar_ROS2_WS/SparkCar_Perception/src/VINS-MONO-ROS2/camera_model/src/camera_models/CameraFactory.cc:7\x1b[m\x1b[K:\n'}
[22.050993] (camera_model) StderrLine: {'line': b'\x1b[01m\x1b[K/home/orangepi/Desktop/SparkCar_ROS2_WS/SparkCar_Perception/src/VINS-MONO-ROS2/camera_model/include/camodocal/camera_models/EquidistantCamera.h:52:21:\x1b[m\x1b[K \x1b[01;36m\x1b[Knote: \x1b[m\x1b[Kbecause \xe2\x80\x98\x1b[01m\x1b[Kcamodocal::EquidistantCamera::Parameters\x1b[m\x1b[K\xe2\x80\x99 has user-provided \xe2\x80\x98\x1b[01m\x1b[Kcamodocal::EquidistantCamera::Parameters& camodocal::EquidistantCamera::Parameters::operator=(const camodocal::EquidistantCamera::Parameters&)\x1b[m\x1b[K\xe2\x80\x99\n'}
[22.051125] (camera_model) StderrLine: {'line': b'   52 |         Parameters& \x1b[01;36m\x1b[Koperator\x1b[m\x1b[K=(const Parameters& other);\n'}
[22.051238] (camera_model) StderrLine: {'line': b'      |                     \x1b[01;36m\x1b[K^~~~~~~~\x1b[m\x1b[K\n'}
[22.053816] (camera_model) StderrLine: {'line': b'\x1b[01m\x1b[K/home/orangepi/Desktop/SparkCar_ROS2_WS/SparkCar_Perception/src/VINS-MONO-ROS2/camera_model/src/camera_models/CameraFactory.cc:56:66:\x1b[m\x1b[K \x1b[01;35m\x1b[Kwarning: \x1b[m\x1b[Kimplicitly-declared \xe2\x80\x98\x1b[01m\x1b[Kcamodocal::PinholeCamera::Parameters::Parameters(const camodocal::PinholeCamera::Parameters&)\x1b[m\x1b[K\xe2\x80\x99 is deprecated [\x1b[01;35m\x1b[K\x1b]8;;https://gcc.gnu.org/onlinedocs/gcc/Warning-Options.html#index-Wdeprecated-copy\x07-Wdeprecated-copy\x1b]8;;\x07\x1b[m\x1b[K]\n'}
[22.054157] (camera_model) StderrLine: {'line': b'   56 |         PinholeCamera::Parameters params = camera->getParameters(\x1b[01;35m\x1b[K)\x1b[m\x1b[K;\n'}
[22.054319] (camera_model) StderrLine: {'line': b'      |                                                                  \x1b[01;35m\x1b[K^\x1b[m\x1b[K\n'}
[22.054595] (camera_model) StderrLine: {'line': b'In file included from \x1b[01m\x1b[K/home/orangepi/Desktop/SparkCar_ROS2_WS/SparkCar_Perception/src/VINS-MONO-ROS2/camera_model/src/camera_models/CameraFactory.cc:8\x1b[m\x1b[K:\n'}
[22.054776] (camera_model) StderrLine: {'line': b'\x1b[01m\x1b[K/home/orangepi/Desktop/SparkCar_ROS2_WS/SparkCar_Perception/src/VINS-MONO-ROS2/camera_model/include/camodocal/camera_models/PinholeCamera.h:47:21:\x1b[m\x1b[K \x1b[01;36m\x1b[Knote: \x1b[m\x1b[Kbecause \xe2\x80\x98\x1b[01m\x1b[Kcamodocal::PinholeCamera::Parameters\x1b[m\x1b[K\xe2\x80\x99 has user-provided \xe2\x80\x98\x1b[01m\x1b[Kcamodocal::PinholeCamera::Parameters& camodocal::PinholeCamera::Parameters::operator=(const camodocal::PinholeCamera::Parameters&)\x1b[m\x1b[K\xe2\x80\x99\n'}
[22.054937] (camera_model) StderrLine: {'line': b'   47 |         Parameters& \x1b[01;36m\x1b[Koperator\x1b[m\x1b[K=(const Parameters& other);\n'}
[22.055061] (camera_model) StderrLine: {'line': b'      |                     \x1b[01;36m\x1b[K^~~~~~~~\x1b[m\x1b[K\n'}
[22.057280] (camera_model) StderrLine: {'line': b'\x1b[01m\x1b[K/home/orangepi/Desktop/SparkCar_ROS2_WS/SparkCar_Perception/src/VINS-MONO-ROS2/camera_model/src/camera_models/CameraFactory.cc:67:63:\x1b[m\x1b[K \x1b[01;35m\x1b[Kwarning: \x1b[m\x1b[Kimplicitly-declared \xe2\x80\x98\x1b[01m\x1b[Kcamodocal::OCAMCamera::Parameters::Parameters(const camodocal::OCAMCamera::Parameters&)\x1b[m\x1b[K\xe2\x80\x99 is deprecated [\x1b[01;35m\x1b[K\x1b]8;;https://gcc.gnu.org/onlinedocs/gcc/Warning-Options.html#index-Wdeprecated-copy\x07-Wdeprecated-copy\x1b]8;;\x07\x1b[m\x1b[K]\n'}
[22.057605] (camera_model) StderrLine: {'line': b'   67 |         OCAMCamera::Parameters params = camera->getParameters(\x1b[01;35m\x1b[K)\x1b[m\x1b[K;\n'}
[22.057765] (camera_model) StderrLine: {'line': b'      |                                                               \x1b[01;35m\x1b[K^\x1b[m\x1b[K\n'}
[22.058064] (camera_model) StderrLine: {'line': b'In file included from \x1b[01m\x1b[K/home/orangepi/Desktop/SparkCar_ROS2_WS/SparkCar_Perception/src/VINS-MONO-ROS2/camera_model/src/camera_models/CameraFactory.cc:9\x1b[m\x1b[K:\n'}
[22.058238] (camera_model) StderrLine: {'line': b'\x1b[01m\x1b[K/home/orangepi/Desktop/SparkCar_ROS2_WS/SparkCar_Perception/src/VINS-MONO-ROS2/camera_model/include/camodocal/camera_models/ScaramuzzaCamera.h:54:21:\x1b[m\x1b[K \x1b[01;36m\x1b[Knote: \x1b[m\x1b[Kbecause \xe2\x80\x98\x1b[01m\x1b[Kcamodocal::OCAMCamera::Parameters\x1b[m\x1b[K\xe2\x80\x99 has user-provided \xe2\x80\x98\x1b[01m\x1b[Kcamodocal::OCAMCamera::Parameters& camodocal::OCAMCamera::Parameters::operator=(const camodocal::OCAMCamera::Parameters&)\x1b[m\x1b[K\xe2\x80\x99\n'}
[22.058388] (camera_model) StderrLine: {'line': b'   54 |         Parameters& \x1b[01;36m\x1b[Koperator\x1b[m\x1b[K=(const Parameters& other);\n'}
[22.058501] (camera_model) StderrLine: {'line': b'      |                     \x1b[01;36m\x1b[K^~~~~~~~\x1b[m\x1b[K\n'}
[22.060721] (camera_model) StderrLine: {'line': b'\x1b[01m\x1b[K/home/orangepi/Desktop/SparkCar_ROS2_WS/SparkCar_Perception/src/VINS-MONO-ROS2/camera_model/src/camera_models/CameraFactory.cc:79:63:\x1b[m\x1b[K \x1b[01;35m\x1b[Kwarning: \x1b[m\x1b[Kimplicitly-declared \xe2\x80\x98\x1b[01m\x1b[Kcamodocal::CataCamera::Parameters::Parameters(const camodocal::CataCamera::Parameters&)\x1b[m\x1b[K\xe2\x80\x99 is deprecated [\x1b[01;35m\x1b[K\x1b]8;;https://gcc.gnu.org/onlinedocs/gcc/Warning-Options.html#index-Wdeprecated-copy\x07-Wdeprecated-copy\x1b]8;;\x07\x1b[m\x1b[K]\n'}
[22.061085] (camera_model) StderrLine: {'line': b'   79 |         CataCamera::Parameters params = camera->getParameters(\x1b[01;35m\x1b[K)\x1b[m\x1b[K;\n'}
[22.061235] (camera_model) StderrLine: {'line': b'      |                                                               \x1b[01;35m\x1b[K^\x1b[m\x1b[K\n'}
[22.061531] (camera_model) StderrLine: {'line': b'In file included from \x1b[01m\x1b[K/home/orangepi/Desktop/SparkCar_ROS2_WS/SparkCar_Perception/src/VINS-MONO-ROS2/camera_model/src/camera_models/CameraFactory.cc:6\x1b[m\x1b[K:\n'}
[22.061694] (camera_model) StderrLine: {'line': b'\x1b[01m\x1b[K/home/orangepi/Desktop/SparkCar_ROS2_WS/SparkCar_Perception/src/VINS-MONO-ROS2/camera_model/include/camodocal/camera_models/CataCamera.h:54:21:\x1b[m\x1b[K \x1b[01;36m\x1b[Knote: \x1b[m\x1b[Kbecause \xe2\x80\x98\x1b[01m\x1b[Kcamodocal::CataCamera::Parameters\x1b[m\x1b[K\xe2\x80\x99 has user-provided \xe2\x80\x98\x1b[01m\x1b[Kcamodocal::CataCamera::Parameters& camodocal::CataCamera::Parameters::operator=(const camodocal::CataCamera::Parameters&)\x1b[m\x1b[K\xe2\x80\x99\n'}
[22.061848] (camera_model) StderrLine: {'line': b'   54 |         Parameters& \x1b[01;36m\x1b[Koperator\x1b[m\x1b[K=(const Parameters& other);\n'}
[22.061970] (camera_model) StderrLine: {'line': b'      |                     \x1b[01;36m\x1b[K^~~~~~~~\x1b[m\x1b[K\n'}
[22.065418] (camera_model) StderrLine: {'line': b'\x1b[01m\x1b[K/home/orangepi/Desktop/SparkCar_ROS2_WS/SparkCar_Perception/src/VINS-MONO-ROS2/camera_model/src/camera_models/CameraFactory.cc:\x1b[m\x1b[K In member function \xe2\x80\x98\x1b[01m\x1b[Kcamodocal::CameraPtr camodocal::CameraFactory::generateCameraFromYamlFile(const string&)\x1b[m\x1b[K\xe2\x80\x99:\n'}
[22.065781] (camera_model) StderrLine: {'line': b'\x1b[01m\x1b[K/home/orangepi/Desktop/SparkCar_ROS2_WS/SparkCar_Perception/src/VINS-MONO-ROS2/camera_model/src/camera_models/CameraFactory.cc:134:70:\x1b[m\x1b[K \x1b[01;35m\x1b[Kwarning: \x1b[m\x1b[Kimplicitly-declared \xe2\x80\x98\x1b[01m\x1b[Kcamodocal::EquidistantCamera::Parameters::Parameters(const camodocal::EquidistantCamera::Parameters&)\x1b[m\x1b[K\xe2\x80\x99 is deprecated [\x1b[01;35m\x1b[K\x1b]8;;https://gcc.gnu.org/onlinedocs/gcc/Warning-Options.html#index-Wdeprecated-copy\x07-Wdeprecated-copy\x1b]8;;\x07\x1b[m\x1b[K]\n'}
[22.065944] (camera_model) StderrLine: {'line': b'  134 |         EquidistantCamera::Parameters params = camera->getParameters(\x1b[01;35m\x1b[K)\x1b[m\x1b[K;\n'}
[22.066071] (camera_model) StderrLine: {'line': b'      |                                                                      \x1b[01;35m\x1b[K^\x1b[m\x1b[K\n'}
[22.066255] (camera_model) StderrLine: {'line': b'In file included from \x1b[01m\x1b[K/home/orangepi/Desktop/SparkCar_ROS2_WS/SparkCar_Perception/src/VINS-MONO-ROS2/camera_model/src/camera_models/CameraFactory.cc:7\x1b[m\x1b[K:\n'}
[22.066402] (camera_model) StderrLine: {'line': b'\x1b[01m\x1b[K/home/orangepi/Desktop/SparkCar_ROS2_WS/SparkCar_Perception/src/VINS-MONO-ROS2/camera_model/include/camodocal/camera_models/EquidistantCamera.h:52:21:\x1b[m\x1b[K \x1b[01;36m\x1b[Knote: \x1b[m\x1b[Kbecause \xe2\x80\x98\x1b[01m\x1b[Kcamodocal::EquidistantCamera::Parameters\x1b[m\x1b[K\xe2\x80\x99 has user-provided \xe2\x80\x98\x1b[01m\x1b[Kcamodocal::EquidistantCamera::Parameters& camodocal::EquidistantCamera::Parameters::operator=(const camodocal::EquidistantCamera::Parameters&)\x1b[m\x1b[K\xe2\x80\x99\n'}
[22.066535] (camera_model) StderrLine: {'line': b'   52 |         Parameters& \x1b[01;36m\x1b[Koperator\x1b[m\x1b[K=(const Parameters& other);\n'}
[22.066663] (camera_model) StderrLine: {'line': b'      |                     \x1b[01;36m\x1b[K^~~~~~~~\x1b[m\x1b[K\n'}
[22.067275] (camera_model) StderrLine: {'line': b'\x1b[01m\x1b[K/home/orangepi/Desktop/SparkCar_ROS2_WS/SparkCar_Perception/src/VINS-MONO-ROS2/camera_model/src/camera_models/CameraFactory.cc:143:66:\x1b[m\x1b[K \x1b[01;35m\x1b[Kwarning: \x1b[m\x1b[Kimplicitly-declared \xe2\x80\x98\x1b[01m\x1b[Kcamodocal::PinholeCamera::Parameters::Parameters(const camodocal::PinholeCamera::Parameters&)\x1b[m\x1b[K\xe2\x80\x99 is deprecated [\x1b[01;35m\x1b[K\x1b]8;;https://gcc.gnu.org/onlinedocs/gcc/Warning-Options.html#index-Wdeprecated-copy\x07-Wdeprecated-copy\x1b]8;;\x07\x1b[m\x1b[K]\n'}
[22.067437] (camera_model) StderrLine: {'line': b'  143 |         PinholeCamera::Parameters params = camera->getParameters(\x1b[01;35m\x1b[K)\x1b[m\x1b[K;\n'}
[22.067561] (camera_model) StderrLine: {'line': b'      |                                                                  \x1b[01;35m\x1b[K^\x1b[m\x1b[K\n'}
[22.067733] (camera_model) StderrLine: {'line': b'In file included from \x1b[01m\x1b[K/home/orangepi/Desktop/SparkCar_ROS2_WS/SparkCar_Perception/src/VINS-MONO-ROS2/camera_model/src/camera_models/CameraFactory.cc:8\x1b[m\x1b[K:\n'}
[22.067876] (camera_model) StderrLine: {'line': b'\x1b[01m\x1b[K/home/orangepi/Desktop/SparkCar_ROS2_WS/SparkCar_Perception/src/VINS-MONO-ROS2/camera_model/include/camodocal/camera_models/PinholeCamera.h:47:21:\x1b[m\x1b[K \x1b[01;36m\x1b[Knote: \x1b[m\x1b[Kbecause \xe2\x80\x98\x1b[01m\x1b[Kcamodocal::PinholeCamera::Parameters\x1b[m\x1b[K\xe2\x80\x99 has user-provided \xe2\x80\x98\x1b[01m\x1b[Kcamodocal::PinholeCamera::Parameters& camodocal::PinholeCamera::Parameters::operator=(const camodocal::PinholeCamera::Parameters&)\x1b[m\x1b[K\xe2\x80\x99\n'}
[22.068032] (camera_model) StderrLine: {'line': b'   47 |         Parameters& \x1b[01;36m\x1b[Koperator\x1b[m\x1b[K=(const Parameters& other);\n'}
[22.068192] (camera_model) StderrLine: {'line': b'      |                     \x1b[01;36m\x1b[K^~~~~~~~\x1b[m\x1b[K\n'}
[22.068761] (camera_model) StderrLine: {'line': b'\x1b[01m\x1b[K/home/orangepi/Desktop/SparkCar_ROS2_WS/SparkCar_Perception/src/VINS-MONO-ROS2/camera_model/src/camera_models/CameraFactory.cc:152:63:\x1b[m\x1b[K \x1b[01;35m\x1b[Kwarning: \x1b[m\x1b[Kimplicitly-declared \xe2\x80\x98\x1b[01m\x1b[Kcamodocal::OCAMCamera::Parameters::Parameters(const camodocal::OCAMCamera::Parameters&)\x1b[m\x1b[K\xe2\x80\x99 is deprecated [\x1b[01;35m\x1b[K\x1b]8;;https://gcc.gnu.org/onlinedocs/gcc/Warning-Options.html#index-Wdeprecated-copy\x07-Wdeprecated-copy\x1b]8;;\x07\x1b[m\x1b[K]\n'}
[22.068923] (camera_model) StderrLine: {'line': b'  152 |         OCAMCamera::Parameters params = camera->getParameters(\x1b[01;35m\x1b[K)\x1b[m\x1b[K;\n'}
[22.069039] (camera_model) StderrLine: {'line': b'      |                                                               \x1b[01;35m\x1b[K^\x1b[m\x1b[K\n'}
[22.069200] (camera_model) StderrLine: {'line': b'In file included from \x1b[01m\x1b[K/home/orangepi/Desktop/SparkCar_ROS2_WS/SparkCar_Perception/src/VINS-MONO-ROS2/camera_model/src/camera_models/CameraFactory.cc:9\x1b[m\x1b[K:\n'}
[22.069361] (camera_model) StderrLine: {'line': b'\x1b[01m\x1b[K/home/orangepi/Desktop/SparkCar_ROS2_WS/SparkCar_Perception/src/VINS-MONO-ROS2/camera_model/include/camodocal/camera_models/ScaramuzzaCamera.h:54:21:\x1b[m\x1b[K \x1b[01;36m\x1b[Knote: \x1b[m\x1b[Kbecause \xe2\x80\x98\x1b[01m\x1b[Kcamodocal::OCAMCamera::Parameters\x1b[m\x1b[K\xe2\x80\x99 has user-provided \xe2\x80\x98\x1b[01m\x1b[Kcamodocal::OCAMCamera::Parameters& camodocal::OCAMCamera::Parameters::operator=(const camodocal::OCAMCamera::Parameters&)\x1b[m\x1b[K\xe2\x80\x99\n'}
[22.069496] (camera_model) StderrLine: {'line': b'   54 |         Parameters& \x1b[01;36m\x1b[Koperator\x1b[m\x1b[K=(const Parameters& other);\n'}
[22.069621] (camera_model) StderrLine: {'line': b'      |                     \x1b[01;36m\x1b[K^~~~~~~~\x1b[m\x1b[K\n'}
[22.070226] (camera_model) StderrLine: {'line': b'\x1b[01m\x1b[K/home/orangepi/Desktop/SparkCar_ROS2_WS/SparkCar_Perception/src/VINS-MONO-ROS2/camera_model/src/camera_models/CameraFactory.cc:162:63:\x1b[m\x1b[K \x1b[01;35m\x1b[Kwarning: \x1b[m\x1b[Kimplicitly-declared \xe2\x80\x98\x1b[01m\x1b[Kcamodocal::CataCamera::Parameters::Parameters(const camodocal::CataCamera::Parameters&)\x1b[m\x1b[K\xe2\x80\x99 is deprecated [\x1b[01;35m\x1b[K\x1b]8;;https://gcc.gnu.org/onlinedocs/gcc/Warning-Options.html#index-Wdeprecated-copy\x07-Wdeprecated-copy\x1b]8;;\x07\x1b[m\x1b[K]\n'}
[22.070408] (camera_model) StderrLine: {'line': b'  162 |         CataCamera::Parameters params = camera->getParameters(\x1b[01;35m\x1b[K)\x1b[m\x1b[K;\n'}
[22.070543] (camera_model) StderrLine: {'line': b'      |                                                               \x1b[01;35m\x1b[K^\x1b[m\x1b[K\n'}
[22.070720] (camera_model) StderrLine: {'line': b'In file included from \x1b[01m\x1b[K/home/orangepi/Desktop/SparkCar_ROS2_WS/SparkCar_Perception/src/VINS-MONO-ROS2/camera_model/src/camera_models/CameraFactory.cc:6\x1b[m\x1b[K:\n'}
[22.070863] (camera_model) StderrLine: {'line': b'\x1b[01m\x1b[K/home/orangepi/Desktop/SparkCar_ROS2_WS/SparkCar_Perception/src/VINS-MONO-ROS2/camera_model/include/camodocal/camera_models/CataCamera.h:54:21:\x1b[m\x1b[K \x1b[01;36m\x1b[Knote: \x1b[m\x1b[Kbecause \xe2\x80\x98\x1b[01m\x1b[Kcamodocal::CataCamera::Parameters\x1b[m\x1b[K\xe2\x80\x99 has user-provided \xe2\x80\x98\x1b[01m\x1b[Kcamodocal::CataCamera::Parameters& camodocal::CataCamera::Parameters::operator=(const camodocal::CataCamera::Parameters&)\x1b[m\x1b[K\xe2\x80\x99\n'}
[22.071015] (camera_model) StderrLine: {'line': b'   54 |         Parameters& \x1b[01;36m\x1b[Koperator\x1b[m\x1b[K=(const Parameters& other);\n'}
[22.071136] (camera_model) StderrLine: {'line': b'      |                     \x1b[01;36m\x1b[K^~~~~~~~\x1b[m\x1b[K\n'}
[22.152308] (-) TimerEvent: {}
[22.217943] (camera_model) StderrLine: {'line': b'\x1b[01m\x1b[K/home/orangepi/Desktop/SparkCar_ROS2_WS/SparkCar_Perception/src/VINS-MONO-ROS2/camera_model/src/camera_models/PinholeCamera.cc:\x1b[m\x1b[K In member function \xe2\x80\x98\x1b[01m\x1b[Kvirtual void camodocal::PinholeCamera::readParameters(const std::vector<double, std::allocator<double> >&)\x1b[m\x1b[K\xe2\x80\x99:\n'}
[22.218246] (camera_model) StderrLine: {'line': b'\x1b[01m\x1b[K/home/orangepi/Desktop/SparkCar_ROS2_WS/SparkCar_Perception/src/VINS-MONO-ROS2/camera_model/src/camera_models/PinholeCamera.cc:838:39:\x1b[m\x1b[K \x1b[01;35m\x1b[Kwarning: \x1b[m\x1b[Kimplicitly-declared \xe2\x80\x98\x1b[01m\x1b[Kcamodocal::PinholeCamera::Parameters::Parameters(const camodocal::PinholeCamera::Parameters&)\x1b[m\x1b[K\xe2\x80\x99 is deprecated [\x1b[01;35m\x1b[K\x1b]8;;https://gcc.gnu.org/onlinedocs/gcc/Warning-Options.html#index-Wdeprecated-copy\x07-Wdeprecated-copy\x1b]8;;\x07\x1b[m\x1b[K]\n'}
[22.218341] (camera_model) StderrLine: {'line': b'  838 |     Parameters params = getParameters(\x1b[01;35m\x1b[K)\x1b[m\x1b[K;\n'}
[22.218413] (camera_model) StderrLine: {'line': b'      |                                       \x1b[01;35m\x1b[K^\x1b[m\x1b[K\n'}
[22.218479] (camera_model) StderrLine: {'line': b'\x1b[01m\x1b[K/home/orangepi/Desktop/SparkCar_ROS2_WS/SparkCar_Perception/src/VINS-MONO-ROS2/camera_model/src/camera_models/PinholeCamera.cc:214:1:\x1b[m\x1b[K \x1b[01;36m\x1b[Knote: \x1b[m\x1b[Kbecause \xe2\x80\x98\x1b[01m\x1b[Kcamodocal::PinholeCamera::Parameters\x1b[m\x1b[K\xe2\x80\x99 has user-provided \xe2\x80\x98\x1b[01m\x1b[Kcamodocal::PinholeCamera::Parameters& camodocal::PinholeCamera::Parameters::operator=(const camodocal::PinholeCamera::Parameters&)\x1b[m\x1b[K\xe2\x80\x99\n'}
[22.218569] (camera_model) StderrLine: {'line': b'  214 | \x1b[01;36m\x1b[KPinholeCamera\x1b[m\x1b[K::Parameters::operator=(const PinholeCamera::Parameters& other)\n'}
[22.218639] (camera_model) StderrLine: {'line': b'      | \x1b[01;36m\x1b[K^~~~~~~~~~~~~\x1b[m\x1b[K\n'}
[22.226759] (camera_model) StdoutLine: {'line': b'[ 77%] \x1b[32mBuilding CXX object CMakeFiles/camera_model.dir/src/camera_models/EquidistantCamera.cc.o\x1b[0m\n'}
[22.252439] (-) TimerEvent: {}
[22.352867] (-) TimerEvent: {}
[22.453302] (-) TimerEvent: {}
[22.553026] (camera_model) StdoutLine: {'line': b'[ 81%] \x1b[32mBuilding CXX object CMakeFiles/camera_model.dir/src/camera_models/ScaramuzzaCamera.cc.o\x1b[0m\n'}
[22.553313] (-) TimerEvent: {}
[22.653654] (-) TimerEvent: {}
[22.754116] (-) TimerEvent: {}
[22.854563] (-) TimerEvent: {}
[22.955015] (-) TimerEvent: {}
[23.055720] (-) TimerEvent: {}
[23.156442] (-) TimerEvent: {}
[23.257128] (-) TimerEvent: {}
[23.357851] (-) TimerEvent: {}
[23.458639] (-) TimerEvent: {}
[23.559393] (-) TimerEvent: {}
[23.660118] (-) TimerEvent: {}
[23.760814] (-) TimerEvent: {}
[23.861261] (-) TimerEvent: {}
[23.961709] (-) TimerEvent: {}
[24.062137] (-) TimerEvent: {}
[24.162586] (-) TimerEvent: {}
[24.263044] (-) TimerEvent: {}
[24.363492] (-) TimerEvent: {}
[24.463940] (-) TimerEvent: {}
[24.564383] (-) TimerEvent: {}
[24.664826] (-) TimerEvent: {}
[24.765278] (-) TimerEvent: {}
[24.865726] (-) TimerEvent: {}
[24.966707] (-) TimerEvent: {}
[25.067157] (-) TimerEvent: {}
[25.167610] (-) TimerEvent: {}
[25.268060] (-) TimerEvent: {}
[25.368496] (-) TimerEvent: {}
[25.468919] (-) TimerEvent: {}
[25.531824] (camera_model) StderrLine: {'line': b'\x1b[01m\x1b[K/home/orangepi/Desktop/SparkCar_ROS2_WS/SparkCar_Perception/src/VINS-MONO-ROS2/camera_model/src/camera_models/CataCamera.cc:\x1b[m\x1b[K In constructor \xe2\x80\x98\x1b[01m\x1b[Kcamodocal::CataCamera::CataCamera(const camodocal::CataCamera::Parameters&)\x1b[m\x1b[K\xe2\x80\x99:\n'}
[25.532250] (camera_model) StderrLine: {'line': b'\x1b[01m\x1b[K/home/orangepi/Desktop/SparkCar_ROS2_WS/SparkCar_Perception/src/VINS-MONO-ROS2/camera_model/src/camera_models/CataCamera.cc:327:4:\x1b[m\x1b[K \x1b[01;35m\x1b[Kwarning: \x1b[m\x1b[Kimplicitly-declared \xe2\x80\x98\x1b[01m\x1b[Kcamodocal::CataCamera::Parameters::Parameters(const camodocal::CataCamera::Parameters&)\x1b[m\x1b[K\xe2\x80\x99 is deprecated [\x1b[01;35m\x1b[K\x1b]8;;https://gcc.gnu.org/onlinedocs/gcc/Warning-Options.html#index-Wdeprecated-copy\x07-Wdeprecated-copy\x1b]8;;\x07\x1b[m\x1b[K]\n'}
[25.532342] (camera_model) StderrLine: {'line': b'  327 |  : \x1b[01;35m\x1b[KmParameters(params)\x1b[m\x1b[K\n'}
[25.532411] (camera_model) StderrLine: {'line': b'      |    \x1b[01;35m\x1b[K^~~~~~~~~~~~~~~~~~~\x1b[m\x1b[K\n'}
[25.532473] (camera_model) StderrLine: {'line': b'\x1b[01m\x1b[K/home/orangepi/Desktop/SparkCar_ROS2_WS/SparkCar_Perception/src/VINS-MONO-ROS2/camera_model/src/camera_models/CataCamera.cc:237:1:\x1b[m\x1b[K \x1b[01;36m\x1b[Knote: \x1b[m\x1b[Kbecause \xe2\x80\x98\x1b[01m\x1b[Kcamodocal::CataCamera::Parameters\x1b[m\x1b[K\xe2\x80\x99 has user-provided \xe2\x80\x98\x1b[01m\x1b[Kcamodocal::CataCamera::Parameters& camodocal::CataCamera::Parameters::operator=(const camodocal::CataCamera::Parameters&)\x1b[m\x1b[K\xe2\x80\x99\n'}
[25.532543] (camera_model) StderrLine: {'line': b'  237 | \x1b[01;36m\x1b[KCataCamera\x1b[m\x1b[K::Parameters::operator=(const CataCamera::Parameters& other)\n'}
[25.532607] (camera_model) StderrLine: {'line': b'      | \x1b[01;36m\x1b[K^~~~~~~~~~\x1b[m\x1b[K\n'}
[25.532912] (camera_model) StderrLine: {'line': b'\x1b[01m\x1b[K/home/orangepi/Desktop/SparkCar_ROS2_WS/SparkCar_Perception/src/VINS-MONO-ROS2/camera_model/src/camera_models/CataCamera.cc:\x1b[m\x1b[K In member function \xe2\x80\x98\x1b[01m\x1b[Kvirtual void camodocal::CataCamera::estimateIntrinsics(const Size&, const std::vector<std::vector<cv::Point3_<float> > >&, const std::vector<std::vector<cv::Point_<float> > >&)\x1b[m\x1b[K\xe2\x80\x99:\n'}
[25.533043] (camera_model) StderrLine: {'line': b'\x1b[01m\x1b[K/home/orangepi/Desktop/SparkCar_ROS2_WS/SparkCar_Perception/src/VINS-MONO-ROS2/camera_model/src/camera_models/CataCamera.cc:377:39:\x1b[m\x1b[K \x1b[01;35m\x1b[Kwarning: \x1b[m\x1b[Kimplicitly-declared \xe2\x80\x98\x1b[01m\x1b[Kcamodocal::CataCamera::Parameters::Parameters(const camodocal::CataCamera::Parameters&)\x1b[m\x1b[K\xe2\x80\x99 is deprecated [\x1b[01;35m\x1b[K\x1b]8;;https://gcc.gnu.org/onlinedocs/gcc/Warning-Options.html#index-Wdeprecated-copy\x07-Wdeprecated-copy\x1b]8;;\x07\x1b[m\x1b[K]\n'}
[25.533117] (camera_model) StderrLine: {'line': b'  377 |     Parameters params = getParameters(\x1b[01;35m\x1b[K)\x1b[m\x1b[K;\n'}
[25.533182] (camera_model) StderrLine: {'line': b'      |                                       \x1b[01;35m\x1b[K^\x1b[m\x1b[K\n'}
[25.533244] (camera_model) StderrLine: {'line': b'\x1b[01m\x1b[K/home/orangepi/Desktop/SparkCar_ROS2_WS/SparkCar_Perception/src/VINS-MONO-ROS2/camera_model/src/camera_models/CataCamera.cc:237:1:\x1b[m\x1b[K \x1b[01;36m\x1b[Knote: \x1b[m\x1b[Kbecause \xe2\x80\x98\x1b[01m\x1b[Kcamodocal::CataCamera::Parameters\x1b[m\x1b[K\xe2\x80\x99 has user-provided \xe2\x80\x98\x1b[01m\x1b[Kcamodocal::CataCamera::Parameters& camodocal::CataCamera::Parameters::operator=(const camodocal::CataCamera::Parameters&)\x1b[m\x1b[K\xe2\x80\x99\n'}
[25.533309] (camera_model) StderrLine: {'line': b'  237 | \x1b[01;36m\x1b[KCataCamera\x1b[m\x1b[K::Parameters::operator=(const CataCamera::Parameters& other)\n'}
[25.533370] (camera_model) StderrLine: {'line': b'      | \x1b[01;36m\x1b[K^~~~~~~~~~\x1b[m\x1b[K\n'}
[25.569053] (-) TimerEvent: {}
[25.669763] (-) TimerEvent: {}
[25.770477] (-) TimerEvent: {}
[25.775711] (camera_model) StderrLine: {'line': b'\x1b[01m\x1b[K/home/orangepi/Desktop/SparkCar_ROS2_WS/SparkCar_Perception/src/VINS-MONO-ROS2/camera_model/src/camera_models/ScaramuzzaCamera.cc:\x1b[m\x1b[K In constructor \xe2\x80\x98\x1b[01m\x1b[Kcamodocal::OCAMCamera::OCAMCamera(const camodocal::OCAMCamera::Parameters&)\x1b[m\x1b[K\xe2\x80\x99:\n'}
[25.775990] (camera_model) StderrLine: {'line': b'\x1b[01m\x1b[K/home/orangepi/Desktop/SparkCar_ROS2_WS/SparkCar_Perception/src/VINS-MONO-ROS2/camera_model/src/camera_models/ScaramuzzaCamera.cc:198:4:\x1b[m\x1b[K \x1b[01;35m\x1b[Kwarning: \x1b[m\x1b[Kimplicitly-declared \xe2\x80\x98\x1b[01m\x1b[Kcamodocal::OCAMCamera::Parameters::Parameters(const camodocal::OCAMCamera::Parameters&)\x1b[m\x1b[K\xe2\x80\x99 is deprecated [\x1b[01;35m\x1b[K\x1b]8;;https://gcc.gnu.org/onlinedocs/gcc/Warning-Options.html#index-Wdeprecated-copy\x07-Wdeprecated-copy\x1b]8;;\x07\x1b[m\x1b[K]\n'}
[25.776100] (camera_model) StderrLine: {'line': b'  198 |  : \x1b[01;35m\x1b[KmParameters(params)\x1b[m\x1b[K\n'}
[25.776169] (camera_model) StderrLine: {'line': b'      |    \x1b[01;35m\x1b[K^~~~~~~~~~~~~~~~~~~\x1b[m\x1b[K\n'}
[25.776233] (camera_model) StderrLine: {'line': b'\x1b[01m\x1b[K/home/orangepi/Desktop/SparkCar_ROS2_WS/SparkCar_Perception/src/VINS-MONO-ROS2/camera_model/src/camera_models/ScaramuzzaCamera.cc:141:1:\x1b[m\x1b[K \x1b[01;36m\x1b[Knote: \x1b[m\x1b[Kbecause \xe2\x80\x98\x1b[01m\x1b[Kcamodocal::OCAMCamera::Parameters\x1b[m\x1b[K\xe2\x80\x99 has user-provided \xe2\x80\x98\x1b[01m\x1b[Kcamodocal::OCAMCamera::Parameters& camodocal::OCAMCamera::Parameters::operator=(const camodocal::OCAMCamera::Parameters&)\x1b[m\x1b[K\xe2\x80\x99\n'}
[25.776301] (camera_model) StderrLine: {'line': b'  141 | \x1b[01;36m\x1b[KOCAMCamera\x1b[m\x1b[K::Parameters::operator=(const OCAMCamera::Parameters& other)\n'}
[25.776371] (camera_model) StderrLine: {'line': b'      | \x1b[01;36m\x1b[K^~~~~~~~~~\x1b[m\x1b[K\n'}
[25.859985] (camera_model) StderrLine: {'line': b'\x1b[01m\x1b[K/home/orangepi/Desktop/SparkCar_ROS2_WS/SparkCar_Perception/src/VINS-MONO-ROS2/camera_model/src/camera_models/CataCamera.cc:\x1b[m\x1b[K In member function \xe2\x80\x98\x1b[01m\x1b[Kvirtual void camodocal::CataCamera::readParameters(const std::vector<double, std::allocator<double> >&)\x1b[m\x1b[K\xe2\x80\x99:\n'}
[25.860309] (camera_model) StderrLine: {'line': b'\x1b[01m\x1b[K/home/orangepi/Desktop/SparkCar_ROS2_WS/SparkCar_Perception/src/VINS-MONO-ROS2/camera_model/src/camera_models/CataCamera.cc:960:39:\x1b[m\x1b[K \x1b[01;35m\x1b[Kwarning: \x1b[m\x1b[Kimplicitly-declared \xe2\x80\x98\x1b[01m\x1b[Kcamodocal::CataCamera::Parameters::Parameters(const camodocal::CataCamera::Parameters&)\x1b[m\x1b[K\xe2\x80\x99 is deprecated [\x1b[01;35m\x1b[K\x1b]8;;https://gcc.gnu.org/onlinedocs/gcc/Warning-Options.html#index-Wdeprecated-copy\x07-Wdeprecated-copy\x1b]8;;\x07\x1b[m\x1b[K]\n'}
[25.860401] (camera_model) StderrLine: {'line': b'  960 |     Parameters params = getParameters(\x1b[01;35m\x1b[K)\x1b[m\x1b[K;\n'}
[25.860470] (camera_model) StderrLine: {'line': b'      |                                       \x1b[01;35m\x1b[K^\x1b[m\x1b[K\n'}
[25.860532] (camera_model) StderrLine: {'line': b'\x1b[01m\x1b[K/home/orangepi/Desktop/SparkCar_ROS2_WS/SparkCar_Perception/src/VINS-MONO-ROS2/camera_model/src/camera_models/CataCamera.cc:237:1:\x1b[m\x1b[K \x1b[01;36m\x1b[Knote: \x1b[m\x1b[Kbecause \xe2\x80\x98\x1b[01m\x1b[Kcamodocal::CataCamera::Parameters\x1b[m\x1b[K\xe2\x80\x99 has user-provided \xe2\x80\x98\x1b[01m\x1b[Kcamodocal::CataCamera::Parameters& camodocal::CataCamera::Parameters::operator=(const camodocal::CataCamera::Parameters&)\x1b[m\x1b[K\xe2\x80\x99\n'}
[25.860600] (camera_model) StderrLine: {'line': b'  237 | \x1b[01;36m\x1b[KCataCamera\x1b[m\x1b[K::Parameters::operator=(const CataCamera::Parameters& other)\n'}
[25.860663] (camera_model) StderrLine: {'line': b'      | \x1b[01;36m\x1b[K^~~~~~~~~~\x1b[m\x1b[K\n'}
[25.870628] (-) TimerEvent: {}
[25.968452] (camera_model) StdoutLine: {'line': b'[ 85%] \x1b[32mBuilding CXX object CMakeFiles/camera_model.dir/src/sparse_graph/Transform.cc.o\x1b[0m\n'}
[25.970756] (-) TimerEvent: {}
[26.071214] (-) TimerEvent: {}
[26.155265] (camera_model) StderrLine: {'line': b'\x1b[01m\x1b[K/home/orangepi/Desktop/SparkCar_ROS2_WS/SparkCar_Perception/src/VINS-MONO-ROS2/camera_model/src/camera_models/EquidistantCamera.cc:\x1b[m\x1b[K In constructor \xe2\x80\x98\x1b[01m\x1b[Kcamodocal::EquidistantCamera::EquidistantCamera(const camodocal::EquidistantCamera::Parameters&)\x1b[m\x1b[K\xe2\x80\x99:\n'}
[26.155650] (camera_model) StderrLine: {'line': b'\x1b[01m\x1b[K/home/orangepi/Desktop/SparkCar_ROS2_WS/SparkCar_Perception/src/VINS-MONO-ROS2/camera_model/src/camera_models/EquidistantCamera.cc:278:4:\x1b[m\x1b[K \x1b[01;35m\x1b[Kwarning: \x1b[m\x1b[Kimplicitly-declared \xe2\x80\x98\x1b[01m\x1b[Kcamodocal::EquidistantCamera::Parameters::Parameters(const camodocal::EquidistantCamera::Parameters&)\x1b[m\x1b[K\xe2\x80\x99 is deprecated [\x1b[01;35m\x1b[K\x1b]8;;https://gcc.gnu.org/onlinedocs/gcc/Warning-Options.html#index-Wdeprecated-copy\x07-Wdeprecated-copy\x1b]8;;\x07\x1b[m\x1b[K]\n'}
[26.155817] (camera_model) StderrLine: {'line': b'  278 |  : \x1b[01;35m\x1b[KmParameters(params)\x1b[m\x1b[K\n'}
[26.155948] (camera_model) StderrLine: {'line': b'      |    \x1b[01;35m\x1b[K^~~~~~~~~~~~~~~~~~~\x1b[m\x1b[K\n'}
[26.156159] (camera_model) StderrLine: {'line': b'\x1b[01m\x1b[K/home/orangepi/Desktop/SparkCar_ROS2_WS/SparkCar_Perception/src/VINS-MONO-ROS2/camera_model/src/camera_models/EquidistantCamera.cc:209:1:\x1b[m\x1b[K \x1b[01;36m\x1b[Knote: \x1b[m\x1b[Kbecause \xe2\x80\x98\x1b[01m\x1b[Kcamodocal::EquidistantCamera::Parameters\x1b[m\x1b[K\xe2\x80\x99 has user-provided \xe2\x80\x98\x1b[01m\x1b[Kcamodocal::EquidistantCamera::Parameters& camodocal::EquidistantCamera::Parameters::operator=(const camodocal::EquidistantCamera::Parameters&)\x1b[m\x1b[K\xe2\x80\x99\n'}
[26.156336] (camera_model) StderrLine: {'line': b'  209 | \x1b[01;36m\x1b[KEquidistantCamera\x1b[m\x1b[K::Parameters::operator=(const EquidistantCamera::Parameters& other)\n'}
[26.156474] (camera_model) StderrLine: {'line': b'      | \x1b[01;36m\x1b[K^~~~~~~~~~~~~~~~~\x1b[m\x1b[K\n'}
[26.157750] (camera_model) StderrLine: {'line': b'\x1b[01m\x1b[K/home/orangepi/Desktop/SparkCar_ROS2_WS/SparkCar_Perception/src/VINS-MONO-ROS2/camera_model/src/camera_models/EquidistantCamera.cc:\x1b[m\x1b[K In member function \xe2\x80\x98\x1b[01m\x1b[Kvirtual void camodocal::EquidistantCamera::estimateIntrinsics(const Size&, const std::vector<std::vector<cv::Point3_<float> > >&, const std::vector<std::vector<cv::Point_<float> > >&)\x1b[m\x1b[K\xe2\x80\x99:\n'}
[26.158123] (camera_model) StderrLine: {'line': b'\x1b[01m\x1b[K/home/orangepi/Desktop/SparkCar_ROS2_WS/SparkCar_Perception/src/VINS-MONO-ROS2/camera_model/src/camera_models/EquidistantCamera.cc:316:39:\x1b[m\x1b[K \x1b[01;35m\x1b[Kwarning: \x1b[m\x1b[Kimplicitly-declared \xe2\x80\x98\x1b[01m\x1b[Kcamodocal::EquidistantCamera::Parameters::Parameters(const camodocal::EquidistantCamera::Parameters&)\x1b[m\x1b[K\xe2\x80\x99 is deprecated [\x1b[01;35m\x1b[K\x1b]8;;https://gcc.gnu.org/onlinedocs/gcc/Warning-Options.html#index-Wdeprecated-copy\x07-Wdeprecated-copy\x1b]8;;\x07\x1b[m\x1b[K]\n'}
[26.158314] (camera_model) StderrLine: {'line': b'  316 |     Parameters params = getParameters(\x1b[01;35m\x1b[K)\x1b[m\x1b[K;\n'}
[26.158449] (camera_model) StderrLine: {'line': b'      |                                       \x1b[01;35m\x1b[K^\x1b[m\x1b[K\n'}
[26.158660] (camera_model) StderrLine: {'line': b'\x1b[01m\x1b[K/home/orangepi/Desktop/SparkCar_ROS2_WS/SparkCar_Perception/src/VINS-MONO-ROS2/camera_model/src/camera_models/EquidistantCamera.cc:209:1:\x1b[m\x1b[K \x1b[01;36m\x1b[Knote: \x1b[m\x1b[Kbecause \xe2\x80\x98\x1b[01m\x1b[Kcamodocal::EquidistantCamera::Parameters\x1b[m\x1b[K\xe2\x80\x99 has user-provided \xe2\x80\x98\x1b[01m\x1b[Kcamodocal::EquidistantCamera::Parameters& camodocal::EquidistantCamera::Parameters::operator=(const camodocal::EquidistantCamera::Parameters&)\x1b[m\x1b[K\xe2\x80\x99\n'}
[26.158831] (camera_model) StderrLine: {'line': b'  209 | \x1b[01;36m\x1b[KEquidistantCamera\x1b[m\x1b[K::Parameters::operator=(const EquidistantCamera::Parameters& other)\n'}
[26.158965] (camera_model) StderrLine: {'line': b'      | \x1b[01;36m\x1b[K^~~~~~~~~~~~~~~~~\x1b[m\x1b[K\n'}
[26.171367] (-) TimerEvent: {}
[26.181030] (camera_model) StderrLine: {'line': b'\x1b[01m\x1b[K/home/orangepi/Desktop/SparkCar_ROS2_WS/SparkCar_Perception/src/VINS-MONO-ROS2/camera_model/src/camera_models/EquidistantCamera.cc:345:16:\x1b[m\x1b[K \x1b[01;35m\x1b[Kwarning: \x1b[m\x1b[KISO C++ forbids variable length array \xe2\x80\x98\x1b[01m\x1b[Kradius\x1b[m\x1b[K\xe2\x80\x99 [\x1b[01;35m\x1b[K\x1b]8;;https://gcc.gnu.org/onlinedocs/gcc/Warning-Options.html#index-Wvla\x07-Wvla\x1b]8;;\x07\x1b[m\x1b[K]\n'}
[26.181402] (camera_model) StderrLine: {'line': b'  345 |         double \x1b[01;35m\x1b[Kradius\x1b[m\x1b[K[boardSize.height];\n'}
[26.181591] (camera_model) StderrLine: {'line': b'      |                \x1b[01;35m\x1b[K^~~~~~\x1b[m\x1b[K\n'}
[26.271509] (-) TimerEvent: {}
[26.323701] (camera_model) StderrLine: {'line': b'\x1b[01m\x1b[K/home/orangepi/Desktop/SparkCar_ROS2_WS/SparkCar_Perception/src/VINS-MONO-ROS2/camera_model/src/camera_models/ScaramuzzaCamera.cc:\x1b[m\x1b[K In member function \xe2\x80\x98\x1b[01m\x1b[Kvirtual void camodocal::OCAMCamera::estimateIntrinsics(const Size&, const std::vector<std::vector<cv::Point3_<float> > >&, const std::vector<std::vector<cv::Point_<float> > >&)\x1b[m\x1b[K\xe2\x80\x99:\n'}
[26.324003] (camera_model) StderrLine: {'line': b'\x1b[01m\x1b[K/home/orangepi/Desktop/SparkCar_ROS2_WS/SparkCar_Perception/src/VINS-MONO-ROS2/camera_model/src/camera_models/ScaramuzzaCamera.cc:517:39:\x1b[m\x1b[K \x1b[01;35m\x1b[Kwarning: \x1b[m\x1b[Kimplicitly-declared \xe2\x80\x98\x1b[01m\x1b[Kcamodocal::OCAMCamera::Parameters::Parameters(const camodocal::OCAMCamera::Parameters&)\x1b[m\x1b[K\xe2\x80\x99 is deprecated [\x1b[01;35m\x1b[K\x1b]8;;https://gcc.gnu.org/onlinedocs/gcc/Warning-Options.html#index-Wdeprecated-copy\x07-Wdeprecated-copy\x1b]8;;\x07\x1b[m\x1b[K]\n'}
[26.324096] (camera_model) StderrLine: {'line': b'  517 |     Parameters params = getParameters(\x1b[01;35m\x1b[K)\x1b[m\x1b[K;\n'}
[26.324165] (camera_model) StderrLine: {'line': b'      |                                       \x1b[01;35m\x1b[K^\x1b[m\x1b[K\n'}
[26.324228] (camera_model) StderrLine: {'line': b'\x1b[01m\x1b[K/home/orangepi/Desktop/SparkCar_ROS2_WS/SparkCar_Perception/src/VINS-MONO-ROS2/camera_model/src/camera_models/ScaramuzzaCamera.cc:141:1:\x1b[m\x1b[K \x1b[01;36m\x1b[Knote: \x1b[m\x1b[Kbecause \xe2\x80\x98\x1b[01m\x1b[Kcamodocal::OCAMCamera::Parameters\x1b[m\x1b[K\xe2\x80\x99 has user-provided \xe2\x80\x98\x1b[01m\x1b[Kcamodocal::OCAMCamera::Parameters& camodocal::OCAMCamera::Parameters::operator=(const camodocal::OCAMCamera::Parameters&)\x1b[m\x1b[K\xe2\x80\x99\n'}
[26.324295] (camera_model) StderrLine: {'line': b'  141 | \x1b[01;36m\x1b[KOCAMCamera\x1b[m\x1b[K::Parameters::operator=(const OCAMCamera::Parameters& other)\n'}
[26.324359] (camera_model) StderrLine: {'line': b'      | \x1b[01;36m\x1b[K^~~~~~~~~~\x1b[m\x1b[K\n'}
[26.371640] (-) TimerEvent: {}
[26.377780] (camera_model) StderrLine: {'line': b'\x1b[01m\x1b[K/home/orangepi/Desktop/SparkCar_ROS2_WS/SparkCar_Perception/src/VINS-MONO-ROS2/camera_model/src/camera_models/EquidistantCamera.cc:\x1b[m\x1b[K In member function \xe2\x80\x98\x1b[01m\x1b[Kvirtual void camodocal::EquidistantCamera::readParameters(const std::vector<double, std::allocator<double> >&)\x1b[m\x1b[K\xe2\x80\x99:\n'}
[26.378057] (camera_model) StderrLine: {'line': b'\x1b[01m\x1b[K/home/orangepi/Desktop/SparkCar_ROS2_WS/SparkCar_Perception/src/VINS-MONO-ROS2/camera_model/src/camera_models/EquidistantCamera.cc:637:29:\x1b[m\x1b[K \x1b[01;35m\x1b[Kwarning: \x1b[m\x1b[Kcomparison of integer expressions of different signedness: \xe2\x80\x98\x1b[01m\x1b[Kstd::vector<double, std::allocator<double> >::size_type\x1b[m\x1b[K\xe2\x80\x99 {aka \xe2\x80\x98\x1b[01m\x1b[Klong unsigned int\x1b[m\x1b[K\xe2\x80\x99} and \xe2\x80\x98\x1b[01m\x1b[Kint\x1b[m\x1b[K\xe2\x80\x99 [\x1b[01;35m\x1b[K\x1b]8;;https://gcc.gnu.org/onlinedocs/gcc/Warning-Options.html#index-Wsign-compare\x07-Wsign-compare\x1b]8;;\x07\x1b[m\x1b[K]\n'}
[26.378189] (camera_model) StderrLine: {'line': b'  637 |     if (\x1b[01;35m\x1b[KparameterVec.size() != parameterCount()\x1b[m\x1b[K)\n'}
[26.378263] (camera_model) StderrLine: {'line': b'      |         \x1b[01;35m\x1b[K~~~~~~~~~~~~~~~~~~~~^~~~~~~~~~~~~~~~~~~\x1b[m\x1b[K\n'}
[26.378787] (camera_model) StderrLine: {'line': b'\x1b[01m\x1b[K/home/orangepi/Desktop/SparkCar_ROS2_WS/SparkCar_Perception/src/VINS-MONO-ROS2/camera_model/src/camera_models/EquidistantCamera.cc:642:39:\x1b[m\x1b[K \x1b[01;35m\x1b[Kwarning: \x1b[m\x1b[Kimplicitly-declared \xe2\x80\x98\x1b[01m\x1b[Kcamodocal::EquidistantCamera::Parameters::Parameters(const camodocal::EquidistantCamera::Parameters&)\x1b[m\x1b[K\xe2\x80\x99 is deprecated [\x1b[01;35m\x1b[K\x1b]8;;https://gcc.gnu.org/onlinedocs/gcc/Warning-Options.html#index-Wdeprecated-copy\x07-Wdeprecated-copy\x1b]8;;\x07\x1b[m\x1b[K]\n'}
[26.378957] (camera_model) StderrLine: {'line': b'  642 |     Parameters params = getParameters(\x1b[01;35m\x1b[K)\x1b[m\x1b[K;\n'}
[26.379027] (camera_model) StderrLine: {'line': b'      |                                       \x1b[01;35m\x1b[K^\x1b[m\x1b[K\n'}
[26.379619] (camera_model) StderrLine: {'line': b'\x1b[01m\x1b[K/home/orangepi/Desktop/SparkCar_ROS2_WS/SparkCar_Perception/src/VINS-MONO-ROS2/camera_model/src/camera_models/EquidistantCamera.cc:209:1:\x1b[m\x1b[K \x1b[01;36m\x1b[Knote: \x1b[m\x1b[Kbecause \xe2\x80\x98\x1b[01m\x1b[Kcamodocal::EquidistantCamera::Parameters\x1b[m\x1b[K\xe2\x80\x99 has user-provided \xe2\x80\x98\x1b[01m\x1b[Kcamodocal::EquidistantCamera::Parameters& camodocal::EquidistantCamera::Parameters::operator=(const camodocal::EquidistantCamera::Parameters&)\x1b[m\x1b[K\xe2\x80\x99\n'}
[26.379781] (camera_model) StderrLine: {'line': b'  209 | \x1b[01;36m\x1b[KEquidistantCamera\x1b[m\x1b[K::Parameters::operator=(const EquidistantCamera::Parameters& other)\n'}
[26.379851] (camera_model) StderrLine: {'line': b'      | \x1b[01;36m\x1b[K^~~~~~~~~~~~~~~~~\x1b[m\x1b[K\n'}
[26.471768] (-) TimerEvent: {}
[26.572210] (-) TimerEvent: {}
[26.672640] (-) TimerEvent: {}
[26.715509] (camera_model) StderrLine: {'line': b'\x1b[01m\x1b[K/home/orangepi/Desktop/SparkCar_ROS2_WS/SparkCar_Perception/src/VINS-MONO-ROS2/camera_model/src/camera_models/ScaramuzzaCamera.cc:\x1b[m\x1b[K In member function \xe2\x80\x98\x1b[01m\x1b[Kvirtual void camodocal::OCAMCamera::readParameters(const std::vector<double, std::allocator<double> >&)\x1b[m\x1b[K\xe2\x80\x99:\n'}
[26.715855] (camera_model) StderrLine: {'line': b'\x1b[01m\x1b[K/home/orangepi/Desktop/SparkCar_ROS2_WS/SparkCar_Perception/src/VINS-MONO-ROS2/camera_model/src/camera_models/ScaramuzzaCamera.cc:788:39:\x1b[m\x1b[K \x1b[01;35m\x1b[Kwarning: \x1b[m\x1b[Kimplicitly-declared \xe2\x80\x98\x1b[01m\x1b[Kcamodocal::OCAMCamera::Parameters::Parameters(const camodocal::OCAMCamera::Parameters&)\x1b[m\x1b[K\xe2\x80\x99 is deprecated [\x1b[01;35m\x1b[K\x1b]8;;https://gcc.gnu.org/onlinedocs/gcc/Warning-Options.html#index-Wdeprecated-copy\x07-Wdeprecated-copy\x1b]8;;\x07\x1b[m\x1b[K]\n'}
[26.715980] (camera_model) StderrLine: {'line': b'  788 |     Parameters params = getParameters(\x1b[01;35m\x1b[K)\x1b[m\x1b[K;\n'}
[26.716053] (camera_model) StderrLine: {'line': b'      |                                       \x1b[01;35m\x1b[K^\x1b[m\x1b[K\n'}
[26.716119] (camera_model) StderrLine: {'line': b'\x1b[01m\x1b[K/home/orangepi/Desktop/SparkCar_ROS2_WS/SparkCar_Perception/src/VINS-MONO-ROS2/camera_model/src/camera_models/ScaramuzzaCamera.cc:141:1:\x1b[m\x1b[K \x1b[01;36m\x1b[Knote: \x1b[m\x1b[Kbecause \xe2\x80\x98\x1b[01m\x1b[Kcamodocal::OCAMCamera::Parameters\x1b[m\x1b[K\xe2\x80\x99 has user-provided \xe2\x80\x98\x1b[01m\x1b[Kcamodocal::OCAMCamera::Parameters& camodocal::OCAMCamera::Parameters::operator=(const camodocal::OCAMCamera::Parameters&)\x1b[m\x1b[K\xe2\x80\x99\n'}
[26.716189] (camera_model) StderrLine: {'line': b'  141 | \x1b[01;36m\x1b[KOCAMCamera\x1b[m\x1b[K::Parameters::operator=(const OCAMCamera::Parameters& other)\n'}
[26.716252] (camera_model) StderrLine: {'line': b'      | \x1b[01;36m\x1b[K^~~~~~~~~~\x1b[m\x1b[K\n'}
[26.772776] (-) TimerEvent: {}
[26.873211] (-) TimerEvent: {}
[26.973658] (-) TimerEvent: {}
[27.074107] (-) TimerEvent: {}
[27.174560] (-) TimerEvent: {}
[27.275294] (-) TimerEvent: {}
[27.375757] (-) TimerEvent: {}
[27.476195] (-) TimerEvent: {}
[27.576971] (-) TimerEvent: {}
[27.677672] (-) TimerEvent: {}
[27.778503] (-) TimerEvent: {}
[27.879221] (-) TimerEvent: {}
[27.980334] (-) TimerEvent: {}
[28.052519] (camera_model) StdoutLine: {'line': b'[ 88%] \x1b[32mBuilding CXX object CMakeFiles/camera_model.dir/src/gpl/gpl.cc.o\x1b[0m\n'}
[28.074218] (camera_model) StderrLine: {'line': b'In file included from \x1b[01m\x1b[K/home/orangepi/Desktop/SparkCar_ROS2_WS/SparkCar_Perception/src/VINS-MONO-ROS2/camera_model/src/sparse_graph/Transform.cc:1\x1b[m\x1b[K:\n'}
[28.074488] (camera_model) StderrLine: {'line': b'\x1b[01m\x1b[K/home/orangepi/Desktop/SparkCar_ROS2_WS/SparkCar_Perception/src/VINS-MONO-ROS2/camera_model/include/camodocal/sparse_graph/Transform.h:22:5:\x1b[m\x1b[K \x1b[01;35m\x1b[Kwarning: \x1b[m\x1b[Ktype qualifiers ignored on function return type [\x1b[01;35m\x1b[K\x1b]8;;https://gcc.gnu.org/onlinedocs/gcc/Warning-Options.html#index-Wignored-qualifiers\x07-Wignored-qualifiers\x1b]8;;\x07\x1b[m\x1b[K]\n'}
[28.074576] (camera_model) StderrLine: {'line': b'   22 |     \x1b[01;35m\x1b[Kconst\x1b[m\x1b[K double* const rotationData(void) const;\n'}
[28.074645] (camera_model) StderrLine: {'line': b'      |     \x1b[01;35m\x1b[K^~~~~\x1b[m\x1b[K\n'}
[28.074709] (camera_model) StderrLine: {'line': b'\x1b[01m\x1b[K/home/orangepi/Desktop/SparkCar_ROS2_WS/SparkCar_Perception/src/VINS-MONO-ROS2/camera_model/include/camodocal/sparse_graph/Transform.h:27:5:\x1b[m\x1b[K \x1b[01;35m\x1b[Kwarning: \x1b[m\x1b[Ktype qualifiers ignored on function return type [\x1b[01;35m\x1b[K\x1b]8;;https://gcc.gnu.org/onlinedocs/gcc/Warning-Options.html#index-Wignored-qualifiers\x07-Wignored-qualifiers\x1b]8;;\x07\x1b[m\x1b[K]\n'}
[28.074799] (camera_model) StderrLine: {'line': b'   27 |     \x1b[01;35m\x1b[Kconst\x1b[m\x1b[K double* const translationData(void) const;\n'}
[28.074879] (camera_model) StderrLine: {'line': b'      |     \x1b[01;35m\x1b[K^~~~~\x1b[m\x1b[K\n'}
[28.080470] (-) TimerEvent: {}
[28.143296] (camera_model) StderrLine: {'line': b'\x1b[01m\x1b[K/home/orangepi/Desktop/SparkCar_ROS2_WS/SparkCar_Perception/src/VINS-MONO-ROS2/camera_model/src/sparse_graph/Transform.cc:36:1:\x1b[m\x1b[K \x1b[01;35m\x1b[Kwarning: \x1b[m\x1b[Ktype qualifiers ignored on function return type [\x1b[01;35m\x1b[K\x1b]8;;https://gcc.gnu.org/onlinedocs/gcc/Warning-Options.html#index-Wignored-qualifiers\x07-Wignored-qualifiers\x1b]8;;\x07\x1b[m\x1b[K]\n'}
[28.143627] (camera_model) StderrLine: {'line': b'   36 | \x1b[01;35m\x1b[Kconst\x1b[m\x1b[K double* const\n'}
[28.143773] (camera_model) StderrLine: {'line': b'      | \x1b[01;35m\x1b[K^~~~~\x1b[m\x1b[K\n'}
[28.144228] (camera_model) StderrLine: {'line': b'\x1b[01m\x1b[K/home/orangepi/Desktop/SparkCar_ROS2_WS/SparkCar_Perception/src/VINS-MONO-ROS2/camera_model/src/sparse_graph/Transform.cc:60:1:\x1b[m\x1b[K \x1b[01;35m\x1b[Kwarning: \x1b[m\x1b[Ktype qualifiers ignored on function return type [\x1b[01;35m\x1b[K\x1b]8;;https://gcc.gnu.org/onlinedocs/gcc/Warning-Options.html#index-Wignored-qualifiers\x07-Wignored-qualifiers\x1b]8;;\x07\x1b[m\x1b[K]\n'}
[28.144429] (camera_model) StderrLine: {'line': b'   60 | \x1b[01;35m\x1b[Kconst\x1b[m\x1b[K double* const\n'}
[28.144558] (camera_model) StderrLine: {'line': b'      | \x1b[01;35m\x1b[K^~~~~\x1b[m\x1b[K\n'}
[28.180606] (-) TimerEvent: {}
[28.281079] (-) TimerEvent: {}
[28.381521] (-) TimerEvent: {}
[28.482186] (-) TimerEvent: {}
[28.582865] (-) TimerEvent: {}
[28.683577] (-) TimerEvent: {}
[28.784265] (-) TimerEvent: {}
[28.832589] (camera_model) StdoutLine: {'line': b'[ 92%] \x1b[32mBuilding CXX object CMakeFiles/camera_model.dir/src/gpl/EigenQuaternionParameterization.cc.o\x1b[0m\n'}
[28.884401] (-) TimerEvent: {}
[28.985103] (-) TimerEvent: {}
[29.085770] (-) TimerEvent: {}
[29.186436] (-) TimerEvent: {}
[29.287152] (-) TimerEvent: {}
[29.387618] (-) TimerEvent: {}
[29.488351] (-) TimerEvent: {}
[29.589088] (-) TimerEvent: {}
[29.689756] (-) TimerEvent: {}
[29.790450] (-) TimerEvent: {}
[29.890918] (-) TimerEvent: {}
[29.991383] (-) TimerEvent: {}
[30.091858] (-) TimerEvent: {}
[30.192568] (-) TimerEvent: {}
[30.293264] (-) TimerEvent: {}
[30.393977] (-) TimerEvent: {}
[30.494657] (-) TimerEvent: {}
[30.595344] (-) TimerEvent: {}
[30.696032] (-) TimerEvent: {}
[30.733704] (camera_model) StderrLine: {'line': b'\x1b[01m\x1b[K/home/orangepi/Desktop/SparkCar_ROS2_WS/SparkCar_Perception/src/VINS-MONO-ROS2/camera_model/src/camera_models/ScaramuzzaCamera.cc:\x1b[m\x1b[K In constructor \xe2\x80\x98\x1b[01m\x1b[Kcamodocal::OCAMCamera::OCAMCamera(const camodocal::OCAMCamera::Parameters&)\x1b[m\x1b[K\xe2\x80\x99:\n'}
[30.733983] (camera_model) StderrLine: {'line': b'\x1b[01m\x1b[K/home/orangepi/Desktop/SparkCar_ROS2_WS/SparkCar_Perception/src/VINS-MONO-ROS2/camera_model/src/camera_models/ScaramuzzaCamera.cc:198:4:\x1b[m\x1b[K \x1b[01;35m\x1b[Kwarning: \x1b[m\x1b[Kimplicitly-declared \xe2\x80\x98\x1b[01m\x1b[Kcamodocal::OCAMCamera::Parameters::Parameters(const camodocal::OCAMCamera::Parameters&)\x1b[m\x1b[K\xe2\x80\x99 is deprecated [\x1b[01;35m\x1b[K\x1b]8;;https://gcc.gnu.org/onlinedocs/gcc/Warning-Options.html#index-Wdeprecated-copy\x07-Wdeprecated-copy\x1b]8;;\x07\x1b[m\x1b[K]\n'}
[30.734113] (camera_model) StderrLine: {'line': b'  198 |  : \x1b[01;35m\x1b[KmParameters(params)\x1b[m\x1b[K\n'}
[30.734186] (camera_model) StderrLine: {'line': b'      |    \x1b[01;35m\x1b[K^~~~~~~~~~~~~~~~~~~\x1b[m\x1b[K\n'}
[30.734250] (camera_model) StderrLine: {'line': b'\x1b[01m\x1b[K/home/orangepi/Desktop/SparkCar_ROS2_WS/SparkCar_Perception/src/VINS-MONO-ROS2/camera_model/src/camera_models/ScaramuzzaCamera.cc:141:1:\x1b[m\x1b[K \x1b[01;36m\x1b[Knote: \x1b[m\x1b[Kbecause \xe2\x80\x98\x1b[01m\x1b[Kcamodocal::OCAMCamera::Parameters\x1b[m\x1b[K\xe2\x80\x99 has user-provided \xe2\x80\x98\x1b[01m\x1b[Kcamodocal::OCAMCamera::Parameters& camodocal::OCAMCamera::Parameters::operator=(const camodocal::OCAMCamera::Parameters&)\x1b[m\x1b[K\xe2\x80\x99\n'}
[30.734320] (camera_model) StderrLine: {'line': b'  141 | \x1b[01;36m\x1b[KOCAMCamera\x1b[m\x1b[K::Parameters::operator=(const OCAMCamera::Parameters& other)\n'}
[30.734385] (camera_model) StderrLine: {'line': b'      | \x1b[01;36m\x1b[K^~~~~~~~~~\x1b[m\x1b[K\n'}
[30.796177] (-) TimerEvent: {}
[30.896880] (-) TimerEvent: {}
[30.997664] (-) TimerEvent: {}
[31.099516] (-) TimerEvent: {}
[31.201982] (-) TimerEvent: {}
[31.277577] (camera_model) StderrLine: {'line': b'\x1b[01m\x1b[K/home/orangepi/Desktop/SparkCar_ROS2_WS/SparkCar_Perception/src/VINS-MONO-ROS2/camera_model/src/camera_models/ScaramuzzaCamera.cc:\x1b[m\x1b[K In member function \xe2\x80\x98\x1b[01m\x1b[Kvirtual void camodocal::OCAMCamera::estimateIntrinsics(const Size&, const std::vector<std::vector<cv::Point3_<float> > >&, const std::vector<std::vector<cv::Point_<float> > >&)\x1b[m\x1b[K\xe2\x80\x99:\n'}
[31.278316] (camera_model) StderrLine: {'line': b'\x1b[01m\x1b[K/home/orangepi/Desktop/SparkCar_ROS2_WS/SparkCar_Perception/src/VINS-MONO-ROS2/camera_model/src/camera_models/ScaramuzzaCamera.cc:517:39:\x1b[m\x1b[K \x1b[01;35m\x1b[Kwarning: \x1b[m\x1b[Kimplicitly-declared \xe2\x80\x98\x1b[01m\x1b[Kcamodocal::OCAMCamera::Parameters::Parameters(const camodocal::OCAMCamera::Parameters&)\x1b[m\x1b[K\xe2\x80\x99 is deprecated [\x1b[01;35m\x1b[K\x1b]8;;https://gcc.gnu.org/onlinedocs/gcc/Warning-Options.html#index-Wdeprecated-copy\x07-Wdeprecated-copy\x1b]8;;\x07\x1b[m\x1b[K]\n'}
[31.278789] (camera_model) StderrLine: {'line': b'  517 |     Parameters params = getParameters(\x1b[01;35m\x1b[K)\x1b[m\x1b[K;\n'}
[31.279330] (camera_model) StderrLine: {'line': b'      |                                       \x1b[01;35m\x1b[K^\x1b[m\x1b[K\n'}
[31.279875] (camera_model) StderrLine: {'line': b'\x1b[01m\x1b[K/home/orangepi/Desktop/SparkCar_ROS2_WS/SparkCar_Perception/src/VINS-MONO-ROS2/camera_model/src/camera_models/ScaramuzzaCamera.cc:141:1:\x1b[m\x1b[K \x1b[01;36m\x1b[Knote: \x1b[m\x1b[Kbecause \xe2\x80\x98\x1b[01m\x1b[Kcamodocal::OCAMCamera::Parameters\x1b[m\x1b[K\xe2\x80\x99 has user-provided \xe2\x80\x98\x1b[01m\x1b[Kcamodocal::OCAMCamera::Parameters& camodocal::OCAMCamera::Parameters::operator=(const camodocal::OCAMCamera::Parameters&)\x1b[m\x1b[K\xe2\x80\x99\n'}
[31.281180] (camera_model) StderrLine: {'line': b'  141 | \x1b[01;36m\x1b[KOCAMCamera\x1b[m\x1b[K::Parameters::operator=(const OCAMCamera::Parameters& other)\n'}
[31.281718] (camera_model) StderrLine: {'line': b'      | \x1b[01;36m\x1b[K^~~~~~~~~~\x1b[m\x1b[K\n'}
[31.302192] (-) TimerEvent: {}
[31.403876] (-) TimerEvent: {}
[31.505486] (-) TimerEvent: {}
[31.606856] (-) TimerEvent: {}
[31.670318] (camera_model) StderrLine: {'line': b'\x1b[01m\x1b[K/home/orangepi/Desktop/SparkCar_ROS2_WS/SparkCar_Perception/src/VINS-MONO-ROS2/camera_model/src/camera_models/ScaramuzzaCamera.cc:\x1b[m\x1b[K In member function \xe2\x80\x98\x1b[01m\x1b[Kvirtual void camodocal::OCAMCamera::readParameters(const std::vector<double, std::allocator<double> >&)\x1b[m\x1b[K\xe2\x80\x99:\n'}
[31.671030] (camera_model) StderrLine: {'line': b'\x1b[01m\x1b[K/home/orangepi/Desktop/SparkCar_ROS2_WS/SparkCar_Perception/src/VINS-MONO-ROS2/camera_model/src/camera_models/ScaramuzzaCamera.cc:788:39:\x1b[m\x1b[K \x1b[01;35m\x1b[Kwarning: \x1b[m\x1b[Kimplicitly-declared \xe2\x80\x98\x1b[01m\x1b[Kcamodocal::OCAMCamera::Parameters::Parameters(const camodocal::OCAMCamera::Parameters&)\x1b[m\x1b[K\xe2\x80\x99 is deprecated [\x1b[01;35m\x1b[K\x1b]8;;https://gcc.gnu.org/onlinedocs/gcc/Warning-Options.html#index-Wdeprecated-copy\x07-Wdeprecated-copy\x1b]8;;\x07\x1b[m\x1b[K]\n'}
[31.671512] (camera_model) StderrLine: {'line': b'  788 |     Parameters params = getParameters(\x1b[01;35m\x1b[K)\x1b[m\x1b[K;\n'}
[31.671893] (camera_model) StderrLine: {'line': b'      |                                       \x1b[01;35m\x1b[K^\x1b[m\x1b[K\n'}
[31.672273] (camera_model) StderrLine: {'line': b'\x1b[01m\x1b[K/home/orangepi/Desktop/SparkCar_ROS2_WS/SparkCar_Perception/src/VINS-MONO-ROS2/camera_model/src/camera_models/ScaramuzzaCamera.cc:141:1:\x1b[m\x1b[K \x1b[01;36m\x1b[Knote: \x1b[m\x1b[Kbecause \xe2\x80\x98\x1b[01m\x1b[Kcamodocal::OCAMCamera::Parameters\x1b[m\x1b[K\xe2\x80\x99 has user-provided \xe2\x80\x98\x1b[01m\x1b[Kcamodocal::OCAMCamera::Parameters& camodocal::OCAMCamera::Parameters::operator=(const camodocal::OCAMCamera::Parameters&)\x1b[m\x1b[K\xe2\x80\x99\n'}
[31.672616] (camera_model) StderrLine: {'line': b'  141 | \x1b[01;36m\x1b[KOCAMCamera\x1b[m\x1b[K::Parameters::operator=(const OCAMCamera::Parameters& other)\n'}
[31.672944] (camera_model) StderrLine: {'line': b'      | \x1b[01;36m\x1b[K^~~~~~~~~~\x1b[m\x1b[K\n'}
[31.707060] (-) TimerEvent: {}
[31.808665] (-) TimerEvent: {}
[31.918868] (-) TimerEvent: {}
[32.020387] (-) TimerEvent: {}
[32.122152] (-) TimerEvent: {}
[32.223711] (-) TimerEvent: {}
[32.325385] (-) TimerEvent: {}
[32.427123] (-) TimerEvent: {}
[32.529185] (-) TimerEvent: {}
[32.631201] (-) TimerEvent: {}
[32.732985] (-) TimerEvent: {}
[32.834069] (-) TimerEvent: {}
[32.935082] (-) TimerEvent: {}
[33.038435] (-) TimerEvent: {}
[33.139335] (-) TimerEvent: {}
[33.240523] (-) TimerEvent: {}
[33.341707] (-) TimerEvent: {}
[33.442715] (-) TimerEvent: {}
[33.543738] (-) TimerEvent: {}
[33.645524] (-) TimerEvent: {}
[33.747251] (-) TimerEvent: {}
[33.849056] (-) TimerEvent: {}
[33.950086] (-) TimerEvent: {}
[34.051512] (-) TimerEvent: {}
[34.152436] (-) TimerEvent: {}
[34.254903] (-) TimerEvent: {}
[34.355683] (-) TimerEvent: {}
[34.458408] (-) TimerEvent: {}
[34.559876] (-) TimerEvent: {}
[34.660913] (-) TimerEvent: {}
[34.761961] (-) TimerEvent: {}
[34.868571] (-) TimerEvent: {}
[34.969465] (-) TimerEvent: {}
[35.070447] (-) TimerEvent: {}
[35.171477] (-) TimerEvent: {}
[35.272496] (-) TimerEvent: {}
[35.373600] (-) TimerEvent: {}
[35.478170] (-) TimerEvent: {}
[35.579037] (-) TimerEvent: {}
[35.681501] (-) TimerEvent: {}
[35.782412] (-) TimerEvent: {}
[35.883441] (-) TimerEvent: {}
[35.984517] (-) TimerEvent: {}
[36.094360] (-) TimerEvent: {}
[36.195727] (-) TimerEvent: {}
[36.296834] (-) TimerEvent: {}
[36.397854] (-) TimerEvent: {}
[36.498928] (-) TimerEvent: {}
[36.603505] (-) TimerEvent: {}
[36.715282] (-) TimerEvent: {}
[36.818381] (-) TimerEvent: {}
[36.919966] (-) TimerEvent: {}
[37.020987] (-) TimerEvent: {}
[37.122519] (-) TimerEvent: {}
[37.225205] (-) TimerEvent: {}
[37.327125] (-) TimerEvent: {}
[37.428154] (-) TimerEvent: {}
[37.529816] (-) TimerEvent: {}
[37.631557] (-) TimerEvent: {}
[37.733122] (-) TimerEvent: {}
[37.835299] (-) TimerEvent: {}
[37.936244] (-) TimerEvent: {}
[38.037308] (-) TimerEvent: {}
[38.138345] (-) TimerEvent: {}
[38.239290] (-) TimerEvent: {}
[38.340350] (-) TimerEvent: {}
[38.441387] (-) TimerEvent: {}
[38.542296] (-) TimerEvent: {}
[38.643521] (-) TimerEvent: {}
[38.745406] (-) TimerEvent: {}
[38.846347] (-) TimerEvent: {}
[38.947291] (-) TimerEvent: {}
[39.048885] (-) TimerEvent: {}
[39.150593] (-) TimerEvent: {}
[39.252153] (-) TimerEvent: {}
[39.353682] (-) TimerEvent: {}
[39.455342] (-) TimerEvent: {}
[39.571788] (-) TimerEvent: {}
[39.673334] (-) TimerEvent: {}
[39.775369] (-) TimerEvent: {}
[39.876914] (-) TimerEvent: {}
[39.977955] (-) TimerEvent: {}
[40.079597] (-) TimerEvent: {}
[40.181231] (-) TimerEvent: {}
[40.282119] (-) TimerEvent: {}
[40.383076] (-) TimerEvent: {}
[40.484013] (-) TimerEvent: {}
[40.584958] (-) TimerEvent: {}
[40.685830] (-) TimerEvent: {}
[40.786745] (-) TimerEvent: {}
[40.887653] (-) TimerEvent: {}
[40.988560] (-) TimerEvent: {}
[41.089454] (-) TimerEvent: {}
[41.190344] (-) TimerEvent: {}
[41.291400] (-) TimerEvent: {}
[41.392341] (-) TimerEvent: {}
[41.494013] (-) TimerEvent: {}
[41.595072] (-) TimerEvent: {}
[41.696012] (-) TimerEvent: {}
[41.798901] (-) TimerEvent: {}
[41.900369] (-) TimerEvent: {}
[42.001204] (-) TimerEvent: {}
[42.102098] (-) TimerEvent: {}
[42.202995] (-) TimerEvent: {}
[42.304056] (-) TimerEvent: {}
[42.404905] (-) TimerEvent: {}
[42.505712] (-) TimerEvent: {}
[42.607097] (-) TimerEvent: {}
[42.708406] (-) TimerEvent: {}
[42.809893] (-) TimerEvent: {}
[42.924952] (-) TimerEvent: {}
[43.026022] (-) TimerEvent: {}
[43.126827] (-) TimerEvent: {}
[43.227690] (-) TimerEvent: {}
[43.328543] (-) TimerEvent: {}
[43.429387] (-) TimerEvent: {}
[43.530713] (-) TimerEvent: {}
[43.631605] (-) TimerEvent: {}
[43.732381] (-) TimerEvent: {}
[43.833153] (-) TimerEvent: {}
[43.934556] (-) TimerEvent: {}
[44.036153] (-) TimerEvent: {}
[44.137897] (-) TimerEvent: {}
[44.239563] (-) TimerEvent: {}
[44.341063] (-) TimerEvent: {}
[44.442007] (-) TimerEvent: {}
[44.542958] (-) TimerEvent: {}
[44.652053] (-) TimerEvent: {}
[44.753052] (-) TimerEvent: {}
[44.854054] (-) TimerEvent: {}
[44.955127] (-) TimerEvent: {}
[45.056072] (-) TimerEvent: {}
[45.157103] (-) TimerEvent: {}
[45.258332] (-) TimerEvent: {}
[45.359225] (-) TimerEvent: {}
[45.460832] (-) TimerEvent: {}
[45.562358] (-) TimerEvent: {}
[45.663911] (-) TimerEvent: {}
[45.770016] (-) TimerEvent: {}
[45.882433] (-) TimerEvent: {}
[45.983718] (-) TimerEvent: {}
[46.084706] (-) TimerEvent: {}
[46.185751] (-) TimerEvent: {}
[46.286720] (-) TimerEvent: {}
[46.391797] (-) TimerEvent: {}
[46.492689] (-) TimerEvent: {}
[46.594237] (-) TimerEvent: {}
[46.695725] (-) TimerEvent: {}
[46.797437] (-) TimerEvent: {}
[46.898808] (-) TimerEvent: {}
[46.999739] (-) TimerEvent: {}
[47.101371] (-) TimerEvent: {}
[47.202322] (-) TimerEvent: {}
[47.303201] (-) TimerEvent: {}
[47.405075] (-) TimerEvent: {}
[47.506239] (-) TimerEvent: {}
[47.607206] (-) TimerEvent: {}
[47.708770] (-) TimerEvent: {}
[47.810555] (-) TimerEvent: {}
[47.911510] (-) TimerEvent: {}
[48.012437] (-) TimerEvent: {}
[48.113395] (-) TimerEvent: {}
[48.215042] (-) TimerEvent: {}
[48.316530] (-) TimerEvent: {}
[48.417500] (-) TimerEvent: {}
[48.518427] (-) TimerEvent: {}
[48.619304] (-) TimerEvent: {}
[48.720874] (-) TimerEvent: {}
[48.822512] (-) TimerEvent: {}
[48.923817] (-) TimerEvent: {}
[49.025272] (-) TimerEvent: {}
[49.134949] (-) TimerEvent: {}
[49.256788] (-) TimerEvent: {}
[49.358319] (-) TimerEvent: {}
[49.459388] (-) TimerEvent: {}
[49.560376] (-) TimerEvent: {}
[49.661360] (-) TimerEvent: {}
[49.762397] (-) TimerEvent: {}
[49.863583] (-) TimerEvent: {}
[49.964852] (-) TimerEvent: {}
[50.066009] (-) TimerEvent: {}
[50.167149] (-) TimerEvent: {}
[50.268331] (-) TimerEvent: {}
[50.369423] (-) TimerEvent: {}
[50.470752] (-) TimerEvent: {}
[50.571939] (-) TimerEvent: {}
[50.672982] (-) TimerEvent: {}
[50.774135] (-) TimerEvent: {}
[50.875220] (-) TimerEvent: {}
[50.976286] (-) TimerEvent: {}
[51.077366] (-) TimerEvent: {}
[51.178379] (-) TimerEvent: {}
[51.279341] (-) TimerEvent: {}
[51.380522] (-) TimerEvent: {}
[51.481589] (-) TimerEvent: {}
[51.582539] (-) TimerEvent: {}
[51.683294] (-) TimerEvent: {}
[51.784077] (-) TimerEvent: {}
[51.885007] (-) TimerEvent: {}
[51.985906] (-) TimerEvent: {}
[52.086860] (-) TimerEvent: {}
[52.187690] (-) TimerEvent: {}
[52.288518] (-) TimerEvent: {}
[52.389362] (-) TimerEvent: {}
[52.490561] (-) TimerEvent: {}
[52.591535] (-) TimerEvent: {}
[52.692368] (-) TimerEvent: {}
[52.793407] (-) TimerEvent: {}
[52.894270] (-) TimerEvent: {}
[52.995062] (-) TimerEvent: {}
[53.095919] (-) TimerEvent: {}
[53.196881] (-) TimerEvent: {}
[53.297802] (-) TimerEvent: {}
[53.398564] (-) TimerEvent: {}
[53.499334] (-) TimerEvent: {}
[53.600901] (-) TimerEvent: {}
[53.701855] (-) TimerEvent: {}
[53.802782] (-) TimerEvent: {}
[53.903677] (-) TimerEvent: {}
[54.004484] (-) TimerEvent: {}
[54.105241] (-) TimerEvent: {}
[54.204515] (benchmark_publisher) StdoutLine: {'line': b'[100%] \x1b[32m\x1b[1mLinking CXX executable benchmark_publisher\x1b[0m\n'}
[54.205243] (-) TimerEvent: {}
[54.305993] (-) TimerEvent: {}
[54.407030] (-) TimerEvent: {}
[54.508240] (-) TimerEvent: {}
[54.589940] (benchmark_publisher) StdoutLine: {'line': b'[100%] Built target benchmark_publisher\n'}
[54.608375] (-) TimerEvent: {}
[54.619305] (benchmark_publisher) CommandEnded: {'returncode': 0}
[54.621382] (benchmark_publisher) JobProgress: {'identifier': 'benchmark_publisher', 'progress': 'install'}
[54.622172] (benchmark_publisher) Command: {'cmd': ['/usr/bin/cmake', '--install', '/home/orangepi/Desktop/SparkCar_ROS2_WS/SparkCar_Perception/build/benchmark_publisher'], 'cwd': '/home/orangepi/Desktop/SparkCar_ROS2_WS/SparkCar_Perception/build/benchmark_publisher', 'env': OrderedDict([('LESSOPEN', '| /usr/bin/lesspipe %s'), ('UMS_MOUNTPOINT', '/mnt/ums'), ('GST_V4L2_PREFERRED_FOURCC', 'NV12:YU12:NV16:YUY2'), ('LANGUAGE', 'en_US.UTF-8'), ('USER', 'orangepi'), ('SSH_CLIENT', '192.168.110.167 61328 22'), ('XDG_SESSION_TYPE', 'tty'), ('GIT_ASKPASS', '/home/orangepi/.vscode-server/cli/servers/Stable-7e7950df89d055b5a378379db9ee14290772148a/server/extensions/git/dist/askpass.sh'), ('SHLVL', '1'), ('USB_FUNCS', 'adb'), ('LD_LIBRARY_PATH', '/opt/ros/humble/opt/rviz_ogre_vendor/lib:/opt/ros/humble/lib/aarch64-linux-gnu:/opt/ros/humble/lib'), ('BROWSER', '/home/orangepi/.vscode-server/cli/servers/Stable-7e7950df89d055b5a378379db9ee14290772148a/server/bin/helpers/browser.sh'), ('MOTD_SHOWN', 'pam'), ('HOME', '/home/orangepi'), ('OLDPWD', '/home/orangepi/Desktop/SparkCar_ROS2_WS/SparkCar_Perception'), ('TERM_PROGRAM_VERSION', '1.126.0'), ('VSCODE_IPC_HOOK_CLI', '/run/user/1000/vscode-ipc-8f68b4a7-073c-40b4-bfba-8c77c4821cfd.sock'), ('GST_INSPECT_NO_COLORS', '1'), ('GST_MPP_NO_RGA', '1'), ('ROS_PYTHON_VERSION', '3'), ('COGL_DRIVER', 'gles2'), ('VSCODE_GIT_ASKPASS_MAIN', '/home/orangepi/.vscode-server/cli/servers/Stable-7e7950df89d055b5a378379db9ee14290772148a/server/extensions/git/dist/askpass-main.js'), ('VSCODE_GIT_ASKPASS_NODE', '/home/orangepi/.vscode-server/cli/servers/Stable-7e7950df89d055b5a378379db9ee14290772148a/server/node'), ('VSCODE_PYTHON_AUTOACTIVATE_GUARD', '1'), ('DBUS_SESSION_BUS_ADDRESS', 'unix:path=/run/user/1000/bus'), ('COLORTERM', 'truecolor'), ('GST_V4L2SRC_MAX_RESOLUTION', '3840x2160'), ('ROS_DISTRO', 'humble'), ('LOGNAME', 'orangepi'), ('_', '/usr/bin/colcon'), ('ROS_VERSION', '2'), ('XDG_SESSION_CLASS', 'user'), ('TERM', 'xterm-256color'), ('GST_GL_API', 'gles2'), ('XDG_SESSION_ID', '6'), ('GST_VIDEO_CONVERT_PREFERRED_FORMAT', 'NV12:NV16:I420:YUY2'), ('GST_V4L2SRC_RK_DEVICES', '_mainpath:_selfpath:_bypass:_scale'), ('ROS_LOCALHOST_ONLY', '0'), ('PATH', '/home/orangepi/.local/bin:/home/orangepi/.vscode-server/data/User/globalStorage/github.copilot-chat/debugCommand:/home/orangepi/.vscode-server/data/User/globalStorage/github.copilot-chat/copilotCli:/home/orangepi/.vscode-server/cli/servers/Stable-7e7950df89d055b5a378379db9ee14290772148a/server/bin/remote-cli:/home/orangepi/.local/bin:/opt/ros/humble/bin:/home/orangepi/.local/bin:/usr/local/sbin:/usr/local/bin:/usr/sbin:/usr/bin:/sbin:/bin:/usr/games:/usr/local/games:/snap/bin'), ('XDG_RUNTIME_DIR', '/run/user/1000'), ('GST_GL_PLATFORM', 'egl'), ('GST_DEBUG_NO_COLOR', '1'), ('GST_V4L2SRC_DEFAULT_DEVICE', '/dev/video-camera0'), ('DISPLAY', ':0'), ('LANG', 'en_US.UTF-8'), ('LS_COLORS', 'rs=0:di=01;34:ln=01;36:mh=00:pi=40;33:so=01;35:do=01;35:bd=40;33;01:cd=40;33;01:or=40;31;01:mi=00:su=37;41:sg=30;43:ca=30;41:tw=30;42:ow=34;42:st=37;44:ex=01;32:*.tar=01;31:*.tgz=01;31:*.arc=01;31:*.arj=01;31:*.taz=01;31:*.lha=01;31:*.lz4=01;31:*.lzh=01;31:*.lzma=01;31:*.tlz=01;31:*.txz=01;31:*.tzo=01;31:*.t7z=01;31:*.zip=01;31:*.z=01;31:*.dz=01;31:*.gz=01;31:*.lrz=01;31:*.lz=01;31:*.lzo=01;31:*.xz=01;31:*.zst=01;31:*.tzst=01;31:*.bz2=01;31:*.bz=01;31:*.tbz=01;31:*.tbz2=01;31:*.tz=01;31:*.deb=01;31:*.rpm=01;31:*.jar=01;31:*.war=01;31:*.ear=01;31:*.sar=01;31:*.rar=01;31:*.alz=01;31:*.ace=01;31:*.zoo=01;31:*.cpio=01;31:*.7z=01;31:*.rz=01;31:*.cab=01;31:*.wim=01;31:*.swm=01;31:*.dwm=01;31:*.esd=01;31:*.jpg=01;35:*.jpeg=01;35:*.mjpg=01;35:*.mjpeg=01;35:*.gif=01;35:*.bmp=01;35:*.pbm=01;35:*.pgm=01;35:*.ppm=01;35:*.tga=01;35:*.xbm=01;35:*.xpm=01;35:*.tif=01;35:*.tiff=01;35:*.png=01;35:*.svg=01;35:*.svgz=01;35:*.mng=01;35:*.pcx=01;35:*.mov=01;35:*.mpg=01;35:*.mpeg=01;35:*.m2v=01;35:*.mkv=01;35:*.webm=01;35:*.webp=01;35:*.ogm=01;35:*.mp4=01;35:*.m4v=01;35:*.mp4v=01;35:*.vob=01;35:*.qt=01;35:*.nuv=01;35:*.wmv=01;35:*.asf=01;35:*.rm=01;35:*.rmvb=01;35:*.flc=01;35:*.avi=01;35:*.fli=01;35:*.flv=01;35:*.gl=01;35:*.dl=01;35:*.xcf=01;35:*.xwd=01;35:*.yuv=01;35:*.cgm=01;35:*.emf=01;35:*.ogv=01;35:*.ogx=01;35:*.aac=00;36:*.au=00;36:*.flac=00;36:*.m4a=00;36:*.mid=00;36:*.midi=00;36:*.mka=00;36:*.mp3=00;36:*.mpc=00;36:*.ogg=00;36:*.ra=00;36:*.wav=00;36:*.oga=00;36:*.opus=00;36:*.spx=00;36:*.xspf=00;36:'), ('VSCODE_GIT_IPC_HANDLE', '/run/user/1000/vscode-git-3d806f3df3.sock'), ('TERM_PROGRAM', 'vscode'), ('GST_V4L2_USE_LIBV4L2', '1'), ('UMS_SIZE', '256M'), ('AMENT_PREFIX_PATH', '/opt/ros/humble'), ('LC_MESSAGES', 'en_US.UTF-8'), ('SHELL', '/bin/bash'), ('UMS_RO', '0'), ('LESSCLOSE', '/usr/bin/lesspipe %s %s'), ('UMS_FSTYPE', 'vfat'), ('VSCODE_GIT_ASKPASS_EXTRA_ARGS', ''), ('PWD', '/home/orangepi/Desktop/SparkCar_ROS2_WS/SparkCar_Perception/build/benchmark_publisher'), ('LC_ALL', 'en_US.UTF-8'), ('COPILOT_DEBUG_NONCE', 'eea91dafbd2eb1b0ec653fb18529b126'), ('SSH_CONNECTION', '192.168.110.167 61328 192.168.110.159 22'), ('XDG_DATA_DIRS', '/usr/share/gnome:/usr/local/share:/usr/share:/var/lib/snapd/desktop'), ('PYTHONPATH', '/opt/ros/humble/lib/python3.10/site-packages:/opt/ros/humble/local/lib/python3.10/dist-packages'), ('UMS_MOUNT', '0'), ('COLCON', '1'), ('UMS_FILE', '/userdata/ums_shared.img'), ('CMAKE_PREFIX_PATH', '/opt/ros/humble')]), 'shell': False}
[54.647562] (benchmark_publisher) StdoutLine: {'line': b'-- Install configuration: "Release"\n'}
[54.648324] (benchmark_publisher) StdoutLine: {'line': b'-- Execute custom install script\n'}
[54.649000] (benchmark_publisher) StdoutLine: {'line': b'-- Symlinking: /home/orangepi/Desktop/SparkCar_ROS2_WS/SparkCar_Perception/install/benchmark_publisher/lib/benchmark_publisher/benchmark_publisher\n'}
[54.674763] (benchmark_publisher) StdoutLine: {'line': b'-- Symlinking: /home/orangepi/Desktop/SparkCar_ROS2_WS/SparkCar_Perception/install/benchmark_publisher/share/benchmark_publisher/launch/benchmark_publisher.launch.py\n'}
[54.708692] (-) TimerEvent: {}
[54.709507] (benchmark_publisher) StdoutLine: {'line': b'-- Symlinking: /home/orangepi/Desktop/SparkCar_ROS2_WS/SparkCar_Perception/install/benchmark_publisher/share/benchmark_publisher/config/MH_01_easy/data.csv\n'}
[54.723459] (benchmark_publisher) StdoutLine: {'line': b'-- Symlinking: /home/orangepi/Desktop/SparkCar_ROS2_WS/SparkCar_Perception/install/benchmark_publisher/share/benchmark_publisher/config/MH_02_easy/data.csv\n'}
[54.738425] (benchmark_publisher) StdoutLine: {'line': b'-- Symlinking: /home/orangepi/Desktop/SparkCar_ROS2_WS/SparkCar_Perception/install/benchmark_publisher/share/benchmark_publisher/config/MH_03_medium/data.csv\n'}
[54.768758] (benchmark_publisher) StdoutLine: {'line': b'-- Symlinking: /home/orangepi/Desktop/SparkCar_ROS2_WS/SparkCar_Perception/install/benchmark_publisher/share/benchmark_publisher/config/MH_04_difficult/data.csv\n'}
[54.797836] (benchmark_publisher) StdoutLine: {'line': b'-- Symlinking: /home/orangepi/Desktop/SparkCar_ROS2_WS/SparkCar_Perception/install/benchmark_publisher/share/benchmark_publisher/config/MH_05_difficult/data.csv\n'}
[54.808956] (-) TimerEvent: {}
[54.826603] (benchmark_publisher) StdoutLine: {'line': b'-- Symlinking: /home/orangepi/Desktop/SparkCar_ROS2_WS/SparkCar_Perception/install/benchmark_publisher/share/benchmark_publisher/config/V1_01_easy/data.csv\n'}
[54.854266] (benchmark_publisher) StdoutLine: {'line': b'-- Symlinking: /home/orangepi/Desktop/SparkCar_ROS2_WS/SparkCar_Perception/install/benchmark_publisher/share/benchmark_publisher/config/V1_02_medium/data.csv\n'}
[54.883711] (benchmark_publisher) StdoutLine: {'line': b'-- Symlinking: /home/orangepi/Desktop/SparkCar_ROS2_WS/SparkCar_Perception/install/benchmark_publisher/share/benchmark_publisher/config/V1_03_difficult/data.csv\n'}
[54.909186] (-) TimerEvent: {}
[54.912704] (benchmark_publisher) StdoutLine: {'line': b'-- Symlinking: /home/orangepi/Desktop/SparkCar_ROS2_WS/SparkCar_Perception/install/benchmark_publisher/share/benchmark_publisher/config/V2_01_easy/data.csv\n'}
[54.939764] (benchmark_publisher) StdoutLine: {'line': b'-- Symlinking: /home/orangepi/Desktop/SparkCar_ROS2_WS/SparkCar_Perception/install/benchmark_publisher/share/benchmark_publisher/config/V2_02_medium/data.csv\n'}
[54.967236] (benchmark_publisher) StdoutLine: {'line': b'-- Symlinking: /home/orangepi/Desktop/SparkCar_ROS2_WS/SparkCar_Perception/install/benchmark_publisher/share/benchmark_publisher/config/V2_03_difficult/data.csv\n'}
[54.999862] (benchmark_publisher) StdoutLine: {'line': b'-- Symlinking: /home/orangepi/Desktop/SparkCar_ROS2_WS/SparkCar_Perception/install/benchmark_publisher/share/ament_index/resource_index/package_run_dependencies/benchmark_publisher\n'}
[55.009429] (-) TimerEvent: {}
[55.029107] (benchmark_publisher) StdoutLine: {'line': b'-- Symlinking: /home/orangepi/Desktop/SparkCar_ROS2_WS/SparkCar_Perception/install/benchmark_publisher/share/ament_index/resource_index/parent_prefix_path/benchmark_publisher\n'}
[55.057252] (benchmark_publisher) StdoutLine: {'line': b'-- Symlinking: /home/orangepi/Desktop/SparkCar_ROS2_WS/SparkCar_Perception/install/benchmark_publisher/share/benchmark_publisher/environment/ament_prefix_path.sh\n'}
[55.086100] (benchmark_publisher) StdoutLine: {'line': b'-- Symlinking: /home/orangepi/Desktop/SparkCar_ROS2_WS/SparkCar_Perception/install/benchmark_publisher/share/benchmark_publisher/environment/ament_prefix_path.dsv\n'}
[55.109710] (-) TimerEvent: {}
[55.114638] (benchmark_publisher) StdoutLine: {'line': b'-- Symlinking: /home/orangepi/Desktop/SparkCar_ROS2_WS/SparkCar_Perception/install/benchmark_publisher/share/benchmark_publisher/environment/path.sh\n'}
[55.143904] (benchmark_publisher) StdoutLine: {'line': b'-- Symlinking: /home/orangepi/Desktop/SparkCar_ROS2_WS/SparkCar_Perception/install/benchmark_publisher/share/benchmark_publisher/environment/path.dsv\n'}
[55.175997] (benchmark_publisher) StdoutLine: {'line': b'-- Symlinking: /home/orangepi/Desktop/SparkCar_ROS2_WS/SparkCar_Perception/install/benchmark_publisher/share/benchmark_publisher/local_setup.bash\n'}
[55.205144] (benchmark_publisher) StdoutLine: {'line': b'-- Symlinking: /home/orangepi/Desktop/SparkCar_ROS2_WS/SparkCar_Perception/install/benchmark_publisher/share/benchmark_publisher/local_setup.sh\n'}
[55.209934] (-) TimerEvent: {}
[55.234940] (benchmark_publisher) StdoutLine: {'line': b'-- Symlinking: /home/orangepi/Desktop/SparkCar_ROS2_WS/SparkCar_Perception/install/benchmark_publisher/share/benchmark_publisher/local_setup.zsh\n'}
[55.250077] (benchmark_publisher) StdoutLine: {'line': b'-- Symlinking: /home/orangepi/Desktop/SparkCar_ROS2_WS/SparkCar_Perception/install/benchmark_publisher/share/benchmark_publisher/local_setup.dsv\n'}
[55.265455] (benchmark_publisher) StdoutLine: {'line': b'-- Symlinking: /home/orangepi/Desktop/SparkCar_ROS2_WS/SparkCar_Perception/install/benchmark_publisher/share/benchmark_publisher/package.dsv\n'}
[55.281524] (benchmark_publisher) StdoutLine: {'line': b'-- Symlinking: /home/orangepi/Desktop/SparkCar_ROS2_WS/SparkCar_Perception/install/benchmark_publisher/share/ament_index/resource_index/packages/benchmark_publisher\n'}
[55.297509] (benchmark_publisher) StdoutLine: {'line': b'-- Symlinking: /home/orangepi/Desktop/SparkCar_ROS2_WS/SparkCar_Perception/install/benchmark_publisher/share/benchmark_publisher/cmake/benchmark_publisherConfig.cmake\n'}
[55.310168] (-) TimerEvent: {}
[55.329294] (benchmark_publisher) StdoutLine: {'line': b'-- Symlinking: /home/orangepi/Desktop/SparkCar_ROS2_WS/SparkCar_Perception/install/benchmark_publisher/share/benchmark_publisher/cmake/benchmark_publisherConfig-version.cmake\n'}
[55.356947] (benchmark_publisher) StdoutLine: {'line': b'-- Symlinking: /home/orangepi/Desktop/SparkCar_ROS2_WS/SparkCar_Perception/install/benchmark_publisher/share/benchmark_publisher/package.xml\n'}
[55.391858] (benchmark_publisher) CommandEnded: {'returncode': 0}
[55.415209] (-) TimerEvent: {}
[55.453235] (benchmark_publisher) JobEnded: {'identifier': 'benchmark_publisher', 'rc': 0}
[55.515523] (-) TimerEvent: {}
[55.616371] (-) TimerEvent: {}
[55.717221] (-) TimerEvent: {}
[55.818180] (-) TimerEvent: {}
[55.919039] (-) TimerEvent: {}
[56.020006] (-) TimerEvent: {}
[56.120967] (-) TimerEvent: {}
[56.221949] (-) TimerEvent: {}
[56.322894] (-) TimerEvent: {}
[56.423846] (-) TimerEvent: {}
[56.524836] (-) TimerEvent: {}
[56.625775] (-) TimerEvent: {}
[56.726758] (-) TimerEvent: {}
[56.827703] (-) TimerEvent: {}
[56.928629] (-) TimerEvent: {}
[57.029483] (-) TimerEvent: {}
[57.130402] (-) TimerEvent: {}
[57.231350] (-) TimerEvent: {}
[57.332259] (-) TimerEvent: {}
[57.433164] (-) TimerEvent: {}
[57.534024] (-) TimerEvent: {}
[57.635012] (-) TimerEvent: {}
[57.736002] (-) TimerEvent: {}
[57.837073] (-) TimerEvent: {}
[57.938032] (-) TimerEvent: {}
[58.038932] (-) TimerEvent: {}
[58.139896] (-) TimerEvent: {}
[58.240828] (-) TimerEvent: {}
[58.341711] (-) TimerEvent: {}
[58.442662] (-) TimerEvent: {}
[58.543639] (-) TimerEvent: {}
[58.644549] (-) TimerEvent: {}
[58.745413] (-) TimerEvent: {}
[58.846236] (-) TimerEvent: {}
[58.947126] (-) TimerEvent: {}
[59.048120] (-) TimerEvent: {}
[59.149017] (-) TimerEvent: {}
[59.249949] (-) TimerEvent: {}
[59.350924] (-) TimerEvent: {}
[59.452072] (-) TimerEvent: {}
[59.553325] (-) TimerEvent: {}
[59.654580] (-) TimerEvent: {}
[59.755848] (-) TimerEvent: {}
[59.857055] (-) TimerEvent: {}
[59.958373] (-) TimerEvent: {}
[60.059651] (-) TimerEvent: {}
[60.160931] (-) TimerEvent: {}
[60.262127] (-) TimerEvent: {}
[60.363391] (-) TimerEvent: {}
[60.464719] (-) TimerEvent: {}
[60.566031] (-) TimerEvent: {}
[60.667369] (-) TimerEvent: {}
[60.768738] (-) TimerEvent: {}
[60.869831] (-) TimerEvent: {}
[60.970518] (-) TimerEvent: {}
[61.071512] (-) TimerEvent: {}
[61.172798] (-) TimerEvent: {}
[61.274121] (-) TimerEvent: {}
[61.375411] (-) TimerEvent: {}
[61.476695] (-) TimerEvent: {}
[61.577906] (-) TimerEvent: {}
[61.679138] (-) TimerEvent: {}
[61.780434] (-) TimerEvent: {}
[61.881731] (-) TimerEvent: {}
[61.983040] (-) TimerEvent: {}
[62.084302] (-) TimerEvent: {}
[62.185545] (-) TimerEvent: {}
[62.286867] (-) TimerEvent: {}
[62.388182] (-) TimerEvent: {}
[62.489593] (-) TimerEvent: {}
[62.590879] (-) TimerEvent: {}
[62.692150] (-) TimerEvent: {}
[62.793049] (-) TimerEvent: {}
[62.894333] (-) TimerEvent: {}
[62.995670] (-) TimerEvent: {}
[63.097022] (-) TimerEvent: {}
[63.198754] (-) TimerEvent: {}
[63.300023] (-) TimerEvent: {}
[63.401296] (-) TimerEvent: {}
[63.502602] (-) TimerEvent: {}
[63.603868] (-) TimerEvent: {}
[63.704964] (-) TimerEvent: {}
[63.805751] (-) TimerEvent: {}
[63.906848] (-) TimerEvent: {}
[64.008387] (-) TimerEvent: {}
[64.109713] (-) TimerEvent: {}
[64.210953] (-) TimerEvent: {}
[64.312274] (-) TimerEvent: {}
[64.413549] (-) TimerEvent: {}
[64.514854] (-) TimerEvent: {}
[64.616235] (-) TimerEvent: {}
[64.717811] (-) TimerEvent: {}
[64.819120] (-) TimerEvent: {}
[64.920283] (-) TimerEvent: {}
[65.020961] (-) TimerEvent: {}
[65.121747] (-) TimerEvent: {}
[65.222693] (-) TimerEvent: {}
[65.323994] (-) TimerEvent: {}
[65.425266] (-) TimerEvent: {}
[65.526555] (-) TimerEvent: {}
[65.627779] (-) TimerEvent: {}
[65.729118] (-) TimerEvent: {}
[65.830445] (-) TimerEvent: {}
[65.931732] (-) TimerEvent: {}
[66.032936] (-) TimerEvent: {}
[66.134197] (-) TimerEvent: {}
[66.235508] (-) TimerEvent: {}
[66.336765] (-) TimerEvent: {}
[66.438045] (-) TimerEvent: {}
[66.539326] (-) TimerEvent: {}
[66.640515] (-) TimerEvent: {}
[66.741298] (-) TimerEvent: {}
[66.842185] (-) TimerEvent: {}
[66.943073] (-) TimerEvent: {}
[67.043867] (-) TimerEvent: {}
[67.144691] (-) TimerEvent: {}
[67.245550] (-) TimerEvent: {}
[67.346306] (-) TimerEvent: {}
[67.447200] (-) TimerEvent: {}
[67.548293] (-) TimerEvent: {}
[67.649470] (-) TimerEvent: {}
[67.750574] (-) TimerEvent: {}
[67.851298] (-) TimerEvent: {}
[67.952288] (-) TimerEvent: {}
[68.053641] (-) TimerEvent: {}
[68.154993] (-) TimerEvent: {}
[68.256195] (-) TimerEvent: {}
[68.357539] (-) TimerEvent: {}
[68.458827] (-) TimerEvent: {}
[68.560130] (-) TimerEvent: {}
[68.661334] (-) TimerEvent: {}
[68.762617] (-) TimerEvent: {}
[68.863881] (-) TimerEvent: {}
[68.965287] (-) TimerEvent: {}
[69.066514] (-) TimerEvent: {}
[69.167763] (-) TimerEvent: {}
[69.268972] (-) TimerEvent: {}
[69.370226] (-) TimerEvent: {}
[69.471503] (-) TimerEvent: {}
[69.572692] (-) TimerEvent: {}
[69.673974] (-) TimerEvent: {}
[69.775297] (-) TimerEvent: {}
[69.876540] (-) TimerEvent: {}
[69.977800] (-) TimerEvent: {}
[70.079063] (-) TimerEvent: {}
[70.180337] (-) TimerEvent: {}
[70.281617] (-) TimerEvent: {}
[70.382885] (-) TimerEvent: {}
[70.484151] (-) TimerEvent: {}
[70.585387] (-) TimerEvent: {}
[70.686674] (-) TimerEvent: {}
[70.787970] (-) TimerEvent: {}
[70.889277] (-) TimerEvent: {}
[70.990077] (-) TimerEvent: {}
[71.090856] (-) TimerEvent: {}
[71.191775] (-) TimerEvent: {}
[71.292627] (-) TimerEvent: {}
[71.393726] (-) TimerEvent: {}
[71.495283] (-) TimerEvent: {}
[71.596087] (-) TimerEvent: {}
[71.696944] (-) TimerEvent: {}
[71.797751] (-) TimerEvent: {}
[71.898540] (-) TimerEvent: {}
[71.999421] (-) TimerEvent: {}
[72.100379] (-) TimerEvent: {}
[72.201307] (-) TimerEvent: {}
[72.242565] (camera_model) StdoutLine: {'line': b'[ 96%] \x1b[32m\x1b[1mLinking CXX executable Calibration\x1b[0m\n'}
[72.301535] (-) TimerEvent: {}
[72.402006] (-) TimerEvent: {}
[72.502366] (-) TimerEvent: {}
[72.602784] (-) TimerEvent: {}
[72.703211] (-) TimerEvent: {}
[72.803677] (-) TimerEvent: {}
[72.904230] (-) TimerEvent: {}
[73.004837] (-) TimerEvent: {}
[73.105223] (-) TimerEvent: {}
[73.205634] (-) TimerEvent: {}
[73.306003] (-) TimerEvent: {}
[73.406399] (-) TimerEvent: {}
[73.506815] (-) TimerEvent: {}
[73.607222] (-) TimerEvent: {}
[73.707570] (-) TimerEvent: {}
[73.808044] (-) TimerEvent: {}
[73.908764] (-) TimerEvent: {}
[74.009590] (-) TimerEvent: {}
[74.110597] (-) TimerEvent: {}
[74.211541] (-) TimerEvent: {}
[74.312494] (-) TimerEvent: {}
[74.413307] (-) TimerEvent: {}
[74.514176] (-) TimerEvent: {}
[74.615213] (-) TimerEvent: {}
[74.716198] (-) TimerEvent: {}
[74.816892] (-) TimerEvent: {}
[74.917779] (-) TimerEvent: {}
[75.018599] (-) TimerEvent: {}
[75.119336] (-) TimerEvent: {}
[75.220208] (-) TimerEvent: {}
[75.321481] (-) TimerEvent: {}
[75.422711] (-) TimerEvent: {}
[75.523754] (-) TimerEvent: {}
[75.624524] (-) TimerEvent: {}
[75.725386] (-) TimerEvent: {}
[75.826547] (-) TimerEvent: {}
[75.927268] (-) TimerEvent: {}
[76.028062] (-) TimerEvent: {}
[76.129026] (-) TimerEvent: {}
[76.230270] (-) TimerEvent: {}
[76.331501] (-) TimerEvent: {}
[76.432767] (-) TimerEvent: {}
[76.534158] (-) TimerEvent: {}
[76.635651] (-) TimerEvent: {}
[76.736918] (-) TimerEvent: {}
[76.837379] (camera_model) StdoutLine: {'line': b'[ 96%] Built target Calibration\n'}
[76.838384] (-) TimerEvent: {}
[76.939330] (-) TimerEvent: {}
[77.040532] (-) TimerEvent: {}
[77.141761] (-) TimerEvent: {}
[77.242896] (-) TimerEvent: {}
[77.344139] (-) TimerEvent: {}
[77.445332] (-) TimerEvent: {}
[77.546490] (-) TimerEvent: {}
[77.647707] (-) TimerEvent: {}
[77.748948] (-) TimerEvent: {}
[77.850070] (-) TimerEvent: {}
[77.951289] (-) TimerEvent: {}
[78.052548] (-) TimerEvent: {}
[78.153829] (-) TimerEvent: {}
[78.255099] (-) TimerEvent: {}
[78.356370] (-) TimerEvent: {}
[78.457623] (-) TimerEvent: {}
[78.559052] (-) TimerEvent: {}
[78.660293] (-) TimerEvent: {}
[78.761578] (-) TimerEvent: {}
[78.862868] (-) TimerEvent: {}
[78.964156] (-) TimerEvent: {}
[79.065432] (-) TimerEvent: {}
[79.166614] (-) TimerEvent: {}
[79.267781] (-) TimerEvent: {}
[79.369003] (-) TimerEvent: {}
[79.470209] (-) TimerEvent: {}
[79.571399] (-) TimerEvent: {}
[79.672565] (-) TimerEvent: {}
[79.773794] (-) TimerEvent: {}
[79.875049] (-) TimerEvent: {}
[79.976258] (-) TimerEvent: {}
[80.077461] (-) TimerEvent: {}
[80.178683] (-) TimerEvent: {}
[80.279886] (-) TimerEvent: {}
[80.381160] (-) TimerEvent: {}
[80.482546] (-) TimerEvent: {}
[80.583815] (-) TimerEvent: {}
[80.685093] (-) TimerEvent: {}
[80.786358] (-) TimerEvent: {}
[80.887615] (-) TimerEvent: {}
[80.988957] (-) TimerEvent: {}
[81.090334] (-) TimerEvent: {}
[81.191599] (-) TimerEvent: {}
[81.292821] (-) TimerEvent: {}
[81.394121] (-) TimerEvent: {}
[81.495576] (-) TimerEvent: {}
[81.596724] (-) TimerEvent: {}
[81.698150] (-) TimerEvent: {}
[81.799486] (-) TimerEvent: {}
[81.900689] (-) TimerEvent: {}
[82.001842] (-) TimerEvent: {}
[82.102965] (-) TimerEvent: {}
[82.204094] (-) TimerEvent: {}
[82.305243] (-) TimerEvent: {}
[82.406359] (-) TimerEvent: {}
[82.507647] (-) TimerEvent: {}
[82.609044] (-) TimerEvent: {}
[82.710178] (-) TimerEvent: {}
[82.811287] (-) TimerEvent: {}
[82.912398] (-) TimerEvent: {}
[83.013570] (-) TimerEvent: {}
[83.114777] (-) TimerEvent: {}
[83.215957] (-) TimerEvent: {}
[83.317115] (-) TimerEvent: {}
[83.418378] (-) TimerEvent: {}
[83.519578] (-) TimerEvent: {}
[83.620746] (-) TimerEvent: {}
[83.721906] (-) TimerEvent: {}
[83.823070] (-) TimerEvent: {}
[83.924231] (-) TimerEvent: {}
[84.025390] (-) TimerEvent: {}
[84.126549] (-) TimerEvent: {}
[84.227654] (-) TimerEvent: {}
[84.328841] (-) TimerEvent: {}
[84.430006] (-) TimerEvent: {}
[84.531138] (-) TimerEvent: {}
[84.632448] (-) TimerEvent: {}
[84.733845] (-) TimerEvent: {}
[84.835042] (-) TimerEvent: {}
[84.935774] (-) TimerEvent: {}
[85.036530] (-) TimerEvent: {}
[85.137446] (-) TimerEvent: {}
[85.238648] (-) TimerEvent: {}
[85.339957] (-) TimerEvent: {}
[85.441334] (-) TimerEvent: {}
[85.542566] (-) TimerEvent: {}
[85.643804] (-) TimerEvent: {}
[85.745188] (-) TimerEvent: {}
[85.846468] (-) TimerEvent: {}
[85.947932] (-) TimerEvent: {}
[86.049164] (-) TimerEvent: {}
[86.149995] (-) TimerEvent: {}
[86.250913] (-) TimerEvent: {}
[86.283361] (camera_model) StdoutLine: {'line': b'[100%] \x1b[32m\x1b[1mLinking CXX static library libcamera_model.a\x1b[0m\n'}
[86.351452] (-) TimerEvent: {}
[86.452779] (-) TimerEvent: {}
[86.553998] (-) TimerEvent: {}
[86.655343] (-) TimerEvent: {}
[86.756557] (-) TimerEvent: {}
[86.857321] (-) TimerEvent: {}
[86.958405] (-) TimerEvent: {}
[87.059714] (-) TimerEvent: {}
[87.161033] (-) TimerEvent: {}
[87.262175] (-) TimerEvent: {}
[87.363035] (-) TimerEvent: {}
[87.464104] (-) TimerEvent: {}
[87.564862] (-) TimerEvent: {}
[87.665620] (-) TimerEvent: {}
[87.766537] (-) TimerEvent: {}
[87.867643] (-) TimerEvent: {}
[87.941223] (camera_model) StdoutLine: {'line': b'[100%] Built target camera_model\n'}
[87.967768] (-) TimerEvent: {}
[87.986200] (camera_model) CommandEnded: {'returncode': 0}
[87.989757] (camera_model) JobProgress: {'identifier': 'camera_model', 'progress': 'install'}
[87.991445] (camera_model) Command: {'cmd': ['/usr/bin/cmake', '--install', '/home/orangepi/Desktop/SparkCar_ROS2_WS/SparkCar_Perception/build/camera_model'], 'cwd': '/home/orangepi/Desktop/SparkCar_ROS2_WS/SparkCar_Perception/build/camera_model', 'env': OrderedDict([('LESSOPEN', '| /usr/bin/lesspipe %s'), ('UMS_MOUNTPOINT', '/mnt/ums'), ('GST_V4L2_PREFERRED_FOURCC', 'NV12:YU12:NV16:YUY2'), ('LANGUAGE', 'en_US.UTF-8'), ('USER', 'orangepi'), ('SSH_CLIENT', '192.168.110.167 61328 22'), ('XDG_SESSION_TYPE', 'tty'), ('GIT_ASKPASS', '/home/orangepi/.vscode-server/cli/servers/Stable-7e7950df89d055b5a378379db9ee14290772148a/server/extensions/git/dist/askpass.sh'), ('SHLVL', '1'), ('USB_FUNCS', 'adb'), ('LD_LIBRARY_PATH', '/opt/ros/humble/opt/rviz_ogre_vendor/lib:/opt/ros/humble/lib/aarch64-linux-gnu:/opt/ros/humble/lib'), ('BROWSER', '/home/orangepi/.vscode-server/cli/servers/Stable-7e7950df89d055b5a378379db9ee14290772148a/server/bin/helpers/browser.sh'), ('MOTD_SHOWN', 'pam'), ('HOME', '/home/orangepi'), ('OLDPWD', '/home/orangepi/Desktop/SparkCar_ROS2_WS/SparkCar_Perception'), ('TERM_PROGRAM_VERSION', '1.126.0'), ('VSCODE_IPC_HOOK_CLI', '/run/user/1000/vscode-ipc-8f68b4a7-073c-40b4-bfba-8c77c4821cfd.sock'), ('GST_INSPECT_NO_COLORS', '1'), ('GST_MPP_NO_RGA', '1'), ('ROS_PYTHON_VERSION', '3'), ('COGL_DRIVER', 'gles2'), ('VSCODE_GIT_ASKPASS_MAIN', '/home/orangepi/.vscode-server/cli/servers/Stable-7e7950df89d055b5a378379db9ee14290772148a/server/extensions/git/dist/askpass-main.js'), ('VSCODE_GIT_ASKPASS_NODE', '/home/orangepi/.vscode-server/cli/servers/Stable-7e7950df89d055b5a378379db9ee14290772148a/server/node'), ('VSCODE_PYTHON_AUTOACTIVATE_GUARD', '1'), ('DBUS_SESSION_BUS_ADDRESS', 'unix:path=/run/user/1000/bus'), ('COLORTERM', 'truecolor'), ('GST_V4L2SRC_MAX_RESOLUTION', '3840x2160'), ('ROS_DISTRO', 'humble'), ('LOGNAME', 'orangepi'), ('_', '/usr/bin/colcon'), ('ROS_VERSION', '2'), ('XDG_SESSION_CLASS', 'user'), ('TERM', 'xterm-256color'), ('GST_GL_API', 'gles2'), ('XDG_SESSION_ID', '6'), ('GST_VIDEO_CONVERT_PREFERRED_FORMAT', 'NV12:NV16:I420:YUY2'), ('GST_V4L2SRC_RK_DEVICES', '_mainpath:_selfpath:_bypass:_scale'), ('ROS_LOCALHOST_ONLY', '0'), ('PATH', '/home/orangepi/.local/bin:/home/orangepi/.vscode-server/data/User/globalStorage/github.copilot-chat/debugCommand:/home/orangepi/.vscode-server/data/User/globalStorage/github.copilot-chat/copilotCli:/home/orangepi/.vscode-server/cli/servers/Stable-7e7950df89d055b5a378379db9ee14290772148a/server/bin/remote-cli:/home/orangepi/.local/bin:/opt/ros/humble/bin:/home/orangepi/.local/bin:/usr/local/sbin:/usr/local/bin:/usr/sbin:/usr/bin:/sbin:/bin:/usr/games:/usr/local/games:/snap/bin'), ('XDG_RUNTIME_DIR', '/run/user/1000'), ('GST_GL_PLATFORM', 'egl'), ('GST_DEBUG_NO_COLOR', '1'), ('GST_V4L2SRC_DEFAULT_DEVICE', '/dev/video-camera0'), ('DISPLAY', ':0'), ('LANG', 'en_US.UTF-8'), ('LS_COLORS', 'rs=0:di=01;34:ln=01;36:mh=00:pi=40;33:so=01;35:do=01;35:bd=40;33;01:cd=40;33;01:or=40;31;01:mi=00:su=37;41:sg=30;43:ca=30;41:tw=30;42:ow=34;42:st=37;44:ex=01;32:*.tar=01;31:*.tgz=01;31:*.arc=01;31:*.arj=01;31:*.taz=01;31:*.lha=01;31:*.lz4=01;31:*.lzh=01;31:*.lzma=01;31:*.tlz=01;31:*.txz=01;31:*.tzo=01;31:*.t7z=01;31:*.zip=01;31:*.z=01;31:*.dz=01;31:*.gz=01;31:*.lrz=01;31:*.lz=01;31:*.lzo=01;31:*.xz=01;31:*.zst=01;31:*.tzst=01;31:*.bz2=01;31:*.bz=01;31:*.tbz=01;31:*.tbz2=01;31:*.tz=01;31:*.deb=01;31:*.rpm=01;31:*.jar=01;31:*.war=01;31:*.ear=01;31:*.sar=01;31:*.rar=01;31:*.alz=01;31:*.ace=01;31:*.zoo=01;31:*.cpio=01;31:*.7z=01;31:*.rz=01;31:*.cab=01;31:*.wim=01;31:*.swm=01;31:*.dwm=01;31:*.esd=01;31:*.jpg=01;35:*.jpeg=01;35:*.mjpg=01;35:*.mjpeg=01;35:*.gif=01;35:*.bmp=01;35:*.pbm=01;35:*.pgm=01;35:*.ppm=01;35:*.tga=01;35:*.xbm=01;35:*.xpm=01;35:*.tif=01;35:*.tiff=01;35:*.png=01;35:*.svg=01;35:*.svgz=01;35:*.mng=01;35:*.pcx=01;35:*.mov=01;35:*.mpg=01;35:*.mpeg=01;35:*.m2v=01;35:*.mkv=01;35:*.webm=01;35:*.webp=01;35:*.ogm=01;35:*.mp4=01;35:*.m4v=01;35:*.mp4v=01;35:*.vob=01;35:*.qt=01;35:*.nuv=01;35:*.wmv=01;35:*.asf=01;35:*.rm=01;35:*.rmvb=01;35:*.flc=01;35:*.avi=01;35:*.fli=01;35:*.flv=01;35:*.gl=01;35:*.dl=01;35:*.xcf=01;35:*.xwd=01;35:*.yuv=01;35:*.cgm=01;35:*.emf=01;35:*.ogv=01;35:*.ogx=01;35:*.aac=00;36:*.au=00;36:*.flac=00;36:*.m4a=00;36:*.mid=00;36:*.midi=00;36:*.mka=00;36:*.mp3=00;36:*.mpc=00;36:*.ogg=00;36:*.ra=00;36:*.wav=00;36:*.oga=00;36:*.opus=00;36:*.spx=00;36:*.xspf=00;36:'), ('VSCODE_GIT_IPC_HANDLE', '/run/user/1000/vscode-git-3d806f3df3.sock'), ('TERM_PROGRAM', 'vscode'), ('GST_V4L2_USE_LIBV4L2', '1'), ('UMS_SIZE', '256M'), ('AMENT_PREFIX_PATH', '/opt/ros/humble'), ('LC_MESSAGES', 'en_US.UTF-8'), ('SHELL', '/bin/bash'), ('UMS_RO', '0'), ('LESSCLOSE', '/usr/bin/lesspipe %s %s'), ('UMS_FSTYPE', 'vfat'), ('VSCODE_GIT_ASKPASS_EXTRA_ARGS', ''), ('PWD', '/home/orangepi/Desktop/SparkCar_ROS2_WS/SparkCar_Perception/build/camera_model'), ('LC_ALL', 'en_US.UTF-8'), ('COPILOT_DEBUG_NONCE', 'eea91dafbd2eb1b0ec653fb18529b126'), ('SSH_CONNECTION', '192.168.110.167 61328 192.168.110.159 22'), ('XDG_DATA_DIRS', '/usr/share/gnome:/usr/local/share:/usr/share:/var/lib/snapd/desktop'), ('PYTHONPATH', '/opt/ros/humble/lib/python3.10/site-packages:/opt/ros/humble/local/lib/python3.10/dist-packages'), ('UMS_MOUNT', '0'), ('COLCON', '1'), ('UMS_FILE', '/userdata/ums_shared.img'), ('CMAKE_PREFIX_PATH', '/opt/ros/humble')]), 'shell': False}
[88.019532] (camera_model) StdoutLine: {'line': b'-- Install configuration: ""\n'}
[88.020164] (camera_model) StdoutLine: {'line': b'-- Execute custom install script\n'}
[88.020623] (camera_model) StdoutLine: {'line': b'-- Symlinking: /home/orangepi/Desktop/SparkCar_ROS2_WS/SparkCar_Perception/install/camera_model/share/camera_model/environment/library_path.sh\n'}
[88.047145] (camera_model) StdoutLine: {'line': b'-- Symlinking: /home/orangepi/Desktop/SparkCar_ROS2_WS/SparkCar_Perception/install/camera_model/share/camera_model/environment/library_path.dsv\n'}
[88.067952] (-) TimerEvent: {}
[88.074521] (camera_model) StdoutLine: {'line': b'-- Symlinking: /home/orangepi/Desktop/SparkCar_ROS2_WS/SparkCar_Perception/install/camera_model/lib/camera_model/Calibration\n'}
[88.100779] (camera_model) StdoutLine: {'line': b'-- Symlinking: /home/orangepi/Desktop/SparkCar_ROS2_WS/SparkCar_Perception/install/camera_model/bin/Calibration\n'}
[88.126013] (camera_model) StdoutLine: {'line': b'-- Symlinking: /home/orangepi/Desktop/SparkCar_ROS2_WS/SparkCar_Perception/install/camera_model/lib/libcamera_model.a\n'}
[88.159377] (camera_model) StdoutLine: {'line': b'-- Up-to-date symlink: /home/orangepi/Desktop/SparkCar_ROS2_WS/SparkCar_Perception/install/camera_model/lib/camera_model/Calibration\n'}
[88.161274] (camera_model) StdoutLine: {'line': b'-- Symlinking: /home/orangepi/Desktop/SparkCar_ROS2_WS/SparkCar_Perception/install/camera_model/include//camodocal/calib/CameraCalibration.h\n'}
[88.168153] (-) TimerEvent: {}
[88.185159] (camera_model) StdoutLine: {'line': b'-- Symlinking: /home/orangepi/Desktop/SparkCar_ROS2_WS/SparkCar_Perception/install/camera_model/include//camodocal/camera_models/Camera.h\n'}
[88.217338] (camera_model) StdoutLine: {'line': b'-- Symlinking: /home/orangepi/Desktop/SparkCar_ROS2_WS/SparkCar_Perception/install/camera_model/include//camodocal/camera_models/CameraFactory.h\n'}
[88.253279] (camera_model) StdoutLine: {'line': b'-- Symlinking: /home/orangepi/Desktop/SparkCar_ROS2_WS/SparkCar_Perception/install/camera_model/include//camodocal/camera_models/CataCamera.h\n'}
[88.268521] (-) TimerEvent: {}
[88.287045] (camera_model) StdoutLine: {'line': b'-- Symlinking: /home/orangepi/Desktop/SparkCar_ROS2_WS/SparkCar_Perception/install/camera_model/include//camodocal/camera_models/CostFunctionFactory.h\n'}
[88.320240] (camera_model) StdoutLine: {'line': b'-- Symlinking: /home/orangepi/Desktop/SparkCar_ROS2_WS/SparkCar_Perception/install/camera_model/include//camodocal/camera_models/EquidistantCamera.h\n'}
[88.352802] (camera_model) StdoutLine: {'line': b'-- Symlinking: /home/orangepi/Desktop/SparkCar_ROS2_WS/SparkCar_Perception/install/camera_model/include//camodocal/camera_models/PinholeCamera.h\n'}
[88.368753] (-) TimerEvent: {}
[88.385874] (camera_model) StdoutLine: {'line': b'-- Symlinking: /home/orangepi/Desktop/SparkCar_ROS2_WS/SparkCar_Perception/install/camera_model/include//camodocal/camera_models/ScaramuzzaCamera.h\n'}
[88.405322] (camera_model) StdoutLine: {'line': b'-- Symlinking: /home/orangepi/Desktop/SparkCar_ROS2_WS/SparkCar_Perception/install/camera_model/include//camodocal/chessboard/Chessboard.h\n'}
[88.429447] (camera_model) StdoutLine: {'line': b'-- Symlinking: /home/orangepi/Desktop/SparkCar_ROS2_WS/SparkCar_Perception/install/camera_model/include//camodocal/chessboard/ChessboardCorner.h\n'}
[88.451234] (camera_model) StdoutLine: {'line': b'-- Symlinking: /home/orangepi/Desktop/SparkCar_ROS2_WS/SparkCar_Perception/install/camera_model/include//camodocal/chessboard/ChessboardQuad.h\n'}
[88.466605] (camera_model) StdoutLine: {'line': b'-- Symlinking: /home/orangepi/Desktop/SparkCar_ROS2_WS/SparkCar_Perception/install/camera_model/include//camodocal/chessboard/Spline.h\n'}
[88.468870] (-) TimerEvent: {}
[88.502219] (camera_model) StdoutLine: {'line': b'-- Symlinking: /home/orangepi/Desktop/SparkCar_ROS2_WS/SparkCar_Perception/install/camera_model/include//camodocal/gpl/EigenQuaternionParameterization.h\n'}
[88.522626] (camera_model) StdoutLine: {'line': b'-- Symlinking: /home/orangepi/Desktop/SparkCar_ROS2_WS/SparkCar_Perception/install/camera_model/include//camodocal/gpl/EigenUtils.h\n'}
[88.551109] (camera_model) StdoutLine: {'line': b'-- Symlinking: /home/orangepi/Desktop/SparkCar_ROS2_WS/SparkCar_Perception/install/camera_model/include//camodocal/gpl/gpl.h\n'}
[88.568605] (camera_model) StdoutLine: {'line': b'-- Symlinking: /home/orangepi/Desktop/SparkCar_ROS2_WS/SparkCar_Perception/install/camera_model/include//camodocal/sparse_graph/Transform.h\n'}
[88.569522] (-) TimerEvent: {}
[88.601578] (camera_model) StdoutLine: {'line': b'-- Symlinking: /home/orangepi/Desktop/SparkCar_ROS2_WS/SparkCar_Perception/install/camera_model/share/ament_index/resource_index/package_run_dependencies/camera_model\n'}
[88.640123] (camera_model) StdoutLine: {'line': b'-- Symlinking: /home/orangepi/Desktop/SparkCar_ROS2_WS/SparkCar_Perception/install/camera_model/share/ament_index/resource_index/parent_prefix_path/camera_model\n'}
[88.669909] (-) TimerEvent: {}
[88.676851] (camera_model) StdoutLine: {'line': b'-- Symlinking: /home/orangepi/Desktop/SparkCar_ROS2_WS/SparkCar_Perception/install/camera_model/share/camera_model/environment/ament_prefix_path.sh\n'}
[88.712841] (camera_model) StdoutLine: {'line': b'-- Symlinking: /home/orangepi/Desktop/SparkCar_ROS2_WS/SparkCar_Perception/install/camera_model/share/camera_model/environment/ament_prefix_path.dsv\n'}
[88.745721] (camera_model) StdoutLine: {'line': b'-- Symlinking: /home/orangepi/Desktop/SparkCar_ROS2_WS/SparkCar_Perception/install/camera_model/share/camera_model/environment/path.sh\n'}
[88.770178] (-) TimerEvent: {}
[88.781380] (camera_model) StdoutLine: {'line': b'-- Symlinking: /home/orangepi/Desktop/SparkCar_ROS2_WS/SparkCar_Perception/install/camera_model/share/camera_model/environment/path.dsv\n'}
[88.812866] (camera_model) StdoutLine: {'line': b'-- Symlinking: /home/orangepi/Desktop/SparkCar_ROS2_WS/SparkCar_Perception/install/camera_model/share/camera_model/local_setup.bash\n'}
[88.844782] (camera_model) StdoutLine: {'line': b'-- Symlinking: /home/orangepi/Desktop/SparkCar_ROS2_WS/SparkCar_Perception/install/camera_model/share/camera_model/local_setup.sh\n'}
[88.870519] (-) TimerEvent: {}
[88.875565] (camera_model) StdoutLine: {'line': b'-- Symlinking: /home/orangepi/Desktop/SparkCar_ROS2_WS/SparkCar_Perception/install/camera_model/share/camera_model/local_setup.zsh\n'}
[88.903836] (camera_model) StdoutLine: {'line': b'-- Symlinking: /home/orangepi/Desktop/SparkCar_ROS2_WS/SparkCar_Perception/install/camera_model/share/camera_model/local_setup.dsv\n'}
[88.937962] (camera_model) StdoutLine: {'line': b'-- Symlinking: /home/orangepi/Desktop/SparkCar_ROS2_WS/SparkCar_Perception/install/camera_model/share/camera_model/package.dsv\n'}
[88.970859] (-) TimerEvent: {}
[88.972087] (camera_model) StdoutLine: {'line': b'-- Symlinking: /home/orangepi/Desktop/SparkCar_ROS2_WS/SparkCar_Perception/install/camera_model/share/ament_index/resource_index/packages/camera_model\n'}
[89.000823] (camera_model) StdoutLine: {'line': b'-- Symlinking: /home/orangepi/Desktop/SparkCar_ROS2_WS/SparkCar_Perception/install/camera_model/share/camera_model/cmake/ament_cmake_export_include_directories-extras.cmake\n'}
[89.029020] (camera_model) StdoutLine: {'line': b'-- Symlinking: /home/orangepi/Desktop/SparkCar_ROS2_WS/SparkCar_Perception/install/camera_model/share/camera_model/cmake/ament_cmake_export_libraries-extras.cmake\n'}
[89.056865] (camera_model) StdoutLine: {'line': b'-- Symlinking: /home/orangepi/Desktop/SparkCar_ROS2_WS/SparkCar_Perception/install/camera_model/share/camera_model/cmake/ament_cmake_export_dependencies-extras.cmake\n'}
[89.071019] (-) TimerEvent: {}
[89.090959] (camera_model) StdoutLine: {'line': b'-- Symlinking: /home/orangepi/Desktop/SparkCar_ROS2_WS/SparkCar_Perception/install/camera_model/share/camera_model/cmake/camera_modelConfig.cmake\n'}
[89.121177] (camera_model) StdoutLine: {'line': b'-- Symlinking: /home/orangepi/Desktop/SparkCar_ROS2_WS/SparkCar_Perception/install/camera_model/share/camera_model/cmake/camera_modelConfig-version.cmake\n'}
[89.139446] (camera_model) StdoutLine: {'line': b'-- Symlinking: /home/orangepi/Desktop/SparkCar_ROS2_WS/SparkCar_Perception/install/camera_model/share/camera_model/package.xml\n'}
[89.171358] (-) TimerEvent: {}
[89.176598] (camera_model) CommandEnded: {'returncode': 0}
[89.251126] (camera_model) JobEnded: {'identifier': 'camera_model', 'rc': 0}
[89.256746] (ar_demo) JobStarted: {'identifier': 'ar_demo'}
[89.257934] (feature_tracker) JobStarted: {'identifier': 'feature_tracker'}
[89.264140] (pose_graph) JobStarted: {'identifier': 'pose_graph'}
[89.269812] (vins_estimator) JobStarted: {'identifier': 'vins_estimator'}
[89.271522] (-) TimerEvent: {}
[89.278746] (ar_demo) JobProgress: {'identifier': 'ar_demo', 'progress': 'cmake'}
[89.279555] (ar_demo) Command: {'cmd': ['/usr/bin/cmake', '/home/orangepi/Desktop/SparkCar_ROS2_WS/SparkCar_Perception/src/VINS-MONO-ROS2/ar_demo', '-DAMENT_CMAKE_SYMLINK_INSTALL=1', '-DCMAKE_INSTALL_PREFIX=/home/orangepi/Desktop/SparkCar_ROS2_WS/SparkCar_Perception/install/ar_demo'], 'cwd': '/home/orangepi/Desktop/SparkCar_ROS2_WS/SparkCar_Perception/build/ar_demo', 'env': OrderedDict([('LESSOPEN', '| /usr/bin/lesspipe %s'), ('UMS_MOUNTPOINT', '/mnt/ums'), ('GST_V4L2_PREFERRED_FOURCC', 'NV12:YU12:NV16:YUY2'), ('LANGUAGE', 'en_US.UTF-8'), ('USER', 'orangepi'), ('SSH_CLIENT', '192.168.110.167 61328 22'), ('XDG_SESSION_TYPE', 'tty'), ('GIT_ASKPASS', '/home/orangepi/.vscode-server/cli/servers/Stable-7e7950df89d055b5a378379db9ee14290772148a/server/extensions/git/dist/askpass.sh'), ('SHLVL', '1'), ('USB_FUNCS', 'adb'), ('LD_LIBRARY_PATH', '/home/orangepi/Desktop/SparkCar_ROS2_WS/SparkCar_Perception/install/camera_model/lib:/opt/ros/humble/opt/rviz_ogre_vendor/lib:/opt/ros/humble/lib/aarch64-linux-gnu:/opt/ros/humble/lib'), ('BROWSER', '/home/orangepi/.vscode-server/cli/servers/Stable-7e7950df89d055b5a378379db9ee14290772148a/server/bin/helpers/browser.sh'), ('MOTD_SHOWN', 'pam'), ('HOME', '/home/orangepi'), ('OLDPWD', '/home/orangepi/Desktop/SparkCar_ROS2_WS/SparkCar_Perception'), ('TERM_PROGRAM_VERSION', '1.126.0'), ('VSCODE_IPC_HOOK_CLI', '/run/user/1000/vscode-ipc-8f68b4a7-073c-40b4-bfba-8c77c4821cfd.sock'), ('GST_INSPECT_NO_COLORS', '1'), ('GST_MPP_NO_RGA', '1'), ('ROS_PYTHON_VERSION', '3'), ('COGL_DRIVER', 'gles2'), ('VSCODE_GIT_ASKPASS_MAIN', '/home/orangepi/.vscode-server/cli/servers/Stable-7e7950df89d055b5a378379db9ee14290772148a/server/extensions/git/dist/askpass-main.js'), ('VSCODE_GIT_ASKPASS_NODE', '/home/orangepi/.vscode-server/cli/servers/Stable-7e7950df89d055b5a378379db9ee14290772148a/server/node'), ('VSCODE_PYTHON_AUTOACTIVATE_GUARD', '1'), ('DBUS_SESSION_BUS_ADDRESS', 'unix:path=/run/user/1000/bus'), ('COLORTERM', 'truecolor'), ('GST_V4L2SRC_MAX_RESOLUTION', '3840x2160'), ('ROS_DISTRO', 'humble'), ('LOGNAME', 'orangepi'), ('_', '/usr/bin/colcon'), ('ROS_VERSION', '2'), ('XDG_SESSION_CLASS', 'user'), ('TERM', 'xterm-256color'), ('GST_GL_API', 'gles2'), ('XDG_SESSION_ID', '6'), ('GST_VIDEO_CONVERT_PREFERRED_FORMAT', 'NV12:NV16:I420:YUY2'), ('GST_V4L2SRC_RK_DEVICES', '_mainpath:_selfpath:_bypass:_scale'), ('ROS_LOCALHOST_ONLY', '0'), ('PATH', '/home/orangepi/Desktop/SparkCar_ROS2_WS/SparkCar_Perception/install/camera_model/bin:/home/orangepi/.local/bin:/home/orangepi/.vscode-server/data/User/globalStorage/github.copilot-chat/debugCommand:/home/orangepi/.vscode-server/data/User/globalStorage/github.copilot-chat/copilotCli:/home/orangepi/.vscode-server/cli/servers/Stable-7e7950df89d055b5a378379db9ee14290772148a/server/bin/remote-cli:/home/orangepi/.local/bin:/opt/ros/humble/bin:/home/orangepi/.local/bin:/usr/local/sbin:/usr/local/bin:/usr/sbin:/usr/bin:/sbin:/bin:/usr/games:/usr/local/games:/snap/bin'), ('XDG_RUNTIME_DIR', '/run/user/1000'), ('GST_GL_PLATFORM', 'egl'), ('GST_DEBUG_NO_COLOR', '1'), ('GST_V4L2SRC_DEFAULT_DEVICE', '/dev/video-camera0'), ('DISPLAY', ':0'), ('LANG', 'en_US.UTF-8'), ('LS_COLORS', 'rs=0:di=01;34:ln=01;36:mh=00:pi=40;33:so=01;35:do=01;35:bd=40;33;01:cd=40;33;01:or=40;31;01:mi=00:su=37;41:sg=30;43:ca=30;41:tw=30;42:ow=34;42:st=37;44:ex=01;32:*.tar=01;31:*.tgz=01;31:*.arc=01;31:*.arj=01;31:*.taz=01;31:*.lha=01;31:*.lz4=01;31:*.lzh=01;31:*.lzma=01;31:*.tlz=01;31:*.txz=01;31:*.tzo=01;31:*.t7z=01;31:*.zip=01;31:*.z=01;31:*.dz=01;31:*.gz=01;31:*.lrz=01;31:*.lz=01;31:*.lzo=01;31:*.xz=01;31:*.zst=01;31:*.tzst=01;31:*.bz2=01;31:*.bz=01;31:*.tbz=01;31:*.tbz2=01;31:*.tz=01;31:*.deb=01;31:*.rpm=01;31:*.jar=01;31:*.war=01;31:*.ear=01;31:*.sar=01;31:*.rar=01;31:*.alz=01;31:*.ace=01;31:*.zoo=01;31:*.cpio=01;31:*.7z=01;31:*.rz=01;31:*.cab=01;31:*.wim=01;31:*.swm=01;31:*.dwm=01;31:*.esd=01;31:*.jpg=01;35:*.jpeg=01;35:*.mjpg=01;35:*.mjpeg=01;35:*.gif=01;35:*.bmp=01;35:*.pbm=01;35:*.pgm=01;35:*.ppm=01;35:*.tga=01;35:*.xbm=01;35:*.xpm=01;35:*.tif=01;35:*.tiff=01;35:*.png=01;35:*.svg=01;35:*.svgz=01;35:*.mng=01;35:*.pcx=01;35:*.mov=01;35:*.mpg=01;35:*.mpeg=01;35:*.m2v=01;35:*.mkv=01;35:*.webm=01;35:*.webp=01;35:*.ogm=01;35:*.mp4=01;35:*.m4v=01;35:*.mp4v=01;35:*.vob=01;35:*.qt=01;35:*.nuv=01;35:*.wmv=01;35:*.asf=01;35:*.rm=01;35:*.rmvb=01;35:*.flc=01;35:*.avi=01;35:*.fli=01;35:*.flv=01;35:*.gl=01;35:*.dl=01;35:*.xcf=01;35:*.xwd=01;35:*.yuv=01;35:*.cgm=01;35:*.emf=01;35:*.ogv=01;35:*.ogx=01;35:*.aac=00;36:*.au=00;36:*.flac=00;36:*.m4a=00;36:*.mid=00;36:*.midi=00;36:*.mka=00;36:*.mp3=00;36:*.mpc=00;36:*.ogg=00;36:*.ra=00;36:*.wav=00;36:*.oga=00;36:*.opus=00;36:*.spx=00;36:*.xspf=00;36:'), ('VSCODE_GIT_IPC_HANDLE', '/run/user/1000/vscode-git-3d806f3df3.sock'), ('TERM_PROGRAM', 'vscode'), ('GST_V4L2_USE_LIBV4L2', '1'), ('UMS_SIZE', '256M'), ('AMENT_PREFIX_PATH', '/home/orangepi/Desktop/SparkCar_ROS2_WS/SparkCar_Perception/install/camera_model:/opt/ros/humble'), ('LC_MESSAGES', 'en_US.UTF-8'), ('SHELL', '/bin/bash'), ('UMS_RO', '0'), ('LESSCLOSE', '/usr/bin/lesspipe %s %s'), ('UMS_FSTYPE', 'vfat'), ('VSCODE_GIT_ASKPASS_EXTRA_ARGS', ''), ('PWD', '/home/orangepi/Desktop/SparkCar_ROS2_WS/SparkCar_Perception/build/ar_demo'), ('LC_ALL', 'en_US.UTF-8'), ('COPILOT_DEBUG_NONCE', 'eea91dafbd2eb1b0ec653fb18529b126'), ('SSH_CONNECTION', '192.168.110.167 61328 192.168.110.159 22'), ('XDG_DATA_DIRS', '/usr/share/gnome:/usr/local/share:/usr/share:/var/lib/snapd/desktop'), ('PYTHONPATH', '/opt/ros/humble/lib/python3.10/site-packages:/opt/ros/humble/local/lib/python3.10/dist-packages'), ('UMS_MOUNT', '0'), ('COLCON', '1'), ('UMS_FILE', '/userdata/ums_shared.img'), ('CMAKE_PREFIX_PATH', '/home/orangepi/Desktop/SparkCar_ROS2_WS/SparkCar_Perception/install/camera_model:/opt/ros/humble')]), 'shell': False}
[89.282310] (feature_tracker) JobProgress: {'identifier': 'feature_tracker', 'progress': 'cmake'}
[89.282815] (feature_tracker) Command: {'cmd': ['/usr/bin/cmake', '/home/orangepi/Desktop/SparkCar_ROS2_WS/SparkCar_Perception/src/VINS-MONO-ROS2/feature_tracker', '-DAMENT_CMAKE_SYMLINK_INSTALL=1', '-DCMAKE_INSTALL_PREFIX=/home/orangepi/Desktop/SparkCar_ROS2_WS/SparkCar_Perception/install/feature_tracker'], 'cwd': '/home/orangepi/Desktop/SparkCar_ROS2_WS/SparkCar_Perception/build/feature_tracker', 'env': OrderedDict([('LESSOPEN', '| /usr/bin/lesspipe %s'), ('UMS_MOUNTPOINT', '/mnt/ums'), ('GST_V4L2_PREFERRED_FOURCC', 'NV12:YU12:NV16:YUY2'), ('LANGUAGE', 'en_US.UTF-8'), ('USER', 'orangepi'), ('SSH_CLIENT', '192.168.110.167 61328 22'), ('XDG_SESSION_TYPE', 'tty'), ('GIT_ASKPASS', '/home/orangepi/.vscode-server/cli/servers/Stable-7e7950df89d055b5a378379db9ee14290772148a/server/extensions/git/dist/askpass.sh'), ('SHLVL', '1'), ('USB_FUNCS', 'adb'), ('LD_LIBRARY_PATH', '/home/orangepi/Desktop/SparkCar_ROS2_WS/SparkCar_Perception/install/camera_model/lib:/opt/ros/humble/opt/rviz_ogre_vendor/lib:/opt/ros/humble/lib/aarch64-linux-gnu:/opt/ros/humble/lib'), ('BROWSER', '/home/orangepi/.vscode-server/cli/servers/Stable-7e7950df89d055b5a378379db9ee14290772148a/server/bin/helpers/browser.sh'), ('MOTD_SHOWN', 'pam'), ('HOME', '/home/orangepi'), ('OLDPWD', '/home/orangepi/Desktop/SparkCar_ROS2_WS/SparkCar_Perception'), ('TERM_PROGRAM_VERSION', '1.126.0'), ('VSCODE_IPC_HOOK_CLI', '/run/user/1000/vscode-ipc-8f68b4a7-073c-40b4-bfba-8c77c4821cfd.sock'), ('GST_INSPECT_NO_COLORS', '1'), ('GST_MPP_NO_RGA', '1'), ('ROS_PYTHON_VERSION', '3'), ('COGL_DRIVER', 'gles2'), ('VSCODE_GIT_ASKPASS_MAIN', '/home/orangepi/.vscode-server/cli/servers/Stable-7e7950df89d055b5a378379db9ee14290772148a/server/extensions/git/dist/askpass-main.js'), ('VSCODE_GIT_ASKPASS_NODE', '/home/orangepi/.vscode-server/cli/servers/Stable-7e7950df89d055b5a378379db9ee14290772148a/server/node'), ('VSCODE_PYTHON_AUTOACTIVATE_GUARD', '1'), ('DBUS_SESSION_BUS_ADDRESS', 'unix:path=/run/user/1000/bus'), ('COLORTERM', 'truecolor'), ('GST_V4L2SRC_MAX_RESOLUTION', '3840x2160'), ('ROS_DISTRO', 'humble'), ('LOGNAME', 'orangepi'), ('_', '/usr/bin/colcon'), ('ROS_VERSION', '2'), ('XDG_SESSION_CLASS', 'user'), ('TERM', 'xterm-256color'), ('GST_GL_API', 'gles2'), ('XDG_SESSION_ID', '6'), ('GST_VIDEO_CONVERT_PREFERRED_FORMAT', 'NV12:NV16:I420:YUY2'), ('GST_V4L2SRC_RK_DEVICES', '_mainpath:_selfpath:_bypass:_scale'), ('ROS_LOCALHOST_ONLY', '0'), ('PATH', '/home/orangepi/Desktop/SparkCar_ROS2_WS/SparkCar_Perception/install/camera_model/bin:/home/orangepi/.local/bin:/home/orangepi/.vscode-server/data/User/globalStorage/github.copilot-chat/debugCommand:/home/orangepi/.vscode-server/data/User/globalStorage/github.copilot-chat/copilotCli:/home/orangepi/.vscode-server/cli/servers/Stable-7e7950df89d055b5a378379db9ee14290772148a/server/bin/remote-cli:/home/orangepi/.local/bin:/opt/ros/humble/bin:/home/orangepi/.local/bin:/usr/local/sbin:/usr/local/bin:/usr/sbin:/usr/bin:/sbin:/bin:/usr/games:/usr/local/games:/snap/bin'), ('XDG_RUNTIME_DIR', '/run/user/1000'), ('GST_GL_PLATFORM', 'egl'), ('GST_DEBUG_NO_COLOR', '1'), ('GST_V4L2SRC_DEFAULT_DEVICE', '/dev/video-camera0'), ('DISPLAY', ':0'), ('LANG', 'en_US.UTF-8'), ('LS_COLORS', 'rs=0:di=01;34:ln=01;36:mh=00:pi=40;33:so=01;35:do=01;35:bd=40;33;01:cd=40;33;01:or=40;31;01:mi=00:su=37;41:sg=30;43:ca=30;41:tw=30;42:ow=34;42:st=37;44:ex=01;32:*.tar=01;31:*.tgz=01;31:*.arc=01;31:*.arj=01;31:*.taz=01;31:*.lha=01;31:*.lz4=01;31:*.lzh=01;31:*.lzma=01;31:*.tlz=01;31:*.txz=01;31:*.tzo=01;31:*.t7z=01;31:*.zip=01;31:*.z=01;31:*.dz=01;31:*.gz=01;31:*.lrz=01;31:*.lz=01;31:*.lzo=01;31:*.xz=01;31:*.zst=01;31:*.tzst=01;31:*.bz2=01;31:*.bz=01;31:*.tbz=01;31:*.tbz2=01;31:*.tz=01;31:*.deb=01;31:*.rpm=01;31:*.jar=01;31:*.war=01;31:*.ear=01;31:*.sar=01;31:*.rar=01;31:*.alz=01;31:*.ace=01;31:*.zoo=01;31:*.cpio=01;31:*.7z=01;31:*.rz=01;31:*.cab=01;31:*.wim=01;31:*.swm=01;31:*.dwm=01;31:*.esd=01;31:*.jpg=01;35:*.jpeg=01;35:*.mjpg=01;35:*.mjpeg=01;35:*.gif=01;35:*.bmp=01;35:*.pbm=01;35:*.pgm=01;35:*.ppm=01;35:*.tga=01;35:*.xbm=01;35:*.xpm=01;35:*.tif=01;35:*.tiff=01;35:*.png=01;35:*.svg=01;35:*.svgz=01;35:*.mng=01;35:*.pcx=01;35:*.mov=01;35:*.mpg=01;35:*.mpeg=01;35:*.m2v=01;35:*.mkv=01;35:*.webm=01;35:*.webp=01;35:*.ogm=01;35:*.mp4=01;35:*.m4v=01;35:*.mp4v=01;35:*.vob=01;35:*.qt=01;35:*.nuv=01;35:*.wmv=01;35:*.asf=01;35:*.rm=01;35:*.rmvb=01;35:*.flc=01;35:*.avi=01;35:*.fli=01;35:*.flv=01;35:*.gl=01;35:*.dl=01;35:*.xcf=01;35:*.xwd=01;35:*.yuv=01;35:*.cgm=01;35:*.emf=01;35:*.ogv=01;35:*.ogx=01;35:*.aac=00;36:*.au=00;36:*.flac=00;36:*.m4a=00;36:*.mid=00;36:*.midi=00;36:*.mka=00;36:*.mp3=00;36:*.mpc=00;36:*.ogg=00;36:*.ra=00;36:*.wav=00;36:*.oga=00;36:*.opus=00;36:*.spx=00;36:*.xspf=00;36:'), ('VSCODE_GIT_IPC_HANDLE', '/run/user/1000/vscode-git-3d806f3df3.sock'), ('TERM_PROGRAM', 'vscode'), ('GST_V4L2_USE_LIBV4L2', '1'), ('UMS_SIZE', '256M'), ('AMENT_PREFIX_PATH', '/home/orangepi/Desktop/SparkCar_ROS2_WS/SparkCar_Perception/install/camera_model:/opt/ros/humble'), ('LC_MESSAGES', 'en_US.UTF-8'), ('SHELL', '/bin/bash'), ('UMS_RO', '0'), ('LESSCLOSE', '/usr/bin/lesspipe %s %s'), ('UMS_FSTYPE', 'vfat'), ('VSCODE_GIT_ASKPASS_EXTRA_ARGS', ''), ('PWD', '/home/orangepi/Desktop/SparkCar_ROS2_WS/SparkCar_Perception/build/feature_tracker'), ('LC_ALL', 'en_US.UTF-8'), ('COPILOT_DEBUG_NONCE', 'eea91dafbd2eb1b0ec653fb18529b126'), ('SSH_CONNECTION', '192.168.110.167 61328 192.168.110.159 22'), ('XDG_DATA_DIRS', '/usr/share/gnome:/usr/local/share:/usr/share:/var/lib/snapd/desktop'), ('PYTHONPATH', '/opt/ros/humble/lib/python3.10/site-packages:/opt/ros/humble/local/lib/python3.10/dist-packages'), ('UMS_MOUNT', '0'), ('COLCON', '1'), ('UMS_FILE', '/userdata/ums_shared.img'), ('CMAKE_PREFIX_PATH', '/home/orangepi/Desktop/SparkCar_ROS2_WS/SparkCar_Perception/install/camera_model:/opt/ros/humble')]), 'shell': False}
[89.287447] (pose_graph) JobProgress: {'identifier': 'pose_graph', 'progress': 'cmake'}
[89.288167] (pose_graph) Command: {'cmd': ['/usr/bin/cmake', '/home/orangepi/Desktop/SparkCar_ROS2_WS/SparkCar_Perception/src/VINS-MONO-ROS2/pose_graph', '-DAMENT_CMAKE_SYMLINK_INSTALL=1', '-DCMAKE_INSTALL_PREFIX=/home/orangepi/Desktop/SparkCar_ROS2_WS/SparkCar_Perception/install/pose_graph'], 'cwd': '/home/orangepi/Desktop/SparkCar_ROS2_WS/SparkCar_Perception/build/pose_graph', 'env': OrderedDict([('LESSOPEN', '| /usr/bin/lesspipe %s'), ('UMS_MOUNTPOINT', '/mnt/ums'), ('GST_V4L2_PREFERRED_FOURCC', 'NV12:YU12:NV16:YUY2'), ('LANGUAGE', 'en_US.UTF-8'), ('USER', 'orangepi'), ('SSH_CLIENT', '192.168.110.167 61328 22'), ('XDG_SESSION_TYPE', 'tty'), ('GIT_ASKPASS', '/home/orangepi/.vscode-server/cli/servers/Stable-7e7950df89d055b5a378379db9ee14290772148a/server/extensions/git/dist/askpass.sh'), ('SHLVL', '1'), ('USB_FUNCS', 'adb'), ('LD_LIBRARY_PATH', '/home/orangepi/Desktop/SparkCar_ROS2_WS/SparkCar_Perception/install/camera_model/lib:/opt/ros/humble/opt/rviz_ogre_vendor/lib:/opt/ros/humble/lib/aarch64-linux-gnu:/opt/ros/humble/lib'), ('BROWSER', '/home/orangepi/.vscode-server/cli/servers/Stable-7e7950df89d055b5a378379db9ee14290772148a/server/bin/helpers/browser.sh'), ('MOTD_SHOWN', 'pam'), ('HOME', '/home/orangepi'), ('OLDPWD', '/home/orangepi/Desktop/SparkCar_ROS2_WS/SparkCar_Perception'), ('TERM_PROGRAM_VERSION', '1.126.0'), ('VSCODE_IPC_HOOK_CLI', '/run/user/1000/vscode-ipc-8f68b4a7-073c-40b4-bfba-8c77c4821cfd.sock'), ('GST_INSPECT_NO_COLORS', '1'), ('GST_MPP_NO_RGA', '1'), ('ROS_PYTHON_VERSION', '3'), ('COGL_DRIVER', 'gles2'), ('VSCODE_GIT_ASKPASS_MAIN', '/home/orangepi/.vscode-server/cli/servers/Stable-7e7950df89d055b5a378379db9ee14290772148a/server/extensions/git/dist/askpass-main.js'), ('VSCODE_GIT_ASKPASS_NODE', '/home/orangepi/.vscode-server/cli/servers/Stable-7e7950df89d055b5a378379db9ee14290772148a/server/node'), ('VSCODE_PYTHON_AUTOACTIVATE_GUARD', '1'), ('DBUS_SESSION_BUS_ADDRESS', 'unix:path=/run/user/1000/bus'), ('COLORTERM', 'truecolor'), ('GST_V4L2SRC_MAX_RESOLUTION', '3840x2160'), ('ROS_DISTRO', 'humble'), ('LOGNAME', 'orangepi'), ('_', '/usr/bin/colcon'), ('ROS_VERSION', '2'), ('XDG_SESSION_CLASS', 'user'), ('TERM', 'xterm-256color'), ('GST_GL_API', 'gles2'), ('XDG_SESSION_ID', '6'), ('GST_VIDEO_CONVERT_PREFERRED_FORMAT', 'NV12:NV16:I420:YUY2'), ('GST_V4L2SRC_RK_DEVICES', '_mainpath:_selfpath:_bypass:_scale'), ('ROS_LOCALHOST_ONLY', '0'), ('PATH', '/home/orangepi/Desktop/SparkCar_ROS2_WS/SparkCar_Perception/install/camera_model/bin:/home/orangepi/.local/bin:/home/orangepi/.vscode-server/data/User/globalStorage/github.copilot-chat/debugCommand:/home/orangepi/.vscode-server/data/User/globalStorage/github.copilot-chat/copilotCli:/home/orangepi/.vscode-server/cli/servers/Stable-7e7950df89d055b5a378379db9ee14290772148a/server/bin/remote-cli:/home/orangepi/.local/bin:/opt/ros/humble/bin:/home/orangepi/.local/bin:/usr/local/sbin:/usr/local/bin:/usr/sbin:/usr/bin:/sbin:/bin:/usr/games:/usr/local/games:/snap/bin'), ('XDG_RUNTIME_DIR', '/run/user/1000'), ('GST_GL_PLATFORM', 'egl'), ('GST_DEBUG_NO_COLOR', '1'), ('GST_V4L2SRC_DEFAULT_DEVICE', '/dev/video-camera0'), ('DISPLAY', ':0'), ('LANG', 'en_US.UTF-8'), ('LS_COLORS', 'rs=0:di=01;34:ln=01;36:mh=00:pi=40;33:so=01;35:do=01;35:bd=40;33;01:cd=40;33;01:or=40;31;01:mi=00:su=37;41:sg=30;43:ca=30;41:tw=30;42:ow=34;42:st=37;44:ex=01;32:*.tar=01;31:*.tgz=01;31:*.arc=01;31:*.arj=01;31:*.taz=01;31:*.lha=01;31:*.lz4=01;31:*.lzh=01;31:*.lzma=01;31:*.tlz=01;31:*.txz=01;31:*.tzo=01;31:*.t7z=01;31:*.zip=01;31:*.z=01;31:*.dz=01;31:*.gz=01;31:*.lrz=01;31:*.lz=01;31:*.lzo=01;31:*.xz=01;31:*.zst=01;31:*.tzst=01;31:*.bz2=01;31:*.bz=01;31:*.tbz=01;31:*.tbz2=01;31:*.tz=01;31:*.deb=01;31:*.rpm=01;31:*.jar=01;31:*.war=01;31:*.ear=01;31:*.sar=01;31:*.rar=01;31:*.alz=01;31:*.ace=01;31:*.zoo=01;31:*.cpio=01;31:*.7z=01;31:*.rz=01;31:*.cab=01;31:*.wim=01;31:*.swm=01;31:*.dwm=01;31:*.esd=01;31:*.jpg=01;35:*.jpeg=01;35:*.mjpg=01;35:*.mjpeg=01;35:*.gif=01;35:*.bmp=01;35:*.pbm=01;35:*.pgm=01;35:*.ppm=01;35:*.tga=01;35:*.xbm=01;35:*.xpm=01;35:*.tif=01;35:*.tiff=01;35:*.png=01;35:*.svg=01;35:*.svgz=01;35:*.mng=01;35:*.pcx=01;35:*.mov=01;35:*.mpg=01;35:*.mpeg=01;35:*.m2v=01;35:*.mkv=01;35:*.webm=01;35:*.webp=01;35:*.ogm=01;35:*.mp4=01;35:*.m4v=01;35:*.mp4v=01;35:*.vob=01;35:*.qt=01;35:*.nuv=01;35:*.wmv=01;35:*.asf=01;35:*.rm=01;35:*.rmvb=01;35:*.flc=01;35:*.avi=01;35:*.fli=01;35:*.flv=01;35:*.gl=01;35:*.dl=01;35:*.xcf=01;35:*.xwd=01;35:*.yuv=01;35:*.cgm=01;35:*.emf=01;35:*.ogv=01;35:*.ogx=01;35:*.aac=00;36:*.au=00;36:*.flac=00;36:*.m4a=00;36:*.mid=00;36:*.midi=00;36:*.mka=00;36:*.mp3=00;36:*.mpc=00;36:*.ogg=00;36:*.ra=00;36:*.wav=00;36:*.oga=00;36:*.opus=00;36:*.spx=00;36:*.xspf=00;36:'), ('VSCODE_GIT_IPC_HANDLE', '/run/user/1000/vscode-git-3d806f3df3.sock'), ('TERM_PROGRAM', 'vscode'), ('GST_V4L2_USE_LIBV4L2', '1'), ('UMS_SIZE', '256M'), ('AMENT_PREFIX_PATH', '/home/orangepi/Desktop/SparkCar_ROS2_WS/SparkCar_Perception/install/camera_model:/opt/ros/humble'), ('LC_MESSAGES', 'en_US.UTF-8'), ('SHELL', '/bin/bash'), ('UMS_RO', '0'), ('LESSCLOSE', '/usr/bin/lesspipe %s %s'), ('UMS_FSTYPE', 'vfat'), ('VSCODE_GIT_ASKPASS_EXTRA_ARGS', ''), ('PWD', '/home/orangepi/Desktop/SparkCar_ROS2_WS/SparkCar_Perception/build/pose_graph'), ('LC_ALL', 'en_US.UTF-8'), ('COPILOT_DEBUG_NONCE', 'eea91dafbd2eb1b0ec653fb18529b126'), ('SSH_CONNECTION', '192.168.110.167 61328 192.168.110.159 22'), ('XDG_DATA_DIRS', '/usr/share/gnome:/usr/local/share:/usr/share:/var/lib/snapd/desktop'), ('PYTHONPATH', '/opt/ros/humble/lib/python3.10/site-packages:/opt/ros/humble/local/lib/python3.10/dist-packages'), ('UMS_MOUNT', '0'), ('COLCON', '1'), ('UMS_FILE', '/userdata/ums_shared.img'), ('CMAKE_PREFIX_PATH', '/home/orangepi/Desktop/SparkCar_ROS2_WS/SparkCar_Perception/install/camera_model:/opt/ros/humble')]), 'shell': False}
[89.291235] (vins_estimator) JobProgress: {'identifier': 'vins_estimator', 'progress': 'cmake'}
[89.291812] (vins_estimator) Command: {'cmd': ['/usr/bin/cmake', '/home/orangepi/Desktop/SparkCar_ROS2_WS/SparkCar_Perception/src/VINS-MONO-ROS2/vins_estimator', '-DAMENT_CMAKE_SYMLINK_INSTALL=1', '-DCMAKE_INSTALL_PREFIX=/home/orangepi/Desktop/SparkCar_ROS2_WS/SparkCar_Perception/install/vins_estimator'], 'cwd': '/home/orangepi/Desktop/SparkCar_ROS2_WS/SparkCar_Perception/build/vins_estimator', 'env': OrderedDict([('LESSOPEN', '| /usr/bin/lesspipe %s'), ('UMS_MOUNTPOINT', '/mnt/ums'), ('GST_V4L2_PREFERRED_FOURCC', 'NV12:YU12:NV16:YUY2'), ('LANGUAGE', 'en_US.UTF-8'), ('USER', 'orangepi'), ('SSH_CLIENT', '192.168.110.167 61328 22'), ('XDG_SESSION_TYPE', 'tty'), ('GIT_ASKPASS', '/home/orangepi/.vscode-server/cli/servers/Stable-7e7950df89d055b5a378379db9ee14290772148a/server/extensions/git/dist/askpass.sh'), ('SHLVL', '1'), ('USB_FUNCS', 'adb'), ('LD_LIBRARY_PATH', '/home/orangepi/Desktop/SparkCar_ROS2_WS/SparkCar_Perception/install/camera_model/lib:/opt/ros/humble/opt/rviz_ogre_vendor/lib:/opt/ros/humble/lib/aarch64-linux-gnu:/opt/ros/humble/lib'), ('BROWSER', '/home/orangepi/.vscode-server/cli/servers/Stable-7e7950df89d055b5a378379db9ee14290772148a/server/bin/helpers/browser.sh'), ('MOTD_SHOWN', 'pam'), ('HOME', '/home/orangepi'), ('OLDPWD', '/home/orangepi/Desktop/SparkCar_ROS2_WS/SparkCar_Perception'), ('TERM_PROGRAM_VERSION', '1.126.0'), ('VSCODE_IPC_HOOK_CLI', '/run/user/1000/vscode-ipc-8f68b4a7-073c-40b4-bfba-8c77c4821cfd.sock'), ('GST_INSPECT_NO_COLORS', '1'), ('GST_MPP_NO_RGA', '1'), ('ROS_PYTHON_VERSION', '3'), ('COGL_DRIVER', 'gles2'), ('VSCODE_GIT_ASKPASS_MAIN', '/home/orangepi/.vscode-server/cli/servers/Stable-7e7950df89d055b5a378379db9ee14290772148a/server/extensions/git/dist/askpass-main.js'), ('VSCODE_GIT_ASKPASS_NODE', '/home/orangepi/.vscode-server/cli/servers/Stable-7e7950df89d055b5a378379db9ee14290772148a/server/node'), ('VSCODE_PYTHON_AUTOACTIVATE_GUARD', '1'), ('DBUS_SESSION_BUS_ADDRESS', 'unix:path=/run/user/1000/bus'), ('COLORTERM', 'truecolor'), ('GST_V4L2SRC_MAX_RESOLUTION', '3840x2160'), ('ROS_DISTRO', 'humble'), ('LOGNAME', 'orangepi'), ('_', '/usr/bin/colcon'), ('ROS_VERSION', '2'), ('XDG_SESSION_CLASS', 'user'), ('TERM', 'xterm-256color'), ('GST_GL_API', 'gles2'), ('XDG_SESSION_ID', '6'), ('GST_VIDEO_CONVERT_PREFERRED_FORMAT', 'NV12:NV16:I420:YUY2'), ('GST_V4L2SRC_RK_DEVICES', '_mainpath:_selfpath:_bypass:_scale'), ('ROS_LOCALHOST_ONLY', '0'), ('PATH', '/home/orangepi/Desktop/SparkCar_ROS2_WS/SparkCar_Perception/install/camera_model/bin:/home/orangepi/.local/bin:/home/orangepi/.vscode-server/data/User/globalStorage/github.copilot-chat/debugCommand:/home/orangepi/.vscode-server/data/User/globalStorage/github.copilot-chat/copilotCli:/home/orangepi/.vscode-server/cli/servers/Stable-7e7950df89d055b5a378379db9ee14290772148a/server/bin/remote-cli:/home/orangepi/.local/bin:/opt/ros/humble/bin:/home/orangepi/.local/bin:/usr/local/sbin:/usr/local/bin:/usr/sbin:/usr/bin:/sbin:/bin:/usr/games:/usr/local/games:/snap/bin'), ('XDG_RUNTIME_DIR', '/run/user/1000'), ('GST_GL_PLATFORM', 'egl'), ('GST_DEBUG_NO_COLOR', '1'), ('GST_V4L2SRC_DEFAULT_DEVICE', '/dev/video-camera0'), ('DISPLAY', ':0'), ('LANG', 'en_US.UTF-8'), ('LS_COLORS', 'rs=0:di=01;34:ln=01;36:mh=00:pi=40;33:so=01;35:do=01;35:bd=40;33;01:cd=40;33;01:or=40;31;01:mi=00:su=37;41:sg=30;43:ca=30;41:tw=30;42:ow=34;42:st=37;44:ex=01;32:*.tar=01;31:*.tgz=01;31:*.arc=01;31:*.arj=01;31:*.taz=01;31:*.lha=01;31:*.lz4=01;31:*.lzh=01;31:*.lzma=01;31:*.tlz=01;31:*.txz=01;31:*.tzo=01;31:*.t7z=01;31:*.zip=01;31:*.z=01;31:*.dz=01;31:*.gz=01;31:*.lrz=01;31:*.lz=01;31:*.lzo=01;31:*.xz=01;31:*.zst=01;31:*.tzst=01;31:*.bz2=01;31:*.bz=01;31:*.tbz=01;31:*.tbz2=01;31:*.tz=01;31:*.deb=01;31:*.rpm=01;31:*.jar=01;31:*.war=01;31:*.ear=01;31:*.sar=01;31:*.rar=01;31:*.alz=01;31:*.ace=01;31:*.zoo=01;31:*.cpio=01;31:*.7z=01;31:*.rz=01;31:*.cab=01;31:*.wim=01;31:*.swm=01;31:*.dwm=01;31:*.esd=01;31:*.jpg=01;35:*.jpeg=01;35:*.mjpg=01;35:*.mjpeg=01;35:*.gif=01;35:*.bmp=01;35:*.pbm=01;35:*.pgm=01;35:*.ppm=01;35:*.tga=01;35:*.xbm=01;35:*.xpm=01;35:*.tif=01;35:*.tiff=01;35:*.png=01;35:*.svg=01;35:*.svgz=01;35:*.mng=01;35:*.pcx=01;35:*.mov=01;35:*.mpg=01;35:*.mpeg=01;35:*.m2v=01;35:*.mkv=01;35:*.webm=01;35:*.webp=01;35:*.ogm=01;35:*.mp4=01;35:*.m4v=01;35:*.mp4v=01;35:*.vob=01;35:*.qt=01;35:*.nuv=01;35:*.wmv=01;35:*.asf=01;35:*.rm=01;35:*.rmvb=01;35:*.flc=01;35:*.avi=01;35:*.fli=01;35:*.flv=01;35:*.gl=01;35:*.dl=01;35:*.xcf=01;35:*.xwd=01;35:*.yuv=01;35:*.cgm=01;35:*.emf=01;35:*.ogv=01;35:*.ogx=01;35:*.aac=00;36:*.au=00;36:*.flac=00;36:*.m4a=00;36:*.mid=00;36:*.midi=00;36:*.mka=00;36:*.mp3=00;36:*.mpc=00;36:*.ogg=00;36:*.ra=00;36:*.wav=00;36:*.oga=00;36:*.opus=00;36:*.spx=00;36:*.xspf=00;36:'), ('VSCODE_GIT_IPC_HANDLE', '/run/user/1000/vscode-git-3d806f3df3.sock'), ('TERM_PROGRAM', 'vscode'), ('GST_V4L2_USE_LIBV4L2', '1'), ('UMS_SIZE', '256M'), ('AMENT_PREFIX_PATH', '/home/orangepi/Desktop/SparkCar_ROS2_WS/SparkCar_Perception/install/camera_model:/opt/ros/humble'), ('LC_MESSAGES', 'en_US.UTF-8'), ('SHELL', '/bin/bash'), ('UMS_RO', '0'), ('LESSCLOSE', '/usr/bin/lesspipe %s %s'), ('UMS_FSTYPE', 'vfat'), ('VSCODE_GIT_ASKPASS_EXTRA_ARGS', ''), ('PWD', '/home/orangepi/Desktop/SparkCar_ROS2_WS/SparkCar_Perception/build/vins_estimator'), ('LC_ALL', 'en_US.UTF-8'), ('COPILOT_DEBUG_NONCE', 'eea91dafbd2eb1b0ec653fb18529b126'), ('SSH_CONNECTION', '192.168.110.167 61328 192.168.110.159 22'), ('XDG_DATA_DIRS', '/usr/share/gnome:/usr/local/share:/usr/share:/var/lib/snapd/desktop'), ('PYTHONPATH', '/opt/ros/humble/lib/python3.10/site-packages:/opt/ros/humble/local/lib/python3.10/dist-packages'), ('UMS_MOUNT', '0'), ('COLCON', '1'), ('UMS_FILE', '/userdata/ums_shared.img'), ('CMAKE_PREFIX_PATH', '/home/orangepi/Desktop/SparkCar_ROS2_WS/SparkCar_Perception/install/camera_model:/opt/ros/humble')]), 'shell': False}
[89.371758] (-) TimerEvent: {}
[89.469681] (feature_tracker) StdoutLine: {'line': b'-- The C compiler identification is GNU 11.4.0\n'}
[89.471795] (-) TimerEvent: {}
[89.482100] (vins_estimator) StdoutLine: {'line': b'-- The C compiler identification is GNU 11.4.0\n'}
[89.482893] (pose_graph) StdoutLine: {'line': b'-- The C compiler identification is GNU 11.4.0\n'}
[89.487157] (ar_demo) StdoutLine: {'line': b'-- The C compiler identification is GNU 11.4.0\n'}
[89.572061] (-) TimerEvent: {}
[89.573402] (feature_tracker) StdoutLine: {'line': b'-- The CXX compiler identification is GNU 11.4.0\n'}
[89.582710] (feature_tracker) StdoutLine: {'line': b'-- Detecting C compiler ABI info\n'}
[89.633131] (ar_demo) StdoutLine: {'line': b'-- The CXX compiler identification is GNU 11.4.0\n'}
[89.637559] (pose_graph) StdoutLine: {'line': b'-- The CXX compiler identification is GNU 11.4.0\n'}
[89.638344] (vins_estimator) StdoutLine: {'line': b'-- The CXX compiler identification is GNU 11.4.0\n'}
[89.642639] (ar_demo) StdoutLine: {'line': b'-- Detecting C compiler ABI info\n'}
[89.648675] (pose_graph) StdoutLine: {'line': b'-- Detecting C compiler ABI info\n'}
[89.661043] (vins_estimator) StdoutLine: {'line': b'-- Detecting C compiler ABI info\n'}
[89.672299] (-) TimerEvent: {}
[89.731108] (feature_tracker) StdoutLine: {'line': b'-- Detecting C compiler ABI info - done\n'}
[89.753792] (feature_tracker) StdoutLine: {'line': b'-- Check for working C compiler: /usr/bin/cc - skipped\n'}
[89.754551] (feature_tracker) StdoutLine: {'line': b'-- Detecting C compile features\n'}
[89.755254] (feature_tracker) StdoutLine: {'line': b'-- Detecting C compile features - done\n'}
[89.758640] (feature_tracker) StdoutLine: {'line': b'-- Detecting CXX compiler ABI info\n'}
[89.772601] (-) TimerEvent: {}
[89.793119] (ar_demo) StdoutLine: {'line': b'-- Detecting C compiler ABI info - done\n'}
[89.804560] (ar_demo) StdoutLine: {'line': b'-- Check for working C compiler: /usr/bin/cc - skipped\n'}
[89.809452] (ar_demo) StdoutLine: {'line': b'-- Detecting C compile features\n'}
[89.810276] (ar_demo) StdoutLine: {'line': b'-- Detecting C compile features - done\n'}
[89.810922] (ar_demo) StdoutLine: {'line': b'-- Detecting CXX compiler ABI info\n'}
[89.821849] (pose_graph) StdoutLine: {'line': b'-- Detecting C compiler ABI info - done\n'}
[89.832329] (pose_graph) StdoutLine: {'line': b'-- Check for working C compiler: /usr/bin/cc - skipped\n'}
[89.832860] (pose_graph) StdoutLine: {'line': b'-- Detecting C compile features\n'}
[89.833185] (pose_graph) StdoutLine: {'line': b'-- Detecting C compile features - done\n'}
[89.838617] (pose_graph) StdoutLine: {'line': b'-- Detecting CXX compiler ABI info\n'}
[89.872692] (-) TimerEvent: {}
[89.887140] (vins_estimator) StdoutLine: {'line': b'-- Detecting C compiler ABI info - done\n'}
[89.925599] (feature_tracker) StdoutLine: {'line': b'-- Detecting CXX compiler ABI info - done\n'}
[89.925918] (vins_estimator) StdoutLine: {'line': b'-- Check for working C compiler: /usr/bin/cc - skipped\n'}
[89.926613] (vins_estimator) StdoutLine: {'line': b'-- Detecting C compile features\n'}
[89.928361] (vins_estimator) StdoutLine: {'line': b'-- Detecting C compile features - done\n'}
[89.935066] (vins_estimator) StdoutLine: {'line': b'-- Detecting CXX compiler ABI info\n'}
[89.965197] (feature_tracker) StdoutLine: {'line': b'-- Check for working CXX compiler: /usr/bin/c++ - skipped\n'}
[89.966040] (feature_tracker) StdoutLine: {'line': b'-- Detecting CXX compile features\n'}
[89.967923] (feature_tracker) StdoutLine: {'line': b'-- Detecting CXX compile features - done\n'}
[89.971331] (feature_tracker) StdoutLine: {'line': b'-- Found ament_cmake: 1.3.14 (/opt/ros/humble/share/ament_cmake/cmake)\n'}
[89.972740] (-) TimerEvent: {}
[90.030576] (ar_demo) StdoutLine: {'line': b'-- Detecting CXX compiler ABI info - done\n'}
[90.042116] (ar_demo) StdoutLine: {'line': b'-- Check for working CXX compiler: /usr/bin/c++ - skipped\n'}
[90.042501] (ar_demo) StdoutLine: {'line': b'-- Detecting CXX compile features\n'}
[90.042995] (ar_demo) StdoutLine: {'line': b'-- Detecting CXX compile features - done\n'}
[90.046096] (ar_demo) StdoutLine: {'line': b'-- Found ament_cmake: 1.3.14 (/opt/ros/humble/share/ament_cmake/cmake)\n'}
[90.050267] (pose_graph) StdoutLine: {'line': b'-- Detecting CXX compiler ABI info - done\n'}
[90.072946] (-) TimerEvent: {}
[90.091580] (pose_graph) StdoutLine: {'line': b'-- Check for working CXX compiler: /usr/bin/c++ - skipped\n'}
[90.092750] (pose_graph) StdoutLine: {'line': b'-- Detecting CXX compile features\n'}
[90.094821] (pose_graph) StdoutLine: {'line': b'-- Detecting CXX compile features - done\n'}
[90.103665] (pose_graph) StdoutLine: {'line': b'-- Found ament_cmake: 1.3.14 (/opt/ros/humble/share/ament_cmake/cmake)\n'}
[90.144655] (vins_estimator) StdoutLine: {'line': b'-- Detecting CXX compiler ABI info - done\n'}
[90.173170] (-) TimerEvent: {}
[90.184892] (vins_estimator) StdoutLine: {'line': b'-- Check for working CXX compiler: /usr/bin/c++ - skipped\n'}
[90.185862] (vins_estimator) StdoutLine: {'line': b'-- Detecting CXX compile features\n'}
[90.188141] (vins_estimator) StdoutLine: {'line': b'-- Detecting CXX compile features - done\n'}
[90.191589] (vins_estimator) StdoutLine: {'line': b'-- Found ament_cmake: 1.3.14 (/opt/ros/humble/share/ament_cmake/cmake)\n'}
[90.273456] (-) TimerEvent: {}
[90.286372] (feature_tracker) StdoutLine: {'line': b'-- Found Python3: /usr/bin/python3 (found version "3.10.12") found components: Interpreter \n'}
[90.321695] (ar_demo) StdoutLine: {'line': b'-- Found Python3: /usr/bin/python3 (found version "3.10.12") found components: Interpreter \n'}
[90.373656] (-) TimerEvent: {}
[90.417823] (pose_graph) StdoutLine: {'line': b'-- Found Python3: /usr/bin/python3 (found version "3.10.12") found components: Interpreter \n'}
[90.427671] (feature_tracker) StdoutLine: {'line': b'-- Override CMake install command with custom implementation using symlinks instead of copying resources\n'}
[90.444855] (ar_demo) StdoutLine: {'line': b'-- Override CMake install command with custom implementation using symlinks instead of copying resources\n'}
[90.473742] (-) TimerEvent: {}
[90.474300] (ar_demo) StdoutLine: {'line': b'-- Found rclcpp: 16.0.19 (/opt/ros/humble/share/rclcpp/cmake)\n'}
[90.488810] (feature_tracker) StdoutLine: {'line': b'-- Found rclcpp: 16.0.19 (/opt/ros/humble/share/rclcpp/cmake)\n'}
[90.500301] (vins_estimator) StdoutLine: {'line': b'-- Found Python3: /usr/bin/python3 (found version "3.10.12") found components: Interpreter \n'}
[90.527844] (ar_demo) StdoutLine: {'line': b'-- Found rosidl_generator_c: 3.1.9 (/opt/ros/humble/share/rosidl_generator_c/cmake)\n'}
[90.533530] (ar_demo) StdoutLine: {'line': b'-- Found rosidl_adapter: 3.1.9 (/opt/ros/humble/share/rosidl_adapter/cmake)\n'}
[90.535542] (pose_graph) StdoutLine: {'line': b'-- Override CMake install command with custom implementation using symlinks instead of copying resources\n'}
[90.541222] (feature_tracker) StdoutLine: {'line': b'-- Found rosidl_generator_c: 3.1.9 (/opt/ros/humble/share/rosidl_generator_c/cmake)\n'}
[90.543943] (ar_demo) StdoutLine: {'line': b'-- Found rosidl_generator_cpp: 3.1.9 (/opt/ros/humble/share/rosidl_generator_cpp/cmake)\n'}
[90.546876] (feature_tracker) StdoutLine: {'line': b'-- Found rosidl_adapter: 3.1.9 (/opt/ros/humble/share/rosidl_adapter/cmake)\n'}
[90.558043] (feature_tracker) StdoutLine: {'line': b'-- Found rosidl_generator_cpp: 3.1.9 (/opt/ros/humble/share/rosidl_generator_cpp/cmake)\n'}
[90.560100] (ar_demo) StdoutLine: {'line': b'-- Using all available rosidl_typesupport_c: rosidl_typesupport_fastrtps_c;rosidl_typesupport_introspection_c\n'}
[90.573883] (feature_tracker) StdoutLine: {'line': b'-- Using all available rosidl_typesupport_c: rosidl_typesupport_fastrtps_c;rosidl_typesupport_introspection_c\n'}
[90.574507] (-) TimerEvent: {}
[90.581349] (ar_demo) StdoutLine: {'line': b'-- Using all available rosidl_typesupport_cpp: rosidl_typesupport_fastrtps_cpp;rosidl_typesupport_introspection_cpp\n'}
[90.594534] (pose_graph) StdoutLine: {'line': b'-- Found rclcpp: 16.0.19 (/opt/ros/humble/share/rclcpp/cmake)\n'}
[90.595724] (feature_tracker) StdoutLine: {'line': b'-- Using all available rosidl_typesupport_cpp: rosidl_typesupport_fastrtps_cpp;rosidl_typesupport_introspection_cpp\n'}
[90.612993] (vins_estimator) StdoutLine: {'line': b'-- Override CMake install command with custom implementation using symlinks instead of copying resources\n'}
[90.637249] (ar_demo) StdoutLine: {'line': b'-- Found rmw_implementation_cmake: 6.1.2 (/opt/ros/humble/share/rmw_implementation_cmake/cmake)\n'}
[90.639896] (ar_demo) StdoutLine: {'line': b'-- Found rmw_fastrtps_cpp: 6.2.10 (/opt/ros/humble/share/rmw_fastrtps_cpp/cmake)\n'}
[90.642509] (pose_graph) StdoutLine: {'line': b'-- Found rosidl_generator_c: 3.1.9 (/opt/ros/humble/share/rosidl_generator_c/cmake)\n'}
[90.647744] (pose_graph) StdoutLine: {'line': b'-- Found rosidl_adapter: 3.1.9 (/opt/ros/humble/share/rosidl_adapter/cmake)\n'}
[90.651005] (feature_tracker) StdoutLine: {'line': b'-- Found rmw_implementation_cmake: 6.1.2 (/opt/ros/humble/share/rmw_implementation_cmake/cmake)\n'}
[90.653748] (feature_tracker) StdoutLine: {'line': b'-- Found rmw_fastrtps_cpp: 6.2.10 (/opt/ros/humble/share/rmw_fastrtps_cpp/cmake)\n'}
[90.657669] (pose_graph) StdoutLine: {'line': b'-- Found rosidl_generator_cpp: 3.1.9 (/opt/ros/humble/share/rosidl_generator_cpp/cmake)\n'}
[90.673153] (vins_estimator) StdoutLine: {'line': b'-- Found rclcpp: 16.0.19 (/opt/ros/humble/share/rclcpp/cmake)\n'}
[90.674140] (pose_graph) StdoutLine: {'line': b'-- Using all available rosidl_typesupport_c: rosidl_typesupport_fastrtps_c;rosidl_typesupport_introspection_c\n'}
[90.674595] (-) TimerEvent: {}
[90.695104] (pose_graph) StdoutLine: {'line': b'-- Using all available rosidl_typesupport_cpp: rosidl_typesupport_fastrtps_cpp;rosidl_typesupport_introspection_cpp\n'}
[90.724138] (vins_estimator) StdoutLine: {'line': b'-- Found rosidl_generator_c: 3.1.9 (/opt/ros/humble/share/rosidl_generator_c/cmake)\n'}
[90.729882] (vins_estimator) StdoutLine: {'line': b'-- Found rosidl_adapter: 3.1.9 (/opt/ros/humble/share/rosidl_adapter/cmake)\n'}
[90.741096] (vins_estimator) StdoutLine: {'line': b'-- Found rosidl_generator_cpp: 3.1.9 (/opt/ros/humble/share/rosidl_generator_cpp/cmake)\n'}
[90.755606] (pose_graph) StdoutLine: {'line': b'-- Found rmw_implementation_cmake: 6.1.2 (/opt/ros/humble/share/rmw_implementation_cmake/cmake)\n'}
[90.757529] (vins_estimator) StdoutLine: {'line': b'-- Using all available rosidl_typesupport_c: rosidl_typesupport_fastrtps_c;rosidl_typesupport_introspection_c\n'}
[90.758315] (pose_graph) StdoutLine: {'line': b'-- Found rmw_fastrtps_cpp: 6.2.10 (/opt/ros/humble/share/rmw_fastrtps_cpp/cmake)\n'}
[90.774959] (-) TimerEvent: {}
[90.780389] (vins_estimator) StdoutLine: {'line': b'-- Using all available rosidl_typesupport_cpp: rosidl_typesupport_fastrtps_cpp;rosidl_typesupport_introspection_cpp\n'}
[90.818650] (ar_demo) StdoutLine: {'line': b'-- Found OpenSSL: /usr/lib/aarch64-linux-gnu/libcrypto.so (found version "3.0.2")  \n'}
[90.825576] (feature_tracker) StdoutLine: {'line': b'-- Found OpenSSL: /usr/lib/aarch64-linux-gnu/libcrypto.so (found version "3.0.2")  \n'}
[90.841021] (vins_estimator) StdoutLine: {'line': b'-- Found rmw_implementation_cmake: 6.1.2 (/opt/ros/humble/share/rmw_implementation_cmake/cmake)\n'}
[90.844291] (vins_estimator) StdoutLine: {'line': b'-- Found rmw_fastrtps_cpp: 6.2.10 (/opt/ros/humble/share/rmw_fastrtps_cpp/cmake)\n'}
[90.871532] (ar_demo) StdoutLine: {'line': b'-- Found FastRTPS: /opt/ros/humble/include  \n'}
[90.875108] (-) TimerEvent: {}
[90.876100] (feature_tracker) StdoutLine: {'line': b'-- Found FastRTPS: /opt/ros/humble/include  \n'}
[90.944874] (ar_demo) StdoutLine: {'line': b"-- Using RMW implementation 'rmw_fastrtps_cpp' as default\n"}
[90.946967] (pose_graph) StdoutLine: {'line': b'-- Found OpenSSL: /usr/lib/aarch64-linux-gnu/libcrypto.so (found version "3.0.2")  \n'}
[90.951815] (feature_tracker) StdoutLine: {'line': b"-- Using RMW implementation 'rmw_fastrtps_cpp' as default\n"}
[90.955645] (ar_demo) StdoutLine: {'line': b'-- Looking for pthread.h\n'}
[90.961984] (feature_tracker) StdoutLine: {'line': b'-- Looking for pthread.h\n'}
[90.975466] (-) TimerEvent: {}
[91.004411] (pose_graph) StdoutLine: {'line': b'-- Found FastRTPS: /opt/ros/humble/include  \n'}
[91.035036] (vins_estimator) StdoutLine: {'line': b'-- Found OpenSSL: /usr/lib/aarch64-linux-gnu/libcrypto.so (found version "3.0.2")  \n'}
[91.075761] (-) TimerEvent: {}
[91.079095] (pose_graph) StdoutLine: {'line': b"-- Using RMW implementation 'rmw_fastrtps_cpp' as default\n"}
[91.092242] (vins_estimator) StdoutLine: {'line': b'-- Found FastRTPS: /opt/ros/humble/include  \n'}
[91.093087] (pose_graph) StdoutLine: {'line': b'-- Looking for pthread.h\n'}
[91.163277] (ar_demo) StdoutLine: {'line': b'-- Looking for pthread.h - found\n'}
[91.163891] (ar_demo) StdoutLine: {'line': b'-- Performing Test CMAKE_HAVE_LIBC_PTHREAD\n'}
[91.172924] (vins_estimator) StdoutLine: {'line': b"-- Using RMW implementation 'rmw_fastrtps_cpp' as default\n"}
[91.175857] (-) TimerEvent: {}
[91.178355] (feature_tracker) StdoutLine: {'line': b'-- Looking for pthread.h - found\n'}
[91.178895] (feature_tracker) StdoutLine: {'line': b'-- Performing Test CMAKE_HAVE_LIBC_PTHREAD\n'}
[91.182964] (vins_estimator) StdoutLine: {'line': b'-- Looking for pthread.h\n'}
[91.276141] (-) TimerEvent: {}
[91.314599] (pose_graph) StdoutLine: {'line': b'-- Looking for pthread.h - found\n'}
[91.315509] (pose_graph) StdoutLine: {'line': b'-- Performing Test CMAKE_HAVE_LIBC_PTHREAD\n'}
[91.319776] (vins_estimator) StdoutLine: {'line': b'-- Looking for pthread.h - found\n'}
[91.321108] (vins_estimator) StdoutLine: {'line': b'-- Performing Test CMAKE_HAVE_LIBC_PTHREAD\n'}
[91.348669] (feature_tracker) StdoutLine: {'line': b'-- Performing Test CMAKE_HAVE_LIBC_PTHREAD - Success\n'}
[91.350372] (feature_tracker) StdoutLine: {'line': b'-- Found Threads: TRUE  \n'}
[91.359943] (ar_demo) StdoutLine: {'line': b'-- Performing Test CMAKE_HAVE_LIBC_PTHREAD - Success\n'}
[91.364019] (ar_demo) StdoutLine: {'line': b'-- Found Threads: TRUE  \n'}
[91.376272] (-) TimerEvent: {}
[91.431078] (feature_tracker) StdoutLine: {'line': b'-- Found sensor_msgs: 4.9.1 (/opt/ros/humble/share/sensor_msgs/cmake)\n'}
[91.470821] (ar_demo) StdoutLine: {'line': b'-- Found image_transport: 3.1.13 (/opt/ros/humble/share/image_transport/cmake)\n'}
[91.476440] (-) TimerEvent: {}
[91.477368] (feature_tracker) StdoutLine: {'line': b'-- Found cv_bridge: 3.2.1 (/opt/ros/humble/share/cv_bridge/cmake)\n'}
[91.495832] (feature_tracker) StdoutLine: {'line': b'-- Found camera_model: 0.0.0 (/home/orangepi/Desktop/SparkCar_ROS2_WS/SparkCar_Perception/install/camera_model/share/camera_model/cmake)\n'}
[91.501244] (feature_tracker) StdoutLine: {'line': b'-- Found image_transport: 3.1.13 (/opt/ros/humble/share/image_transport/cmake)\n'}
[91.520737] (vins_estimator) StdoutLine: {'line': b'-- Performing Test CMAKE_HAVE_LIBC_PTHREAD - Success\n'}
[91.523129] (vins_estimator) StdoutLine: {'line': b'-- Found Threads: TRUE  \n'}
[91.547977] (pose_graph) StdoutLine: {'line': b'-- Performing Test CMAKE_HAVE_LIBC_PTHREAD - Success\n'}
[91.552421] (feature_tracker) StdoutLine: {'line': b'-- Found OpenCV: /usr (found suitable version "4.5.4", minimum required is "4") \n'}
[91.553364] (pose_graph) StdoutLine: {'line': b'-- Found Threads: TRUE  \n'}
[91.562229] (ar_demo) StdoutLine: {'line': b'-- Found cv_bridge: 3.2.1 (/opt/ros/humble/share/cv_bridge/cmake)\n'}
[91.576792] (-) TimerEvent: {}
[91.578114] (ar_demo) StdoutLine: {'line': b'-- Found camera_model: 0.0.0 (/home/orangepi/Desktop/SparkCar_ROS2_WS/SparkCar_Perception/install/camera_model/share/camera_model/cmake)\n'}
[91.588055] (ar_demo) StdoutLine: {'line': b'-- Found OpenCV: /usr (found suitable version "4.5.4", minimum required is "4") \n'}
[91.589867] (ar_demo) StdoutLine: {'line': b'-- Found visualization_msgs: 4.9.1 (/opt/ros/humble/share/visualization_msgs/cmake)\n'}
[91.611187] (vins_estimator) StdoutLine: {'line': b'-- Found sensor_msgs: 4.9.1 (/opt/ros/humble/share/sensor_msgs/cmake)\n'}
[91.623949] (ar_demo) StdoutLine: {'line': b'-- Found nav_msgs: 4.9.1 (/opt/ros/humble/share/nav_msgs/cmake)\n'}
[91.660090] (vins_estimator) StdoutLine: {'line': b'-- Found visualization_msgs: 4.9.1 (/opt/ros/humble/share/visualization_msgs/cmake)\n'}
[91.672256] (pose_graph) StdoutLine: {'line': b'-- Found nav_msgs: 4.9.1 (/opt/ros/humble/share/nav_msgs/cmake)\n'}
[91.677163] (-) TimerEvent: {}
[91.694895] (vins_estimator) StdoutLine: {'line': b'-- Found nav_msgs: 4.9.1 (/opt/ros/humble/share/nav_msgs/cmake)\n'}
[91.723929] (feature_tracker) StdoutLine: {'line': b'-- Configuring done\n'}
[91.724912] (vins_estimator) StdoutLine: {'line': b'-- Found tf2: 0.25.20 (/opt/ros/humble/share/tf2/cmake)\n'}
[91.725606] (pose_graph) StdoutLine: {'line': b'-- Found sensor_msgs: 4.9.1 (/opt/ros/humble/share/sensor_msgs/cmake)\n'}
[91.741275] (vins_estimator) StdoutLine: {'line': b'-- Found tf2_ros: 0.25.20 (/opt/ros/humble/share/tf2_ros/cmake)\n'}
[91.754572] (feature_tracker) StdoutLine: {'line': b'-- Generating done\n'}
[91.756034] (pose_graph) StdoutLine: {'line': b'-- Found visualization_msgs: 4.9.1 (/opt/ros/humble/share/visualization_msgs/cmake)\n'}
[91.762788] (feature_tracker) StdoutLine: {'line': b'-- Build files have been written to: /home/orangepi/Desktop/SparkCar_ROS2_WS/SparkCar_Perception/build/feature_tracker\n'}
[91.777428] (-) TimerEvent: {}
[91.783717] (feature_tracker) CommandEnded: {'returncode': 0}
[91.786363] (feature_tracker) JobProgress: {'identifier': 'feature_tracker', 'progress': 'build'}
[91.787175] (feature_tracker) Command: {'cmd': ['/usr/bin/cmake', '--build', '/home/orangepi/Desktop/SparkCar_ROS2_WS/SparkCar_Perception/build/feature_tracker', '--', '-j8', '-l8'], 'cwd': '/home/orangepi/Desktop/SparkCar_ROS2_WS/SparkCar_Perception/build/feature_tracker', 'env': OrderedDict([('LESSOPEN', '| /usr/bin/lesspipe %s'), ('UMS_MOUNTPOINT', '/mnt/ums'), ('GST_V4L2_PREFERRED_FOURCC', 'NV12:YU12:NV16:YUY2'), ('LANGUAGE', 'en_US.UTF-8'), ('USER', 'orangepi'), ('SSH_CLIENT', '192.168.110.167 61328 22'), ('XDG_SESSION_TYPE', 'tty'), ('GIT_ASKPASS', '/home/orangepi/.vscode-server/cli/servers/Stable-7e7950df89d055b5a378379db9ee14290772148a/server/extensions/git/dist/askpass.sh'), ('SHLVL', '1'), ('USB_FUNCS', 'adb'), ('LD_LIBRARY_PATH', '/home/orangepi/Desktop/SparkCar_ROS2_WS/SparkCar_Perception/install/camera_model/lib:/opt/ros/humble/opt/rviz_ogre_vendor/lib:/opt/ros/humble/lib/aarch64-linux-gnu:/opt/ros/humble/lib'), ('BROWSER', '/home/orangepi/.vscode-server/cli/servers/Stable-7e7950df89d055b5a378379db9ee14290772148a/server/bin/helpers/browser.sh'), ('MOTD_SHOWN', 'pam'), ('HOME', '/home/orangepi'), ('OLDPWD', '/home/orangepi/Desktop/SparkCar_ROS2_WS/SparkCar_Perception'), ('TERM_PROGRAM_VERSION', '1.126.0'), ('VSCODE_IPC_HOOK_CLI', '/run/user/1000/vscode-ipc-8f68b4a7-073c-40b4-bfba-8c77c4821cfd.sock'), ('GST_INSPECT_NO_COLORS', '1'), ('GST_MPP_NO_RGA', '1'), ('ROS_PYTHON_VERSION', '3'), ('COGL_DRIVER', 'gles2'), ('VSCODE_GIT_ASKPASS_MAIN', '/home/orangepi/.vscode-server/cli/servers/Stable-7e7950df89d055b5a378379db9ee14290772148a/server/extensions/git/dist/askpass-main.js'), ('VSCODE_GIT_ASKPASS_NODE', '/home/orangepi/.vscode-server/cli/servers/Stable-7e7950df89d055b5a378379db9ee14290772148a/server/node'), ('VSCODE_PYTHON_AUTOACTIVATE_GUARD', '1'), ('DBUS_SESSION_BUS_ADDRESS', 'unix:path=/run/user/1000/bus'), ('COLORTERM', 'truecolor'), ('GST_V4L2SRC_MAX_RESOLUTION', '3840x2160'), ('ROS_DISTRO', 'humble'), ('LOGNAME', 'orangepi'), ('_', '/usr/bin/colcon'), ('ROS_VERSION', '2'), ('XDG_SESSION_CLASS', 'user'), ('TERM', 'xterm-256color'), ('GST_GL_API', 'gles2'), ('XDG_SESSION_ID', '6'), ('GST_VIDEO_CONVERT_PREFERRED_FORMAT', 'NV12:NV16:I420:YUY2'), ('GST_V4L2SRC_RK_DEVICES', '_mainpath:_selfpath:_bypass:_scale'), ('ROS_LOCALHOST_ONLY', '0'), ('PATH', '/home/orangepi/Desktop/SparkCar_ROS2_WS/SparkCar_Perception/install/camera_model/bin:/home/orangepi/.local/bin:/home/orangepi/.vscode-server/data/User/globalStorage/github.copilot-chat/debugCommand:/home/orangepi/.vscode-server/data/User/globalStorage/github.copilot-chat/copilotCli:/home/orangepi/.vscode-server/cli/servers/Stable-7e7950df89d055b5a378379db9ee14290772148a/server/bin/remote-cli:/home/orangepi/.local/bin:/opt/ros/humble/bin:/home/orangepi/.local/bin:/usr/local/sbin:/usr/local/bin:/usr/sbin:/usr/bin:/sbin:/bin:/usr/games:/usr/local/games:/snap/bin'), ('XDG_RUNTIME_DIR', '/run/user/1000'), ('GST_GL_PLATFORM', 'egl'), ('GST_DEBUG_NO_COLOR', '1'), ('GST_V4L2SRC_DEFAULT_DEVICE', '/dev/video-camera0'), ('DISPLAY', ':0'), ('LANG', 'en_US.UTF-8'), ('LS_COLORS', 'rs=0:di=01;34:ln=01;36:mh=00:pi=40;33:so=01;35:do=01;35:bd=40;33;01:cd=40;33;01:or=40;31;01:mi=00:su=37;41:sg=30;43:ca=30;41:tw=30;42:ow=34;42:st=37;44:ex=01;32:*.tar=01;31:*.tgz=01;31:*.arc=01;31:*.arj=01;31:*.taz=01;31:*.lha=01;31:*.lz4=01;31:*.lzh=01;31:*.lzma=01;31:*.tlz=01;31:*.txz=01;31:*.tzo=01;31:*.t7z=01;31:*.zip=01;31:*.z=01;31:*.dz=01;31:*.gz=01;31:*.lrz=01;31:*.lz=01;31:*.lzo=01;31:*.xz=01;31:*.zst=01;31:*.tzst=01;31:*.bz2=01;31:*.bz=01;31:*.tbz=01;31:*.tbz2=01;31:*.tz=01;31:*.deb=01;31:*.rpm=01;31:*.jar=01;31:*.war=01;31:*.ear=01;31:*.sar=01;31:*.rar=01;31:*.alz=01;31:*.ace=01;31:*.zoo=01;31:*.cpio=01;31:*.7z=01;31:*.rz=01;31:*.cab=01;31:*.wim=01;31:*.swm=01;31:*.dwm=01;31:*.esd=01;31:*.jpg=01;35:*.jpeg=01;35:*.mjpg=01;35:*.mjpeg=01;35:*.gif=01;35:*.bmp=01;35:*.pbm=01;35:*.pgm=01;35:*.ppm=01;35:*.tga=01;35:*.xbm=01;35:*.xpm=01;35:*.tif=01;35:*.tiff=01;35:*.png=01;35:*.svg=01;35:*.svgz=01;35:*.mng=01;35:*.pcx=01;35:*.mov=01;35:*.mpg=01;35:*.mpeg=01;35:*.m2v=01;35:*.mkv=01;35:*.webm=01;35:*.webp=01;35:*.ogm=01;35:*.mp4=01;35:*.m4v=01;35:*.mp4v=01;35:*.vob=01;35:*.qt=01;35:*.nuv=01;35:*.wmv=01;35:*.asf=01;35:*.rm=01;35:*.rmvb=01;35:*.flc=01;35:*.avi=01;35:*.fli=01;35:*.flv=01;35:*.gl=01;35:*.dl=01;35:*.xcf=01;35:*.xwd=01;35:*.yuv=01;35:*.cgm=01;35:*.emf=01;35:*.ogv=01;35:*.ogx=01;35:*.aac=00;36:*.au=00;36:*.flac=00;36:*.m4a=00;36:*.mid=00;36:*.midi=00;36:*.mka=00;36:*.mp3=00;36:*.mpc=00;36:*.ogg=00;36:*.ra=00;36:*.wav=00;36:*.oga=00;36:*.opus=00;36:*.spx=00;36:*.xspf=00;36:'), ('VSCODE_GIT_IPC_HANDLE', '/run/user/1000/vscode-git-3d806f3df3.sock'), ('TERM_PROGRAM', 'vscode'), ('GST_V4L2_USE_LIBV4L2', '1'), ('UMS_SIZE', '256M'), ('AMENT_PREFIX_PATH', '/home/orangepi/Desktop/SparkCar_ROS2_WS/SparkCar_Perception/install/camera_model:/opt/ros/humble'), ('LC_MESSAGES', 'en_US.UTF-8'), ('SHELL', '/bin/bash'), ('UMS_RO', '0'), ('LESSCLOSE', '/usr/bin/lesspipe %s %s'), ('UMS_FSTYPE', 'vfat'), ('VSCODE_GIT_ASKPASS_EXTRA_ARGS', ''), ('PWD', '/home/orangepi/Desktop/SparkCar_ROS2_WS/SparkCar_Perception/build/feature_tracker'), ('LC_ALL', 'en_US.UTF-8'), ('COPILOT_DEBUG_NONCE', 'eea91dafbd2eb1b0ec653fb18529b126'), ('SSH_CONNECTION', '192.168.110.167 61328 192.168.110.159 22'), ('XDG_DATA_DIRS', '/usr/share/gnome:/usr/local/share:/usr/share:/var/lib/snapd/desktop'), ('PYTHONPATH', '/opt/ros/humble/lib/python3.10/site-packages:/opt/ros/humble/local/lib/python3.10/dist-packages'), ('UMS_MOUNT', '0'), ('COLCON', '1'), ('UMS_FILE', '/userdata/ums_shared.img'), ('CMAKE_PREFIX_PATH', '/home/orangepi/Desktop/SparkCar_ROS2_WS/SparkCar_Perception/install/camera_model:/opt/ros/humble')]), 'shell': False}
[91.789581] (pose_graph) StdoutLine: {'line': b'-- Found cv_bridge: 3.2.1 (/opt/ros/humble/share/cv_bridge/cmake)\n'}
[91.798523] (ar_demo) StdoutLine: {'line': b'-- Configuring done\n'}
[91.804482] (pose_graph) StdoutLine: {'line': b'-- Found tf2: 0.25.20 (/opt/ros/humble/share/tf2/cmake)\n'}
[91.816741] (pose_graph) StdoutLine: {'line': b'-- Found tf2_ros: 0.25.20 (/opt/ros/humble/share/tf2_ros/cmake)\n'}
[91.819245] (ar_demo) StdoutLine: {'line': b'-- Generating done\n'}
[91.826486] (ar_demo) StdoutLine: {'line': b'-- Build files have been written to: /home/orangepi/Desktop/SparkCar_ROS2_WS/SparkCar_Perception/build/ar_demo\n'}
[91.849299] (ar_demo) CommandEnded: {'returncode': 0}
[91.852808] (ar_demo) JobProgress: {'identifier': 'ar_demo', 'progress': 'build'}
[91.853214] (ar_demo) Command: {'cmd': ['/usr/bin/cmake', '--build', '/home/orangepi/Desktop/SparkCar_ROS2_WS/SparkCar_Perception/build/ar_demo', '--', '-j8', '-l8'], 'cwd': '/home/orangepi/Desktop/SparkCar_ROS2_WS/SparkCar_Perception/build/ar_demo', 'env': OrderedDict([('LESSOPEN', '| /usr/bin/lesspipe %s'), ('UMS_MOUNTPOINT', '/mnt/ums'), ('GST_V4L2_PREFERRED_FOURCC', 'NV12:YU12:NV16:YUY2'), ('LANGUAGE', 'en_US.UTF-8'), ('USER', 'orangepi'), ('SSH_CLIENT', '192.168.110.167 61328 22'), ('XDG_SESSION_TYPE', 'tty'), ('GIT_ASKPASS', '/home/orangepi/.vscode-server/cli/servers/Stable-7e7950df89d055b5a378379db9ee14290772148a/server/extensions/git/dist/askpass.sh'), ('SHLVL', '1'), ('USB_FUNCS', 'adb'), ('LD_LIBRARY_PATH', '/home/orangepi/Desktop/SparkCar_ROS2_WS/SparkCar_Perception/install/camera_model/lib:/opt/ros/humble/opt/rviz_ogre_vendor/lib:/opt/ros/humble/lib/aarch64-linux-gnu:/opt/ros/humble/lib'), ('BROWSER', '/home/orangepi/.vscode-server/cli/servers/Stable-7e7950df89d055b5a378379db9ee14290772148a/server/bin/helpers/browser.sh'), ('MOTD_SHOWN', 'pam'), ('HOME', '/home/orangepi'), ('OLDPWD', '/home/orangepi/Desktop/SparkCar_ROS2_WS/SparkCar_Perception'), ('TERM_PROGRAM_VERSION', '1.126.0'), ('VSCODE_IPC_HOOK_CLI', '/run/user/1000/vscode-ipc-8f68b4a7-073c-40b4-bfba-8c77c4821cfd.sock'), ('GST_INSPECT_NO_COLORS', '1'), ('GST_MPP_NO_RGA', '1'), ('ROS_PYTHON_VERSION', '3'), ('COGL_DRIVER', 'gles2'), ('VSCODE_GIT_ASKPASS_MAIN', '/home/orangepi/.vscode-server/cli/servers/Stable-7e7950df89d055b5a378379db9ee14290772148a/server/extensions/git/dist/askpass-main.js'), ('VSCODE_GIT_ASKPASS_NODE', '/home/orangepi/.vscode-server/cli/servers/Stable-7e7950df89d055b5a378379db9ee14290772148a/server/node'), ('VSCODE_PYTHON_AUTOACTIVATE_GUARD', '1'), ('DBUS_SESSION_BUS_ADDRESS', 'unix:path=/run/user/1000/bus'), ('COLORTERM', 'truecolor'), ('GST_V4L2SRC_MAX_RESOLUTION', '3840x2160'), ('ROS_DISTRO', 'humble'), ('LOGNAME', 'orangepi'), ('_', '/usr/bin/colcon'), ('ROS_VERSION', '2'), ('XDG_SESSION_CLASS', 'user'), ('TERM', 'xterm-256color'), ('GST_GL_API', 'gles2'), ('XDG_SESSION_ID', '6'), ('GST_VIDEO_CONVERT_PREFERRED_FORMAT', 'NV12:NV16:I420:YUY2'), ('GST_V4L2SRC_RK_DEVICES', '_mainpath:_selfpath:_bypass:_scale'), ('ROS_LOCALHOST_ONLY', '0'), ('PATH', '/home/orangepi/Desktop/SparkCar_ROS2_WS/SparkCar_Perception/install/camera_model/bin:/home/orangepi/.local/bin:/home/orangepi/.vscode-server/data/User/globalStorage/github.copilot-chat/debugCommand:/home/orangepi/.vscode-server/data/User/globalStorage/github.copilot-chat/copilotCli:/home/orangepi/.vscode-server/cli/servers/Stable-7e7950df89d055b5a378379db9ee14290772148a/server/bin/remote-cli:/home/orangepi/.local/bin:/opt/ros/humble/bin:/home/orangepi/.local/bin:/usr/local/sbin:/usr/local/bin:/usr/sbin:/usr/bin:/sbin:/bin:/usr/games:/usr/local/games:/snap/bin'), ('XDG_RUNTIME_DIR', '/run/user/1000'), ('GST_GL_PLATFORM', 'egl'), ('GST_DEBUG_NO_COLOR', '1'), ('GST_V4L2SRC_DEFAULT_DEVICE', '/dev/video-camera0'), ('DISPLAY', ':0'), ('LANG', 'en_US.UTF-8'), ('LS_COLORS', 'rs=0:di=01;34:ln=01;36:mh=00:pi=40;33:so=01;35:do=01;35:bd=40;33;01:cd=40;33;01:or=40;31;01:mi=00:su=37;41:sg=30;43:ca=30;41:tw=30;42:ow=34;42:st=37;44:ex=01;32:*.tar=01;31:*.tgz=01;31:*.arc=01;31:*.arj=01;31:*.taz=01;31:*.lha=01;31:*.lz4=01;31:*.lzh=01;31:*.lzma=01;31:*.tlz=01;31:*.txz=01;31:*.tzo=01;31:*.t7z=01;31:*.zip=01;31:*.z=01;31:*.dz=01;31:*.gz=01;31:*.lrz=01;31:*.lz=01;31:*.lzo=01;31:*.xz=01;31:*.zst=01;31:*.tzst=01;31:*.bz2=01;31:*.bz=01;31:*.tbz=01;31:*.tbz2=01;31:*.tz=01;31:*.deb=01;31:*.rpm=01;31:*.jar=01;31:*.war=01;31:*.ear=01;31:*.sar=01;31:*.rar=01;31:*.alz=01;31:*.ace=01;31:*.zoo=01;31:*.cpio=01;31:*.7z=01;31:*.rz=01;31:*.cab=01;31:*.wim=01;31:*.swm=01;31:*.dwm=01;31:*.esd=01;31:*.jpg=01;35:*.jpeg=01;35:*.mjpg=01;35:*.mjpeg=01;35:*.gif=01;35:*.bmp=01;35:*.pbm=01;35:*.pgm=01;35:*.ppm=01;35:*.tga=01;35:*.xbm=01;35:*.xpm=01;35:*.tif=01;35:*.tiff=01;35:*.png=01;35:*.svg=01;35:*.svgz=01;35:*.mng=01;35:*.pcx=01;35:*.mov=01;35:*.mpg=01;35:*.mpeg=01;35:*.m2v=01;35:*.mkv=01;35:*.webm=01;35:*.webp=01;35:*.ogm=01;35:*.mp4=01;35:*.m4v=01;35:*.mp4v=01;35:*.vob=01;35:*.qt=01;35:*.nuv=01;35:*.wmv=01;35:*.asf=01;35:*.rm=01;35:*.rmvb=01;35:*.flc=01;35:*.avi=01;35:*.fli=01;35:*.flv=01;35:*.gl=01;35:*.dl=01;35:*.xcf=01;35:*.xwd=01;35:*.yuv=01;35:*.cgm=01;35:*.emf=01;35:*.ogv=01;35:*.ogx=01;35:*.aac=00;36:*.au=00;36:*.flac=00;36:*.m4a=00;36:*.mid=00;36:*.midi=00;36:*.mka=00;36:*.mp3=00;36:*.mpc=00;36:*.ogg=00;36:*.ra=00;36:*.wav=00;36:*.oga=00;36:*.opus=00;36:*.spx=00;36:*.xspf=00;36:'), ('VSCODE_GIT_IPC_HANDLE', '/run/user/1000/vscode-git-3d806f3df3.sock'), ('TERM_PROGRAM', 'vscode'), ('GST_V4L2_USE_LIBV4L2', '1'), ('UMS_SIZE', '256M'), ('AMENT_PREFIX_PATH', '/home/orangepi/Desktop/SparkCar_ROS2_WS/SparkCar_Perception/install/camera_model:/opt/ros/humble'), ('LC_MESSAGES', 'en_US.UTF-8'), ('SHELL', '/bin/bash'), ('UMS_RO', '0'), ('LESSCLOSE', '/usr/bin/lesspipe %s %s'), ('UMS_FSTYPE', 'vfat'), ('VSCODE_GIT_ASKPASS_EXTRA_ARGS', ''), ('PWD', '/home/orangepi/Desktop/SparkCar_ROS2_WS/SparkCar_Perception/build/ar_demo'), ('LC_ALL', 'en_US.UTF-8'), ('COPILOT_DEBUG_NONCE', 'eea91dafbd2eb1b0ec653fb18529b126'), ('SSH_CONNECTION', '192.168.110.167 61328 192.168.110.159 22'), ('XDG_DATA_DIRS', '/usr/share/gnome:/usr/local/share:/usr/share:/var/lib/snapd/desktop'), ('PYTHONPATH', '/opt/ros/humble/lib/python3.10/site-packages:/opt/ros/humble/local/lib/python3.10/dist-packages'), ('UMS_MOUNT', '0'), ('COLCON', '1'), ('UMS_FILE', '/userdata/ums_shared.img'), ('CMAKE_PREFIX_PATH', '/home/orangepi/Desktop/SparkCar_ROS2_WS/SparkCar_Perception/install/camera_model:/opt/ros/humble')]), 'shell': False}
[91.870181] (vins_estimator) StdoutLine: {'line': b'-- Found cv_bridge: 3.2.1 (/opt/ros/humble/share/cv_bridge/cmake)\n'}
[91.877709] (-) TimerEvent: {}
[91.884690] (vins_estimator) StdoutLine: {'line': b'-- Found camera_model: 0.0.0 (/home/orangepi/Desktop/SparkCar_ROS2_WS/SparkCar_Perception/install/camera_model/share/camera_model/cmake)\n'}
[91.889041] (vins_estimator) StdoutLine: {'line': b'-- Found image_transport: 3.1.13 (/opt/ros/humble/share/image_transport/cmake)\n'}
[91.921429] (vins_estimator) StdoutLine: {'line': b'-- Found OpenCV: /usr (found suitable version "4.5.4", minimum required is "4") \n'}
[91.935899] (vins_estimator) StdoutLine: {'line': b'-- Found required Ceres dependency: Eigen version 3.4.0 in /usr/include/eigen3\n'}
[91.940267] (feature_tracker) StdoutLine: {'line': b'[ 50%] \x1b[32mBuilding CXX object CMakeFiles/feature_tracker.dir/src/feature_tracker_node.cpp.o\x1b[0m\n'}
[91.941607] (feature_tracker) StdoutLine: {'line': b'[ 50%] \x1b[32mBuilding CXX object CMakeFiles/feature_tracker.dir/src/parameters.cpp.o\x1b[0m\n'}
[91.942756] (vins_estimator) StdoutLine: {'line': b'-- Found required Ceres dependency: glog\n'}
[91.943620] (vins_estimator) StdoutLine: {'line': b'-- Found required Ceres dependency: gflags\n'}
[91.944076] (vins_estimator) StdoutLine: {'line': b'-- Found Ceres version: 2.0.0 installed in: /usr with components: [EigenSparse, SparseLinearAlgebraLibrary, LAPACK, SuiteSparse, CXSparse, SchurSpecializations, Multithreading]\n'}
[91.951661] (pose_graph) StdoutLine: {'line': b'-- Found camera_model: 0.0.0 (/home/orangepi/Desktop/SparkCar_ROS2_WS/SparkCar_Perception/install/camera_model/share/camera_model/cmake)\n'}
[91.959058] (feature_tracker) StdoutLine: {'line': b'[ 75%] \x1b[32mBuilding CXX object CMakeFiles/feature_tracker.dir/src/feature_tracker.cpp.o\x1b[0m\n'}
[91.959651] (pose_graph) StdoutLine: {'line': b'-- Found image_transport: 3.1.13 (/opt/ros/humble/share/image_transport/cmake)\n'}
[91.978043] (-) TimerEvent: {}
[91.996779] (pose_graph) StdoutLine: {'line': b'-- Found OpenCV: /usr (found suitable version "4.5.4", minimum required is "4") \n'}
[92.000161] (ar_demo) StdoutLine: {'line': b'[ 50%] \x1b[32mBuilding CXX object CMakeFiles/ar_demo_node.dir/src/ar_demo_node.cpp.o\x1b[0m\n'}
[92.011430] (pose_graph) StdoutLine: {'line': b'-- Found required Ceres dependency: Eigen version 3.4.0 in /usr/include/eigen3\n'}
[92.016989] (pose_graph) StdoutLine: {'line': b'-- Found required Ceres dependency: glog\n'}
[92.017796] (pose_graph) StdoutLine: {'line': b'-- Found required Ceres dependency: gflags\n'}
[92.018417] (pose_graph) StdoutLine: {'line': b'-- Found Ceres version: 2.0.0 installed in: /usr with components: [EigenSparse, SparseLinearAlgebraLibrary, LAPACK, SuiteSparse, CXSparse, SchurSpecializations, Multithreading]\n'}
[92.078187] (-) TimerEvent: {}
[92.093865] (vins_estimator) StdoutLine: {'line': b'-- Configuring done\n'}
[92.178448] (-) TimerEvent: {}
[92.191589] (vins_estimator) StdoutLine: {'line': b'-- Generating done\n'}
[92.199883] (pose_graph) StdoutLine: {'line': b'-- Configuring done\n'}
[92.221507] (vins_estimator) StdoutLine: {'line': b'-- Build files have been written to: /home/orangepi/Desktop/SparkCar_ROS2_WS/SparkCar_Perception/build/vins_estimator\n'}
[92.278677] (-) TimerEvent: {}
[92.300416] (pose_graph) StdoutLine: {'line': b'-- Generating done\n'}
[92.314584] (vins_estimator) CommandEnded: {'returncode': 0}
[92.319405] (vins_estimator) JobProgress: {'identifier': 'vins_estimator', 'progress': 'build'}
[92.321346] (vins_estimator) Command: {'cmd': ['/usr/bin/cmake', '--build', '/home/orangepi/Desktop/SparkCar_ROS2_WS/SparkCar_Perception/build/vins_estimator', '--', '-j8', '-l8'], 'cwd': '/home/orangepi/Desktop/SparkCar_ROS2_WS/SparkCar_Perception/build/vins_estimator', 'env': OrderedDict([('LESSOPEN', '| /usr/bin/lesspipe %s'), ('UMS_MOUNTPOINT', '/mnt/ums'), ('GST_V4L2_PREFERRED_FOURCC', 'NV12:YU12:NV16:YUY2'), ('LANGUAGE', 'en_US.UTF-8'), ('USER', 'orangepi'), ('SSH_CLIENT', '192.168.110.167 61328 22'), ('XDG_SESSION_TYPE', 'tty'), ('GIT_ASKPASS', '/home/orangepi/.vscode-server/cli/servers/Stable-7e7950df89d055b5a378379db9ee14290772148a/server/extensions/git/dist/askpass.sh'), ('SHLVL', '1'), ('USB_FUNCS', 'adb'), ('LD_LIBRARY_PATH', '/home/orangepi/Desktop/SparkCar_ROS2_WS/SparkCar_Perception/install/camera_model/lib:/opt/ros/humble/opt/rviz_ogre_vendor/lib:/opt/ros/humble/lib/aarch64-linux-gnu:/opt/ros/humble/lib'), ('BROWSER', '/home/orangepi/.vscode-server/cli/servers/Stable-7e7950df89d055b5a378379db9ee14290772148a/server/bin/helpers/browser.sh'), ('MOTD_SHOWN', 'pam'), ('HOME', '/home/orangepi'), ('OLDPWD', '/home/orangepi/Desktop/SparkCar_ROS2_WS/SparkCar_Perception'), ('TERM_PROGRAM_VERSION', '1.126.0'), ('VSCODE_IPC_HOOK_CLI', '/run/user/1000/vscode-ipc-8f68b4a7-073c-40b4-bfba-8c77c4821cfd.sock'), ('GST_INSPECT_NO_COLORS', '1'), ('GST_MPP_NO_RGA', '1'), ('ROS_PYTHON_VERSION', '3'), ('COGL_DRIVER', 'gles2'), ('VSCODE_GIT_ASKPASS_MAIN', '/home/orangepi/.vscode-server/cli/servers/Stable-7e7950df89d055b5a378379db9ee14290772148a/server/extensions/git/dist/askpass-main.js'), ('VSCODE_GIT_ASKPASS_NODE', '/home/orangepi/.vscode-server/cli/servers/Stable-7e7950df89d055b5a378379db9ee14290772148a/server/node'), ('VSCODE_PYTHON_AUTOACTIVATE_GUARD', '1'), ('DBUS_SESSION_BUS_ADDRESS', 'unix:path=/run/user/1000/bus'), ('COLORTERM', 'truecolor'), ('GST_V4L2SRC_MAX_RESOLUTION', '3840x2160'), ('ROS_DISTRO', 'humble'), ('LOGNAME', 'orangepi'), ('_', '/usr/bin/colcon'), ('ROS_VERSION', '2'), ('XDG_SESSION_CLASS', 'user'), ('TERM', 'xterm-256color'), ('GST_GL_API', 'gles2'), ('XDG_SESSION_ID', '6'), ('GST_VIDEO_CONVERT_PREFERRED_FORMAT', 'NV12:NV16:I420:YUY2'), ('GST_V4L2SRC_RK_DEVICES', '_mainpath:_selfpath:_bypass:_scale'), ('ROS_LOCALHOST_ONLY', '0'), ('PATH', '/home/orangepi/Desktop/SparkCar_ROS2_WS/SparkCar_Perception/install/camera_model/bin:/home/orangepi/.local/bin:/home/orangepi/.vscode-server/data/User/globalStorage/github.copilot-chat/debugCommand:/home/orangepi/.vscode-server/data/User/globalStorage/github.copilot-chat/copilotCli:/home/orangepi/.vscode-server/cli/servers/Stable-7e7950df89d055b5a378379db9ee14290772148a/server/bin/remote-cli:/home/orangepi/.local/bin:/opt/ros/humble/bin:/home/orangepi/.local/bin:/usr/local/sbin:/usr/local/bin:/usr/sbin:/usr/bin:/sbin:/bin:/usr/games:/usr/local/games:/snap/bin'), ('XDG_RUNTIME_DIR', '/run/user/1000'), ('GST_GL_PLATFORM', 'egl'), ('GST_DEBUG_NO_COLOR', '1'), ('GST_V4L2SRC_DEFAULT_DEVICE', '/dev/video-camera0'), ('DISPLAY', ':0'), ('LANG', 'en_US.UTF-8'), ('LS_COLORS', 'rs=0:di=01;34:ln=01;36:mh=00:pi=40;33:so=01;35:do=01;35:bd=40;33;01:cd=40;33;01:or=40;31;01:mi=00:su=37;41:sg=30;43:ca=30;41:tw=30;42:ow=34;42:st=37;44:ex=01;32:*.tar=01;31:*.tgz=01;31:*.arc=01;31:*.arj=01;31:*.taz=01;31:*.lha=01;31:*.lz4=01;31:*.lzh=01;31:*.lzma=01;31:*.tlz=01;31:*.txz=01;31:*.tzo=01;31:*.t7z=01;31:*.zip=01;31:*.z=01;31:*.dz=01;31:*.gz=01;31:*.lrz=01;31:*.lz=01;31:*.lzo=01;31:*.xz=01;31:*.zst=01;31:*.tzst=01;31:*.bz2=01;31:*.bz=01;31:*.tbz=01;31:*.tbz2=01;31:*.tz=01;31:*.deb=01;31:*.rpm=01;31:*.jar=01;31:*.war=01;31:*.ear=01;31:*.sar=01;31:*.rar=01;31:*.alz=01;31:*.ace=01;31:*.zoo=01;31:*.cpio=01;31:*.7z=01;31:*.rz=01;31:*.cab=01;31:*.wim=01;31:*.swm=01;31:*.dwm=01;31:*.esd=01;31:*.jpg=01;35:*.jpeg=01;35:*.mjpg=01;35:*.mjpeg=01;35:*.gif=01;35:*.bmp=01;35:*.pbm=01;35:*.pgm=01;35:*.ppm=01;35:*.tga=01;35:*.xbm=01;35:*.xpm=01;35:*.tif=01;35:*.tiff=01;35:*.png=01;35:*.svg=01;35:*.svgz=01;35:*.mng=01;35:*.pcx=01;35:*.mov=01;35:*.mpg=01;35:*.mpeg=01;35:*.m2v=01;35:*.mkv=01;35:*.webm=01;35:*.webp=01;35:*.ogm=01;35:*.mp4=01;35:*.m4v=01;35:*.mp4v=01;35:*.vob=01;35:*.qt=01;35:*.nuv=01;35:*.wmv=01;35:*.asf=01;35:*.rm=01;35:*.rmvb=01;35:*.flc=01;35:*.avi=01;35:*.fli=01;35:*.flv=01;35:*.gl=01;35:*.dl=01;35:*.xcf=01;35:*.xwd=01;35:*.yuv=01;35:*.cgm=01;35:*.emf=01;35:*.ogv=01;35:*.ogx=01;35:*.aac=00;36:*.au=00;36:*.flac=00;36:*.m4a=00;36:*.mid=00;36:*.midi=00;36:*.mka=00;36:*.mp3=00;36:*.mpc=00;36:*.ogg=00;36:*.ra=00;36:*.wav=00;36:*.oga=00;36:*.opus=00;36:*.spx=00;36:*.xspf=00;36:'), ('VSCODE_GIT_IPC_HANDLE', '/run/user/1000/vscode-git-3d806f3df3.sock'), ('TERM_PROGRAM', 'vscode'), ('GST_V4L2_USE_LIBV4L2', '1'), ('UMS_SIZE', '256M'), ('AMENT_PREFIX_PATH', '/home/orangepi/Desktop/SparkCar_ROS2_WS/SparkCar_Perception/install/camera_model:/opt/ros/humble'), ('LC_MESSAGES', 'en_US.UTF-8'), ('SHELL', '/bin/bash'), ('UMS_RO', '0'), ('LESSCLOSE', '/usr/bin/lesspipe %s %s'), ('UMS_FSTYPE', 'vfat'), ('VSCODE_GIT_ASKPASS_EXTRA_ARGS', ''), ('PWD', '/home/orangepi/Desktop/SparkCar_ROS2_WS/SparkCar_Perception/build/vins_estimator'), ('LC_ALL', 'en_US.UTF-8'), ('COPILOT_DEBUG_NONCE', 'eea91dafbd2eb1b0ec653fb18529b126'), ('SSH_CONNECTION', '192.168.110.167 61328 192.168.110.159 22'), ('XDG_DATA_DIRS', '/usr/share/gnome:/usr/local/share:/usr/share:/var/lib/snapd/desktop'), ('PYTHONPATH', '/opt/ros/humble/lib/python3.10/site-packages:/opt/ros/humble/local/lib/python3.10/dist-packages'), ('UMS_MOUNT', '0'), ('COLCON', '1'), ('UMS_FILE', '/userdata/ums_shared.img'), ('CMAKE_PREFIX_PATH', '/home/orangepi/Desktop/SparkCar_ROS2_WS/SparkCar_Perception/install/camera_model:/opt/ros/humble')]), 'shell': False}
[92.333533] (pose_graph) StdoutLine: {'line': b'-- Build files have been written to: /home/orangepi/Desktop/SparkCar_ROS2_WS/SparkCar_Perception/build/pose_graph\n'}
[92.378939] (-) TimerEvent: {}
[92.448964] (pose_graph) CommandEnded: {'returncode': 0}
[92.452156] (pose_graph) JobProgress: {'identifier': 'pose_graph', 'progress': 'build'}
[92.452365] (pose_graph) Command: {'cmd': ['/usr/bin/cmake', '--build', '/home/orangepi/Desktop/SparkCar_ROS2_WS/SparkCar_Perception/build/pose_graph', '--', '-j8', '-l8'], 'cwd': '/home/orangepi/Desktop/SparkCar_ROS2_WS/SparkCar_Perception/build/pose_graph', 'env': OrderedDict([('LESSOPEN', '| /usr/bin/lesspipe %s'), ('UMS_MOUNTPOINT', '/mnt/ums'), ('GST_V4L2_PREFERRED_FOURCC', 'NV12:YU12:NV16:YUY2'), ('LANGUAGE', 'en_US.UTF-8'), ('USER', 'orangepi'), ('SSH_CLIENT', '192.168.110.167 61328 22'), ('XDG_SESSION_TYPE', 'tty'), ('GIT_ASKPASS', '/home/orangepi/.vscode-server/cli/servers/Stable-7e7950df89d055b5a378379db9ee14290772148a/server/extensions/git/dist/askpass.sh'), ('SHLVL', '1'), ('USB_FUNCS', 'adb'), ('LD_LIBRARY_PATH', '/home/orangepi/Desktop/SparkCar_ROS2_WS/SparkCar_Perception/install/camera_model/lib:/opt/ros/humble/opt/rviz_ogre_vendor/lib:/opt/ros/humble/lib/aarch64-linux-gnu:/opt/ros/humble/lib'), ('BROWSER', '/home/orangepi/.vscode-server/cli/servers/Stable-7e7950df89d055b5a378379db9ee14290772148a/server/bin/helpers/browser.sh'), ('MOTD_SHOWN', 'pam'), ('HOME', '/home/orangepi'), ('OLDPWD', '/home/orangepi/Desktop/SparkCar_ROS2_WS/SparkCar_Perception'), ('TERM_PROGRAM_VERSION', '1.126.0'), ('VSCODE_IPC_HOOK_CLI', '/run/user/1000/vscode-ipc-8f68b4a7-073c-40b4-bfba-8c77c4821cfd.sock'), ('GST_INSPECT_NO_COLORS', '1'), ('GST_MPP_NO_RGA', '1'), ('ROS_PYTHON_VERSION', '3'), ('COGL_DRIVER', 'gles2'), ('VSCODE_GIT_ASKPASS_MAIN', '/home/orangepi/.vscode-server/cli/servers/Stable-7e7950df89d055b5a378379db9ee14290772148a/server/extensions/git/dist/askpass-main.js'), ('VSCODE_GIT_ASKPASS_NODE', '/home/orangepi/.vscode-server/cli/servers/Stable-7e7950df89d055b5a378379db9ee14290772148a/server/node'), ('VSCODE_PYTHON_AUTOACTIVATE_GUARD', '1'), ('DBUS_SESSION_BUS_ADDRESS', 'unix:path=/run/user/1000/bus'), ('COLORTERM', 'truecolor'), ('GST_V4L2SRC_MAX_RESOLUTION', '3840x2160'), ('ROS_DISTRO', 'humble'), ('LOGNAME', 'orangepi'), ('_', '/usr/bin/colcon'), ('ROS_VERSION', '2'), ('XDG_SESSION_CLASS', 'user'), ('TERM', 'xterm-256color'), ('GST_GL_API', 'gles2'), ('XDG_SESSION_ID', '6'), ('GST_VIDEO_CONVERT_PREFERRED_FORMAT', 'NV12:NV16:I420:YUY2'), ('GST_V4L2SRC_RK_DEVICES', '_mainpath:_selfpath:_bypass:_scale'), ('ROS_LOCALHOST_ONLY', '0'), ('PATH', '/home/orangepi/Desktop/SparkCar_ROS2_WS/SparkCar_Perception/install/camera_model/bin:/home/orangepi/.local/bin:/home/orangepi/.vscode-server/data/User/globalStorage/github.copilot-chat/debugCommand:/home/orangepi/.vscode-server/data/User/globalStorage/github.copilot-chat/copilotCli:/home/orangepi/.vscode-server/cli/servers/Stable-7e7950df89d055b5a378379db9ee14290772148a/server/bin/remote-cli:/home/orangepi/.local/bin:/opt/ros/humble/bin:/home/orangepi/.local/bin:/usr/local/sbin:/usr/local/bin:/usr/sbin:/usr/bin:/sbin:/bin:/usr/games:/usr/local/games:/snap/bin'), ('XDG_RUNTIME_DIR', '/run/user/1000'), ('GST_GL_PLATFORM', 'egl'), ('GST_DEBUG_NO_COLOR', '1'), ('GST_V4L2SRC_DEFAULT_DEVICE', '/dev/video-camera0'), ('DISPLAY', ':0'), ('LANG', 'en_US.UTF-8'), ('LS_COLORS', 'rs=0:di=01;34:ln=01;36:mh=00:pi=40;33:so=01;35:do=01;35:bd=40;33;01:cd=40;33;01:or=40;31;01:mi=00:su=37;41:sg=30;43:ca=30;41:tw=30;42:ow=34;42:st=37;44:ex=01;32:*.tar=01;31:*.tgz=01;31:*.arc=01;31:*.arj=01;31:*.taz=01;31:*.lha=01;31:*.lz4=01;31:*.lzh=01;31:*.lzma=01;31:*.tlz=01;31:*.txz=01;31:*.tzo=01;31:*.t7z=01;31:*.zip=01;31:*.z=01;31:*.dz=01;31:*.gz=01;31:*.lrz=01;31:*.lz=01;31:*.lzo=01;31:*.xz=01;31:*.zst=01;31:*.tzst=01;31:*.bz2=01;31:*.bz=01;31:*.tbz=01;31:*.tbz2=01;31:*.tz=01;31:*.deb=01;31:*.rpm=01;31:*.jar=01;31:*.war=01;31:*.ear=01;31:*.sar=01;31:*.rar=01;31:*.alz=01;31:*.ace=01;31:*.zoo=01;31:*.cpio=01;31:*.7z=01;31:*.rz=01;31:*.cab=01;31:*.wim=01;31:*.swm=01;31:*.dwm=01;31:*.esd=01;31:*.jpg=01;35:*.jpeg=01;35:*.mjpg=01;35:*.mjpeg=01;35:*.gif=01;35:*.bmp=01;35:*.pbm=01;35:*.pgm=01;35:*.ppm=01;35:*.tga=01;35:*.xbm=01;35:*.xpm=01;35:*.tif=01;35:*.tiff=01;35:*.png=01;35:*.svg=01;35:*.svgz=01;35:*.mng=01;35:*.pcx=01;35:*.mov=01;35:*.mpg=01;35:*.mpeg=01;35:*.m2v=01;35:*.mkv=01;35:*.webm=01;35:*.webp=01;35:*.ogm=01;35:*.mp4=01;35:*.m4v=01;35:*.mp4v=01;35:*.vob=01;35:*.qt=01;35:*.nuv=01;35:*.wmv=01;35:*.asf=01;35:*.rm=01;35:*.rmvb=01;35:*.flc=01;35:*.avi=01;35:*.fli=01;35:*.flv=01;35:*.gl=01;35:*.dl=01;35:*.xcf=01;35:*.xwd=01;35:*.yuv=01;35:*.cgm=01;35:*.emf=01;35:*.ogv=01;35:*.ogx=01;35:*.aac=00;36:*.au=00;36:*.flac=00;36:*.m4a=00;36:*.mid=00;36:*.midi=00;36:*.mka=00;36:*.mp3=00;36:*.mpc=00;36:*.ogg=00;36:*.ra=00;36:*.wav=00;36:*.oga=00;36:*.opus=00;36:*.spx=00;36:*.xspf=00;36:'), ('VSCODE_GIT_IPC_HANDLE', '/run/user/1000/vscode-git-3d806f3df3.sock'), ('TERM_PROGRAM', 'vscode'), ('GST_V4L2_USE_LIBV4L2', '1'), ('UMS_SIZE', '256M'), ('AMENT_PREFIX_PATH', '/home/orangepi/Desktop/SparkCar_ROS2_WS/SparkCar_Perception/install/camera_model:/opt/ros/humble'), ('LC_MESSAGES', 'en_US.UTF-8'), ('SHELL', '/bin/bash'), ('UMS_RO', '0'), ('LESSCLOSE', '/usr/bin/lesspipe %s %s'), ('UMS_FSTYPE', 'vfat'), ('VSCODE_GIT_ASKPASS_EXTRA_ARGS', ''), ('PWD', '/home/orangepi/Desktop/SparkCar_ROS2_WS/SparkCar_Perception/build/pose_graph'), ('LC_ALL', 'en_US.UTF-8'), ('COPILOT_DEBUG_NONCE', 'eea91dafbd2eb1b0ec653fb18529b126'), ('SSH_CONNECTION', '192.168.110.167 61328 192.168.110.159 22'), ('XDG_DATA_DIRS', '/usr/share/gnome:/usr/local/share:/usr/share:/var/lib/snapd/desktop'), ('PYTHONPATH', '/opt/ros/humble/lib/python3.10/site-packages:/opt/ros/humble/local/lib/python3.10/dist-packages'), ('UMS_MOUNT', '0'), ('COLCON', '1'), ('UMS_FILE', '/userdata/ums_shared.img'), ('CMAKE_PREFIX_PATH', '/home/orangepi/Desktop/SparkCar_ROS2_WS/SparkCar_Perception/install/camera_model:/opt/ros/humble')]), 'shell': False}
[92.479072] (-) TimerEvent: {}
[92.539068] (vins_estimator) StdoutLine: {'line': b'[  6%] \x1b[32mBuilding CXX object CMakeFiles/vins_estimator.dir/src/estimator_node.cpp.o\x1b[0m\n'}
[92.542777] (vins_estimator) StdoutLine: {'line': b'[ 12%] \x1b[32mBuilding CXX object CMakeFiles/vins_estimator.dir/src/parameters.cpp.o\x1b[0m\n'}
[92.558493] (vins_estimator) StdoutLine: {'line': b'[ 18%] \x1b[32mBuilding CXX object CMakeFiles/vins_estimator.dir/src/estimator.cpp.o\x1b[0m\n'}
[92.570055] (vins_estimator) StdoutLine: {'line': b'[ 25%] \x1b[32mBuilding CXX object CMakeFiles/vins_estimator.dir/src/feature_manager.cpp.o\x1b[0m\n'}
[92.570819] (vins_estimator) StdoutLine: {'line': b'[ 31%] \x1b[32mBuilding CXX object CMakeFiles/vins_estimator.dir/src/factor/pose_local_parameterization.cpp.o\x1b[0m\n'}
[92.579179] (-) TimerEvent: {}
[92.601245] (vins_estimator) StdoutLine: {'line': b'[ 43%] \x1b[32mBuilding CXX object CMakeFiles/vins_estimator.dir/src/factor/projection_td_factor.cpp.o\x1b[0m\n'}
[92.601513] (vins_estimator) StdoutLine: {'line': b'[ 43%] \x1b[32mBuilding CXX object CMakeFiles/vins_estimator.dir/src/factor/projection_factor.cpp.o\x1b[0m\n'}
[92.623693] (vins_estimator) StdoutLine: {'line': b'[ 50%] \x1b[32mBuilding CXX object CMakeFiles/vins_estimator.dir/src/factor/marginalization_factor.cpp.o\x1b[0m\n'}
[92.679314] (-) TimerEvent: {}
[92.692019] (pose_graph) StdoutLine: {'line': b'[  7%] \x1b[32mBuilding CXX object CMakeFiles/pose_graph.dir/src/pose_graph_node.cpp.o\x1b[0m\n'}
[92.725181] (pose_graph) StdoutLine: {'line': b'[ 14%] \x1b[32mBuilding CXX object CMakeFiles/pose_graph.dir/src/pose_graph.cpp.o\x1b[0m\n'}
[92.735070] (pose_graph) StdoutLine: {'line': b'[ 21%] \x1b[32mBuilding CXX object CMakeFiles/pose_graph.dir/src/keyframe.cpp.o\x1b[0m\n'}
[92.753173] (pose_graph) StdoutLine: {'line': b'[ 28%] \x1b[32mBuilding CXX object CMakeFiles/pose_graph.dir/src/utility/CameraPoseVisualization.cpp.o\x1b[0m\n'}
[92.779447] (-) TimerEvent: {}
[92.814123] (pose_graph) StdoutLine: {'line': b'[ 35%] \x1b[32mBuilding CXX object CMakeFiles/pose_graph.dir/src/ThirdParty/DBoW/BowVector.cpp.o\x1b[0m\n'}
[92.879584] (-) TimerEvent: {}
[92.882972] (pose_graph) StdoutLine: {'line': b'[ 42%] \x1b[32mBuilding CXX object CMakeFiles/pose_graph.dir/src/ThirdParty/DBoW/FBrief.cpp.o\x1b[0m\n'}
[92.893220] (pose_graph) StdoutLine: {'line': b'[ 57%] \x1b[32mBuilding CXX object CMakeFiles/pose_graph.dir/src/ThirdParty/DBoW/FeatureVector.cpp.o\x1b[0m\n'}
[92.905302] (pose_graph) StdoutLine: {'line': b'[ 57%] \x1b[32mBuilding CXX object CMakeFiles/pose_graph.dir/src/ThirdParty/DBoW/QueryResults.cpp.o\x1b[0m\n'}
[92.979720] (-) TimerEvent: {}
[93.080172] (-) TimerEvent: {}
[93.180752] (-) TimerEvent: {}
[93.282414] (-) TimerEvent: {}
[93.383274] (-) TimerEvent: {}
[93.484259] (-) TimerEvent: {}
[93.585250] (-) TimerEvent: {}
[93.686136] (-) TimerEvent: {}
[93.787006] (-) TimerEvent: {}
[93.887537] (-) TimerEvent: {}
[93.987985] (-) TimerEvent: {}
[94.088466] (-) TimerEvent: {}
[94.188957] (-) TimerEvent: {}
[94.289490] (-) TimerEvent: {}
[94.389966] (-) TimerEvent: {}
[94.490492] (-) TimerEvent: {}
[94.591019] (-) TimerEvent: {}
[94.691537] (-) TimerEvent: {}
[94.792003] (-) TimerEvent: {}
[94.892444] (-) TimerEvent: {}
[94.992890] (-) TimerEvent: {}
[95.093337] (-) TimerEvent: {}
[95.193789] (-) TimerEvent: {}
[95.267772] (pose_graph) StdoutLine: {'line': b'[ 64%] \x1b[32mBuilding CXX object CMakeFiles/pose_graph.dir/src/ThirdParty/DBoW/ScoringObject.cpp.o\x1b[0m\n'}
[95.293950] (-) TimerEvent: {}
[95.394682] (-) TimerEvent: {}
[95.495422] (-) TimerEvent: {}
[95.596180] (-) TimerEvent: {}
[95.697031] (-) TimerEvent: {}
[95.797769] (-) TimerEvent: {}
[95.898512] (-) TimerEvent: {}
[95.999226] (-) TimerEvent: {}
[96.099950] (-) TimerEvent: {}
[96.200721] (-) TimerEvent: {}
[96.291099] (pose_graph) StdoutLine: {'line': b'[ 71%] \x1b[32mBuilding CXX object CMakeFiles/pose_graph.dir/src/ThirdParty/DUtils/Random.cpp.o\x1b[0m\n'}
[96.300872] (-) TimerEvent: {}
[96.401606] (-) TimerEvent: {}
[96.502324] (-) TimerEvent: {}
[96.603049] (-) TimerEvent: {}
[96.703895] (-) TimerEvent: {}
[96.804627] (-) TimerEvent: {}
[96.905371] (-) TimerEvent: {}
[97.006105] (-) TimerEvent: {}
[97.106815] (-) TimerEvent: {}
[97.167868] (pose_graph) StdoutLine: {'line': b'[ 78%] \x1b[32mBuilding CXX object CMakeFiles/pose_graph.dir/src/ThirdParty/DUtils/Timestamp.cpp.o\x1b[0m\n'}
[97.206968] (-) TimerEvent: {}
[97.307685] (-) TimerEvent: {}
[97.408410] (-) TimerEvent: {}
[97.509134] (-) TimerEvent: {}
[97.609574] (-) TimerEvent: {}
[97.710301] (-) TimerEvent: {}
[97.811039] (-) TimerEvent: {}
[97.911788] (-) TimerEvent: {}
[98.012538] (-) TimerEvent: {}
[98.113264] (-) TimerEvent: {}
[98.213968] (-) TimerEvent: {}
[98.314691] (-) TimerEvent: {}
[98.415430] (-) TimerEvent: {}
[98.516190] (-) TimerEvent: {}
[98.543572] (pose_graph) StdoutLine: {'line': b'[ 85%] \x1b[32mBuilding CXX object CMakeFiles/pose_graph.dir/src/ThirdParty/DVision/BRIEF.cpp.o\x1b[0m\n'}
[98.616329] (-) TimerEvent: {}
[98.717044] (-) TimerEvent: {}
[98.817770] (-) TimerEvent: {}
[98.918535] (-) TimerEvent: {}
[99.019241] (-) TimerEvent: {}
[99.120026] (-) TimerEvent: {}
[99.220829] (-) TimerEvent: {}
[99.321574] (-) TimerEvent: {}
[99.422327] (-) TimerEvent: {}
[99.523072] (-) TimerEvent: {}
[99.623815] (-) TimerEvent: {}
[99.724610] (-) TimerEvent: {}
[99.825499] (-) TimerEvent: {}
[99.926243] (-) TimerEvent: {}
[100.026986] (-) TimerEvent: {}
[100.127743] (-) TimerEvent: {}
[100.228568] (-) TimerEvent: {}
[100.329312] (-) TimerEvent: {}
[100.429789] (-) TimerEvent: {}
[100.530284] (-) TimerEvent: {}
[100.631011] (-) TimerEvent: {}
[100.731738] (-) TimerEvent: {}
[100.832204] (-) TimerEvent: {}
[100.932661] (-) TimerEvent: {}
[101.033128] (-) TimerEvent: {}
[101.133610] (-) TimerEvent: {}
[101.234372] (-) TimerEvent: {}
[101.335106] (-) TimerEvent: {}
[101.351444] (pose_graph) StdoutLine: {'line': b'[ 92%] \x1b[32mBuilding CXX object CMakeFiles/pose_graph.dir/src/ThirdParty/VocabularyBinary.cpp.o\x1b[0m\n'}
[101.435238] (-) TimerEvent: {}
[101.535944] (-) TimerEvent: {}
[101.636413] (-) TimerEvent: {}
[101.737207] (-) TimerEvent: {}
[101.838154] (-) TimerEvent: {}
[101.938913] (-) TimerEvent: {}
[102.039644] (-) TimerEvent: {}
[102.140116] (-) TimerEvent: {}
[102.240597] (-) TimerEvent: {}
[102.288881] (vins_estimator) StderrLine: {'line': b'In file included from \x1b[01m\x1b[K/home/orangepi/Desktop/SparkCar_ROS2_WS/SparkCar_Perception/src/VINS-MONO-ROS2/vins_estimator/src/factor/marginalization_factor.h:9\x1b[m\x1b[K,\n'}
[102.289278] (vins_estimator) StderrLine: {'line': b'                 from \x1b[01m\x1b[K/home/orangepi/Desktop/SparkCar_ROS2_WS/SparkCar_Perception/src/VINS-MONO-ROS2/vins_estimator/src/factor/marginalization_factor.cpp:1\x1b[m\x1b[K:\n'}
[102.289377] (vins_estimator) StderrLine: {'line': b'\x1b[01m\x1b[K/home/orangepi/Desktop/SparkCar_ROS2_WS/SparkCar_Perception/src/VINS-MONO-ROS2/vins_estimator/src/factor/../utility/utility.h:143:6:\x1b[m\x1b[K \x1b[01;35m\x1b[Kwarning: \x1b[m\x1b[Kextra \xe2\x80\x98\x1b[01m\x1b[K;\x1b[m\x1b[K\xe2\x80\x99 [\x1b[01;35m\x1b[K\x1b]8;;https://gcc.gnu.org/onlinedocs/gcc/Warning-Options.html#index-Wpedantic\x07-Wpedantic\x1b]8;;\x07\x1b[m\x1b[K]\n'}
[102.289458] (vins_estimator) StderrLine: {'line': b'  143 |     }\x1b[01;35m\x1b[K;\x1b[m\x1b[K\n'}
[102.289521] (vins_estimator) StderrLine: {'line': b'      |      \x1b[01;35m\x1b[K^\x1b[m\x1b[K\n'}
[102.289581] (vins_estimator) StderrLine: {'line': b'      |      \x1b[31m\x1b[K-\x1b[m\x1b[K\n'}
[102.340755] (-) TimerEvent: {}
[102.431619] (vins_estimator) StderrLine: {'line': b'In file included from \x1b[01m\x1b[K/home/orangepi/Desktop/SparkCar_ROS2_WS/SparkCar_Perception/src/VINS-MONO-ROS2/vins_estimator/src/factor/pose_local_parameterization.h:5\x1b[m\x1b[K,\n'}
[102.431939] (vins_estimator) StderrLine: {'line': b'                 from \x1b[01m\x1b[K/home/orangepi/Desktop/SparkCar_ROS2_WS/SparkCar_Perception/src/VINS-MONO-ROS2/vins_estimator/src/factor/pose_local_parameterization.cpp:1\x1b[m\x1b[K:\n'}
[102.432021] (vins_estimator) StderrLine: {'line': b'\x1b[01m\x1b[K/home/orangepi/Desktop/SparkCar_ROS2_WS/SparkCar_Perception/src/VINS-MONO-ROS2/vins_estimator/src/factor/../utility/utility.h:143:6:\x1b[m\x1b[K \x1b[01;35m\x1b[Kwarning: \x1b[m\x1b[Kextra \xe2\x80\x98\x1b[01m\x1b[K;\x1b[m\x1b[K\xe2\x80\x99 [\x1b[01;35m\x1b[K\x1b]8;;https://gcc.gnu.org/onlinedocs/gcc/Warning-Options.html#index-Wpedantic\x07-Wpedantic\x1b]8;;\x07\x1b[m\x1b[K]\n'}
[102.432093] (vins_estimator) StderrLine: {'line': b'  143 |     }\x1b[01;35m\x1b[K;\x1b[m\x1b[K\n'}
[102.432155] (vins_estimator) StderrLine: {'line': b'      |      \x1b[01;35m\x1b[K^\x1b[m\x1b[K\n'}
[102.432231] (vins_estimator) StderrLine: {'line': b'      |      \x1b[31m\x1b[K-\x1b[m\x1b[K\n'}
[102.440912] (-) TimerEvent: {}
[102.541392] (-) TimerEvent: {}
[102.642131] (-) TimerEvent: {}
[102.742828] (-) TimerEvent: {}
[102.843660] (-) TimerEvent: {}
[102.944395] (-) TimerEvent: {}
[103.045151] (-) TimerEvent: {}
[103.145889] (-) TimerEvent: {}
[103.246661] (-) TimerEvent: {}
[103.347734] (-) TimerEvent: {}
[103.448519] (-) TimerEvent: {}
[103.549236] (-) TimerEvent: {}
[103.649983] (-) TimerEvent: {}
[103.750718] (-) TimerEvent: {}
[103.851468] (-) TimerEvent: {}
[103.952165] (-) TimerEvent: {}
[104.052881] (-) TimerEvent: {}
[104.153588] (-) TimerEvent: {}
[104.254318] (-) TimerEvent: {}
[104.355043] (-) TimerEvent: {}
[104.455740] (-) TimerEvent: {}
[104.556458] (-) TimerEvent: {}
[104.657204] (-) TimerEvent: {}
[104.680886] (vins_estimator) StderrLine: {'line': b'In file included from \x1b[01m\x1b[K/home/orangepi/Desktop/SparkCar_ROS2_WS/SparkCar_Perception/src/VINS-MONO-ROS2/vins_estimator/src/factor/projection_factor.h:5\x1b[m\x1b[K,\n'}
[104.681143] (vins_estimator) StderrLine: {'line': b'                 from \x1b[01m\x1b[K/home/orangepi/Desktop/SparkCar_ROS2_WS/SparkCar_Perception/src/VINS-MONO-ROS2/vins_estimator/src/factor/projection_factor.cpp:1\x1b[m\x1b[K:\n'}
[104.681218] (vins_estimator) StderrLine: {'line': b'\x1b[01m\x1b[K/home/orangepi/Desktop/SparkCar_ROS2_WS/SparkCar_Perception/src/VINS-MONO-ROS2/vins_estimator/src/factor/../utility/utility.h:143:6:\x1b[m\x1b[K \x1b[01;35m\x1b[Kwarning: \x1b[m\x1b[Kextra \xe2\x80\x98\x1b[01m\x1b[K;\x1b[m\x1b[K\xe2\x80\x99 [\x1b[01;35m\x1b[K\x1b]8;;https://gcc.gnu.org/onlinedocs/gcc/Warning-Options.html#index-Wpedantic\x07-Wpedantic\x1b]8;;\x07\x1b[m\x1b[K]\n'}
[104.681290] (vins_estimator) StderrLine: {'line': b'  143 |     }\x1b[01;35m\x1b[K;\x1b[m\x1b[K\n'}
[104.681352] (vins_estimator) StderrLine: {'line': b'      |      \x1b[01;35m\x1b[K^\x1b[m\x1b[K\n'}
[104.681428] (vins_estimator) StderrLine: {'line': b'      |      \x1b[31m\x1b[K-\x1b[m\x1b[K\n'}
[104.757343] (-) TimerEvent: {}
[104.858060] (-) TimerEvent: {}
[104.958782] (-) TimerEvent: {}
[105.059493] (-) TimerEvent: {}
[105.115560] (vins_estimator) StderrLine: {'line': b'In file included from \x1b[01m\x1b[K/home/orangepi/Desktop/SparkCar_ROS2_WS/SparkCar_Perception/src/VINS-MONO-ROS2/vins_estimator/src/factor/projection_td_factor.h:5\x1b[m\x1b[K,\n'}
[105.116482] (vins_estimator) StderrLine: {'line': b'                 from \x1b[01m\x1b[K/home/orangepi/Desktop/SparkCar_ROS2_WS/SparkCar_Perception/src/VINS-MONO-ROS2/vins_estimator/src/factor/projection_td_factor.cpp:1\x1b[m\x1b[K:\n'}
[105.117224] (vins_estimator) StderrLine: {'line': b'\x1b[01m\x1b[K/home/orangepi/Desktop/SparkCar_ROS2_WS/SparkCar_Perception/src/VINS-MONO-ROS2/vins_estimator/src/factor/../utility/utility.h:143:6:\x1b[m\x1b[K \x1b[01;35m\x1b[Kwarning: \x1b[m\x1b[Kextra \xe2\x80\x98\x1b[01m\x1b[K;\x1b[m\x1b[K\xe2\x80\x99 [\x1b[01;35m\x1b[K\x1b]8;;https://gcc.gnu.org/onlinedocs/gcc/Warning-Options.html#index-Wpedantic\x07-Wpedantic\x1b]8;;\x07\x1b[m\x1b[K]\n'}
[105.117849] (vins_estimator) StderrLine: {'line': b'  143 |     }\x1b[01;35m\x1b[K;\x1b[m\x1b[K\n'}
[105.118474] (vins_estimator) StderrLine: {'line': b'      |      \x1b[01;35m\x1b[K^\x1b[m\x1b[K\n'}
[105.119046] (vins_estimator) StderrLine: {'line': b'      |      \x1b[31m\x1b[K-\x1b[m\x1b[K\n'}
[105.159738] (-) TimerEvent: {}
[105.260685] (-) TimerEvent: {}
[105.361639] (-) TimerEvent: {}
[105.462676] (-) TimerEvent: {}
[105.563675] (-) TimerEvent: {}
[105.664683] (-) TimerEvent: {}
[105.766485] (-) TimerEvent: {}
[105.867433] (-) TimerEvent: {}
[105.968642] (-) TimerEvent: {}
[106.069704] (-) TimerEvent: {}
[106.170791] (-) TimerEvent: {}
[106.271845] (-) TimerEvent: {}
[106.372846] (-) TimerEvent: {}
[106.473821] (-) TimerEvent: {}
[106.574785] (-) TimerEvent: {}
[106.675733] (-) TimerEvent: {}
[106.776711] (-) TimerEvent: {}
[106.878298] (-) TimerEvent: {}
[106.979343] (-) TimerEvent: {}
[107.081254] (-) TimerEvent: {}
[107.183098] (-) TimerEvent: {}
[107.284788] (-) TimerEvent: {}
[107.386556] (-) TimerEvent: {}
[107.489926] (-) TimerEvent: {}
[107.590948] (-) TimerEvent: {}
[107.651613] (vins_estimator) StdoutLine: {'line': b'[ 56%] \x1b[32mBuilding CXX object CMakeFiles/vins_estimator.dir/src/utility/utility.cpp.o\x1b[0m\n'}
[107.691046] (-) TimerEvent: {}
[107.791759] (-) TimerEvent: {}
[107.892464] (-) TimerEvent: {}
[107.993168] (-) TimerEvent: {}
[108.093866] (-) TimerEvent: {}
[108.194578] (-) TimerEvent: {}
[108.295045] (-) TimerEvent: {}
[108.395791] (-) TimerEvent: {}
[108.496489] (-) TimerEvent: {}
[108.597191] (-) TimerEvent: {}
[108.697933] (-) TimerEvent: {}
[108.798660] (-) TimerEvent: {}
[108.899354] (-) TimerEvent: {}
[109.000099] (-) TimerEvent: {}
[109.100832] (-) TimerEvent: {}
[109.201537] (-) TimerEvent: {}
[109.302231] (-) TimerEvent: {}
[109.402942] (-) TimerEvent: {}
[109.503664] (-) TimerEvent: {}
[109.604375] (-) TimerEvent: {}
[109.704870] (-) TimerEvent: {}
[109.805325] (-) TimerEvent: {}
[109.905815] (-) TimerEvent: {}
[109.961850] (pose_graph) StderrLine: {'line': b'In file included from \x1b[01m\x1b[K/home/orangepi/Desktop/SparkCar_ROS2_WS/SparkCar_Perception/src/VINS-MONO-ROS2/pose_graph/src/keyframe.h:11\x1b[m\x1b[K,\n'}
[109.962216] (pose_graph) StderrLine: {'line': b'                 from \x1b[01m\x1b[K/home/orangepi/Desktop/SparkCar_ROS2_WS/SparkCar_Perception/src/VINS-MONO-ROS2/pose_graph/src/keyframe.cpp:1\x1b[m\x1b[K:\n'}
[109.962301] (pose_graph) StderrLine: {'line': b'\x1b[01m\x1b[K/home/orangepi/Desktop/SparkCar_ROS2_WS/SparkCar_Perception/src/VINS-MONO-ROS2/pose_graph/src/utility/utility.h:143:6:\x1b[m\x1b[K \x1b[01;35m\x1b[Kwarning: \x1b[m\x1b[Kextra \xe2\x80\x98\x1b[01m\x1b[K;\x1b[m\x1b[K\xe2\x80\x99 [\x1b[01;35m\x1b[K\x1b]8;;https://gcc.gnu.org/onlinedocs/gcc/Warning-Options.html#index-Wpedantic\x07-Wpedantic\x1b]8;;\x07\x1b[m\x1b[K]\n'}
[109.962375] (pose_graph) StderrLine: {'line': b'  143 |     }\x1b[01;35m\x1b[K;\x1b[m\x1b[K\n'}
[109.962438] (pose_graph) StderrLine: {'line': b'      |      \x1b[01;35m\x1b[K^\x1b[m\x1b[K\n'}
[109.962498] (pose_graph) StderrLine: {'line': b'      |      \x1b[31m\x1b[K-\x1b[m\x1b[K\n'}
[110.005947] (-) TimerEvent: {}
[110.106422] (-) TimerEvent: {}
[110.206891] (-) TimerEvent: {}
[110.307325] (-) TimerEvent: {}
[110.407777] (-) TimerEvent: {}
[110.508243] (-) TimerEvent: {}
[110.608675] (-) TimerEvent: {}
[110.709122] (-) TimerEvent: {}
[110.809575] (-) TimerEvent: {}
[110.910033] (-) TimerEvent: {}
[111.010531] (-) TimerEvent: {}
[111.110981] (-) TimerEvent: {}
[111.211446] (-) TimerEvent: {}
[111.311886] (-) TimerEvent: {}
[111.412380] (-) TimerEvent: {}
[111.513149] (-) TimerEvent: {}
[111.613857] (-) TimerEvent: {}
[111.714576] (-) TimerEvent: {}
[111.815032] (-) TimerEvent: {}
[111.915482] (-) TimerEvent: {}
[112.016146] (-) TimerEvent: {}
[112.116851] (-) TimerEvent: {}
[112.217626] (-) TimerEvent: {}
[112.258334] (ar_demo) StderrLine: {'line': b'In file included from \x1b[01m\x1b[K/home/orangepi/Desktop/SparkCar_ROS2_WS/SparkCar_Perception/src/VINS-MONO-ROS2/ar_demo/src/ar_demo_node.cpp:11\x1b[m\x1b[K:\n'}
[112.258665] (ar_demo) StderrLine: {'line': b"\x1b[01m\x1b[K/opt/ros/humble/include/image_transport/image_transport/image_transport.h:32:89:\x1b[m\x1b[K \x1b[01;36m\x1b[Knote: \x1b[m\x1b[K\xe2\x80\x98\x1b[01m\x1b[K#pragma message: Warning: This header is deprecated. Use 'image_transport.hpp' instead\x1b[m\x1b[K\xe2\x80\x99\n"}
[112.258773] (ar_demo) StderrLine: {'line': b'   32 | #pragma message ("Warning: This header is deprecated. Use \'image_transport.hpp\' instead"\x1b[01;36m\x1b[K)\x1b[m\x1b[K\n'}
[112.258846] (ar_demo) StderrLine: {'line': b'      |                                                                                         \x1b[01;36m\x1b[K^\x1b[m\x1b[K\n'}
[112.317766] (-) TimerEvent: {}
[112.418234] (-) TimerEvent: {}
[112.518679] (-) TimerEvent: {}
[112.619141] (-) TimerEvent: {}
[112.719596] (-) TimerEvent: {}
[112.820044] (-) TimerEvent: {}
[112.920507] (-) TimerEvent: {}
[113.020968] (-) TimerEvent: {}
[113.121385] (-) TimerEvent: {}
[113.221862] (-) TimerEvent: {}
[113.322324] (-) TimerEvent: {}
[113.422788] (-) TimerEvent: {}
[113.523257] (-) TimerEvent: {}
[113.623993] (-) TimerEvent: {}
[113.724700] (-) TimerEvent: {}
[113.825154] (-) TimerEvent: {}
[113.925611] (-) TimerEvent: {}
[114.026335] (-) TimerEvent: {}
[114.126776] (-) TimerEvent: {}
[114.227249] (-) TimerEvent: {}
[114.267044] (vins_estimator) StderrLine: {'line': b'In file included from \x1b[01m\x1b[K/home/orangepi/Desktop/SparkCar_ROS2_WS/SparkCar_Perception/src/VINS-MONO-ROS2/vins_estimator/src/utility/utility.cpp:1\x1b[m\x1b[K:\n'}
[114.267316] (vins_estimator) StderrLine: {'line': b'\x1b[01m\x1b[K/home/orangepi/Desktop/SparkCar_ROS2_WS/SparkCar_Perception/src/VINS-MONO-ROS2/vins_estimator/src/utility/utility.h:143:6:\x1b[m\x1b[K \x1b[01;35m\x1b[Kwarning: \x1b[m\x1b[Kextra \xe2\x80\x98\x1b[01m\x1b[K;\x1b[m\x1b[K\xe2\x80\x99 [\x1b[01;35m\x1b[K\x1b]8;;https://gcc.gnu.org/onlinedocs/gcc/Warning-Options.html#index-Wpedantic\x07-Wpedantic\x1b]8;;\x07\x1b[m\x1b[K]\n'}
[114.267400] (vins_estimator) StderrLine: {'line': b'  143 |     }\x1b[01;35m\x1b[K;\x1b[m\x1b[K\n'}
[114.267466] (vins_estimator) StderrLine: {'line': b'      |      \x1b[01;35m\x1b[K^\x1b[m\x1b[K\n'}
[114.267528] (vins_estimator) StderrLine: {'line': b'      |      \x1b[31m\x1b[K-\x1b[m\x1b[K\n'}
[114.310538] (vins_estimator) StderrLine: {'line': b'In file included from \x1b[01m\x1b[K/home/orangepi/Desktop/SparkCar_ROS2_WS/SparkCar_Perception/src/VINS-MONO-ROS2/vins_estimator/src/parameters.h:7\x1b[m\x1b[K,\n'}
[114.310809] (vins_estimator) StderrLine: {'line': b'                 from \x1b[01m\x1b[K/home/orangepi/Desktop/SparkCar_ROS2_WS/SparkCar_Perception/src/VINS-MONO-ROS2/vins_estimator/src/parameters.cpp:1\x1b[m\x1b[K:\n'}
[114.310889] (vins_estimator) StderrLine: {'line': b'\x1b[01m\x1b[K/home/orangepi/Desktop/SparkCar_ROS2_WS/SparkCar_Perception/src/VINS-MONO-ROS2/vins_estimator/src/utility/utility.h:143:6:\x1b[m\x1b[K \x1b[01;35m\x1b[Kwarning: \x1b[m\x1b[Kextra \xe2\x80\x98\x1b[01m\x1b[K;\x1b[m\x1b[K\xe2\x80\x99 [\x1b[01;35m\x1b[K\x1b]8;;https://gcc.gnu.org/onlinedocs/gcc/Warning-Options.html#index-Wpedantic\x07-Wpedantic\x1b]8;;\x07\x1b[m\x1b[K]\n'}
[114.310986] (vins_estimator) StderrLine: {'line': b'  143 |     }\x1b[01;35m\x1b[K;\x1b[m\x1b[K\n'}
[114.311054] (vins_estimator) StderrLine: {'line': b'      |      \x1b[01;35m\x1b[K^\x1b[m\x1b[K\n'}
[114.311114] (vins_estimator) StderrLine: {'line': b'      |      \x1b[31m\x1b[K-\x1b[m\x1b[K\n'}
[114.327395] (-) TimerEvent: {}
[114.427865] (-) TimerEvent: {}
[114.528559] (-) TimerEvent: {}
[114.629285] (-) TimerEvent: {}
[114.730045] (-) TimerEvent: {}
[114.830987] (-) TimerEvent: {}
[114.931987] (-) TimerEvent: {}
[115.032689] (-) TimerEvent: {}
[115.133173] (-) TimerEvent: {}
[115.233663] (-) TimerEvent: {}
[115.334152] (-) TimerEvent: {}
[115.434659] (-) TimerEvent: {}
[115.480169] (vins_estimator) StderrLine: {'line': b'In file included from \x1b[01m\x1b[K/home/orangepi/Desktop/SparkCar_ROS2_WS/SparkCar_Perception/src/VINS-MONO-ROS2/vins_estimator/src/parameters.h:7\x1b[m\x1b[K,\n'}
[115.480451] (vins_estimator) StderrLine: {'line': b'                 from \x1b[01m\x1b[K/home/orangepi/Desktop/SparkCar_ROS2_WS/SparkCar_Perception/src/VINS-MONO-ROS2/vins_estimator/src/estimator.h:3\x1b[m\x1b[K,\n'}
[115.480530] (vins_estimator) StderrLine: {'line': b'                 from \x1b[01m\x1b[K/home/orangepi/Desktop/SparkCar_ROS2_WS/SparkCar_Perception/src/VINS-MONO-ROS2/vins_estimator/src/estimator.cpp:1\x1b[m\x1b[K:\n'}
[115.480595] (vins_estimator) StderrLine: {'line': b'\x1b[01m\x1b[K/home/orangepi/Desktop/SparkCar_ROS2_WS/SparkCar_Perception/src/VINS-MONO-ROS2/vins_estimator/src/utility/utility.h:143:6:\x1b[m\x1b[K \x1b[01;35m\x1b[Kwarning: \x1b[m\x1b[Kextra \xe2\x80\x98\x1b[01m\x1b[K;\x1b[m\x1b[K\xe2\x80\x99 [\x1b[01;35m\x1b[K\x1b]8;;https://gcc.gnu.org/onlinedocs/gcc/Warning-Options.html#index-Wpedantic\x07-Wpedantic\x1b]8;;\x07\x1b[m\x1b[K]\n'}
[115.480666] (vins_estimator) StderrLine: {'line': b'  143 |     }\x1b[01;35m\x1b[K;\x1b[m\x1b[K\n'}
[115.480727] (vins_estimator) StderrLine: {'line': b'      |      \x1b[01;35m\x1b[K^\x1b[m\x1b[K\n'}
[115.480786] (vins_estimator) StderrLine: {'line': b'      |      \x1b[31m\x1b[K-\x1b[m\x1b[K\n'}
[115.534814] (-) TimerEvent: {}
[115.635512] (-) TimerEvent: {}
[115.736199] (-) TimerEvent: {}
[115.836902] (-) TimerEvent: {}
[115.937641] (-) TimerEvent: {}
[116.038395] (-) TimerEvent: {}
[116.139078] (-) TimerEvent: {}
[116.186436] (feature_tracker) StderrLine: {'line': b'\x1b[01m\x1b[K/home/orangepi/Desktop/SparkCar_ROS2_WS/SparkCar_Perception/src/VINS-MONO-ROS2/feature_tracker/src/feature_tracker_node.cpp:16:32:\x1b[m\x1b[K \x1b[01;35m\x1b[Kwarning: \x1b[m\x1b[K\xe2\x80\x98\x1b[01m\x1b[Ksensor_msgs::msg::Image_<std::allocator<void> >::ConstPtr\x1b[m\x1b[K\xe2\x80\x99 is deprecated [\x1b[01;35m\x1b[K\x1b]8;;https://gcc.gnu.org/onlinedocs/gcc/Warning-Options.html#index-Wdeprecated-declarations\x07-Wdeprecated-declarations\x1b]8;;\x07\x1b[m\x1b[K]\n'}
[116.186728] (feature_tracker) StderrLine: {'line': b'   16 | queue<sensor_msgs::msg::Image::\x1b[01;35m\x1b[KConstPtr\x1b[m\x1b[K> img_buf;\n'}
[116.186808] (feature_tracker) StderrLine: {'line': b'      |                                \x1b[01;35m\x1b[K^~~~~~~~\x1b[m\x1b[K\n'}
[116.186873] (feature_tracker) StderrLine: {'line': b'In file included from \x1b[01m\x1b[K/opt/ros/humble/include/sensor_msgs/sensor_msgs/msg/image.hpp:7\x1b[m\x1b[K,\n'}
[116.186936] (feature_tracker) StderrLine: {'line': b'                 from \x1b[01m\x1b[K/home/orangepi/Desktop/SparkCar_ROS2_WS/SparkCar_Perception/src/VINS-MONO-ROS2/feature_tracker/src/feature_tracker_node.cpp:3\x1b[m\x1b[K:\n'}
[116.186999] (feature_tracker) StderrLine: {'line': b'\x1b[01m\x1b[K/opt/ros/humble/include/sensor_msgs/sensor_msgs/msg/detail/image__struct.hpp:174:5:\x1b[m\x1b[K \x1b[01;36m\x1b[Knote: \x1b[m\x1b[Kdeclared here\n'}
[116.187060] (feature_tracker) StderrLine: {'line': b'  174 |     \x1b[01;36m\x1b[KConstPtr\x1b[m\x1b[K;\n'}
[116.187119] (feature_tracker) StderrLine: {'line': b'      |     \x1b[01;36m\x1b[K^~~~~~~~\x1b[m\x1b[K\n'}
[116.224975] (vins_estimator) StderrLine: {'line': b'In file included from \x1b[01m\x1b[K/home/orangepi/Desktop/SparkCar_ROS2_WS/SparkCar_Perception/src/VINS-MONO-ROS2/vins_estimator/src/parameters.h:7\x1b[m\x1b[K,\n'}
[116.234969] (vins_estimator) StderrLine: {'line': b'                 from \x1b[01m\x1b[K/home/orangepi/Desktop/SparkCar_ROS2_WS/SparkCar_Perception/src/VINS-MONO-ROS2/vins_estimator/src/feature_manager.h:14\x1b[m\x1b[K,\n'}
[116.235307] (vins_estimator) StderrLine: {'line': b'                 from \x1b[01m\x1b[K/home/orangepi/Desktop/SparkCar_ROS2_WS/SparkCar_Perception/src/VINS-MONO-ROS2/vins_estimator/src/feature_manager.cpp:1\x1b[m\x1b[K:\n'}
[116.235483] (vins_estimator) StderrLine: {'line': b'\x1b[01m\x1b[K/home/orangepi/Desktop/SparkCar_ROS2_WS/SparkCar_Perception/src/VINS-MONO-ROS2/vins_estimator/src/utility/utility.h:143:6:\x1b[m\x1b[K \x1b[01;35m\x1b[Kwarning: \x1b[m\x1b[Kextra \xe2\x80\x98\x1b[01m\x1b[K;\x1b[m\x1b[K\xe2\x80\x99 [\x1b[01;35m\x1b[K\x1b]8;;https://gcc.gnu.org/onlinedocs/gcc/Warning-Options.html#index-Wpedantic\x07-Wpedantic\x1b]8;;\x07\x1b[m\x1b[K]\n'}
[116.235608] (vins_estimator) StderrLine: {'line': b'  143 |     }\x1b[01;35m\x1b[K;\x1b[m\x1b[K\n'}
[116.235716] (vins_estimator) StderrLine: {'line': b'      |      \x1b[01;35m\x1b[K^\x1b[m\x1b[K\n'}
[116.235838] (vins_estimator) StderrLine: {'line': b'      |      \x1b[31m\x1b[K-\x1b[m\x1b[K\n'}
[116.239195] (-) TimerEvent: {}
[116.339882] (-) TimerEvent: {}
[116.440575] (-) TimerEvent: {}
[116.541286] (-) TimerEvent: {}
[116.641967] (-) TimerEvent: {}
[116.742661] (-) TimerEvent: {}
[116.843360] (-) TimerEvent: {}
[116.944050] (-) TimerEvent: {}
[117.044792] (-) TimerEvent: {}
[117.145467] (-) TimerEvent: {}
[117.246145] (-) TimerEvent: {}
[117.346845] (-) TimerEvent: {}
[117.447603] (-) TimerEvent: {}
[117.548320] (-) TimerEvent: {}
[117.649509] (-) TimerEvent: {}
[117.691644] (vins_estimator) StderrLine: {'line': b'In file included from \x1b[01m\x1b[K/home/orangepi/Desktop/SparkCar_ROS2_WS/SparkCar_Perception/src/VINS-MONO-ROS2/vins_estimator/src/parameters.h:7\x1b[m\x1b[K,\n'}
[117.691966] (vins_estimator) StderrLine: {'line': b'                 from \x1b[01m\x1b[K/home/orangepi/Desktop/SparkCar_ROS2_WS/SparkCar_Perception/src/VINS-MONO-ROS2/vins_estimator/src/estimator.h:3\x1b[m\x1b[K,\n'}
[117.692047] (vins_estimator) StderrLine: {'line': b'                 from \x1b[01m\x1b[K/home/orangepi/Desktop/SparkCar_ROS2_WS/SparkCar_Perception/src/VINS-MONO-ROS2/vins_estimator/src/estimator_node.cpp:11\x1b[m\x1b[K:\n'}
[117.692113] (vins_estimator) StderrLine: {'line': b'\x1b[01m\x1b[K/home/orangepi/Desktop/SparkCar_ROS2_WS/SparkCar_Perception/src/VINS-MONO-ROS2/vins_estimator/src/utility/utility.h:143:6:\x1b[m\x1b[K \x1b[01;35m\x1b[Kwarning: \x1b[m\x1b[Kextra \xe2\x80\x98\x1b[01m\x1b[K;\x1b[m\x1b[K\xe2\x80\x99 [\x1b[01;35m\x1b[K\x1b]8;;https://gcc.gnu.org/onlinedocs/gcc/Warning-Options.html#index-Wpedantic\x07-Wpedantic\x1b]8;;\x07\x1b[m\x1b[K]\n'}
[117.692182] (vins_estimator) StderrLine: {'line': b'  143 |     }\x1b[01;35m\x1b[K;\x1b[m\x1b[K\n'}
[117.692243] (vins_estimator) StderrLine: {'line': b'      |      \x1b[01;35m\x1b[K^\x1b[m\x1b[K\n'}
[117.692301] (vins_estimator) StderrLine: {'line': b'      |      \x1b[31m\x1b[K-\x1b[m\x1b[K\n'}
[117.749654] (-) TimerEvent: {}
[117.850102] (-) TimerEvent: {}
[117.950800] (-) TimerEvent: {}
[118.051533] (-) TimerEvent: {}
[118.152218] (-) TimerEvent: {}
[118.252902] (-) TimerEvent: {}
[118.353601] (-) TimerEvent: {}
[118.454348] (-) TimerEvent: {}
[118.553287] (ar_demo) StderrLine: {'line': b'\x1b[01m\x1b[K/home/orangepi/Desktop/SparkCar_ROS2_WS/SparkCar_Perception/src/VINS-MONO-ROS2/ar_demo/src/ar_demo_node.cpp:351:113:\x1b[m\x1b[K \x1b[01;35m\x1b[Kwarning: \x1b[m\x1b[K\xe2\x80\x98\x1b[01m\x1b[Knav_msgs::msg::Odometry_<std::allocator<void> >::ConstPtr\x1b[m\x1b[K\xe2\x80\x99 is deprecated [\x1b[01;35m\x1b[K\x1b]8;;https://gcc.gnu.org/onlinedocs/gcc/Warning-Options.html#index-Wdeprecated-declarations\x07-Wdeprecated-declarations\x1b]8;;\x07\x1b[m\x1b[K]\n'}
[118.553563] (ar_demo) StderrLine: {'line': b'  351 | void callback(const sensor_msgs::msg::Image::SharedPtr img_msg, const nav_msgs::msg::Odometry::ConstPtr pose_msg\x1b[01;35m\x1b[K)\x1b[m\x1b[K\n'}
[118.553642] (ar_demo) StderrLine: {'line': b'      |                                                                                                                 \x1b[01;35m\x1b[K^\x1b[m\x1b[K\n'}
[118.554463] (-) TimerEvent: {}
[118.560576] (ar_demo) StderrLine: {'line': b'In file included from \x1b[01m\x1b[K/opt/ros/humble/include/nav_msgs/nav_msgs/msg/odometry.hpp:7\x1b[m\x1b[K,\n'}
[118.560928] (ar_demo) StderrLine: {'line': b'                 from \x1b[01m\x1b[K/home/orangepi/Desktop/SparkCar_ROS2_WS/SparkCar_Perception/src/VINS-MONO-ROS2/ar_demo/src/ar_demo_node.cpp:5\x1b[m\x1b[K:\n'}
[118.561084] (ar_demo) StderrLine: {'line': b'\x1b[01m\x1b[K/opt/ros/humble/include/nav_msgs/nav_msgs/msg/detail/odometry__struct.hpp:147:5:\x1b[m\x1b[K \x1b[01;36m\x1b[Knote: \x1b[m\x1b[Kdeclared here\n'}
[118.561201] (ar_demo) StderrLine: {'line': b'  147 |     \x1b[01;36m\x1b[KConstPtr\x1b[m\x1b[K;\n'}
[118.561620] (ar_demo) StderrLine: {'line': b'      |     \x1b[01;36m\x1b[K^~~~~~~~\x1b[m\x1b[K\n'}
[118.654620] (-) TimerEvent: {}
[118.755349] (-) TimerEvent: {}
[118.855823] (-) TimerEvent: {}
[118.956282] (-) TimerEvent: {}
[119.056733] (-) TimerEvent: {}
[119.157188] (-) TimerEvent: {}
[119.257655] (-) TimerEvent: {}
[119.358136] (-) TimerEvent: {}
[119.458573] (-) TimerEvent: {}
[119.559020] (-) TimerEvent: {}
[119.659464] (-) TimerEvent: {}
[119.760165] (-) TimerEvent: {}
[119.860849] (-) TimerEvent: {}
[119.961347] (-) TimerEvent: {}
[120.061860] (-) TimerEvent: {}
[120.162320] (-) TimerEvent: {}
[120.262810] (-) TimerEvent: {}
[120.363308] (-) TimerEvent: {}
[120.463802] (-) TimerEvent: {}
[120.564259] (-) TimerEvent: {}
[120.664715] (-) TimerEvent: {}
[120.765169] (-) TimerEvent: {}
[120.865634] (-) TimerEvent: {}
[120.966068] (-) TimerEvent: {}
[121.066723] (-) TimerEvent: {}
[121.167410] (-) TimerEvent: {}
[121.267889] (-) TimerEvent: {}
[121.368354] (-) TimerEvent: {}
[121.375644] (pose_graph) StderrLine: {'line': b'In file included from \x1b[01m\x1b[K/home/orangepi/Desktop/SparkCar_ROS2_WS/SparkCar_Perception/src/VINS-MONO-ROS2/pose_graph/src/keyframe.h:11\x1b[m\x1b[K,\n'}
[121.375981] (pose_graph) StderrLine: {'line': b'                 from \x1b[01m\x1b[K/home/orangepi/Desktop/SparkCar_ROS2_WS/SparkCar_Perception/src/VINS-MONO-ROS2/pose_graph/src/pose_graph_node.cpp:19\x1b[m\x1b[K:\n'}
[121.376135] (pose_graph) StderrLine: {'line': b'\x1b[01m\x1b[K/home/orangepi/Desktop/SparkCar_ROS2_WS/SparkCar_Perception/src/VINS-MONO-ROS2/pose_graph/src/utility/utility.h:143:6:\x1b[m\x1b[K \x1b[01;35m\x1b[Kwarning: \x1b[m\x1b[Kextra \xe2\x80\x98\x1b[01m\x1b[K;\x1b[m\x1b[K\xe2\x80\x99 [\x1b[01;35m\x1b[K\x1b]8;;https://gcc.gnu.org/onlinedocs/gcc/Warning-Options.html#index-Wpedantic\x07-Wpedantic\x1b]8;;\x07\x1b[m\x1b[K]\n'}
[121.376280] (pose_graph) StderrLine: {'line': b'  143 |     }\x1b[01;35m\x1b[K;\x1b[m\x1b[K\n'}
[121.376394] (pose_graph) StderrLine: {'line': b'      |      \x1b[01;35m\x1b[K^\x1b[m\x1b[K\n'}
[121.376502] (pose_graph) StderrLine: {'line': b'      |      \x1b[31m\x1b[K-\x1b[m\x1b[K\n'}
[121.468477] (-) TimerEvent: {}
[121.569168] (-) TimerEvent: {}
[121.669905] (-) TimerEvent: {}
[121.730905] (pose_graph) StderrLine: {'line': b'In file included from \x1b[01m\x1b[K/home/orangepi/Desktop/SparkCar_ROS2_WS/SparkCar_Perception/src/VINS-MONO-ROS2/pose_graph/src/keyframe.h:11\x1b[m\x1b[K,\n'}
[121.731178] (pose_graph) StderrLine: {'line': b'                 from \x1b[01m\x1b[K/home/orangepi/Desktop/SparkCar_ROS2_WS/SparkCar_Perception/src/VINS-MONO-ROS2/pose_graph/src/pose_graph.h:17\x1b[m\x1b[K,\n'}
[121.731254] (pose_graph) StderrLine: {'line': b'                 from \x1b[01m\x1b[K/home/orangepi/Desktop/SparkCar_ROS2_WS/SparkCar_Perception/src/VINS-MONO-ROS2/pose_graph/src/pose_graph.cpp:1\x1b[m\x1b[K:\n'}
[121.731320] (pose_graph) StderrLine: {'line': b'\x1b[01m\x1b[K/home/orangepi/Desktop/SparkCar_ROS2_WS/SparkCar_Perception/src/VINS-MONO-ROS2/pose_graph/src/utility/utility.h:143:6:\x1b[m\x1b[K \x1b[01;35m\x1b[Kwarning: \x1b[m\x1b[Kextra \xe2\x80\x98\x1b[01m\x1b[K;\x1b[m\x1b[K\xe2\x80\x99 [\x1b[01;35m\x1b[K\x1b]8;;https://gcc.gnu.org/onlinedocs/gcc/Warning-Options.html#index-Wpedantic\x07-Wpedantic\x1b]8;;\x07\x1b[m\x1b[K]\n'}
[121.731391] (pose_graph) StderrLine: {'line': b'  143 |     }\x1b[01;35m\x1b[K;\x1b[m\x1b[K\n'}
[121.731477] (pose_graph) StderrLine: {'line': b'      |      \x1b[01;35m\x1b[K^\x1b[m\x1b[K\n'}
[121.731539] (pose_graph) StderrLine: {'line': b'      |      \x1b[31m\x1b[K-\x1b[m\x1b[K\n'}
[121.770051] (-) TimerEvent: {}
[121.870757] (-) TimerEvent: {}
[121.971530] (-) TimerEvent: {}
[122.072200] (-) TimerEvent: {}
[122.172884] (-) TimerEvent: {}
[122.273569] (-) TimerEvent: {}
[122.374284] (-) TimerEvent: {}
[122.474803] (-) TimerEvent: {}
[122.575251] (-) TimerEvent: {}
[122.675961] (-) TimerEvent: {}
[122.776665] (-) TimerEvent: {}
[122.877376] (-) TimerEvent: {}
[122.978148] (-) TimerEvent: {}
[123.078843] (-) TimerEvent: {}
[123.179543] (-) TimerEvent: {}
[123.280256] (-) TimerEvent: {}
[123.380959] (-) TimerEvent: {}
[123.458328] (pose_graph) StderrLine: {'line': b'\x1b[01m\x1b[K/home/orangepi/Desktop/SparkCar_ROS2_WS/SparkCar_Perception/src/VINS-MONO-ROS2/pose_graph/src/pose_graph_node.cpp:27:32:\x1b[m\x1b[K \x1b[01;35m\x1b[Kwarning: \x1b[m\x1b[K\xe2\x80\x98\x1b[01m\x1b[Ksensor_msgs::msg::Image_<std::allocator<void> >::ConstPtr\x1b[m\x1b[K\xe2\x80\x99 is deprecated [\x1b[01;35m\x1b[K\x1b]8;;https://gcc.gnu.org/onlinedocs/gcc/Warning-Options.html#index-Wdeprecated-declarations\x07-Wdeprecated-declarations\x1b]8;;\x07\x1b[m\x1b[K]\n'}
[123.458638] (pose_graph) StderrLine: {'line': b'   27 | queue<sensor_msgs::msg::Image::\x1b[01;35m\x1b[KConstPtr\x1b[m\x1b[K> image_buf;\n'}
[123.458724] (pose_graph) StderrLine: {'line': b'      |                                \x1b[01;35m\x1b[K^~~~~~~~\x1b[m\x1b[K\n'}
[123.458877] (pose_graph) StderrLine: {'line': b'In file included from \x1b[01m\x1b[K/opt/ros/humble/include/sensor_msgs/sensor_msgs/msg/image.hpp:7\x1b[m\x1b[K,\n'}
[123.458958] (pose_graph) StderrLine: {'line': b'                 from \x1b[01m\x1b[K/home/orangepi/Desktop/SparkCar_ROS2_WS/SparkCar_Perception/src/VINS-MONO-ROS2/pose_graph/src/pose_graph_node.cpp:6\x1b[m\x1b[K:\n'}
[123.459025] (pose_graph) StderrLine: {'line': b'\x1b[01m\x1b[K/opt/ros/humble/include/sensor_msgs/sensor_msgs/msg/detail/image__struct.hpp:174:5:\x1b[m\x1b[K \x1b[01;36m\x1b[Knote: \x1b[m\x1b[Kdeclared here\n'}
[123.459088] (pose_graph) StderrLine: {'line': b'  174 |     \x1b[01;36m\x1b[KConstPtr\x1b[m\x1b[K;\n'}
[123.459150] (pose_graph) StderrLine: {'line': b'      |     \x1b[01;36m\x1b[K^~~~~~~~\x1b[m\x1b[K\n'}
[123.481115] (-) TimerEvent: {}
[123.498289] (pose_graph) StderrLine: {'line': b'\x1b[01m\x1b[K/home/orangepi/Desktop/SparkCar_ROS2_WS/SparkCar_Perception/src/VINS-MONO-ROS2/pose_graph/src/pose_graph_node.cpp:28:37:\x1b[m\x1b[K \x1b[01;35m\x1b[Kwarning: \x1b[m\x1b[K\xe2\x80\x98\x1b[01m\x1b[Ksensor_msgs::msg::PointCloud_<std::allocator<void> >::ConstPtr\x1b[m\x1b[K\xe2\x80\x99 is deprecated [\x1b[01;35m\x1b[K\x1b]8;;https://gcc.gnu.org/onlinedocs/gcc/Warning-Options.html#index-Wdeprecated-declarations\x07-Wdeprecated-declarations\x1b]8;;\x07\x1b[m\x1b[K]\n'}
[123.498655] (pose_graph) StderrLine: {'line': b'   28 | queue<sensor_msgs::msg::PointCloud::\x1b[01;35m\x1b[KConstPtr\x1b[m\x1b[K> point_buf;\n'}
[123.498753] (pose_graph) StderrLine: {'line': b'      |                                     \x1b[01;35m\x1b[K^~~~~~~~\x1b[m\x1b[K\n'}
[123.498820] (pose_graph) StderrLine: {'line': b'In file included from \x1b[01m\x1b[K/opt/ros/humble/include/sensor_msgs/sensor_msgs/msg/point_cloud.hpp:7\x1b[m\x1b[K,\n'}
[123.498885] (pose_graph) StderrLine: {'line': b'                 from \x1b[01m\x1b[K/home/orangepi/Desktop/SparkCar_ROS2_WS/SparkCar_Perception/src/VINS-MONO-ROS2/pose_graph/src/pose_graph_node.cpp:5\x1b[m\x1b[K:\n'}
[123.498964] (pose_graph) StderrLine: {'line': b'\x1b[01m\x1b[K/opt/ros/humble/include/sensor_msgs/sensor_msgs/msg/detail/point_cloud__struct.hpp:125:5:\x1b[m\x1b[K \x1b[01;36m\x1b[Knote: \x1b[m\x1b[Kdeclared here\n'}
[123.499035] (pose_graph) StderrLine: {'line': b'  125 |     \x1b[01;36m\x1b[KConstPtr\x1b[m\x1b[K;\n'}
[123.499096] (pose_graph) StderrLine: {'line': b'      |     \x1b[01;36m\x1b[K^~~~~~~~\x1b[m\x1b[K\n'}
[123.581284] (-) TimerEvent: {}
[123.682005] (-) TimerEvent: {}
[123.782742] (-) TimerEvent: {}
[123.883448] (-) TimerEvent: {}
[123.892818] (pose_graph) StderrLine: {'line': b'\x1b[01m\x1b[K/home/orangepi/Desktop/SparkCar_ROS2_WS/SparkCar_Perception/src/VINS-MONO-ROS2/pose_graph/src/pose_graph_node.cpp:29:32:\x1b[m\x1b[K \x1b[01;35m\x1b[Kwarning: \x1b[m\x1b[K\xe2\x80\x98\x1b[01m\x1b[Knav_msgs::msg::Odometry_<std::allocator<void> >::ConstPtr\x1b[m\x1b[K\xe2\x80\x99 is deprecated [\x1b[01;35m\x1b[K\x1b]8;;https://gcc.gnu.org/onlinedocs/gcc/Warning-Options.html#index-Wdeprecated-declarations\x07-Wdeprecated-declarations\x1b]8;;\x07\x1b[m\x1b[K]\n'}
[123.893140] (pose_graph) StderrLine: {'line': b'   29 | queue<nav_msgs::msg::Odometry::\x1b[01;35m\x1b[KConstPtr\x1b[m\x1b[K> pose_buf;\n'}
[123.893225] (pose_graph) StderrLine: {'line': b'      |                                \x1b[01;35m\x1b[K^~~~~~~~\x1b[m\x1b[K\n'}
[123.901627] (pose_graph) StderrLine: {'line': b'In file included from \x1b[01m\x1b[K/opt/ros/humble/include/nav_msgs/nav_msgs/msg/odometry.hpp:7\x1b[m\x1b[K,\n'}
[123.901906] (pose_graph) StderrLine: {'line': b'                 from \x1b[01m\x1b[K/home/orangepi/Desktop/SparkCar_ROS2_WS/SparkCar_Perception/src/VINS-MONO-ROS2/pose_graph/src/pose_graph_node.cpp:3\x1b[m\x1b[K:\n'}
[123.901986] (pose_graph) StderrLine: {'line': b'\x1b[01m\x1b[K/opt/ros/humble/include/nav_msgs/nav_msgs/msg/detail/odometry__struct.hpp:147:5:\x1b[m\x1b[K \x1b[01;36m\x1b[Knote: \x1b[m\x1b[Kdeclared here\n'}
[123.902055] (pose_graph) StderrLine: {'line': b'  147 |     \x1b[01;36m\x1b[KConstPtr\x1b[m\x1b[K;\n'}
[123.902118] (pose_graph) StderrLine: {'line': b'      |     \x1b[01;36m\x1b[K^~~~~~~~\x1b[m\x1b[K\n'}
[123.983595] (-) TimerEvent: {}
[124.001401] (pose_graph) StderrLine: {'line': b'\x1b[01m\x1b[K/home/orangepi/Desktop/SparkCar_ROS2_WS/SparkCar_Perception/src/VINS-MONO-ROS2/pose_graph/src/pose_graph_node.cpp:92:70:\x1b[m\x1b[K \x1b[01;35m\x1b[Kwarning: \x1b[m\x1b[K\xe2\x80\x98\x1b[01m\x1b[Ksensor_msgs::msg::Image_<std::allocator<void> >::ConstPtr\x1b[m\x1b[K\xe2\x80\x99 is deprecated [\x1b[01;35m\x1b[K\x1b]8;;https://gcc.gnu.org/onlinedocs/gcc/Warning-Options.html#index-Wdeprecated-declarations\x07-Wdeprecated-declarations\x1b]8;;\x07\x1b[m\x1b[K]\n'}
[124.001700] (pose_graph) StderrLine: {'line': b'   92 | void image_callback(const sensor_msgs::msg::Image::ConstPtr image_msg\x1b[01;35m\x1b[K)\x1b[m\x1b[K\n'}
[124.001784] (pose_graph) StderrLine: {'line': b'      |                                                                      \x1b[01;35m\x1b[K^\x1b[m\x1b[K\n'}
[124.018345] (pose_graph) StderrLine: {'line': b'In file included from \x1b[01m\x1b[K/opt/ros/humble/include/sensor_msgs/sensor_msgs/msg/image.hpp:7\x1b[m\x1b[K,\n'}
[124.018636] (pose_graph) StderrLine: {'line': b'                 from \x1b[01m\x1b[K/home/orangepi/Desktop/SparkCar_ROS2_WS/SparkCar_Perception/src/VINS-MONO-ROS2/pose_graph/src/pose_graph_node.cpp:6\x1b[m\x1b[K:\n'}
[124.018719] (pose_graph) StderrLine: {'line': b'\x1b[01m\x1b[K/opt/ros/humble/include/sensor_msgs/sensor_msgs/msg/detail/image__struct.hpp:174:5:\x1b[m\x1b[K \x1b[01;36m\x1b[Knote: \x1b[m\x1b[Kdeclared here\n'}
[124.018790] (pose_graph) StderrLine: {'line': b'  174 |     \x1b[01;36m\x1b[KConstPtr\x1b[m\x1b[K;\n'}
[124.018853] (pose_graph) StderrLine: {'line': b'      |     \x1b[01;36m\x1b[K^~~~~~~~\x1b[m\x1b[K\n'}
[124.024845] (pose_graph) StderrLine: {'line': b'\x1b[01m\x1b[K/home/orangepi/Desktop/SparkCar_ROS2_WS/SparkCar_Perception/src/VINS-MONO-ROS2/pose_graph/src/pose_graph_node.cpp:113:75:\x1b[m\x1b[K \x1b[01;35m\x1b[Kwarning: \x1b[m\x1b[K\xe2\x80\x98\x1b[01m\x1b[Ksensor_msgs::msg::PointCloud_<std::allocator<void> >::ConstPtr\x1b[m\x1b[K\xe2\x80\x99 is deprecated [\x1b[01;35m\x1b[K\x1b]8;;https://gcc.gnu.org/onlinedocs/gcc/Warning-Options.html#index-Wdeprecated-declarations\x07-Wdeprecated-declarations\x1b]8;;\x07\x1b[m\x1b[K]\n'}
[124.025128] (pose_graph) StderrLine: {'line': b'  113 | void point_callback(const sensor_msgs::msg::PointCloud::ConstPtr point_msg\x1b[01;35m\x1b[K)\x1b[m\x1b[K\n'}
[124.025206] (pose_graph) StderrLine: {'line': b'      |                                                                           \x1b[01;35m\x1b[K^\x1b[m\x1b[K\n'}
[124.025272] (pose_graph) StderrLine: {'line': b'In file included from \x1b[01m\x1b[K/opt/ros/humble/include/sensor_msgs/sensor_msgs/msg/point_cloud.hpp:7\x1b[m\x1b[K,\n'}
[124.025360] (pose_graph) StderrLine: {'line': b'                 from \x1b[01m\x1b[K/home/orangepi/Desktop/SparkCar_ROS2_WS/SparkCar_Perception/src/VINS-MONO-ROS2/pose_graph/src/pose_graph_node.cpp:5\x1b[m\x1b[K:\n'}
[124.025427] (pose_graph) StderrLine: {'line': b'\x1b[01m\x1b[K/opt/ros/humble/include/sensor_msgs/sensor_msgs/msg/detail/point_cloud__struct.hpp:125:5:\x1b[m\x1b[K \x1b[01;36m\x1b[Knote: \x1b[m\x1b[Kdeclared here\n'}
[124.025488] (pose_graph) StderrLine: {'line': b'  125 |     \x1b[01;36m\x1b[KConstPtr\x1b[m\x1b[K;\n'}
[124.025548] (pose_graph) StderrLine: {'line': b'      |     \x1b[01;36m\x1b[K^~~~~~~~\x1b[m\x1b[K\n'}
[124.043623] (pose_graph) StderrLine: {'line': b'\x1b[01m\x1b[K/home/orangepi/Desktop/SparkCar_ROS2_WS/SparkCar_Perception/src/VINS-MONO-ROS2/pose_graph/src/pose_graph_node.cpp:133:68:\x1b[m\x1b[K \x1b[01;35m\x1b[Kwarning: \x1b[m\x1b[K\xe2\x80\x98\x1b[01m\x1b[Knav_msgs::msg::Odometry_<std::allocator<void> >::ConstPtr\x1b[m\x1b[K\xe2\x80\x99 is deprecated [\x1b[01;35m\x1b[K\x1b]8;;https://gcc.gnu.org/onlinedocs/gcc/Warning-Options.html#index-Wdeprecated-declarations\x07-Wdeprecated-declarations\x1b]8;;\x07\x1b[m\x1b[K]\n'}
[124.043892] (pose_graph) StderrLine: {'line': b'  133 | void pose_callback(const nav_msgs::msg::Odometry::ConstPtr pose_msg\x1b[01;35m\x1b[K)\x1b[m\x1b[K\n'}
[124.043969] (pose_graph) StderrLine: {'line': b'      |                                                                    \x1b[01;35m\x1b[K^\x1b[m\x1b[K\n'}
[124.054962] (pose_graph) StderrLine: {'line': b'In file included from \x1b[01m\x1b[K/opt/ros/humble/include/nav_msgs/nav_msgs/msg/odometry.hpp:7\x1b[m\x1b[K,\n'}
[124.055242] (pose_graph) StderrLine: {'line': b'                 from \x1b[01m\x1b[K/home/orangepi/Desktop/SparkCar_ROS2_WS/SparkCar_Perception/src/VINS-MONO-ROS2/pose_graph/src/pose_graph_node.cpp:3\x1b[m\x1b[K:\n'}
[124.055390] (pose_graph) StderrLine: {'line': b'\x1b[01m\x1b[K/opt/ros/humble/include/nav_msgs/nav_msgs/msg/detail/odometry__struct.hpp:147:5:\x1b[m\x1b[K \x1b[01;36m\x1b[Knote: \x1b[m\x1b[Kdeclared here\n'}
[124.055468] (pose_graph) StderrLine: {'line': b'  147 |     \x1b[01;36m\x1b[KConstPtr\x1b[m\x1b[K;\n'}
[124.055532] (pose_graph) StderrLine: {'line': b'      |     \x1b[01;36m\x1b[K^~~~~~~~\x1b[m\x1b[K\n'}
[124.060011] (pose_graph) StderrLine: {'line': b'\x1b[01m\x1b[K/home/orangepi/Desktop/SparkCar_ROS2_WS/SparkCar_Perception/src/VINS-MONO-ROS2/pose_graph/src/pose_graph_node.cpp:152:78:\x1b[m\x1b[K \x1b[01;35m\x1b[Kwarning: \x1b[m\x1b[K\xe2\x80\x98\x1b[01m\x1b[Knav_msgs::msg::Odometry_<std::allocator<void> >::ConstPtr\x1b[m\x1b[K\xe2\x80\x99 is deprecated [\x1b[01;35m\x1b[K\x1b]8;;https://gcc.gnu.org/onlinedocs/gcc/Warning-Options.html#index-Wdeprecated-declarations\x07-Wdeprecated-declarations\x1b]8;;\x07\x1b[m\x1b[K]\n'}
[124.060316] (pose_graph) StderrLine: {'line': b'  152 | void imu_forward_callback(const nav_msgs::msg::Odometry::ConstPtr forward_msg\x1b[01;35m\x1b[K)\x1b[m\x1b[K\n'}
[124.060399] (pose_graph) StderrLine: {'line': b'      |                                                                              \x1b[01;35m\x1b[K^\x1b[m\x1b[K\n'}
[124.068308] (pose_graph) StderrLine: {'line': b'In file included from \x1b[01m\x1b[K/opt/ros/humble/include/nav_msgs/nav_msgs/msg/odometry.hpp:7\x1b[m\x1b[K,\n'}
[124.068564] (pose_graph) StderrLine: {'line': b'                 from \x1b[01m\x1b[K/home/orangepi/Desktop/SparkCar_ROS2_WS/SparkCar_Perception/src/VINS-MONO-ROS2/pose_graph/src/pose_graph_node.cpp:3\x1b[m\x1b[K:\n'}
[124.068639] (pose_graph) StderrLine: {'line': b'\x1b[01m\x1b[K/opt/ros/humble/include/nav_msgs/nav_msgs/msg/detail/odometry__struct.hpp:147:5:\x1b[m\x1b[K \x1b[01;36m\x1b[Knote: \x1b[m\x1b[Kdeclared here\n'}
[124.068705] (pose_graph) StderrLine: {'line': b'  147 |     \x1b[01;36m\x1b[KConstPtr\x1b[m\x1b[K;\n'}
[124.068766] (pose_graph) StderrLine: {'line': b'      |     \x1b[01;36m\x1b[K^~~~~~~~\x1b[m\x1b[K\n'}
[124.083723] (-) TimerEvent: {}
[124.184393] (-) TimerEvent: {}
[124.200426] (pose_graph) StderrLine: {'line': b'\x1b[01m\x1b[K/home/orangepi/Desktop/SparkCar_ROS2_WS/SparkCar_Perception/src/VINS-MONO-ROS2/pose_graph/src/pose_graph_node.cpp:179:82:\x1b[m\x1b[K \x1b[01;35m\x1b[Kwarning: \x1b[m\x1b[K\xe2\x80\x98\x1b[01m\x1b[Knav_msgs::msg::Odometry_<std::allocator<void> >::ConstPtr\x1b[m\x1b[K\xe2\x80\x99 is deprecated [\x1b[01;35m\x1b[K\x1b]8;;https://gcc.gnu.org/onlinedocs/gcc/Warning-Options.html#index-Wdeprecated-declarations\x07-Wdeprecated-declarations\x1b]8;;\x07\x1b[m\x1b[K]\n'}
[124.200806] (pose_graph) StderrLine: {'line': b'  179 | void relo_relative_pose_callback(const nav_msgs::msg::Odometry::ConstPtr pose_msg\x1b[01;35m\x1b[K)\x1b[m\x1b[K\n'}
[124.200967] (pose_graph) StderrLine: {'line': b'      |                                                                                  \x1b[01;35m\x1b[K^\x1b[m\x1b[K\n'}
[124.201157] (pose_graph) StderrLine: {'line': b'In file included from \x1b[01m\x1b[K/opt/ros/humble/include/nav_msgs/nav_msgs/msg/odometry.hpp:7\x1b[m\x1b[K,\n'}
[124.201306] (pose_graph) StderrLine: {'line': b'                 from \x1b[01m\x1b[K/home/orangepi/Desktop/SparkCar_ROS2_WS/SparkCar_Perception/src/VINS-MONO-ROS2/pose_graph/src/pose_graph_node.cpp:3\x1b[m\x1b[K:\n'}
[124.201467] (pose_graph) StderrLine: {'line': b'\x1b[01m\x1b[K/opt/ros/humble/include/nav_msgs/nav_msgs/msg/detail/odometry__struct.hpp:147:5:\x1b[m\x1b[K \x1b[01;36m\x1b[Knote: \x1b[m\x1b[Kdeclared here\n'}
[124.201597] (pose_graph) StderrLine: {'line': b'  147 |     \x1b[01;36m\x1b[KConstPtr\x1b[m\x1b[K;\n'}
[124.201712] (pose_graph) StderrLine: {'line': b'      |     \x1b[01;36m\x1b[K^~~~~~~~\x1b[m\x1b[K\n'}
[124.207571] (pose_graph) StderrLine: {'line': b'\x1b[01m\x1b[K/home/orangepi/Desktop/SparkCar_ROS2_WS/SparkCar_Perception/src/VINS-MONO-ROS2/pose_graph/src/pose_graph_node.cpp:200:67:\x1b[m\x1b[K \x1b[01;35m\x1b[Kwarning: \x1b[m\x1b[K\xe2\x80\x98\x1b[01m\x1b[Knav_msgs::msg::Odometry_<std::allocator<void> >::ConstPtr\x1b[m\x1b[K\xe2\x80\x99 is deprecated [\x1b[01;35m\x1b[K\x1b]8;;https://gcc.gnu.org/onlinedocs/gcc/Warning-Options.html#index-Wdeprecated-declarations\x07-Wdeprecated-declarations\x1b]8;;\x07\x1b[m\x1b[K]\n'}
[124.207916] (pose_graph) StderrLine: {'line': b'  200 | void vio_callback(const nav_msgs::msg::Odometry::ConstPtr pose_msg\x1b[01;35m\x1b[K)\x1b[m\x1b[K\n'}
[124.208100] (pose_graph) StderrLine: {'line': b'      |                                                                   \x1b[01;35m\x1b[K^\x1b[m\x1b[K\n'}
[124.208320] (pose_graph) StderrLine: {'line': b'In file included from \x1b[01m\x1b[K/opt/ros/humble/include/nav_msgs/nav_msgs/msg/odometry.hpp:7\x1b[m\x1b[K,\n'}
[124.208460] (pose_graph) StderrLine: {'line': b'                 from \x1b[01m\x1b[K/home/orangepi/Desktop/SparkCar_ROS2_WS/SparkCar_Perception/src/VINS-MONO-ROS2/pose_graph/src/pose_graph_node.cpp:3\x1b[m\x1b[K:\n'}
[124.208592] (pose_graph) StderrLine: {'line': b'\x1b[01m\x1b[K/opt/ros/humble/include/nav_msgs/nav_msgs/msg/detail/odometry__struct.hpp:147:5:\x1b[m\x1b[K \x1b[01;36m\x1b[Knote: \x1b[m\x1b[Kdeclared here\n'}
[124.208713] (pose_graph) StderrLine: {'line': b'  147 |     \x1b[01;36m\x1b[KConstPtr\x1b[m\x1b[K;\n'}
[124.208824] (pose_graph) StderrLine: {'line': b'      |     \x1b[01;36m\x1b[K^~~~~~~~\x1b[m\x1b[K\n'}
[124.224964] (pose_graph) StderrLine: {'line': b'\x1b[01m\x1b[K/home/orangepi/Desktop/SparkCar_ROS2_WS/SparkCar_Perception/src/VINS-MONO-ROS2/pose_graph/src/pose_graph_node.cpp:281:73:\x1b[m\x1b[K \x1b[01;35m\x1b[Kwarning: \x1b[m\x1b[K\xe2\x80\x98\x1b[01m\x1b[Knav_msgs::msg::Odometry_<std::allocator<void> >::ConstPtr\x1b[m\x1b[K\xe2\x80\x99 is deprecated [\x1b[01;35m\x1b[K\x1b]8;;https://gcc.gnu.org/onlinedocs/gcc/Warning-Options.html#index-Wdeprecated-declarations\x07-Wdeprecated-declarations\x1b]8;;\x07\x1b[m\x1b[K]\n'}
[124.225309] (pose_graph) StderrLine: {'line': b'  281 | void extrinsic_callback(const nav_msgs::msg::Odometry::ConstPtr pose_msg\x1b[01;35m\x1b[K)\x1b[m\x1b[K\n'}
[124.225481] (pose_graph) StderrLine: {'line': b'      |                                                                         \x1b[01;35m\x1b[K^\x1b[m\x1b[K\n'}
[124.225683] (pose_graph) StderrLine: {'line': b'In file included from \x1b[01m\x1b[K/opt/ros/humble/include/nav_msgs/nav_msgs/msg/odometry.hpp:7\x1b[m\x1b[K,\n'}
[124.225843] (pose_graph) StderrLine: {'line': b'                 from \x1b[01m\x1b[K/home/orangepi/Desktop/SparkCar_ROS2_WS/SparkCar_Perception/src/VINS-MONO-ROS2/pose_graph/src/pose_graph_node.cpp:3\x1b[m\x1b[K:\n'}
[124.225992] (pose_graph) StderrLine: {'line': b'\x1b[01m\x1b[K/opt/ros/humble/include/nav_msgs/nav_msgs/msg/detail/odometry__struct.hpp:147:5:\x1b[m\x1b[K \x1b[01;36m\x1b[Knote: \x1b[m\x1b[Kdeclared here\n'}
[124.226117] (pose_graph) StderrLine: {'line': b'  147 |     \x1b[01;36m\x1b[KConstPtr\x1b[m\x1b[K;\n'}
[124.226228] (pose_graph) StderrLine: {'line': b'      |     \x1b[01;36m\x1b[K^~~~~~~~\x1b[m\x1b[K\n'}
[124.227334] (pose_graph) StderrLine: {'line': b'\x1b[01m\x1b[K/home/orangepi/Desktop/SparkCar_ROS2_WS/SparkCar_Perception/src/VINS-MONO-ROS2/pose_graph/src/pose_graph_node.cpp:\x1b[m\x1b[K In function \xe2\x80\x98\x1b[01m\x1b[Kvoid process()\x1b[m\x1b[K\xe2\x80\x99:\n'}
[124.227630] (pose_graph) StderrLine: {'line': b'\x1b[01m\x1b[K/home/orangepi/Desktop/SparkCar_ROS2_WS/SparkCar_Perception/src/VINS-MONO-ROS2/pose_graph/src/pose_graph_node.cpp:300:43:\x1b[m\x1b[K \x1b[01;35m\x1b[Kwarning: \x1b[m\x1b[K\xe2\x80\x98\x1b[01m\x1b[Ksensor_msgs::msg::Image_<std::allocator<void> >::ConstPtr\x1b[m\x1b[K\xe2\x80\x99 is deprecated [\x1b[01;35m\x1b[K\x1b]8;;https://gcc.gnu.org/onlinedocs/gcc/Warning-Options.html#index-Wdeprecated-declarations\x07-Wdeprecated-declarations\x1b]8;;\x07\x1b[m\x1b[K]\n'}
[124.227770] (pose_graph) StderrLine: {'line': b'  300 |         sensor_msgs::msg::Image::ConstPtr \x1b[01;35m\x1b[Kimage_msg\x1b[m\x1b[K = NULL;\n'}
[124.227898] (pose_graph) StderrLine: {'line': b'      |                                           \x1b[01;35m\x1b[K^~~~~~~~~\x1b[m\x1b[K\n'}
[124.228091] (pose_graph) StderrLine: {'line': b'In file included from \x1b[01m\x1b[K/opt/ros/humble/include/sensor_msgs/sensor_msgs/msg/image.hpp:7\x1b[m\x1b[K,\n'}
[124.228235] (pose_graph) StderrLine: {'line': b'                 from \x1b[01m\x1b[K/home/orangepi/Desktop/SparkCar_ROS2_WS/SparkCar_Perception/src/VINS-MONO-ROS2/pose_graph/src/pose_graph_node.cpp:6\x1b[m\x1b[K:\n'}
[124.228357] (pose_graph) StderrLine: {'line': b'\x1b[01m\x1b[K/opt/ros/humble/include/sensor_msgs/sensor_msgs/msg/detail/image__struct.hpp:174:5:\x1b[m\x1b[K \x1b[01;36m\x1b[Knote: \x1b[m\x1b[Kdeclared here\n'}
[124.228469] (pose_graph) StderrLine: {'line': b'  174 |     \x1b[01;36m\x1b[KConstPtr\x1b[m\x1b[K;\n'}
[124.228578] (pose_graph) StderrLine: {'line': b'      |     \x1b[01;36m\x1b[K^~~~~~~~\x1b[m\x1b[K\n'}
[124.229251] (pose_graph) StderrLine: {'line': b'\x1b[01m\x1b[K/home/orangepi/Desktop/SparkCar_ROS2_WS/SparkCar_Perception/src/VINS-MONO-ROS2/pose_graph/src/pose_graph_node.cpp:301:48:\x1b[m\x1b[K \x1b[01;35m\x1b[Kwarning: \x1b[m\x1b[K\xe2\x80\x98\x1b[01m\x1b[Ksensor_msgs::msg::PointCloud_<std::allocator<void> >::ConstPtr\x1b[m\x1b[K\xe2\x80\x99 is deprecated [\x1b[01;35m\x1b[K\x1b]8;;https://gcc.gnu.org/onlinedocs/gcc/Warning-Options.html#index-Wdeprecated-declarations\x07-Wdeprecated-declarations\x1b]8;;\x07\x1b[m\x1b[K]\n'}
[124.229449] (pose_graph) StderrLine: {'line': b'  301 |         sensor_msgs::msg::PointCloud::ConstPtr \x1b[01;35m\x1b[Kpoint_msg\x1b[m\x1b[K = NULL;\n'}
[124.229577] (pose_graph) StderrLine: {'line': b'      |                                                \x1b[01;35m\x1b[K^~~~~~~~~\x1b[m\x1b[K\n'}
[124.229753] (pose_graph) StderrLine: {'line': b'In file included from \x1b[01m\x1b[K/opt/ros/humble/include/sensor_msgs/sensor_msgs/msg/point_cloud.hpp:7\x1b[m\x1b[K,\n'}
[124.229890] (pose_graph) StderrLine: {'line': b'                 from \x1b[01m\x1b[K/home/orangepi/Desktop/SparkCar_ROS2_WS/SparkCar_Perception/src/VINS-MONO-ROS2/pose_graph/src/pose_graph_node.cpp:5\x1b[m\x1b[K:\n'}
[124.230022] (pose_graph) StderrLine: {'line': b'\x1b[01m\x1b[K/opt/ros/humble/include/sensor_msgs/sensor_msgs/msg/detail/point_cloud__struct.hpp:125:5:\x1b[m\x1b[K \x1b[01;36m\x1b[Knote: \x1b[m\x1b[Kdeclared here\n'}
[124.230163] (pose_graph) StderrLine: {'line': b'  125 |     \x1b[01;36m\x1b[KConstPtr\x1b[m\x1b[K;\n'}
[124.230281] (pose_graph) StderrLine: {'line': b'      |     \x1b[01;36m\x1b[K^~~~~~~~\x1b[m\x1b[K\n'}
[124.230949] (pose_graph) StderrLine: {'line': b'\x1b[01m\x1b[K/home/orangepi/Desktop/SparkCar_ROS2_WS/SparkCar_Perception/src/VINS-MONO-ROS2/pose_graph/src/pose_graph_node.cpp:302:43:\x1b[m\x1b[K \x1b[01;35m\x1b[Kwarning: \x1b[m\x1b[K\xe2\x80\x98\x1b[01m\x1b[Knav_msgs::msg::Odometry_<std::allocator<void> >::ConstPtr\x1b[m\x1b[K\xe2\x80\x99 is deprecated [\x1b[01;35m\x1b[K\x1b]8;;https://gcc.gnu.org/onlinedocs/gcc/Warning-Options.html#index-Wdeprecated-declarations\x07-Wdeprecated-declarations\x1b]8;;\x07\x1b[m\x1b[K]\n'}
[124.231160] (pose_graph) StderrLine: {'line': b'  302 |         nav_msgs::msg::Odometry::ConstPtr \x1b[01;35m\x1b[Kpose_msg\x1b[m\x1b[K = NULL;\n'}
[124.231286] (pose_graph) StderrLine: {'line': b'      |                                           \x1b[01;35m\x1b[K^~~~~~~~\x1b[m\x1b[K\n'}
[124.231469] (pose_graph) StderrLine: {'line': b'In file included from \x1b[01m\x1b[K/opt/ros/humble/include/nav_msgs/nav_msgs/msg/odometry.hpp:7\x1b[m\x1b[K,\n'}
[124.231616] (pose_graph) StderrLine: {'line': b'                 from \x1b[01m\x1b[K/home/orangepi/Desktop/SparkCar_ROS2_WS/SparkCar_Perception/src/VINS-MONO-ROS2/pose_graph/src/pose_graph_node.cpp:3\x1b[m\x1b[K:\n'}
[124.231752] (pose_graph) StderrLine: {'line': b'\x1b[01m\x1b[K/opt/ros/humble/include/nav_msgs/nav_msgs/msg/detail/odometry__struct.hpp:147:5:\x1b[m\x1b[K \x1b[01;36m\x1b[Knote: \x1b[m\x1b[Kdeclared here\n'}
[124.231875] (pose_graph) StderrLine: {'line': b'  147 |     \x1b[01;36m\x1b[KConstPtr\x1b[m\x1b[K;\n'}
[124.231989] (pose_graph) StderrLine: {'line': b'      |     \x1b[01;36m\x1b[K^~~~~~~~\x1b[m\x1b[K\n'}
[124.284534] (-) TimerEvent: {}
[124.385262] (-) TimerEvent: {}
[124.485950] (-) TimerEvent: {}
[124.586666] (pose_graph) StderrLine: {'line': b'\x1b[01m\x1b[K/home/orangepi/Desktop/SparkCar_ROS2_WS/SparkCar_Perception/src/VINS-MONO-ROS2/pose_graph/src/pose_graph.cpp:\x1b[m\x1b[K In member function \xe2\x80\x98\x1b[01m\x1b[Kint PoseGraph::detectLoop(KeyFrame*, int)\x1b[m\x1b[K\xe2\x80\x99:\n'}
[124.586920] (-) TimerEvent: {}
[124.587358] (pose_graph) StderrLine: {'line': b'\x1b[01m\x1b[K/home/orangepi/Desktop/SparkCar_ROS2_WS/SparkCar_Perception/src/VINS-MONO-ROS2/pose_graph/src/pose_graph.cpp:378:47:\x1b[m\x1b[K \x1b[01;35m\x1b[Kwarning: \x1b[m\x1b[Kcomparison of integer expressions of different signedness: \xe2\x80\x98\x1b[01m\x1b[KDBoW2::EntryId\x1b[m\x1b[K\xe2\x80\x99 {aka \xe2\x80\x98\x1b[01m\x1b[Kunsigned int\x1b[m\x1b[K\xe2\x80\x99} and \xe2\x80\x98\x1b[01m\x1b[Kint\x1b[m\x1b[K\xe2\x80\x99 [\x1b[01;35m\x1b[K\x1b]8;;https://gcc.gnu.org/onlinedocs/gcc/Warning-Options.html#index-Wsign-compare\x07-Wsign-compare\x1b]8;;\x07\x1b[m\x1b[K]\n'}
[124.587572] (pose_graph) StderrLine: {'line': b'  378 |             if (min_index == -1 || (ret[i].Id < min_index && ret[i].Score > 0.015))\n'}
[124.608572] (pose_graph) StderrLine: {'line': b'\x1b[01m\x1b[K/home/orangepi/Desktop/SparkCar_ROS2_WS/SparkCar_Perception/src/VINS-MONO-ROS2/pose_graph/src/pose_graph.cpp:\x1b[m\x1b[K In member function \xe2\x80\x98\x1b[01m\x1b[Kvoid PoseGraph::optimize4DoF()\x1b[m\x1b[K\xe2\x80\x99:\n'}
[124.608825] (pose_graph) StderrLine: {'line': b'\x1b[01m\x1b[K/home/orangepi/Desktop/SparkCar_ROS2_WS/SparkCar_Perception/src/VINS-MONO-ROS2/pose_graph/src/pose_graph.cpp:427:20:\x1b[m\x1b[K \x1b[01;35m\x1b[Kwarning: \x1b[m\x1b[KISO C++ forbids variable length array \xe2\x80\x98\x1b[01m\x1b[Kt_array\x1b[m\x1b[K\xe2\x80\x99 [\x1b[01;35m\x1b[K\x1b]8;;https://gcc.gnu.org/onlinedocs/gcc/Warning-Options.html#index-Wvla\x07-Wvla\x1b]8;;\x07\x1b[m\x1b[K]\n'}
[124.608913] (pose_graph) StderrLine: {'line': b'  427 |             double \x1b[01;35m\x1b[Kt_array\x1b[m\x1b[K[max_length][3];\n'}
[124.608979] (pose_graph) StderrLine: {'line': b'      |                    \x1b[01;35m\x1b[K^~~~~~~\x1b[m\x1b[K\n'}
[124.611654] (pose_graph) StderrLine: {'line': b'\x1b[01m\x1b[K/home/orangepi/Desktop/SparkCar_ROS2_WS/SparkCar_Perception/src/VINS-MONO-ROS2/pose_graph/src/pose_graph.cpp:428:25:\x1b[m\x1b[K \x1b[01;35m\x1b[Kwarning: \x1b[m\x1b[KISO C++ forbids variable length array \xe2\x80\x98\x1b[01m\x1b[Kq_array\x1b[m\x1b[K\xe2\x80\x99 [\x1b[01;35m\x1b[K\x1b]8;;https://gcc.gnu.org/onlinedocs/gcc/Warning-Options.html#index-Wvla\x07-Wvla\x1b]8;;\x07\x1b[m\x1b[K]\n'}
[124.611924] (pose_graph) StderrLine: {'line': b'  428 |             Quaterniond \x1b[01;35m\x1b[Kq_array\x1b[m\x1b[K[max_length];\n'}
[124.611998] (pose_graph) StderrLine: {'line': b'      |                         \x1b[01;35m\x1b[K^~~~~~~\x1b[m\x1b[K\n'}
[124.612153] (pose_graph) StderrLine: {'line': b'\x1b[01m\x1b[K/home/orangepi/Desktop/SparkCar_ROS2_WS/SparkCar_Perception/src/VINS-MONO-ROS2/pose_graph/src/pose_graph.cpp:429:20:\x1b[m\x1b[K \x1b[01;35m\x1b[Kwarning: \x1b[m\x1b[KISO C++ forbids variable length array \xe2\x80\x98\x1b[01m\x1b[Keuler_array\x1b[m\x1b[K\xe2\x80\x99 [\x1b[01;35m\x1b[K\x1b]8;;https://gcc.gnu.org/onlinedocs/gcc/Warning-Options.html#index-Wvla\x07-Wvla\x1b]8;;\x07\x1b[m\x1b[K]\n'}
[124.612237] (pose_graph) StderrLine: {'line': b'  429 |             double \x1b[01;35m\x1b[Keuler_array\x1b[m\x1b[K[max_length][3];\n'}
[124.612299] (pose_graph) StderrLine: {'line': b'      |                    \x1b[01;35m\x1b[K^~~~~~~~~~~\x1b[m\x1b[K\n'}
[124.612358] (pose_graph) StderrLine: {'line': b'\x1b[01m\x1b[K/home/orangepi/Desktop/SparkCar_ROS2_WS/SparkCar_Perception/src/VINS-MONO-ROS2/pose_graph/src/pose_graph.cpp:430:20:\x1b[m\x1b[K \x1b[01;35m\x1b[Kwarning: \x1b[m\x1b[KISO C++ forbids variable length array \xe2\x80\x98\x1b[01m\x1b[Ksequence_array\x1b[m\x1b[K\xe2\x80\x99 [\x1b[01;35m\x1b[K\x1b]8;;https://gcc.gnu.org/onlinedocs/gcc/Warning-Options.html#index-Wvla\x07-Wvla\x1b]8;;\x07\x1b[m\x1b[K]\n'}
[124.612420] (pose_graph) StderrLine: {'line': b'  430 |             double \x1b[01;35m\x1b[Ksequence_array\x1b[m\x1b[K[max_length];\n'}
[124.612478] (pose_graph) StderrLine: {'line': b'      |                    \x1b[01;35m\x1b[K^~~~~~~~~~~~~~\x1b[m\x1b[K\n'}
[124.687090] (-) TimerEvent: {}
[124.787773] (-) TimerEvent: {}
[124.888470] (-) TimerEvent: {}
[124.989161] (-) TimerEvent: {}
[125.089858] (-) TimerEvent: {}
[125.190570] (-) TimerEvent: {}
[125.291075] (-) TimerEvent: {}
[125.391837] (-) TimerEvent: {}
[125.492506] (-) TimerEvent: {}
[125.593203] (-) TimerEvent: {}
[125.693892] (-) TimerEvent: {}
[125.794600] (-) TimerEvent: {}
[125.895305] (-) TimerEvent: {}
[125.995981] (-) TimerEvent: {}
[126.096661] (-) TimerEvent: {}
[126.197363] (-) TimerEvent: {}
[126.298064] (-) TimerEvent: {}
[126.398765] (-) TimerEvent: {}
[126.499465] (-) TimerEvent: {}
[126.600189] (-) TimerEvent: {}
[126.700916] (-) TimerEvent: {}
[126.801602] (-) TimerEvent: {}
[126.902287] (-) TimerEvent: {}
[126.918290] (pose_graph) StderrLine: {'line': b'In file included from \x1b[01m\x1b[K/home/orangepi/Desktop/SparkCar_ROS2_WS/SparkCar_Perception/src/VINS-MONO-ROS2/pose_graph/src/ThirdParty/DBoW/DBoW2.h:63\x1b[m\x1b[K,\n'}
[126.918625] (pose_graph) StderrLine: {'line': b'                 from \x1b[01m\x1b[K/home/orangepi/Desktop/SparkCar_ROS2_WS/SparkCar_Perception/src/VINS-MONO-ROS2/pose_graph/src/keyframe.h:13\x1b[m\x1b[K,\n'}
[126.918706] (pose_graph) StderrLine: {'line': b'                 from \x1b[01m\x1b[K/home/orangepi/Desktop/SparkCar_ROS2_WS/SparkCar_Perception/src/VINS-MONO-ROS2/pose_graph/src/pose_graph.h:17\x1b[m\x1b[K,\n'}
[126.918771] (pose_graph) StderrLine: {'line': b'                 from \x1b[01m\x1b[K/home/orangepi/Desktop/SparkCar_ROS2_WS/SparkCar_Perception/src/VINS-MONO-ROS2/pose_graph/src/pose_graph.cpp:1\x1b[m\x1b[K:\n'}
[126.918832] (pose_graph) StderrLine: {'line': b'/home/orangepi/Desktop/SparkCar_ROS2_WS/SparkCar_Perception/src/VINS-MONO-ROS2/pose_graph/src/ThirdParty/DBoW/TemplatedVocabulary.h: In instantiation of \xe2\x80\x98\x1b[01m\x1b[Kvoid DBoW2::TemplatedVocabulary<TDescriptor, F>::loadBin(const string&) [with TDescriptor = boost::dynamic_bitset<>; F = DBoW2::FBrief; std::string = std::__cxx11::basic_string<char>]\x1b[m\x1b[K\xe2\x80\x99:\n'}
[126.918921] (pose_graph) StderrLine: {'line': b'\x1b[01m\x1b[K/home/orangepi/Desktop/SparkCar_ROS2_WS/SparkCar_Perception/src/VINS-MONO-ROS2/pose_graph/src/ThirdParty/DBoW/TemplatedVocabulary.h:439:5:\x1b[m\x1b[K   required from \xe2\x80\x98\x1b[01m\x1b[KDBoW2::TemplatedVocabulary<TDescriptor, F>::TemplatedVocabulary(const string&) [with TDescriptor = boost::dynamic_bitset<>; F = DBoW2::FBrief; std::string = std::__cxx11::basic_string<char>]\x1b[m\x1b[K\xe2\x80\x99\n'}
[126.918985] (pose_graph) StderrLine: {'line': b'\x1b[01m\x1b[K/home/orangepi/Desktop/SparkCar_ROS2_WS/SparkCar_Perception/src/VINS-MONO-ROS2/pose_graph/src/pose_graph.cpp:38:39:\x1b[m\x1b[K   required from here\n'}
[126.919091] (pose_graph) StderrLine: {'line': b'\x1b[01m\x1b[K/home/orangepi/Desktop/SparkCar_ROS2_WS/SparkCar_Perception/src/VINS-MONO-ROS2/pose_graph/src/ThirdParty/DBoW/TemplatedVocabulary.h:1529:29:\x1b[m\x1b[K \x1b[01;35m\x1b[Kwarning: \x1b[m\x1b[Kcomparison of integer expressions of different signedness: \xe2\x80\x98\x1b[01m\x1b[Kunsigned int\x1b[m\x1b[K\xe2\x80\x99 and \xe2\x80\x98\x1b[01m\x1b[Kint32_t\x1b[m\x1b[K\xe2\x80\x99 {aka \xe2\x80\x98\x1b[01m\x1b[Kint\x1b[m\x1b[K\xe2\x80\x99} [\x1b[01;35m\x1b[K\x1b]8;;https://gcc.gnu.org/onlinedocs/gcc/Warning-Options.html#index-Wsign-compare\x07-Wsign-compare\x1b]8;;\x07\x1b[m\x1b[K]\n'}
[126.919265] (pose_graph) StderrLine: {'line': b' 1529 |   for(unsigned int i = 0; \x1b[01;35m\x1b[Ki < voc.nNodes\x1b[m\x1b[K; ++i)\n'}
[126.919339] (pose_graph) StderrLine: {'line': b'      |                           \x1b[01;35m\x1b[K~~^~~~~~~~~~~~\x1b[m\x1b[K\n'}
[126.919400] (pose_graph) StderrLine: {'line': b'\x1b[01m\x1b[K/home/orangepi/Desktop/SparkCar_ROS2_WS/SparkCar_Perception/src/VINS-MONO-ROS2/pose_graph/src/ThirdParty/DBoW/TemplatedVocabulary.h:1553:29:\x1b[m\x1b[K \x1b[01;35m\x1b[Kwarning: \x1b[m\x1b[Kcomparison of integer expressions of different signedness: \xe2\x80\x98\x1b[01m\x1b[Kunsigned int\x1b[m\x1b[K\xe2\x80\x99 and \xe2\x80\x98\x1b[01m\x1b[Kint32_t\x1b[m\x1b[K\xe2\x80\x99 {aka \xe2\x80\x98\x1b[01m\x1b[Kint\x1b[m\x1b[K\xe2\x80\x99} [\x1b[01;35m\x1b[K\x1b]8;;https://gcc.gnu.org/onlinedocs/gcc/Warning-Options.html#index-Wsign-compare\x07-Wsign-compare\x1b]8;;\x07\x1b[m\x1b[K]\n'}
[126.919465] (pose_graph) StderrLine: {'line': b' 1553 |   for(unsigned int i = 0; \x1b[01;35m\x1b[Ki < voc.nWords\x1b[m\x1b[K; ++i)\n'}
[126.919523] (pose_graph) StderrLine: {'line': b'      |                           \x1b[01;35m\x1b[K~~^~~~~~~~~~~~\x1b[m\x1b[K\n'}
[127.002426] (-) TimerEvent: {}
[127.102887] (-) TimerEvent: {}
[127.203338] (-) TimerEvent: {}
[127.303782] (-) TimerEvent: {}
[127.404227] (-) TimerEvent: {}
[127.504696] (-) TimerEvent: {}
[127.605159] (-) TimerEvent: {}
[127.705605] (-) TimerEvent: {}
[127.806048] (-) TimerEvent: {}
[127.906756] (-) TimerEvent: {}
[128.007473] (-) TimerEvent: {}
[128.080741] (pose_graph) StderrLine: {'line': b'In file included from \x1b[01m\x1b[K/usr/include/c++/11/utility:70\x1b[m\x1b[K,\n'}
[128.081017] (pose_graph) StderrLine: {'line': b'                 from \x1b[01m\x1b[K/usr/include/c++/11/tuple:38\x1b[m\x1b[K,\n'}
[128.081109] (pose_graph) StderrLine: {'line': b'                 from \x1b[01m\x1b[K/usr/include/c++/11/bits/std_thread.h:40\x1b[m\x1b[K,\n'}
[128.081178] (pose_graph) StderrLine: {'line': b'                 from \x1b[01m\x1b[K/usr/include/c++/11/thread:43\x1b[m\x1b[K,\n'}
[128.081241] (pose_graph) StderrLine: {'line': b'                 from \x1b[01m\x1b[K/home/orangepi/Desktop/SparkCar_ROS2_WS/SparkCar_Perception/src/VINS-MONO-ROS2/pose_graph/src/pose_graph.h:3\x1b[m\x1b[K,\n'}
[128.081306] (pose_graph) StderrLine: {'line': b'                 from \x1b[01m\x1b[K/home/orangepi/Desktop/SparkCar_ROS2_WS/SparkCar_Perception/src/VINS-MONO-ROS2/pose_graph/src/pose_graph.cpp:1\x1b[m\x1b[K:\n'}
[128.081368] (pose_graph) StderrLine: {'line': b'/usr/include/c++/11/bits/stl_pair.h: In instantiation of \xe2\x80\x98\x1b[01m\x1b[Kconstexpr std::pair<typename std::__strip_reference_wrapper<typename std::decay<_Tp>::type>::__type, typename std::__strip_reference_wrapper<typename std::decay<_Tp2>::type>::__type> std::make_pair(_T1&&, _T2&&) [with _T1 = const double&; _T2 = const double&; typename std::__strip_reference_wrapper<typename std::decay<_Tp2>::type>::__type = double; typename std::decay<_Tp2>::type = double; typename std::__strip_reference_wrapper<typename std::decay<_Tp>::type>::__type = double; typename std::decay<_Tp>::type = double]\x1b[m\x1b[K\xe2\x80\x99:\n'}
[128.081504] (pose_graph) StderrLine: {'line': b'\x1b[01m\x1b[K/home/orangepi/Desktop/SparkCar_ROS2_WS/SparkCar_Perception/src/VINS-MONO-ROS2/pose_graph/src/ThirdParty/DBoW/TemplatedDatabase.h:876:29:\x1b[m\x1b[K   required from \xe2\x80\x98\x1b[01m\x1b[Kvoid DBoW2::TemplatedDatabase<TDescriptor, F>::queryChiSquare(const DBoW2::BowVector&, DBoW2::QueryResults&, int, int) const [with TDescriptor = boost::dynamic_bitset<>; F = DBoW2::FBrief]\x1b[m\x1b[K\xe2\x80\x99\n'}
[128.081575] (pose_graph) StderrLine: {'line': b'\x1b[01m\x1b[K/home/orangepi/Desktop/SparkCar_ROS2_WS/SparkCar_Perception/src/VINS-MONO-ROS2/pose_graph/src/ThirdParty/DBoW/TemplatedDatabase.h:636:7:\x1b[m\x1b[K   required from \xe2\x80\x98\x1b[01m\x1b[Kvoid DBoW2::TemplatedDatabase<TDescriptor, F>::query(const DBoW2::BowVector&, DBoW2::QueryResults&, int, int) const [with TDescriptor = boost::dynamic_bitset<>; F = DBoW2::FBrief]\x1b[m\x1b[K\xe2\x80\x99\n'}
[128.107621] (-) TimerEvent: {}
[128.108349] (pose_graph) StderrLine: {'line': b'\x1b[01m\x1b[K/home/orangepi/Desktop/SparkCar_ROS2_WS/SparkCar_Perception/src/VINS-MONO-ROS2/pose_graph/src/ThirdParty/DBoW/TemplatedDatabase.h:613:8:\x1b[m\x1b[K   required from \xe2\x80\x98\x1b[01m\x1b[Kvoid DBoW2::TemplatedDatabase<TDescriptor, F>::query(const std::vector<_Tp>&, DBoW2::QueryResults&, int, int) const [with TDescriptor = boost::dynamic_bitset<>; F = DBoW2::FBrief]\x1b[m\x1b[K\xe2\x80\x99\n'}
[128.108616] (pose_graph) StderrLine: {'line': b'\x1b[01m\x1b[K/home/orangepi/Desktop/SparkCar_ROS2_WS/SparkCar_Perception/src/VINS-MONO-ROS2/pose_graph/src/pose_graph.cpp:319:13:\x1b[m\x1b[K   required from here\n'}
[128.108713] (pose_graph) StderrLine: {'line': b'\x1b[01m\x1b[K/usr/include/c++/11/bits/stl_pair.h:567:5:\x1b[m\x1b[K \x1b[01;36m\x1b[Knote: \x1b[m\x1b[Kparameter passing for argument of type \xe2\x80\x98\x1b[01m\x1b[Kstd::pair<double, double>\x1b[m\x1b[K\xe2\x80\x99 when C++17 is enabled changed to match C++14 \x1b]8;;https://gcc.gnu.org/gcc-10/changes.html#empty_base\x07in GCC 10.1\x1b]8;;\x07\n'}
[128.108805] (pose_graph) StderrLine: {'line': b'  567 |     \x1b[01;36m\x1b[Kmake_pair\x1b[m\x1b[K(_T1&& __x, _T2&& __y)\n'}
[128.108875] (pose_graph) StderrLine: {'line': b'      |     \x1b[01;36m\x1b[K^~~~~~~~~\x1b[m\x1b[K\n'}
[128.207766] (-) TimerEvent: {}
[128.308474] (-) TimerEvent: {}
[128.409182] (-) TimerEvent: {}
[128.509875] (-) TimerEvent: {}
[128.610581] (-) TimerEvent: {}
[128.711296] (-) TimerEvent: {}
[128.812007] (-) TimerEvent: {}
[128.912682] (-) TimerEvent: {}
[129.013381] (-) TimerEvent: {}
[129.114101] (-) TimerEvent: {}
[129.214831] (-) TimerEvent: {}
[129.315489] (-) TimerEvent: {}
[129.416165] (-) TimerEvent: {}
[129.516848] (-) TimerEvent: {}
[129.617571] (-) TimerEvent: {}
[129.718358] (-) TimerEvent: {}
[129.819053] (-) TimerEvent: {}
[129.919745] (-) TimerEvent: {}
[130.020438] (-) TimerEvent: {}
[130.121149] (-) TimerEvent: {}
[130.222448] (-) TimerEvent: {}
[130.323160] (-) TimerEvent: {}
[130.423837] (-) TimerEvent: {}
[130.524525] (-) TimerEvent: {}
[130.625241] (-) TimerEvent: {}
[130.725887] (-) TimerEvent: {}
[130.826591] (-) TimerEvent: {}
[130.927292] (-) TimerEvent: {}
[131.027978] (-) TimerEvent: {}
[131.128714] (-) TimerEvent: {}
[131.229452] (-) TimerEvent: {}
[131.330195] (-) TimerEvent: {}
[131.432112] (-) TimerEvent: {}
[131.532831] (-) TimerEvent: {}
[131.633561] (-) TimerEvent: {}
[131.734281] (-) TimerEvent: {}
[131.835033] (-) TimerEvent: {}
[131.935741] (-) TimerEvent: {}
[132.036480] (-) TimerEvent: {}
[132.043998] (vins_estimator) StderrLine: {'line': b'\x1b[01m\x1b[K/home/orangepi/Desktop/SparkCar_ROS2_WS/SparkCar_Perception/src/VINS-MONO-ROS2/vins_estimator/src/estimator.cpp:\x1b[m\x1b[K In member function \xe2\x80\x98\x1b[01m\x1b[Kbool Estimator::initialStructure()\x1b[m\x1b[K\xe2\x80\x99:\n'}
[132.044369] (vins_estimator) StderrLine: {'line': b'\x1b[01m\x1b[K/home/orangepi/Desktop/SparkCar_ROS2_WS/SparkCar_Perception/src/VINS-MONO-ROS2/vins_estimator/src/estimator.cpp:252:17:\x1b[m\x1b[K \x1b[01;35m\x1b[Kwarning: \x1b[m\x1b[KISO C++ forbids variable length array \xe2\x80\x98\x1b[01m\x1b[KQ\x1b[m\x1b[K\xe2\x80\x99 [\x1b[01;35m\x1b[K\x1b]8;;https://gcc.gnu.org/onlinedocs/gcc/Warning-Options.html#index-Wvla\x07-Wvla\x1b]8;;\x07\x1b[m\x1b[K]\n'}
[132.044469] (vins_estimator) StderrLine: {'line': b'  252 |     Quaterniond \x1b[01;35m\x1b[KQ\x1b[m\x1b[K[frame_count + 1];\n'}
[132.044537] (vins_estimator) StderrLine: {'line': b'      |                 \x1b[01;35m\x1b[K^\x1b[m\x1b[K\n'}
[132.044597] (vins_estimator) StderrLine: {'line': b'\x1b[01m\x1b[K/home/orangepi/Desktop/SparkCar_ROS2_WS/SparkCar_Perception/src/VINS-MONO-ROS2/vins_estimator/src/estimator.cpp:253:14:\x1b[m\x1b[K \x1b[01;35m\x1b[Kwarning: \x1b[m\x1b[KISO C++ forbids variable length array \xe2\x80\x98\x1b[01m\x1b[KT\x1b[m\x1b[K\xe2\x80\x99 [\x1b[01;35m\x1b[K\x1b]8;;https://gcc.gnu.org/onlinedocs/gcc/Warning-Options.html#index-Wvla\x07-Wvla\x1b]8;;\x07\x1b[m\x1b[K]\n'}
[132.044663] (vins_estimator) StderrLine: {'line': b'  253 |     Vector3d \x1b[01;35m\x1b[KT\x1b[m\x1b[K[frame_count + 1];\n'}
[132.044722] (vins_estimator) StderrLine: {'line': b'      |              \x1b[01;35m\x1b[K^\x1b[m\x1b[K\n'}
[132.136645] (-) TimerEvent: {}
[132.237377] (-) TimerEvent: {}
[132.338094] (-) TimerEvent: {}
[132.438557] (-) TimerEvent: {}
[132.538985] (-) TimerEvent: {}
[132.639448] (-) TimerEvent: {}
[132.739937] (-) TimerEvent: {}
[132.840387] (-) TimerEvent: {}
[132.940839] (-) TimerEvent: {}
[133.041326] (-) TimerEvent: {}
[133.142050] (-) TimerEvent: {}
[133.242753] (-) TimerEvent: {}
[133.343427] (-) TimerEvent: {}
[133.444107] (-) TimerEvent: {}
[133.544810] (-) TimerEvent: {}
[133.645488] (-) TimerEvent: {}
[133.746169] (-) TimerEvent: {}
[133.846866] (-) TimerEvent: {}
[133.947303] (-) TimerEvent: {}
[134.047769] (-) TimerEvent: {}
[134.148192] (-) TimerEvent: {}
[134.248633] (-) TimerEvent: {}
[134.349087] (-) TimerEvent: {}
[134.449547] (-) TimerEvent: {}
[134.550019] (-) TimerEvent: {}
[134.650481] (-) TimerEvent: {}
[134.750980] (-) TimerEvent: {}
[134.851466] (-) TimerEvent: {}
[134.951925] (-) TimerEvent: {}
[135.052375] (-) TimerEvent: {}
[135.152827] (-) TimerEvent: {}
[135.253267] (-) TimerEvent: {}
[135.353715] (-) TimerEvent: {}
[135.454163] (-) TimerEvent: {}
[135.554611] (-) TimerEvent: {}
[135.655071] (-) TimerEvent: {}
[135.755517] (-) TimerEvent: {}
[135.855950] (-) TimerEvent: {}
[135.956409] (-) TimerEvent: {}
[136.056863] (-) TimerEvent: {}
[136.157345] (-) TimerEvent: {}
[136.257789] (-) TimerEvent: {}
[136.358257] (-) TimerEvent: {}
[136.458698] (-) TimerEvent: {}
[136.559145] (-) TimerEvent: {}
[136.659870] (-) TimerEvent: {}
[136.760560] (-) TimerEvent: {}
[136.861034] (-) TimerEvent: {}
[136.961508] (-) TimerEvent: {}
[137.061955] (-) TimerEvent: {}
[137.162433] (-) TimerEvent: {}
[137.262874] (-) TimerEvent: {}
[137.363328] (-) TimerEvent: {}
[137.463777] (-) TimerEvent: {}
[137.564225] (-) TimerEvent: {}
[137.664690] (-) TimerEvent: {}
[137.765145] (-) TimerEvent: {}
[137.865588] (-) TimerEvent: {}
[137.966081] (-) TimerEvent: {}
[138.066539] (-) TimerEvent: {}
[138.166995] (-) TimerEvent: {}
[138.267468] (-) TimerEvent: {}
[138.367950] (-) TimerEvent: {}
[138.468415] (-) TimerEvent: {}
[138.568888] (-) TimerEvent: {}
[138.669609] (-) TimerEvent: {}
[138.770411] (-) TimerEvent: {}
[138.871150] (-) TimerEvent: {}
[138.971888] (-) TimerEvent: {}
[139.072364] (-) TimerEvent: {}
[139.172822] (-) TimerEvent: {}
[139.273297] (-) TimerEvent: {}
[139.374025] (-) TimerEvent: {}
[139.474762] (-) TimerEvent: {}
[139.575215] (-) TimerEvent: {}
[139.675954] (-) TimerEvent: {}
[139.776665] (-) TimerEvent: {}
[139.877379] (-) TimerEvent: {}
[139.978103] (-) TimerEvent: {}
[140.078798] (-) TimerEvent: {}
[140.179524] (-) TimerEvent: {}
[140.280205] (-) TimerEvent: {}
[140.380894] (-) TimerEvent: {}
[140.481691] (-) TimerEvent: {}
[140.582373] (-) TimerEvent: {}
[140.683050] (-) TimerEvent: {}
[140.783767] (-) TimerEvent: {}
[140.884479] (-) TimerEvent: {}
[140.985252] (-) TimerEvent: {}
[141.085998] (-) TimerEvent: {}
[141.186756] (-) TimerEvent: {}
[141.287551] (-) TimerEvent: {}
[141.388309] (-) TimerEvent: {}
[141.489001] (-) TimerEvent: {}
[141.589701] (-) TimerEvent: {}
[141.690196] (-) TimerEvent: {}
[141.790685] (-) TimerEvent: {}
[141.891389] (-) TimerEvent: {}
[141.992152] (-) TimerEvent: {}
[142.092925] (-) TimerEvent: {}
[142.193612] (-) TimerEvent: {}
[142.294303] (-) TimerEvent: {}
[142.395038] (-) TimerEvent: {}
[142.495509] (-) TimerEvent: {}
[142.596208] (-) TimerEvent: {}
[142.697004] (-) TimerEvent: {}
[142.797713] (-) TimerEvent: {}
[142.898425] (-) TimerEvent: {}
[142.999219] (-) TimerEvent: {}
[143.099920] (-) TimerEvent: {}
[143.200612] (-) TimerEvent: {}
[143.301326] (-) TimerEvent: {}
[143.402096] (-) TimerEvent: {}
[143.502821] (-) TimerEvent: {}
[143.603494] (-) TimerEvent: {}
[143.704277] (-) TimerEvent: {}
[143.805013] (-) TimerEvent: {}
[143.905797] (-) TimerEvent: {}
[144.006619] (-) TimerEvent: {}
[144.107404] (-) TimerEvent: {}
[144.208144] (-) TimerEvent: {}
[144.309031] (-) TimerEvent: {}
[144.409696] (-) TimerEvent: {}
[144.510355] (-) TimerEvent: {}
[144.611056] (-) TimerEvent: {}
[144.711567] (-) TimerEvent: {}
[144.812037] (-) TimerEvent: {}
[144.912780] (-) TimerEvent: {}
[145.013562] (-) TimerEvent: {}
[145.114286] (-) TimerEvent: {}
[145.214978] (-) TimerEvent: {}
[145.315669] (-) TimerEvent: {}
[145.416405] (-) TimerEvent: {}
[145.517111] (-) TimerEvent: {}
[145.617830] (-) TimerEvent: {}
[145.718545] (-) TimerEvent: {}
[145.819224] (-) TimerEvent: {}
[145.919968] (-) TimerEvent: {}
[146.020671] (-) TimerEvent: {}
[146.121370] (-) TimerEvent: {}
[146.222092] (-) TimerEvent: {}
[146.322767] (-) TimerEvent: {}
[146.423464] (-) TimerEvent: {}
[146.524195] (-) TimerEvent: {}
[146.624892] (-) TimerEvent: {}
[146.725561] (-) TimerEvent: {}
[146.826216] (-) TimerEvent: {}
[146.926882] (-) TimerEvent: {}
[147.027578] (-) TimerEvent: {}
[147.129125] (-) TimerEvent: {}
[147.229910] (-) TimerEvent: {}
[147.330575] (-) TimerEvent: {}
[147.431059] (-) TimerEvent: {}
[147.531565] (-) TimerEvent: {}
[147.632269] (-) TimerEvent: {}
[147.732993] (-) TimerEvent: {}
[147.833730] (-) TimerEvent: {}
[147.934403] (-) TimerEvent: {}
[148.035086] (-) TimerEvent: {}
[148.135779] (-) TimerEvent: {}
[148.236474] (-) TimerEvent: {}
[148.337171] (-) TimerEvent: {}
[148.437998] (-) TimerEvent: {}
[148.538704] (-) TimerEvent: {}
[148.639402] (-) TimerEvent: {}
[148.740139] (-) TimerEvent: {}
[148.840945] (-) TimerEvent: {}
[148.941791] (-) TimerEvent: {}
[149.042488] (-) TimerEvent: {}
[149.143175] (-) TimerEvent: {}
[149.243871] (-) TimerEvent: {}
[149.344604] (-) TimerEvent: {}
[149.445246] (-) TimerEvent: {}
[149.545958] (-) TimerEvent: {}
[149.646665] (-) TimerEvent: {}
[149.747378] (-) TimerEvent: {}
[149.847896] (-) TimerEvent: {}
[149.948379] (-) TimerEvent: {}
[150.048856] (-) TimerEvent: {}
[150.149492] (-) TimerEvent: {}
[150.249988] (-) TimerEvent: {}
[150.350508] (-) TimerEvent: {}
[150.451020] (-) TimerEvent: {}
[150.551529] (-) TimerEvent: {}
[150.652008] (-) TimerEvent: {}
[150.752549] (-) TimerEvent: {}
[150.853047] (-) TimerEvent: {}
[150.953845] (-) TimerEvent: {}
[151.054570] (-) TimerEvent: {}
[151.155353] (-) TimerEvent: {}
[151.261550] (-) TimerEvent: {}
[151.316084] (vins_estimator) StderrLine: {'line': b'In file included from \x1b[01m\x1b[K/home/orangepi/Desktop/SparkCar_ROS2_WS/SparkCar_Perception/src/VINS-MONO-ROS2/vins_estimator/src/feature_manager.cpp:1\x1b[m\x1b[K:\n'}
[151.316697] (vins_estimator) StderrLine: {'line': b'In constructor \xe2\x80\x98\x1b[01m\x1b[KFeaturePerId::FeaturePerId(FeaturePerId&&)\x1b[m\x1b[K\xe2\x80\x99,\n'}
[151.316915] (vins_estimator) StderrLine: {'line': b'    inlined from \xe2\x80\x98\x1b[01m\x1b[Kvoid __gnu_cxx::new_allocator<_Tp>::construct(_Up*, _Args&& ...) [with _Up = FeaturePerId; _Args = {FeaturePerId}; _Tp = std::_List_node<FeaturePerId>]\x1b[m\x1b[K\xe2\x80\x99 at \x1b[01m\x1b[K/usr/include/c++/11/ext/new_allocator.h:162:4\x1b[m\x1b[K,\n'}
[151.317013] (vins_estimator) StderrLine: {'line': b'    inlined from \xe2\x80\x98\x1b[01m\x1b[Kstatic void std::allocator_traits<std::allocator<_Tp1> >::construct(std::allocator_traits<std::allocator<_Tp1> >::allocator_type&, _Up*, _Args&& ...) [with _Up = FeaturePerId; _Args = {FeaturePerId}; _Tp = std::_List_node<FeaturePerId>]\x1b[m\x1b[K\xe2\x80\x99 at \x1b[01m\x1b[K/usr/include/c++/11/bits/alloc_traits.h:516:17\x1b[m\x1b[K,\n'}
[151.317092] (vins_estimator) StderrLine: {'line': b'    inlined from \xe2\x80\x98\x1b[01m\x1b[Kstd::__cxx11::list<_Tp, _Alloc>::_Node* std::__cxx11::list<_Tp, _Alloc>::_M_create_node(_Args&& ...) [with _Args = {FeaturePerId}; _Tp = FeaturePerId; _Alloc = std::allocator<FeaturePerId>]\x1b[m\x1b[K\xe2\x80\x99 at \x1b[01m\x1b[K/usr/include/c++/11/bits/stl_list.h:638:33\x1b[m\x1b[K,\n'}
[151.317165] (vins_estimator) StderrLine: {'line': b'    inlined from \xe2\x80\x98\x1b[01m\x1b[Kvoid std::__cxx11::list<_Tp, _Alloc>::_M_insert(std::__cxx11::list<_Tp, _Alloc>::iterator, _Args&& ...) [with _Args = {FeaturePerId}; _Tp = FeaturePerId; _Alloc = std::allocator<FeaturePerId>]\x1b[m\x1b[K\xe2\x80\x99 at \x1b[01m\x1b[K/usr/include/c++/11/bits/stl_list.h:1912:32\x1b[m\x1b[K,\n'}
[151.317230] (vins_estimator) StderrLine: {'line': b'    inlined from \xe2\x80\x98\x1b[01m\x1b[Kvoid std::__cxx11::list<_Tp, _Alloc>::push_back(std::__cxx11::list<_Tp, _Alloc>::value_type&&) [with _Tp = FeaturePerId; _Alloc = std::allocator<FeaturePerId>]\x1b[m\x1b[K\xe2\x80\x99 at \x1b[01m\x1b[K/usr/include/c++/11/bits/stl_list.h:1218:24\x1b[m\x1b[K,\n'}
[151.317292] (vins_estimator) StderrLine: {'line': b'    inlined from \xe2\x80\x98\x1b[01m\x1b[Kbool FeatureManager::addFeatureCheckParallax(int, const std::map<int, std::vector<std::pair<int, Eigen::Matrix<double, 7, 1> > > >&, double)\x1b[m\x1b[K\xe2\x80\x99 at \x1b[01m\x1b[K/home/orangepi/Desktop/SparkCar_ROS2_WS/SparkCar_Perception/src/VINS-MONO-ROS2/vins_estimator/src/feature_manager.cpp:64:30\x1b[m\x1b[K:\n'}
[151.317356] (vins_estimator) StderrLine: {'line': b'\x1b[01m\x1b[K/home/orangepi/Desktop/SparkCar_ROS2_WS/SparkCar_Perception/src/VINS-MONO-ROS2/vins_estimator/src/feature_manager.h:42:7:\x1b[m\x1b[K \x1b[01;35m\x1b[Kwarning: \x1b[m\x1b[K\xe2\x80\x98\x1b[01m\x1b[K*(__vector(2) unsigned char*)(&<unnamed> + offsetof(FeaturePerId, FeaturePerId::is_outlier))\x1b[m\x1b[K\xe2\x80\x99 may be used uninitialized [\x1b[01;35m\x1b[K\x1b]8;;https://gcc.gnu.org/onlinedocs/gcc/Warning-Options.html#index-Wmaybe-uninitialized\x07-Wmaybe-uninitialized\x1b]8;;\x07\x1b[m\x1b[K]\n'}
[151.317422] (vins_estimator) StderrLine: {'line': b'   42 | class \x1b[01;35m\x1b[KFeaturePerId\x1b[m\x1b[K\n'}
[151.317482] (vins_estimator) StderrLine: {'line': b'      |       \x1b[01;35m\x1b[K^~~~~~~~~~~~\x1b[m\x1b[K\n'}
[151.317541] (vins_estimator) StderrLine: {'line': b'\x1b[01m\x1b[K/home/orangepi/Desktop/SparkCar_ROS2_WS/SparkCar_Perception/src/VINS-MONO-ROS2/vins_estimator/src/feature_manager.cpp:\x1b[m\x1b[K In member function \xe2\x80\x98\x1b[01m\x1b[Kbool FeatureManager::addFeatureCheckParallax(int, const std::map<int, std::vector<std::pair<int, Eigen::Matrix<double, 7, 1> > > >&, double)\x1b[m\x1b[K\xe2\x80\x99:\n'}
[151.317603] (vins_estimator) StderrLine: {'line': b'\x1b[01m\x1b[K/home/orangepi/Desktop/SparkCar_ROS2_WS/SparkCar_Perception/src/VINS-MONO-ROS2/vins_estimator/src/feature_manager.cpp:64:67:\x1b[m\x1b[K \x1b[01;36m\x1b[Knote: \x1b[m\x1b[K\xe2\x80\x98\x1b[01m\x1b[K<anonymous>\x1b[m\x1b[K\xe2\x80\x99 declared here\n'}
[151.317663] (vins_estimator) StderrLine: {'line': b'   64 |             feature.push_back(FeaturePerId(feature_id, frame_count\x1b[01;36m\x1b[K)\x1b[m\x1b[K);\n'}
[151.317726] (vins_estimator) StderrLine: {'line': b'      |                                                                   \x1b[01;36m\x1b[K^\x1b[m\x1b[K\n'}
[151.317794] (vins_estimator) StderrLine: {'line': b'In file included from \x1b[01m\x1b[K/home/orangepi/Desktop/SparkCar_ROS2_WS/SparkCar_Perception/src/VINS-MONO-ROS2/vins_estimator/src/feature_manager.cpp:1\x1b[m\x1b[K:\n'}
[151.317856] (vins_estimator) StderrLine: {'line': b'In copy constructor \xe2\x80\x98\x1b[01m\x1b[KFeaturePerFrame::FeaturePerFrame(const FeaturePerFrame&)\x1b[m\x1b[K\xe2\x80\x99,\n'}
[151.317917] (vins_estimator) StderrLine: {'line': b'    inlined from \xe2\x80\x98\x1b[01m\x1b[Kvoid __gnu_cxx::new_allocator<_Tp>::construct(_Up*, _Args&& ...) [with _Up = FeaturePerFrame; _Args = {const FeaturePerFrame&}; _Tp = FeaturePerFrame]\x1b[m\x1b[K\xe2\x80\x99 at \x1b[01m\x1b[K/usr/include/c++/11/ext/new_allocator.h:162:4\x1b[m\x1b[K,\n'}
[151.317980] (vins_estimator) StderrLine: {'line': b'    inlined from \xe2\x80\x98\x1b[01m\x1b[Kstatic void std::allocator_traits<std::allocator<_Tp1> >::construct(std::allocator_traits<std::allocator<_Tp1> >::allocator_type&, _Up*, _Args&& ...) [with _Up = FeaturePerFrame; _Args = {const FeaturePerFrame&}; _Tp = FeaturePerFrame]\x1b[m\x1b[K\xe2\x80\x99 at \x1b[01m\x1b[K/usr/include/c++/11/bits/alloc_traits.h:516:17\x1b[m\x1b[K,\n'}
[151.318044] (vins_estimator) StderrLine: {'line': b'    inlined from \xe2\x80\x98\x1b[01m\x1b[Kvoid std::vector<_Tp, _Alloc>::push_back(const value_type&) [with _Tp = FeaturePerFrame; _Alloc = std::allocator<FeaturePerFrame>]\x1b[m\x1b[K\xe2\x80\x99 at \x1b[01m\x1b[K/usr/include/c++/11/bits/stl_vector.h:1192:30\x1b[m\x1b[K,\n'}
[151.318131] (vins_estimator) StderrLine: {'line': b'    inlined from \xe2\x80\x98\x1b[01m\x1b[Kbool FeatureManager::addFeatureCheckParallax(int, const std::map<int, std::vector<std::pair<int, Eigen::Matrix<double, 7, 1> > > >&, double)\x1b[m\x1b[K\xe2\x80\x99 at \x1b[01m\x1b[K/home/orangepi/Desktop/SparkCar_ROS2_WS/SparkCar_Perception/src/VINS-MONO-ROS2/vins_estimator/src/feature_manager.cpp:69:44\x1b[m\x1b[K:\n'}
[151.318210] (vins_estimator) StderrLine: {'line': b'\x1b[01m\x1b[K/home/orangepi/Desktop/SparkCar_ROS2_WS/SparkCar_Perception/src/VINS-MONO-ROS2/vins_estimator/src/feature_manager.h:16:7:\x1b[m\x1b[K \x1b[01;35m\x1b[Kwarning: \x1b[m\x1b[K\xe2\x80\x98\x1b[01m\x1b[Kf_per_fra.FeaturePerFrame::z\x1b[m\x1b[K\xe2\x80\x99 may be used uninitialized [\x1b[01;35m\x1b[K\x1b]8;;https://gcc.gnu.org/onlinedocs/gcc/Warning-Options.html#index-Wmaybe-uninitialized\x07-Wmaybe-uninitialized\x1b]8;;\x07\x1b[m\x1b[K]\n'}
[151.318275] (vins_estimator) StderrLine: {'line': b'   16 | class \x1b[01;35m\x1b[KFeaturePerFrame\x1b[m\x1b[K\n'}
[151.318338] (vins_estimator) StderrLine: {'line': b'      |       \x1b[01;35m\x1b[K^~~~~~~~~~~~~~~\x1b[m\x1b[K\n'}
[151.318396] (vins_estimator) StderrLine: {'line': b'\x1b[01m\x1b[K/home/orangepi/Desktop/SparkCar_ROS2_WS/SparkCar_Perception/src/VINS-MONO-ROS2/vins_estimator/src/feature_manager.cpp:\x1b[m\x1b[K In member function \xe2\x80\x98\x1b[01m\x1b[Kbool FeatureManager::addFeatureCheckParallax(int, const std::map<int, std::vector<std::pair<int, Eigen::Matrix<double, 7, 1> > > >&, double)\x1b[m\x1b[K\xe2\x80\x99:\n'}
[151.318457] (vins_estimator) StderrLine: {'line': b'\x1b[01m\x1b[K/home/orangepi/Desktop/SparkCar_ROS2_WS/SparkCar_Perception/src/VINS-MONO-ROS2/vins_estimator/src/feature_manager.cpp:54:25:\x1b[m\x1b[K \x1b[01;36m\x1b[Knote: \x1b[m\x1b[K\xe2\x80\x98\x1b[01m\x1b[Kf_per_fra\x1b[m\x1b[K\xe2\x80\x99 declared here\n'}
[151.318518] (vins_estimator) StderrLine: {'line': b'   54 |         FeaturePerFrame \x1b[01;36m\x1b[Kf_per_fra\x1b[m\x1b[K(id_pts.second[0].second, td);\n'}
[151.318578] (vins_estimator) StderrLine: {'line': b'      |                         \x1b[01;36m\x1b[K^~~~~~~~~\x1b[m\x1b[K\n'}
[151.318637] (vins_estimator) StderrLine: {'line': b'In file included from \x1b[01m\x1b[K/home/orangepi/Desktop/SparkCar_ROS2_WS/SparkCar_Perception/src/VINS-MONO-ROS2/vins_estimator/src/feature_manager.cpp:1\x1b[m\x1b[K:\n'}
[151.318697] (vins_estimator) StderrLine: {'line': b'In copy constructor \xe2\x80\x98\x1b[01m\x1b[KFeaturePerFrame::FeaturePerFrame(const FeaturePerFrame&)\x1b[m\x1b[K\xe2\x80\x99,\n'}
[151.318767] (vins_estimator) StderrLine: {'line': b'    inlined from \xe2\x80\x98\x1b[01m\x1b[Kvoid __gnu_cxx::new_allocator<_Tp>::construct(_Up*, _Args&& ...) [with _Up = FeaturePerFrame; _Args = {const FeaturePerFrame&}; _Tp = FeaturePerFrame]\x1b[m\x1b[K\xe2\x80\x99 at \x1b[01m\x1b[K/usr/include/c++/11/ext/new_allocator.h:162:4\x1b[m\x1b[K,\n'}
[151.318831] (vins_estimator) StderrLine: {'line': b'    inlined from \xe2\x80\x98\x1b[01m\x1b[Kstatic void std::allocator_traits<std::allocator<_Tp1> >::construct(std::allocator_traits<std::allocator<_Tp1> >::allocator_type&, _Up*, _Args&& ...) [with _Up = FeaturePerFrame; _Args = {const FeaturePerFrame&}; _Tp = FeaturePerFrame]\x1b[m\x1b[K\xe2\x80\x99 at \x1b[01m\x1b[K/usr/include/c++/11/bits/alloc_traits.h:516:17\x1b[m\x1b[K,\n'}
[151.318894] (vins_estimator) StderrLine: {'line': b'    inlined from \xe2\x80\x98\x1b[01m\x1b[Kvoid std::vector<_Tp, _Alloc>::push_back(const value_type&) [with _Tp = FeaturePerFrame; _Alloc = std::allocator<FeaturePerFrame>]\x1b[m\x1b[K\xe2\x80\x99 at \x1b[01m\x1b[K/usr/include/c++/11/bits/stl_vector.h:1192:30\x1b[m\x1b[K,\n'}
[151.318956] (vins_estimator) StderrLine: {'line': b'    inlined from \xe2\x80\x98\x1b[01m\x1b[Kbool FeatureManager::addFeatureCheckParallax(int, const std::map<int, std::vector<std::pair<int, Eigen::Matrix<double, 7, 1> > > >&, double)\x1b[m\x1b[K\xe2\x80\x99 at \x1b[01m\x1b[K/home/orangepi/Desktop/SparkCar_ROS2_WS/SparkCar_Perception/src/VINS-MONO-ROS2/vins_estimator/src/feature_manager.cpp:69:44\x1b[m\x1b[K:\n'}
[151.319018] (vins_estimator) StderrLine: {'line': b'\x1b[01m\x1b[K/home/orangepi/Desktop/SparkCar_ROS2_WS/SparkCar_Perception/src/VINS-MONO-ROS2/vins_estimator/src/feature_manager.h:16:7:\x1b[m\x1b[K \x1b[01;35m\x1b[Kwarning: \x1b[m\x1b[K\xe2\x80\x98\x1b[01m\x1b[Kf_per_fra.FeaturePerFrame::is_used\x1b[m\x1b[K\xe2\x80\x99 may be used uninitialized [\x1b[01;35m\x1b[K\x1b]8;;https://gcc.gnu.org/onlinedocs/gcc/Warning-Options.html#index-Wmaybe-uninitialized\x07-Wmaybe-uninitialized\x1b]8;;\x07\x1b[m\x1b[K]\n'}
[151.319081] (vins_estimator) StderrLine: {'line': b'   16 | class \x1b[01;35m\x1b[KFeaturePerFrame\x1b[m\x1b[K\n'}
[151.319139] (vins_estimator) StderrLine: {'line': b'      |       \x1b[01;35m\x1b[K^~~~~~~~~~~~~~~\x1b[m\x1b[K\n'}
[151.319196] (vins_estimator) StderrLine: {'line': b'\x1b[01m\x1b[K/home/orangepi/Desktop/SparkCar_ROS2_WS/SparkCar_Perception/src/VINS-MONO-ROS2/vins_estimator/src/feature_manager.cpp:\x1b[m\x1b[K In member function \xe2\x80\x98\x1b[01m\x1b[Kbool FeatureManager::addFeatureCheckParallax(int, const std::map<int, std::vector<std::pair<int, Eigen::Matrix<double, 7, 1> > > >&, double)\x1b[m\x1b[K\xe2\x80\x99:\n'}
[151.319257] (vins_estimator) StderrLine: {'line': b'\x1b[01m\x1b[K/home/orangepi/Desktop/SparkCar_ROS2_WS/SparkCar_Perception/src/VINS-MONO-ROS2/vins_estimator/src/feature_manager.cpp:54:25:\x1b[m\x1b[K \x1b[01;36m\x1b[Knote: \x1b[m\x1b[K\xe2\x80\x98\x1b[01m\x1b[Kf_per_fra\x1b[m\x1b[K\xe2\x80\x99 declared here\n'}
[151.319318] (vins_estimator) StderrLine: {'line': b'   54 |         FeaturePerFrame \x1b[01;36m\x1b[Kf_per_fra\x1b[m\x1b[K(id_pts.second[0].second, td);\n'}
[151.319378] (vins_estimator) StderrLine: {'line': b'      |                         \x1b[01;36m\x1b[K^~~~~~~~~\x1b[m\x1b[K\n'}
[151.319436] (vins_estimator) StderrLine: {'line': b'In file included from \x1b[01m\x1b[K/home/orangepi/Desktop/SparkCar_ROS2_WS/SparkCar_Perception/src/VINS-MONO-ROS2/vins_estimator/src/feature_manager.cpp:1\x1b[m\x1b[K:\n'}
[151.319494] (vins_estimator) StderrLine: {'line': b'In copy constructor \xe2\x80\x98\x1b[01m\x1b[KFeaturePerFrame::FeaturePerFrame(const FeaturePerFrame&)\x1b[m\x1b[K\xe2\x80\x99,\n'}
[151.319562] (vins_estimator) StderrLine: {'line': b'    inlined from \xe2\x80\x98\x1b[01m\x1b[Kvoid __gnu_cxx::new_allocator<_Tp>::construct(_Up*, _Args&& ...) [with _Up = FeaturePerFrame; _Args = {const FeaturePerFrame&}; _Tp = FeaturePerFrame]\x1b[m\x1b[K\xe2\x80\x99 at \x1b[01m\x1b[K/usr/include/c++/11/ext/new_allocator.h:162:4\x1b[m\x1b[K,\n'}
[151.319631] (vins_estimator) StderrLine: {'line': b'    inlined from \xe2\x80\x98\x1b[01m\x1b[Kstatic void std::allocator_traits<std::allocator<_Tp1> >::construct(std::allocator_traits<std::allocator<_Tp1> >::allocator_type&, _Up*, _Args&& ...) [with _Up = FeaturePerFrame; _Args = {const FeaturePerFrame&}; _Tp = FeaturePerFrame]\x1b[m\x1b[K\xe2\x80\x99 at \x1b[01m\x1b[K/usr/include/c++/11/bits/alloc_traits.h:516:17\x1b[m\x1b[K,\n'}
[151.319698] (vins_estimator) StderrLine: {'line': b'    inlined from \xe2\x80\x98\x1b[01m\x1b[Kvoid std::vector<_Tp, _Alloc>::push_back(const value_type&) [with _Tp = FeaturePerFrame; _Alloc = std::allocator<FeaturePerFrame>]\x1b[m\x1b[K\xe2\x80\x99 at \x1b[01m\x1b[K/usr/include/c++/11/bits/stl_vector.h:1192:30\x1b[m\x1b[K,\n'}
[151.319759] (vins_estimator) StderrLine: {'line': b'    inlined from \xe2\x80\x98\x1b[01m\x1b[Kbool FeatureManager::addFeatureCheckParallax(int, const std::map<int, std::vector<std::pair<int, Eigen::Matrix<double, 7, 1> > > >&, double)\x1b[m\x1b[K\xe2\x80\x99 at \x1b[01m\x1b[K/home/orangepi/Desktop/SparkCar_ROS2_WS/SparkCar_Perception/src/VINS-MONO-ROS2/vins_estimator/src/feature_manager.cpp:69:44\x1b[m\x1b[K:\n'}
[151.319820] (vins_estimator) StderrLine: {'line': b'\x1b[01m\x1b[K/home/orangepi/Desktop/SparkCar_ROS2_WS/SparkCar_Perception/src/VINS-MONO-ROS2/vins_estimator/src/feature_manager.h:16:7:\x1b[m\x1b[K \x1b[01;35m\x1b[Kwarning: \x1b[m\x1b[K\xe2\x80\x98\x1b[01m\x1b[Kf_per_fra.FeaturePerFrame::parallax\x1b[m\x1b[K\xe2\x80\x99 may be used uninitialized [\x1b[01;35m\x1b[K\x1b]8;;https://gcc.gnu.org/onlinedocs/gcc/Warning-Options.html#index-Wmaybe-uninitialized\x07-Wmaybe-uninitialized\x1b]8;;\x07\x1b[m\x1b[K]\n'}
[151.319882] (vins_estimator) StderrLine: {'line': b'   16 | class \x1b[01;35m\x1b[KFeaturePerFrame\x1b[m\x1b[K\n'}
[151.319939] (vins_estimator) StderrLine: {'line': b'      |       \x1b[01;35m\x1b[K^~~~~~~~~~~~~~~\x1b[m\x1b[K\n'}
[151.319997] (vins_estimator) StderrLine: {'line': b'\x1b[01m\x1b[K/home/orangepi/Desktop/SparkCar_ROS2_WS/SparkCar_Perception/src/VINS-MONO-ROS2/vins_estimator/src/feature_manager.cpp:\x1b[m\x1b[K In member function \xe2\x80\x98\x1b[01m\x1b[Kbool FeatureManager::addFeatureCheckParallax(int, const std::map<int, std::vector<std::pair<int, Eigen::Matrix<double, 7, 1> > > >&, double)\x1b[m\x1b[K\xe2\x80\x99:\n'}
[151.320057] (vins_estimator) StderrLine: {'line': b'\x1b[01m\x1b[K/home/orangepi/Desktop/SparkCar_ROS2_WS/SparkCar_Perception/src/VINS-MONO-ROS2/vins_estimator/src/feature_manager.cpp:54:25:\x1b[m\x1b[K \x1b[01;36m\x1b[Knote: \x1b[m\x1b[K\xe2\x80\x98\x1b[01m\x1b[Kf_per_fra\x1b[m\x1b[K\xe2\x80\x99 declared here\n'}
[151.320116] (vins_estimator) StderrLine: {'line': b'   54 |         FeaturePerFrame \x1b[01;36m\x1b[Kf_per_fra\x1b[m\x1b[K(id_pts.second[0].second, td);\n'}
[151.320174] (vins_estimator) StderrLine: {'line': b'      |                         \x1b[01;36m\x1b[K^~~~~~~~~\x1b[m\x1b[K\n'}
[151.320230] (vins_estimator) StderrLine: {'line': b'In file included from \x1b[01m\x1b[K/home/orangepi/Desktop/SparkCar_ROS2_WS/SparkCar_Perception/src/VINS-MONO-ROS2/vins_estimator/src/feature_manager.cpp:1\x1b[m\x1b[K:\n'}
[151.320291] (vins_estimator) StderrLine: {'line': b'In copy constructor \xe2\x80\x98\x1b[01m\x1b[KFeaturePerFrame::FeaturePerFrame(const FeaturePerFrame&)\x1b[m\x1b[K\xe2\x80\x99,\n'}
[151.320350] (vins_estimator) StderrLine: {'line': b'    inlined from \xe2\x80\x98\x1b[01m\x1b[Kvoid __gnu_cxx::new_allocator<_Tp>::construct(_Up*, _Args&& ...) [with _Up = FeaturePerFrame; _Args = {const FeaturePerFrame&}; _Tp = FeaturePerFrame]\x1b[m\x1b[K\xe2\x80\x99 at \x1b[01m\x1b[K/usr/include/c++/11/ext/new_allocator.h:162:4\x1b[m\x1b[K,\n'}
[151.320410] (vins_estimator) StderrLine: {'line': b'    inlined from \xe2\x80\x98\x1b[01m\x1b[Kstatic void std::allocator_traits<std::allocator<_Tp1> >::construct(std::allocator_traits<std::allocator<_Tp1> >::allocator_type&, _Up*, _Args&& ...) [with _Up = FeaturePerFrame; _Args = {const FeaturePerFrame&}; _Tp = FeaturePerFrame]\x1b[m\x1b[K\xe2\x80\x99 at \x1b[01m\x1b[K/usr/include/c++/11/bits/alloc_traits.h:516:17\x1b[m\x1b[K,\n'}
[151.320481] (vins_estimator) StderrLine: {'line': b'    inlined from \xe2\x80\x98\x1b[01m\x1b[Kvoid std::vector<_Tp, _Alloc>::push_back(const value_type&) [with _Tp = FeaturePerFrame; _Alloc = std::allocator<FeaturePerFrame>]\x1b[m\x1b[K\xe2\x80\x99 at \x1b[01m\x1b[K/usr/include/c++/11/bits/stl_vector.h:1192:30\x1b[m\x1b[K,\n'}
[151.320542] (vins_estimator) StderrLine: {'line': b'    inlined from \xe2\x80\x98\x1b[01m\x1b[Kbool FeatureManager::addFeatureCheckParallax(int, const std::map<int, std::vector<std::pair<int, Eigen::Matrix<double, 7, 1> > > >&, double)\x1b[m\x1b[K\xe2\x80\x99 at \x1b[01m\x1b[K/home/orangepi/Desktop/SparkCar_ROS2_WS/SparkCar_Perception/src/VINS-MONO-ROS2/vins_estimator/src/feature_manager.cpp:69:44\x1b[m\x1b[K:\n'}
[151.320604] (vins_estimator) StderrLine: {'line': b'\x1b[01m\x1b[K/home/orangepi/Desktop/SparkCar_ROS2_WS/SparkCar_Perception/src/VINS-MONO-ROS2/vins_estimator/src/feature_manager.h:16:7:\x1b[m\x1b[K \x1b[01;35m\x1b[Kwarning: \x1b[m\x1b[K\xe2\x80\x98\x1b[01m\x1b[Kf_per_fra.FeaturePerFrame::dep_gradient\x1b[m\x1b[K\xe2\x80\x99 may be used uninitialized [\x1b[01;35m\x1b[K\x1b]8;;https://gcc.gnu.org/onlinedocs/gcc/Warning-Options.html#index-Wmaybe-uninitialized\x07-Wmaybe-uninitialized\x1b]8;;\x07\x1b[m\x1b[K]\n'}
[151.320667] (vins_estimator) StderrLine: {'line': b'   16 | class \x1b[01;35m\x1b[KFeaturePerFrame\x1b[m\x1b[K\n'}
[151.320730] (vins_estimator) StderrLine: {'line': b'      |       \x1b[01;35m\x1b[K^~~~~~~~~~~~~~~\x1b[m\x1b[K\n'}
[151.320788] (vins_estimator) StderrLine: {'line': b'\x1b[01m\x1b[K/home/orangepi/Desktop/SparkCar_ROS2_WS/SparkCar_Perception/src/VINS-MONO-ROS2/vins_estimator/src/feature_manager.cpp:\x1b[m\x1b[K In member function \xe2\x80\x98\x1b[01m\x1b[Kbool FeatureManager::addFeatureCheckParallax(int, const std::map<int, std::vector<std::pair<int, Eigen::Matrix<double, 7, 1> > > >&, double)\x1b[m\x1b[K\xe2\x80\x99:\n'}
[151.320856] (vins_estimator) StderrLine: {'line': b'\x1b[01m\x1b[K/home/orangepi/Desktop/SparkCar_ROS2_WS/SparkCar_Perception/src/VINS-MONO-ROS2/vins_estimator/src/feature_manager.cpp:54:25:\x1b[m\x1b[K \x1b[01;36m\x1b[Knote: \x1b[m\x1b[K\xe2\x80\x98\x1b[01m\x1b[Kf_per_fra\x1b[m\x1b[K\xe2\x80\x99 declared here\n'}
[151.320916] (vins_estimator) StderrLine: {'line': b'   54 |         FeaturePerFrame \x1b[01;36m\x1b[Kf_per_fra\x1b[m\x1b[K(id_pts.second[0].second, td);\n'}
[151.320985] (vins_estimator) StderrLine: {'line': b'      |                         \x1b[01;36m\x1b[K^~~~~~~~~\x1b[m\x1b[K\n'}
[151.361673] (-) TimerEvent: {}
[151.462214] (-) TimerEvent: {}
[151.563729] (-) TimerEvent: {}
[151.665453] (-) TimerEvent: {}
[151.766490] (-) TimerEvent: {}
[151.867520] (-) TimerEvent: {}
[151.968631] (-) TimerEvent: {}
[152.070690] (-) TimerEvent: {}
[152.172263] (-) TimerEvent: {}
[152.273829] (-) TimerEvent: {}
[152.375061] (-) TimerEvent: {}
[152.476738] (-) TimerEvent: {}
[152.578615] (-) TimerEvent: {}
[152.679594] (-) TimerEvent: {}
[152.780621] (-) TimerEvent: {}
[152.881694] (-) TimerEvent: {}
[152.982749] (-) TimerEvent: {}
[153.085010] (-) TimerEvent: {}
[153.185987] (-) TimerEvent: {}
[153.286979] (-) TimerEvent: {}
[153.388059] (-) TimerEvent: {}
[153.489250] (-) TimerEvent: {}
[153.590332] (-) TimerEvent: {}
[153.698303] (-) TimerEvent: {}
[153.800238] (-) TimerEvent: {}
[153.901470] (-) TimerEvent: {}
[154.002699] (-) TimerEvent: {}
[154.103895] (-) TimerEvent: {}
[154.204959] (-) TimerEvent: {}
[154.311530] (-) TimerEvent: {}
[154.412182] (-) TimerEvent: {}
[154.514022] (-) TimerEvent: {}
[154.616072] (-) TimerEvent: {}
[154.717811] (-) TimerEvent: {}
[154.819532] (-) TimerEvent: {}
[154.928549] (-) TimerEvent: {}
[155.029518] (-) TimerEvent: {}
[155.130578] (-) TimerEvent: {}
[155.231569] (-) TimerEvent: {}
[155.332554] (-) TimerEvent: {}
[155.433628] (-) TimerEvent: {}
[155.534613] (-) TimerEvent: {}
[155.635599] (-) TimerEvent: {}
[155.736683] (-) TimerEvent: {}
[155.837750] (-) TimerEvent: {}
[155.938797] (-) TimerEvent: {}
[156.039804] (-) TimerEvent: {}
[156.140753] (-) TimerEvent: {}
[156.241737] (-) TimerEvent: {}
[156.342620] (-) TimerEvent: {}
[156.443730] (-) TimerEvent: {}
[156.544838] (-) TimerEvent: {}
[156.645849] (-) TimerEvent: {}
[156.746934] (-) TimerEvent: {}
[156.848027] (-) TimerEvent: {}
[156.949024] (-) TimerEvent: {}
[157.049967] (-) TimerEvent: {}
[157.151037] (-) TimerEvent: {}
[157.252068] (-) TimerEvent: {}
[157.353117] (-) TimerEvent: {}
[157.455046] (-) TimerEvent: {}
[157.555982] (-) TimerEvent: {}
[157.657013] (-) TimerEvent: {}
[157.758001] (-) TimerEvent: {}
[157.858920] (-) TimerEvent: {}
[157.959803] (-) TimerEvent: {}
[158.060747] (-) TimerEvent: {}
[158.161660] (-) TimerEvent: {}
[158.262544] (-) TimerEvent: {}
[158.363535] (-) TimerEvent: {}
[158.464422] (-) TimerEvent: {}
[158.565391] (-) TimerEvent: {}
[158.667426] (-) TimerEvent: {}
[158.768393] (-) TimerEvent: {}
[158.869300] (-) TimerEvent: {}
[158.970349] (-) TimerEvent: {}
[159.071390] (-) TimerEvent: {}
[159.172378] (-) TimerEvent: {}
[159.273280] (-) TimerEvent: {}
[159.374300] (-) TimerEvent: {}
[159.439005] (feature_tracker) StdoutLine: {'line': b'[100%] \x1b[32m\x1b[1mLinking CXX executable feature_tracker\x1b[0m\n'}
[159.474581] (-) TimerEvent: {}
[159.575617] (-) TimerEvent: {}
[159.676656] (-) TimerEvent: {}
[159.777703] (-) TimerEvent: {}
[159.878695] (-) TimerEvent: {}
[159.979751] (-) TimerEvent: {}
[160.080783] (-) TimerEvent: {}
[160.181746] (-) TimerEvent: {}
[160.282719] (-) TimerEvent: {}
[160.384175] (-) TimerEvent: {}
[160.485234] (-) TimerEvent: {}
[160.586196] (-) TimerEvent: {}
[160.687344] (-) TimerEvent: {}
[160.788424] (-) TimerEvent: {}
[160.889428] (-) TimerEvent: {}
[160.990475] (-) TimerEvent: {}
[161.091604] (-) TimerEvent: {}
[161.192543] (-) TimerEvent: {}
[161.293583] (-) TimerEvent: {}
[161.394572] (-) TimerEvent: {}
[161.495602] (-) TimerEvent: {}
[161.596600] (-) TimerEvent: {}
[161.697722] (-) TimerEvent: {}
[161.798725] (-) TimerEvent: {}
[161.899705] (-) TimerEvent: {}
[162.000718] (-) TimerEvent: {}
[162.101811] (-) TimerEvent: {}
[162.202776] (-) TimerEvent: {}
[162.303906] (-) TimerEvent: {}
[162.404989] (-) TimerEvent: {}
[162.505904] (-) TimerEvent: {}
[162.606935] (-) TimerEvent: {}
[162.707842] (-) TimerEvent: {}
[162.808783] (-) TimerEvent: {}
[162.909692] (-) TimerEvent: {}
[163.010684] (-) TimerEvent: {}
[163.111610] (-) TimerEvent: {}
[163.212522] (-) TimerEvent: {}
[163.313403] (-) TimerEvent: {}
[163.414328] (-) TimerEvent: {}
[163.515249] (-) TimerEvent: {}
[163.616133] (-) TimerEvent: {}
[163.717122] (-) TimerEvent: {}
[163.818158] (-) TimerEvent: {}
[163.919136] (-) TimerEvent: {}
[164.020176] (-) TimerEvent: {}
[164.121107] (-) TimerEvent: {}
[164.221996] (-) TimerEvent: {}
[164.322983] (-) TimerEvent: {}
[164.423885] (-) TimerEvent: {}
[164.527140] (-) TimerEvent: {}
[164.628821] (-) TimerEvent: {}
[164.729827] (-) TimerEvent: {}
[164.830748] (-) TimerEvent: {}
[164.931874] (-) TimerEvent: {}
[165.032891] (-) TimerEvent: {}
[165.134061] (-) TimerEvent: {}
[165.235157] (-) TimerEvent: {}
[165.336265] (-) TimerEvent: {}
[165.437438] (-) TimerEvent: {}
[165.538487] (-) TimerEvent: {}
[165.639509] (-) TimerEvent: {}
[165.740691] (-) TimerEvent: {}
[165.842067] (-) TimerEvent: {}
[165.943255] (-) TimerEvent: {}
[166.044517] (-) TimerEvent: {}
[166.145616] (-) TimerEvent: {}
[166.246712] (-) TimerEvent: {}
[166.347921] (-) TimerEvent: {}
[166.449222] (-) TimerEvent: {}
[166.550094] (-) TimerEvent: {}
[166.651110] (-) TimerEvent: {}
[166.752108] (-) TimerEvent: {}
[166.853072] (-) TimerEvent: {}
[166.954311] (-) TimerEvent: {}
[167.056463] (-) TimerEvent: {}
[167.157417] (-) TimerEvent: {}
[167.259144] (-) TimerEvent: {}
[167.360056] (-) TimerEvent: {}
[167.461914] (-) TimerEvent: {}
[167.564377] (-) TimerEvent: {}
[167.666867] (-) TimerEvent: {}
[167.768997] (-) TimerEvent: {}
[167.870227] (-) TimerEvent: {}
[167.972055] (-) TimerEvent: {}
[168.002561] (feature_tracker) StdoutLine: {'line': b'[100%] Built target feature_tracker\n'}
[168.052207] (feature_tracker) CommandEnded: {'returncode': 0}
[168.055933] (feature_tracker) JobProgress: {'identifier': 'feature_tracker', 'progress': 'install'}
[168.057342] (feature_tracker) Command: {'cmd': ['/usr/bin/cmake', '--install', '/home/orangepi/Desktop/SparkCar_ROS2_WS/SparkCar_Perception/build/feature_tracker'], 'cwd': '/home/orangepi/Desktop/SparkCar_ROS2_WS/SparkCar_Perception/build/feature_tracker', 'env': OrderedDict([('LESSOPEN', '| /usr/bin/lesspipe %s'), ('UMS_MOUNTPOINT', '/mnt/ums'), ('GST_V4L2_PREFERRED_FOURCC', 'NV12:YU12:NV16:YUY2'), ('LANGUAGE', 'en_US.UTF-8'), ('USER', 'orangepi'), ('SSH_CLIENT', '192.168.110.167 61328 22'), ('XDG_SESSION_TYPE', 'tty'), ('GIT_ASKPASS', '/home/orangepi/.vscode-server/cli/servers/Stable-7e7950df89d055b5a378379db9ee14290772148a/server/extensions/git/dist/askpass.sh'), ('SHLVL', '1'), ('USB_FUNCS', 'adb'), ('LD_LIBRARY_PATH', '/home/orangepi/Desktop/SparkCar_ROS2_WS/SparkCar_Perception/install/camera_model/lib:/opt/ros/humble/opt/rviz_ogre_vendor/lib:/opt/ros/humble/lib/aarch64-linux-gnu:/opt/ros/humble/lib'), ('BROWSER', '/home/orangepi/.vscode-server/cli/servers/Stable-7e7950df89d055b5a378379db9ee14290772148a/server/bin/helpers/browser.sh'), ('MOTD_SHOWN', 'pam'), ('HOME', '/home/orangepi'), ('OLDPWD', '/home/orangepi/Desktop/SparkCar_ROS2_WS/SparkCar_Perception'), ('TERM_PROGRAM_VERSION', '1.126.0'), ('VSCODE_IPC_HOOK_CLI', '/run/user/1000/vscode-ipc-8f68b4a7-073c-40b4-bfba-8c77c4821cfd.sock'), ('GST_INSPECT_NO_COLORS', '1'), ('GST_MPP_NO_RGA', '1'), ('ROS_PYTHON_VERSION', '3'), ('COGL_DRIVER', 'gles2'), ('VSCODE_GIT_ASKPASS_MAIN', '/home/orangepi/.vscode-server/cli/servers/Stable-7e7950df89d055b5a378379db9ee14290772148a/server/extensions/git/dist/askpass-main.js'), ('VSCODE_GIT_ASKPASS_NODE', '/home/orangepi/.vscode-server/cli/servers/Stable-7e7950df89d055b5a378379db9ee14290772148a/server/node'), ('VSCODE_PYTHON_AUTOACTIVATE_GUARD', '1'), ('DBUS_SESSION_BUS_ADDRESS', 'unix:path=/run/user/1000/bus'), ('COLORTERM', 'truecolor'), ('GST_V4L2SRC_MAX_RESOLUTION', '3840x2160'), ('ROS_DISTRO', 'humble'), ('LOGNAME', 'orangepi'), ('_', '/usr/bin/colcon'), ('ROS_VERSION', '2'), ('XDG_SESSION_CLASS', 'user'), ('TERM', 'xterm-256color'), ('GST_GL_API', 'gles2'), ('XDG_SESSION_ID', '6'), ('GST_VIDEO_CONVERT_PREFERRED_FORMAT', 'NV12:NV16:I420:YUY2'), ('GST_V4L2SRC_RK_DEVICES', '_mainpath:_selfpath:_bypass:_scale'), ('ROS_LOCALHOST_ONLY', '0'), ('PATH', '/home/orangepi/Desktop/SparkCar_ROS2_WS/SparkCar_Perception/install/camera_model/bin:/home/orangepi/.local/bin:/home/orangepi/.vscode-server/data/User/globalStorage/github.copilot-chat/debugCommand:/home/orangepi/.vscode-server/data/User/globalStorage/github.copilot-chat/copilotCli:/home/orangepi/.vscode-server/cli/servers/Stable-7e7950df89d055b5a378379db9ee14290772148a/server/bin/remote-cli:/home/orangepi/.local/bin:/opt/ros/humble/bin:/home/orangepi/.local/bin:/usr/local/sbin:/usr/local/bin:/usr/sbin:/usr/bin:/sbin:/bin:/usr/games:/usr/local/games:/snap/bin'), ('XDG_RUNTIME_DIR', '/run/user/1000'), ('GST_GL_PLATFORM', 'egl'), ('GST_DEBUG_NO_COLOR', '1'), ('GST_V4L2SRC_DEFAULT_DEVICE', '/dev/video-camera0'), ('DISPLAY', ':0'), ('LANG', 'en_US.UTF-8'), ('LS_COLORS', 'rs=0:di=01;34:ln=01;36:mh=00:pi=40;33:so=01;35:do=01;35:bd=40;33;01:cd=40;33;01:or=40;31;01:mi=00:su=37;41:sg=30;43:ca=30;41:tw=30;42:ow=34;42:st=37;44:ex=01;32:*.tar=01;31:*.tgz=01;31:*.arc=01;31:*.arj=01;31:*.taz=01;31:*.lha=01;31:*.lz4=01;31:*.lzh=01;31:*.lzma=01;31:*.tlz=01;31:*.txz=01;31:*.tzo=01;31:*.t7z=01;31:*.zip=01;31:*.z=01;31:*.dz=01;31:*.gz=01;31:*.lrz=01;31:*.lz=01;31:*.lzo=01;31:*.xz=01;31:*.zst=01;31:*.tzst=01;31:*.bz2=01;31:*.bz=01;31:*.tbz=01;31:*.tbz2=01;31:*.tz=01;31:*.deb=01;31:*.rpm=01;31:*.jar=01;31:*.war=01;31:*.ear=01;31:*.sar=01;31:*.rar=01;31:*.alz=01;31:*.ace=01;31:*.zoo=01;31:*.cpio=01;31:*.7z=01;31:*.rz=01;31:*.cab=01;31:*.wim=01;31:*.swm=01;31:*.dwm=01;31:*.esd=01;31:*.jpg=01;35:*.jpeg=01;35:*.mjpg=01;35:*.mjpeg=01;35:*.gif=01;35:*.bmp=01;35:*.pbm=01;35:*.pgm=01;35:*.ppm=01;35:*.tga=01;35:*.xbm=01;35:*.xpm=01;35:*.tif=01;35:*.tiff=01;35:*.png=01;35:*.svg=01;35:*.svgz=01;35:*.mng=01;35:*.pcx=01;35:*.mov=01;35:*.mpg=01;35:*.mpeg=01;35:*.m2v=01;35:*.mkv=01;35:*.webm=01;35:*.webp=01;35:*.ogm=01;35:*.mp4=01;35:*.m4v=01;35:*.mp4v=01;35:*.vob=01;35:*.qt=01;35:*.nuv=01;35:*.wmv=01;35:*.asf=01;35:*.rm=01;35:*.rmvb=01;35:*.flc=01;35:*.avi=01;35:*.fli=01;35:*.flv=01;35:*.gl=01;35:*.dl=01;35:*.xcf=01;35:*.xwd=01;35:*.yuv=01;35:*.cgm=01;35:*.emf=01;35:*.ogv=01;35:*.ogx=01;35:*.aac=00;36:*.au=00;36:*.flac=00;36:*.m4a=00;36:*.mid=00;36:*.midi=00;36:*.mka=00;36:*.mp3=00;36:*.mpc=00;36:*.ogg=00;36:*.ra=00;36:*.wav=00;36:*.oga=00;36:*.opus=00;36:*.spx=00;36:*.xspf=00;36:'), ('VSCODE_GIT_IPC_HANDLE', '/run/user/1000/vscode-git-3d806f3df3.sock'), ('TERM_PROGRAM', 'vscode'), ('GST_V4L2_USE_LIBV4L2', '1'), ('UMS_SIZE', '256M'), ('AMENT_PREFIX_PATH', '/home/orangepi/Desktop/SparkCar_ROS2_WS/SparkCar_Perception/install/camera_model:/opt/ros/humble'), ('LC_MESSAGES', 'en_US.UTF-8'), ('SHELL', '/bin/bash'), ('UMS_RO', '0'), ('LESSCLOSE', '/usr/bin/lesspipe %s %s'), ('UMS_FSTYPE', 'vfat'), ('VSCODE_GIT_ASKPASS_EXTRA_ARGS', ''), ('PWD', '/home/orangepi/Desktop/SparkCar_ROS2_WS/SparkCar_Perception/build/feature_tracker'), ('LC_ALL', 'en_US.UTF-8'), ('COPILOT_DEBUG_NONCE', 'eea91dafbd2eb1b0ec653fb18529b126'), ('SSH_CONNECTION', '192.168.110.167 61328 192.168.110.159 22'), ('XDG_DATA_DIRS', '/usr/share/gnome:/usr/local/share:/usr/share:/var/lib/snapd/desktop'), ('PYTHONPATH', '/opt/ros/humble/lib/python3.10/site-packages:/opt/ros/humble/local/lib/python3.10/dist-packages'), ('UMS_MOUNT', '0'), ('COLCON', '1'), ('UMS_FILE', '/userdata/ums_shared.img'), ('CMAKE_PREFIX_PATH', '/home/orangepi/Desktop/SparkCar_ROS2_WS/SparkCar_Perception/install/camera_model:/opt/ros/humble')]), 'shell': False}
[168.072307] (-) TimerEvent: {}
[168.092378] (feature_tracker) StdoutLine: {'line': b'-- Install configuration: "Release"\n'}
[168.094359] (feature_tracker) StdoutLine: {'line': b'-- Execute custom install script\n'}
[168.096470] (feature_tracker) StdoutLine: {'line': b'-- Symlinking: /home/orangepi/Desktop/SparkCar_ROS2_WS/SparkCar_Perception/install/feature_tracker/lib/feature_tracker/feature_tracker\n'}
[168.132074] (feature_tracker) StdoutLine: {'line': b'-- Symlinking: /home/orangepi/Desktop/SparkCar_ROS2_WS/SparkCar_Perception/install/feature_tracker/share/feature_tracker/launch/vins_feature_tracker.launch.py\n'}
[168.166870] (feature_tracker) StdoutLine: {'line': b'-- Symlinking: /home/orangepi/Desktop/SparkCar_ROS2_WS/SparkCar_Perception/install/feature_tracker/share/ament_index/resource_index/package_run_dependencies/feature_tracker\n'}
[168.172576] (-) TimerEvent: {}
[168.203439] (feature_tracker) StdoutLine: {'line': b'-- Symlinking: /home/orangepi/Desktop/SparkCar_ROS2_WS/SparkCar_Perception/install/feature_tracker/share/ament_index/resource_index/parent_prefix_path/feature_tracker\n'}
[168.237265] (feature_tracker) StdoutLine: {'line': b'-- Symlinking: /home/orangepi/Desktop/SparkCar_ROS2_WS/SparkCar_Perception/install/feature_tracker/share/feature_tracker/environment/ament_prefix_path.sh\n'}
[168.272472] (feature_tracker) StdoutLine: {'line': b'-- Symlinking: /home/orangepi/Desktop/SparkCar_ROS2_WS/SparkCar_Perception/install/feature_tracker/share/feature_tracker/environment/ament_prefix_path.dsv\n'}
[168.273230] (-) TimerEvent: {}
[168.308858] (feature_tracker) StdoutLine: {'line': b'-- Symlinking: /home/orangepi/Desktop/SparkCar_ROS2_WS/SparkCar_Perception/install/feature_tracker/share/feature_tracker/environment/path.sh\n'}
[168.346281] (feature_tracker) StdoutLine: {'line': b'-- Symlinking: /home/orangepi/Desktop/SparkCar_ROS2_WS/SparkCar_Perception/install/feature_tracker/share/feature_tracker/environment/path.dsv\n'}
[168.373664] (-) TimerEvent: {}
[168.383620] (feature_tracker) StdoutLine: {'line': b'-- Symlinking: /home/orangepi/Desktop/SparkCar_ROS2_WS/SparkCar_Perception/install/feature_tracker/share/feature_tracker/local_setup.bash\n'}
[168.423749] (feature_tracker) StdoutLine: {'line': b'-- Symlinking: /home/orangepi/Desktop/SparkCar_ROS2_WS/SparkCar_Perception/install/feature_tracker/share/feature_tracker/local_setup.sh\n'}
[168.461986] (feature_tracker) StdoutLine: {'line': b'-- Symlinking: /home/orangepi/Desktop/SparkCar_ROS2_WS/SparkCar_Perception/install/feature_tracker/share/feature_tracker/local_setup.zsh\n'}
[168.473851] (-) TimerEvent: {}
[168.495150] (feature_tracker) StdoutLine: {'line': b'-- Symlinking: /home/orangepi/Desktop/SparkCar_ROS2_WS/SparkCar_Perception/install/feature_tracker/share/feature_tracker/local_setup.dsv\n'}
[168.525622] (feature_tracker) StdoutLine: {'line': b'-- Symlinking: /home/orangepi/Desktop/SparkCar_ROS2_WS/SparkCar_Perception/install/feature_tracker/share/feature_tracker/package.dsv\n'}
[168.554953] (feature_tracker) StdoutLine: {'line': b'-- Symlinking: /home/orangepi/Desktop/SparkCar_ROS2_WS/SparkCar_Perception/install/feature_tracker/share/ament_index/resource_index/packages/feature_tracker\n'}
[168.574063] (-) TimerEvent: {}
[168.585354] (feature_tracker) StdoutLine: {'line': b'-- Symlinking: /home/orangepi/Desktop/SparkCar_ROS2_WS/SparkCar_Perception/install/feature_tracker/share/feature_tracker/cmake/feature_trackerConfig.cmake\n'}
[168.614712] (feature_tracker) StdoutLine: {'line': b'-- Symlinking: /home/orangepi/Desktop/SparkCar_ROS2_WS/SparkCar_Perception/install/feature_tracker/share/feature_tracker/cmake/feature_trackerConfig-version.cmake\n'}
[168.644067] (feature_tracker) StdoutLine: {'line': b'-- Symlinking: /home/orangepi/Desktop/SparkCar_ROS2_WS/SparkCar_Perception/install/feature_tracker/share/feature_tracker/package.xml\n'}
[168.674268] (-) TimerEvent: {}
[168.679207] (feature_tracker) CommandEnded: {'returncode': 0}
[168.751622] (feature_tracker) JobEnded: {'identifier': 'feature_tracker', 'rc': 0}
[168.774600] (-) TimerEvent: {}
[168.875644] (-) TimerEvent: {}
[168.976654] (-) TimerEvent: {}
[169.077843] (-) TimerEvent: {}
[169.178949] (-) TimerEvent: {}
[169.280142] (-) TimerEvent: {}
[169.381343] (-) TimerEvent: {}
[169.482493] (-) TimerEvent: {}
[169.583663] (-) TimerEvent: {}
[169.684972] (-) TimerEvent: {}
[169.785958] (-) TimerEvent: {}
[169.886981] (-) TimerEvent: {}
[169.988155] (-) TimerEvent: {}
[170.089160] (-) TimerEvent: {}
[170.190246] (-) TimerEvent: {}
[170.291364] (-) TimerEvent: {}
[170.392412] (-) TimerEvent: {}
[170.493509] (-) TimerEvent: {}
[170.594533] (-) TimerEvent: {}
[170.695570] (-) TimerEvent: {}
[170.796574] (-) TimerEvent: {}
[170.897675] (-) TimerEvent: {}
[170.998737] (-) TimerEvent: {}
[171.099776] (-) TimerEvent: {}
[171.200864] (-) TimerEvent: {}
[171.301925] (-) TimerEvent: {}
[171.402959] (-) TimerEvent: {}
[171.504098] (-) TimerEvent: {}
[171.605197] (-) TimerEvent: {}
[171.706264] (-) TimerEvent: {}
[171.807392] (-) TimerEvent: {}
[171.908628] (-) TimerEvent: {}
[172.009611] (-) TimerEvent: {}
[172.110706] (-) TimerEvent: {}
[172.211913] (-) TimerEvent: {}
[172.313211] (-) TimerEvent: {}
[172.414254] (-) TimerEvent: {}
[172.515219] (-) TimerEvent: {}
[172.616070] (-) TimerEvent: {}
[172.717066] (-) TimerEvent: {}
[172.818121] (-) TimerEvent: {}
[172.919164] (-) TimerEvent: {}
[173.020878] (-) TimerEvent: {}
[173.121896] (-) TimerEvent: {}
[173.222812] (-) TimerEvent: {}
[173.323900] (-) TimerEvent: {}
[173.424849] (-) TimerEvent: {}
[173.525784] (-) TimerEvent: {}
[173.626763] (-) TimerEvent: {}
[173.727956] (-) TimerEvent: {}
[173.829021] (-) TimerEvent: {}
[173.930172] (-) TimerEvent: {}
[174.031262] (-) TimerEvent: {}
[174.132356] (-) TimerEvent: {}
[174.233563] (-) TimerEvent: {}
[174.334774] (-) TimerEvent: {}
[174.435747] (-) TimerEvent: {}
[174.536798] (-) TimerEvent: {}
[174.637795] (-) TimerEvent: {}
[174.738981] (-) TimerEvent: {}
[174.752556] (pose_graph) StdoutLine: {'line': b'[100%] \x1b[32m\x1b[1mLinking CXX executable pose_graph\x1b[0m\n'}
[174.839331] (-) TimerEvent: {}
[174.940635] (-) TimerEvent: {}
[175.041872] (-) TimerEvent: {}
[175.142942] (-) TimerEvent: {}
[175.244130] (-) TimerEvent: {}
[175.345425] (-) TimerEvent: {}
[175.446387] (-) TimerEvent: {}
[175.547612] (-) TimerEvent: {}
[175.648766] (-) TimerEvent: {}
[175.749724] (-) TimerEvent: {}
[175.850912] (-) TimerEvent: {}
[175.951864] (-) TimerEvent: {}
[176.052828] (-) TimerEvent: {}
[176.153841] (-) TimerEvent: {}
[176.255022] (-) TimerEvent: {}
[176.356019] (-) TimerEvent: {}
[176.380201] (ar_demo) StdoutLine: {'line': b'[100%] \x1b[32m\x1b[1mLinking CXX executable ar_demo_node\x1b[0m\n'}
[176.456410] (-) TimerEvent: {}
[176.557947] (-) TimerEvent: {}
[176.659087] (-) TimerEvent: {}
[176.760082] (-) TimerEvent: {}
[176.861077] (-) TimerEvent: {}
[176.962072] (-) TimerEvent: {}
[177.062930] (-) TimerEvent: {}
[177.163932] (-) TimerEvent: {}
[177.264902] (-) TimerEvent: {}
[177.365891] (-) TimerEvent: {}
[177.466823] (-) TimerEvent: {}
[177.567792] (-) TimerEvent: {}
[177.668643] (-) TimerEvent: {}
[177.723937] (pose_graph) StdoutLine: {'line': b'[100%] Built target pose_graph\n'}
[177.740903] (pose_graph) CommandEnded: {'returncode': 0}
[177.743083] (pose_graph) JobProgress: {'identifier': 'pose_graph', 'progress': 'install'}
[177.743834] (pose_graph) Command: {'cmd': ['/usr/bin/cmake', '--install', '/home/orangepi/Desktop/SparkCar_ROS2_WS/SparkCar_Perception/build/pose_graph'], 'cwd': '/home/orangepi/Desktop/SparkCar_ROS2_WS/SparkCar_Perception/build/pose_graph', 'env': OrderedDict([('LESSOPEN', '| /usr/bin/lesspipe %s'), ('UMS_MOUNTPOINT', '/mnt/ums'), ('GST_V4L2_PREFERRED_FOURCC', 'NV12:YU12:NV16:YUY2'), ('LANGUAGE', 'en_US.UTF-8'), ('USER', 'orangepi'), ('SSH_CLIENT', '192.168.110.167 61328 22'), ('XDG_SESSION_TYPE', 'tty'), ('GIT_ASKPASS', '/home/orangepi/.vscode-server/cli/servers/Stable-7e7950df89d055b5a378379db9ee14290772148a/server/extensions/git/dist/askpass.sh'), ('SHLVL', '1'), ('USB_FUNCS', 'adb'), ('LD_LIBRARY_PATH', '/home/orangepi/Desktop/SparkCar_ROS2_WS/SparkCar_Perception/install/camera_model/lib:/opt/ros/humble/opt/rviz_ogre_vendor/lib:/opt/ros/humble/lib/aarch64-linux-gnu:/opt/ros/humble/lib'), ('BROWSER', '/home/orangepi/.vscode-server/cli/servers/Stable-7e7950df89d055b5a378379db9ee14290772148a/server/bin/helpers/browser.sh'), ('MOTD_SHOWN', 'pam'), ('HOME', '/home/orangepi'), ('OLDPWD', '/home/orangepi/Desktop/SparkCar_ROS2_WS/SparkCar_Perception'), ('TERM_PROGRAM_VERSION', '1.126.0'), ('VSCODE_IPC_HOOK_CLI', '/run/user/1000/vscode-ipc-8f68b4a7-073c-40b4-bfba-8c77c4821cfd.sock'), ('GST_INSPECT_NO_COLORS', '1'), ('GST_MPP_NO_RGA', '1'), ('ROS_PYTHON_VERSION', '3'), ('COGL_DRIVER', 'gles2'), ('VSCODE_GIT_ASKPASS_MAIN', '/home/orangepi/.vscode-server/cli/servers/Stable-7e7950df89d055b5a378379db9ee14290772148a/server/extensions/git/dist/askpass-main.js'), ('VSCODE_GIT_ASKPASS_NODE', '/home/orangepi/.vscode-server/cli/servers/Stable-7e7950df89d055b5a378379db9ee14290772148a/server/node'), ('VSCODE_PYTHON_AUTOACTIVATE_GUARD', '1'), ('DBUS_SESSION_BUS_ADDRESS', 'unix:path=/run/user/1000/bus'), ('COLORTERM', 'truecolor'), ('GST_V4L2SRC_MAX_RESOLUTION', '3840x2160'), ('ROS_DISTRO', 'humble'), ('LOGNAME', 'orangepi'), ('_', '/usr/bin/colcon'), ('ROS_VERSION', '2'), ('XDG_SESSION_CLASS', 'user'), ('TERM', 'xterm-256color'), ('GST_GL_API', 'gles2'), ('XDG_SESSION_ID', '6'), ('GST_VIDEO_CONVERT_PREFERRED_FORMAT', 'NV12:NV16:I420:YUY2'), ('GST_V4L2SRC_RK_DEVICES', '_mainpath:_selfpath:_bypass:_scale'), ('ROS_LOCALHOST_ONLY', '0'), ('PATH', '/home/orangepi/Desktop/SparkCar_ROS2_WS/SparkCar_Perception/install/camera_model/bin:/home/orangepi/.local/bin:/home/orangepi/.vscode-server/data/User/globalStorage/github.copilot-chat/debugCommand:/home/orangepi/.vscode-server/data/User/globalStorage/github.copilot-chat/copilotCli:/home/orangepi/.vscode-server/cli/servers/Stable-7e7950df89d055b5a378379db9ee14290772148a/server/bin/remote-cli:/home/orangepi/.local/bin:/opt/ros/humble/bin:/home/orangepi/.local/bin:/usr/local/sbin:/usr/local/bin:/usr/sbin:/usr/bin:/sbin:/bin:/usr/games:/usr/local/games:/snap/bin'), ('XDG_RUNTIME_DIR', '/run/user/1000'), ('GST_GL_PLATFORM', 'egl'), ('GST_DEBUG_NO_COLOR', '1'), ('GST_V4L2SRC_DEFAULT_DEVICE', '/dev/video-camera0'), ('DISPLAY', ':0'), ('LANG', 'en_US.UTF-8'), ('LS_COLORS', 'rs=0:di=01;34:ln=01;36:mh=00:pi=40;33:so=01;35:do=01;35:bd=40;33;01:cd=40;33;01:or=40;31;01:mi=00:su=37;41:sg=30;43:ca=30;41:tw=30;42:ow=34;42:st=37;44:ex=01;32:*.tar=01;31:*.tgz=01;31:*.arc=01;31:*.arj=01;31:*.taz=01;31:*.lha=01;31:*.lz4=01;31:*.lzh=01;31:*.lzma=01;31:*.tlz=01;31:*.txz=01;31:*.tzo=01;31:*.t7z=01;31:*.zip=01;31:*.z=01;31:*.dz=01;31:*.gz=01;31:*.lrz=01;31:*.lz=01;31:*.lzo=01;31:*.xz=01;31:*.zst=01;31:*.tzst=01;31:*.bz2=01;31:*.bz=01;31:*.tbz=01;31:*.tbz2=01;31:*.tz=01;31:*.deb=01;31:*.rpm=01;31:*.jar=01;31:*.war=01;31:*.ear=01;31:*.sar=01;31:*.rar=01;31:*.alz=01;31:*.ace=01;31:*.zoo=01;31:*.cpio=01;31:*.7z=01;31:*.rz=01;31:*.cab=01;31:*.wim=01;31:*.swm=01;31:*.dwm=01;31:*.esd=01;31:*.jpg=01;35:*.jpeg=01;35:*.mjpg=01;35:*.mjpeg=01;35:*.gif=01;35:*.bmp=01;35:*.pbm=01;35:*.pgm=01;35:*.ppm=01;35:*.tga=01;35:*.xbm=01;35:*.xpm=01;35:*.tif=01;35:*.tiff=01;35:*.png=01;35:*.svg=01;35:*.svgz=01;35:*.mng=01;35:*.pcx=01;35:*.mov=01;35:*.mpg=01;35:*.mpeg=01;35:*.m2v=01;35:*.mkv=01;35:*.webm=01;35:*.webp=01;35:*.ogm=01;35:*.mp4=01;35:*.m4v=01;35:*.mp4v=01;35:*.vob=01;35:*.qt=01;35:*.nuv=01;35:*.wmv=01;35:*.asf=01;35:*.rm=01;35:*.rmvb=01;35:*.flc=01;35:*.avi=01;35:*.fli=01;35:*.flv=01;35:*.gl=01;35:*.dl=01;35:*.xcf=01;35:*.xwd=01;35:*.yuv=01;35:*.cgm=01;35:*.emf=01;35:*.ogv=01;35:*.ogx=01;35:*.aac=00;36:*.au=00;36:*.flac=00;36:*.m4a=00;36:*.mid=00;36:*.midi=00;36:*.mka=00;36:*.mp3=00;36:*.mpc=00;36:*.ogg=00;36:*.ra=00;36:*.wav=00;36:*.oga=00;36:*.opus=00;36:*.spx=00;36:*.xspf=00;36:'), ('VSCODE_GIT_IPC_HANDLE', '/run/user/1000/vscode-git-3d806f3df3.sock'), ('TERM_PROGRAM', 'vscode'), ('GST_V4L2_USE_LIBV4L2', '1'), ('UMS_SIZE', '256M'), ('AMENT_PREFIX_PATH', '/home/orangepi/Desktop/SparkCar_ROS2_WS/SparkCar_Perception/install/camera_model:/opt/ros/humble'), ('LC_MESSAGES', 'en_US.UTF-8'), ('SHELL', '/bin/bash'), ('UMS_RO', '0'), ('LESSCLOSE', '/usr/bin/lesspipe %s %s'), ('UMS_FSTYPE', 'vfat'), ('VSCODE_GIT_ASKPASS_EXTRA_ARGS', ''), ('PWD', '/home/orangepi/Desktop/SparkCar_ROS2_WS/SparkCar_Perception/build/pose_graph'), ('LC_ALL', 'en_US.UTF-8'), ('COPILOT_DEBUG_NONCE', 'eea91dafbd2eb1b0ec653fb18529b126'), ('SSH_CONNECTION', '192.168.110.167 61328 192.168.110.159 22'), ('XDG_DATA_DIRS', '/usr/share/gnome:/usr/local/share:/usr/share:/var/lib/snapd/desktop'), ('PYTHONPATH', '/opt/ros/humble/lib/python3.10/site-packages:/opt/ros/humble/local/lib/python3.10/dist-packages'), ('UMS_MOUNT', '0'), ('COLCON', '1'), ('UMS_FILE', '/userdata/ums_shared.img'), ('CMAKE_PREFIX_PATH', '/home/orangepi/Desktop/SparkCar_ROS2_WS/SparkCar_Perception/install/camera_model:/opt/ros/humble')]), 'shell': False}
[177.767747] (pose_graph) StdoutLine: {'line': b'-- Install configuration: "Release"\n'}
[177.768706] (-) TimerEvent: {}
[177.769249] (pose_graph) StdoutLine: {'line': b'-- Execute custom install script\n'}
[177.769921] (pose_graph) StdoutLine: {'line': b'-- Symlinking: /home/orangepi/Desktop/SparkCar_ROS2_WS/SparkCar_Perception/install/pose_graph/lib/pose_graph/pose_graph\n'}
[177.795933] (pose_graph) StdoutLine: {'line': b'-- Symlinking: /home/orangepi/Desktop/SparkCar_ROS2_WS/SparkCar_Perception/install/pose_graph/share/ament_index/resource_index/package_run_dependencies/pose_graph\n'}
[177.833286] (pose_graph) StdoutLine: {'line': b'-- Symlinking: /home/orangepi/Desktop/SparkCar_ROS2_WS/SparkCar_Perception/install/pose_graph/share/ament_index/resource_index/parent_prefix_path/pose_graph\n'}
[177.862354] (pose_graph) StdoutLine: {'line': b'-- Symlinking: /home/orangepi/Desktop/SparkCar_ROS2_WS/SparkCar_Perception/install/pose_graph/share/pose_graph/environment/ament_prefix_path.sh\n'}
[177.868927] (-) TimerEvent: {}
[177.887890] (pose_graph) StdoutLine: {'line': b'-- Symlinking: /home/orangepi/Desktop/SparkCar_ROS2_WS/SparkCar_Perception/install/pose_graph/share/pose_graph/environment/ament_prefix_path.dsv\n'}
[177.900203] (pose_graph) StdoutLine: {'line': b'-- Symlinking: /home/orangepi/Desktop/SparkCar_ROS2_WS/SparkCar_Perception/install/pose_graph/share/pose_graph/environment/path.sh\n'}
[177.912494] (pose_graph) StdoutLine: {'line': b'-- Symlinking: /home/orangepi/Desktop/SparkCar_ROS2_WS/SparkCar_Perception/install/pose_graph/share/pose_graph/environment/path.dsv\n'}
[177.924892] (pose_graph) StdoutLine: {'line': b'-- Symlinking: /home/orangepi/Desktop/SparkCar_ROS2_WS/SparkCar_Perception/install/pose_graph/share/pose_graph/local_setup.bash\n'}
[177.953118] (pose_graph) StdoutLine: {'line': b'-- Symlinking: /home/orangepi/Desktop/SparkCar_ROS2_WS/SparkCar_Perception/install/pose_graph/share/pose_graph/local_setup.sh\n'}
[177.969228] (-) TimerEvent: {}
[177.981809] (pose_graph) StdoutLine: {'line': b'-- Symlinking: /home/orangepi/Desktop/SparkCar_ROS2_WS/SparkCar_Perception/install/pose_graph/share/pose_graph/local_setup.zsh\n'}
[178.009343] (pose_graph) StdoutLine: {'line': b'-- Symlinking: /home/orangepi/Desktop/SparkCar_ROS2_WS/SparkCar_Perception/install/pose_graph/share/pose_graph/local_setup.dsv\n'}
[178.038015] (pose_graph) StdoutLine: {'line': b'-- Symlinking: /home/orangepi/Desktop/SparkCar_ROS2_WS/SparkCar_Perception/install/pose_graph/share/pose_graph/package.dsv\n'}
[178.065163] (pose_graph) StdoutLine: {'line': b'-- Symlinking: /home/orangepi/Desktop/SparkCar_ROS2_WS/SparkCar_Perception/install/pose_graph/share/ament_index/resource_index/packages/pose_graph\n'}
[178.069362] (-) TimerEvent: {}
[178.091914] (pose_graph) StdoutLine: {'line': b'-- Symlinking: /home/orangepi/Desktop/SparkCar_ROS2_WS/SparkCar_Perception/install/pose_graph/share/pose_graph/cmake/pose_graphConfig.cmake\n'}
[178.125019] (pose_graph) StdoutLine: {'line': b'-- Symlinking: /home/orangepi/Desktop/SparkCar_ROS2_WS/SparkCar_Perception/install/pose_graph/share/pose_graph/cmake/pose_graphConfig-version.cmake\n'}
[178.142078] (pose_graph) StdoutLine: {'line': b'-- Symlinking: /home/orangepi/Desktop/SparkCar_ROS2_WS/SparkCar_Perception/install/pose_graph/share/pose_graph/package.xml\n'}
[178.163436] (pose_graph) CommandEnded: {'returncode': 0}
[178.169885] (-) TimerEvent: {}
[178.183201] (pose_graph) JobEnded: {'identifier': 'pose_graph', 'rc': 0}
[178.270166] (-) TimerEvent: {}
[178.371107] (-) TimerEvent: {}
[178.472315] (-) TimerEvent: {}
[178.573380] (-) TimerEvent: {}
[178.674526] (-) TimerEvent: {}
[178.775585] (-) TimerEvent: {}
[178.876466] (-) TimerEvent: {}
[178.977592] (-) TimerEvent: {}
[179.012756] (ar_demo) StdoutLine: {'line': b'[100%] Built target ar_demo_node\n'}
[179.044245] (ar_demo) CommandEnded: {'returncode': 0}
[179.046531] (ar_demo) JobProgress: {'identifier': 'ar_demo', 'progress': 'install'}
[179.047260] (ar_demo) Command: {'cmd': ['/usr/bin/cmake', '--install', '/home/orangepi/Desktop/SparkCar_ROS2_WS/SparkCar_Perception/build/ar_demo'], 'cwd': '/home/orangepi/Desktop/SparkCar_ROS2_WS/SparkCar_Perception/build/ar_demo', 'env': OrderedDict([('LESSOPEN', '| /usr/bin/lesspipe %s'), ('UMS_MOUNTPOINT', '/mnt/ums'), ('GST_V4L2_PREFERRED_FOURCC', 'NV12:YU12:NV16:YUY2'), ('LANGUAGE', 'en_US.UTF-8'), ('USER', 'orangepi'), ('SSH_CLIENT', '192.168.110.167 61328 22'), ('XDG_SESSION_TYPE', 'tty'), ('GIT_ASKPASS', '/home/orangepi/.vscode-server/cli/servers/Stable-7e7950df89d055b5a378379db9ee14290772148a/server/extensions/git/dist/askpass.sh'), ('SHLVL', '1'), ('USB_FUNCS', 'adb'), ('LD_LIBRARY_PATH', '/home/orangepi/Desktop/SparkCar_ROS2_WS/SparkCar_Perception/install/camera_model/lib:/opt/ros/humble/opt/rviz_ogre_vendor/lib:/opt/ros/humble/lib/aarch64-linux-gnu:/opt/ros/humble/lib'), ('BROWSER', '/home/orangepi/.vscode-server/cli/servers/Stable-7e7950df89d055b5a378379db9ee14290772148a/server/bin/helpers/browser.sh'), ('MOTD_SHOWN', 'pam'), ('HOME', '/home/orangepi'), ('OLDPWD', '/home/orangepi/Desktop/SparkCar_ROS2_WS/SparkCar_Perception'), ('TERM_PROGRAM_VERSION', '1.126.0'), ('VSCODE_IPC_HOOK_CLI', '/run/user/1000/vscode-ipc-8f68b4a7-073c-40b4-bfba-8c77c4821cfd.sock'), ('GST_INSPECT_NO_COLORS', '1'), ('GST_MPP_NO_RGA', '1'), ('ROS_PYTHON_VERSION', '3'), ('COGL_DRIVER', 'gles2'), ('VSCODE_GIT_ASKPASS_MAIN', '/home/orangepi/.vscode-server/cli/servers/Stable-7e7950df89d055b5a378379db9ee14290772148a/server/extensions/git/dist/askpass-main.js'), ('VSCODE_GIT_ASKPASS_NODE', '/home/orangepi/.vscode-server/cli/servers/Stable-7e7950df89d055b5a378379db9ee14290772148a/server/node'), ('VSCODE_PYTHON_AUTOACTIVATE_GUARD', '1'), ('DBUS_SESSION_BUS_ADDRESS', 'unix:path=/run/user/1000/bus'), ('COLORTERM', 'truecolor'), ('GST_V4L2SRC_MAX_RESOLUTION', '3840x2160'), ('ROS_DISTRO', 'humble'), ('LOGNAME', 'orangepi'), ('_', '/usr/bin/colcon'), ('ROS_VERSION', '2'), ('XDG_SESSION_CLASS', 'user'), ('TERM', 'xterm-256color'), ('GST_GL_API', 'gles2'), ('XDG_SESSION_ID', '6'), ('GST_VIDEO_CONVERT_PREFERRED_FORMAT', 'NV12:NV16:I420:YUY2'), ('GST_V4L2SRC_RK_DEVICES', '_mainpath:_selfpath:_bypass:_scale'), ('ROS_LOCALHOST_ONLY', '0'), ('PATH', '/home/orangepi/Desktop/SparkCar_ROS2_WS/SparkCar_Perception/install/camera_model/bin:/home/orangepi/.local/bin:/home/orangepi/.vscode-server/data/User/globalStorage/github.copilot-chat/debugCommand:/home/orangepi/.vscode-server/data/User/globalStorage/github.copilot-chat/copilotCli:/home/orangepi/.vscode-server/cli/servers/Stable-7e7950df89d055b5a378379db9ee14290772148a/server/bin/remote-cli:/home/orangepi/.local/bin:/opt/ros/humble/bin:/home/orangepi/.local/bin:/usr/local/sbin:/usr/local/bin:/usr/sbin:/usr/bin:/sbin:/bin:/usr/games:/usr/local/games:/snap/bin'), ('XDG_RUNTIME_DIR', '/run/user/1000'), ('GST_GL_PLATFORM', 'egl'), ('GST_DEBUG_NO_COLOR', '1'), ('GST_V4L2SRC_DEFAULT_DEVICE', '/dev/video-camera0'), ('DISPLAY', ':0'), ('LANG', 'en_US.UTF-8'), ('LS_COLORS', 'rs=0:di=01;34:ln=01;36:mh=00:pi=40;33:so=01;35:do=01;35:bd=40;33;01:cd=40;33;01:or=40;31;01:mi=00:su=37;41:sg=30;43:ca=30;41:tw=30;42:ow=34;42:st=37;44:ex=01;32:*.tar=01;31:*.tgz=01;31:*.arc=01;31:*.arj=01;31:*.taz=01;31:*.lha=01;31:*.lz4=01;31:*.lzh=01;31:*.lzma=01;31:*.tlz=01;31:*.txz=01;31:*.tzo=01;31:*.t7z=01;31:*.zip=01;31:*.z=01;31:*.dz=01;31:*.gz=01;31:*.lrz=01;31:*.lz=01;31:*.lzo=01;31:*.xz=01;31:*.zst=01;31:*.tzst=01;31:*.bz2=01;31:*.bz=01;31:*.tbz=01;31:*.tbz2=01;31:*.tz=01;31:*.deb=01;31:*.rpm=01;31:*.jar=01;31:*.war=01;31:*.ear=01;31:*.sar=01;31:*.rar=01;31:*.alz=01;31:*.ace=01;31:*.zoo=01;31:*.cpio=01;31:*.7z=01;31:*.rz=01;31:*.cab=01;31:*.wim=01;31:*.swm=01;31:*.dwm=01;31:*.esd=01;31:*.jpg=01;35:*.jpeg=01;35:*.mjpg=01;35:*.mjpeg=01;35:*.gif=01;35:*.bmp=01;35:*.pbm=01;35:*.pgm=01;35:*.ppm=01;35:*.tga=01;35:*.xbm=01;35:*.xpm=01;35:*.tif=01;35:*.tiff=01;35:*.png=01;35:*.svg=01;35:*.svgz=01;35:*.mng=01;35:*.pcx=01;35:*.mov=01;35:*.mpg=01;35:*.mpeg=01;35:*.m2v=01;35:*.mkv=01;35:*.webm=01;35:*.webp=01;35:*.ogm=01;35:*.mp4=01;35:*.m4v=01;35:*.mp4v=01;35:*.vob=01;35:*.qt=01;35:*.nuv=01;35:*.wmv=01;35:*.asf=01;35:*.rm=01;35:*.rmvb=01;35:*.flc=01;35:*.avi=01;35:*.fli=01;35:*.flv=01;35:*.gl=01;35:*.dl=01;35:*.xcf=01;35:*.xwd=01;35:*.yuv=01;35:*.cgm=01;35:*.emf=01;35:*.ogv=01;35:*.ogx=01;35:*.aac=00;36:*.au=00;36:*.flac=00;36:*.m4a=00;36:*.mid=00;36:*.midi=00;36:*.mka=00;36:*.mp3=00;36:*.mpc=00;36:*.ogg=00;36:*.ra=00;36:*.wav=00;36:*.oga=00;36:*.opus=00;36:*.spx=00;36:*.xspf=00;36:'), ('VSCODE_GIT_IPC_HANDLE', '/run/user/1000/vscode-git-3d806f3df3.sock'), ('TERM_PROGRAM', 'vscode'), ('GST_V4L2_USE_LIBV4L2', '1'), ('UMS_SIZE', '256M'), ('AMENT_PREFIX_PATH', '/home/orangepi/Desktop/SparkCar_ROS2_WS/SparkCar_Perception/install/camera_model:/opt/ros/humble'), ('LC_MESSAGES', 'en_US.UTF-8'), ('SHELL', '/bin/bash'), ('UMS_RO', '0'), ('LESSCLOSE', '/usr/bin/lesspipe %s %s'), ('UMS_FSTYPE', 'vfat'), ('VSCODE_GIT_ASKPASS_EXTRA_ARGS', ''), ('PWD', '/home/orangepi/Desktop/SparkCar_ROS2_WS/SparkCar_Perception/build/ar_demo'), ('LC_ALL', 'en_US.UTF-8'), ('COPILOT_DEBUG_NONCE', 'eea91dafbd2eb1b0ec653fb18529b126'), ('SSH_CONNECTION', '192.168.110.167 61328 192.168.110.159 22'), ('XDG_DATA_DIRS', '/usr/share/gnome:/usr/local/share:/usr/share:/var/lib/snapd/desktop'), ('PYTHONPATH', '/opt/ros/humble/lib/python3.10/site-packages:/opt/ros/humble/local/lib/python3.10/dist-packages'), ('UMS_MOUNT', '0'), ('COLCON', '1'), ('UMS_FILE', '/userdata/ums_shared.img'), ('CMAKE_PREFIX_PATH', '/home/orangepi/Desktop/SparkCar_ROS2_WS/SparkCar_Perception/install/camera_model:/opt/ros/humble')]), 'shell': False}
[179.058993] (ar_demo) StdoutLine: {'line': b'-- Install configuration: "Release"\n'}
[179.059728] (ar_demo) StdoutLine: {'line': b'-- Execute custom install script\n'}
[179.060145] (ar_demo) StdoutLine: {'line': b'-- Symlinking: /home/orangepi/Desktop/SparkCar_ROS2_WS/SparkCar_Perception/install/ar_demo/lib/ar_demo/ar_demo_node\n'}
[179.077821] (-) TimerEvent: {}
[179.087859] (ar_demo) StdoutLine: {'line': b'-- Symlinking: /home/orangepi/Desktop/SparkCar_ROS2_WS/SparkCar_Perception/install/ar_demo/share/ar_demo/launch/3dm_bag.launch.py\n'}
[179.114975] (ar_demo) StdoutLine: {'line': b'-- Symlinking: /home/orangepi/Desktop/SparkCar_ROS2_WS/SparkCar_Perception/install/ar_demo/share/ament_index/resource_index/package_run_dependencies/ar_demo\n'}
[179.127838] (ar_demo) StdoutLine: {'line': b'-- Symlinking: /home/orangepi/Desktop/SparkCar_ROS2_WS/SparkCar_Perception/install/ar_demo/share/ament_index/resource_index/parent_prefix_path/ar_demo\n'}
[179.153312] (ar_demo) StdoutLine: {'line': b'-- Symlinking: /home/orangepi/Desktop/SparkCar_ROS2_WS/SparkCar_Perception/install/ar_demo/share/ar_demo/environment/ament_prefix_path.sh\n'}
[179.178153] (-) TimerEvent: {}
[179.180974] (ar_demo) StdoutLine: {'line': b'-- Symlinking: /home/orangepi/Desktop/SparkCar_ROS2_WS/SparkCar_Perception/install/ar_demo/share/ar_demo/environment/ament_prefix_path.dsv\n'}
[179.212621] (ar_demo) StdoutLine: {'line': b'-- Symlinking: /home/orangepi/Desktop/SparkCar_ROS2_WS/SparkCar_Perception/install/ar_demo/share/ar_demo/environment/path.sh\n'}
[179.238482] (ar_demo) StdoutLine: {'line': b'-- Symlinking: /home/orangepi/Desktop/SparkCar_ROS2_WS/SparkCar_Perception/install/ar_demo/share/ar_demo/environment/path.dsv\n'}
[179.264622] (ar_demo) StdoutLine: {'line': b'-- Symlinking: /home/orangepi/Desktop/SparkCar_ROS2_WS/SparkCar_Perception/install/ar_demo/share/ar_demo/local_setup.bash\n'}
[179.277441] (ar_demo) StdoutLine: {'line': b'-- Symlinking: /home/orangepi/Desktop/SparkCar_ROS2_WS/SparkCar_Perception/install/ar_demo/share/ar_demo/local_setup.sh\n'}
[179.278223] (-) TimerEvent: {}
[179.302463] (ar_demo) StdoutLine: {'line': b'-- Symlinking: /home/orangepi/Desktop/SparkCar_ROS2_WS/SparkCar_Perception/install/ar_demo/share/ar_demo/local_setup.zsh\n'}
[179.333535] (ar_demo) StdoutLine: {'line': b'-- Symlinking: /home/orangepi/Desktop/SparkCar_ROS2_WS/SparkCar_Perception/install/ar_demo/share/ar_demo/local_setup.dsv\n'}
[179.346310] (ar_demo) StdoutLine: {'line': b'-- Symlinking: /home/orangepi/Desktop/SparkCar_ROS2_WS/SparkCar_Perception/install/ar_demo/share/ar_demo/package.dsv\n'}
[179.359791] (ar_demo) StdoutLine: {'line': b'-- Symlinking: /home/orangepi/Desktop/SparkCar_ROS2_WS/SparkCar_Perception/install/ar_demo/share/ament_index/resource_index/packages/ar_demo\n'}
[179.378425] (-) TimerEvent: {}
[179.387524] (ar_demo) StdoutLine: {'line': b'-- Symlinking: /home/orangepi/Desktop/SparkCar_ROS2_WS/SparkCar_Perception/install/ar_demo/share/ar_demo/cmake/ar_demoConfig.cmake\n'}
[179.414588] (ar_demo) StdoutLine: {'line': b'-- Symlinking: /home/orangepi/Desktop/SparkCar_ROS2_WS/SparkCar_Perception/install/ar_demo/share/ar_demo/cmake/ar_demoConfig-version.cmake\n'}
[179.427211] (ar_demo) StdoutLine: {'line': b'-- Symlinking: /home/orangepi/Desktop/SparkCar_ROS2_WS/SparkCar_Perception/install/ar_demo/share/ar_demo/package.xml\n'}
[179.458483] (ar_demo) CommandEnded: {'returncode': 0}
[179.478350] (ar_demo) JobEnded: {'identifier': 'ar_demo', 'rc': 0}
[179.479890] (-) TimerEvent: {}
[179.580650] (-) TimerEvent: {}
[179.681784] (-) TimerEvent: {}
[179.783213] (-) TimerEvent: {}
[179.884597] (-) TimerEvent: {}
[179.986059] (-) TimerEvent: {}
[180.087414] (-) TimerEvent: {}
[180.188868] (-) TimerEvent: {}
[180.290382] (-) TimerEvent: {}
[180.391704] (-) TimerEvent: {}
[180.492936] (-) TimerEvent: {}
[180.594453] (-) TimerEvent: {}
[180.695988] (-) TimerEvent: {}
[180.796835] (-) TimerEvent: {}
[180.897884] (-) TimerEvent: {}
[180.998785] (-) TimerEvent: {}
[181.099716] (-) TimerEvent: {}
[181.200620] (-) TimerEvent: {}
[181.301581] (-) TimerEvent: {}
[181.402537] (-) TimerEvent: {}
[181.503498] (-) TimerEvent: {}
[181.604516] (-) TimerEvent: {}
[181.705502] (-) TimerEvent: {}
[181.806469] (-) TimerEvent: {}
[181.907418] (-) TimerEvent: {}
[182.008458] (-) TimerEvent: {}
[182.109311] (-) TimerEvent: {}
[182.210281] (-) TimerEvent: {}
[182.311319] (-) TimerEvent: {}
[182.412631] (-) TimerEvent: {}
[182.513669] (-) TimerEvent: {}
[182.614999] (-) TimerEvent: {}
[182.716304] (-) TimerEvent: {}
[182.817593] (-) TimerEvent: {}
[182.918958] (-) TimerEvent: {}
[183.020272] (-) TimerEvent: {}
[183.121575] (-) TimerEvent: {}
[183.222832] (-) TimerEvent: {}
[183.324091] (-) TimerEvent: {}
[183.425428] (-) TimerEvent: {}
[183.526764] (-) TimerEvent: {}
[183.628059] (-) TimerEvent: {}
[183.729390] (-) TimerEvent: {}
[183.830666] (-) TimerEvent: {}
[183.932005] (-) TimerEvent: {}
[184.033529] (-) TimerEvent: {}
[184.135266] (-) TimerEvent: {}
[184.236572] (-) TimerEvent: {}
[184.337864] (-) TimerEvent: {}
[184.439192] (-) TimerEvent: {}
[184.540448] (-) TimerEvent: {}
[184.641812] (-) TimerEvent: {}
[184.743104] (-) TimerEvent: {}
[184.844407] (-) TimerEvent: {}
[184.945805] (-) TimerEvent: {}
[185.047018] (-) TimerEvent: {}
[185.148297] (-) TimerEvent: {}
[185.249589] (-) TimerEvent: {}
[185.351047] (-) TimerEvent: {}
[185.452475] (-) TimerEvent: {}
[185.553294] (-) TimerEvent: {}
[185.654294] (-) TimerEvent: {}
[185.755557] (-) TimerEvent: {}
[185.856773] (-) TimerEvent: {}
[185.958112] (-) TimerEvent: {}
[186.059373] (-) TimerEvent: {}
[186.082639] (vins_estimator) StdoutLine: {'line': b'[ 62%] \x1b[32mBuilding CXX object CMakeFiles/vins_estimator.dir/src/initial/initial_ex_rotation.cpp.o\x1b[0m\n'}
[186.159712] (-) TimerEvent: {}
[186.260931] (-) TimerEvent: {}
[186.362212] (-) TimerEvent: {}
[186.463464] (-) TimerEvent: {}
[186.564977] (-) TimerEvent: {}
[186.666756] (-) TimerEvent: {}
[186.768162] (-) TimerEvent: {}
[186.869496] (-) TimerEvent: {}
[186.970885] (-) TimerEvent: {}
[187.072109] (-) TimerEvent: {}
[187.173439] (-) TimerEvent: {}
[187.274808] (-) TimerEvent: {}
[187.376032] (-) TimerEvent: {}
[187.477358] (-) TimerEvent: {}
[187.578717] (-) TimerEvent: {}
[187.680064] (-) TimerEvent: {}
[187.781315] (-) TimerEvent: {}
[187.882588] (-) TimerEvent: {}
[187.983824] (-) TimerEvent: {}
[188.085071] (-) TimerEvent: {}
[188.186369] (-) TimerEvent: {}
[188.287621] (-) TimerEvent: {}
[188.388847] (-) TimerEvent: {}
[188.490066] (-) TimerEvent: {}
[188.591334] (-) TimerEvent: {}
[188.692599] (-) TimerEvent: {}
[188.793828] (-) TimerEvent: {}
[188.895097] (-) TimerEvent: {}
[188.996274] (-) TimerEvent: {}
[189.097555] (-) TimerEvent: {}
[189.198939] (-) TimerEvent: {}
[189.300256] (-) TimerEvent: {}
[189.401603] (-) TimerEvent: {}
[189.502969] (-) TimerEvent: {}
[189.604196] (-) TimerEvent: {}
[189.705488] (-) TimerEvent: {}
[189.806728] (-) TimerEvent: {}
[189.907939] (-) TimerEvent: {}
[190.009179] (-) TimerEvent: {}
[190.110391] (-) TimerEvent: {}
[190.211641] (-) TimerEvent: {}
[190.312820] (-) TimerEvent: {}
[190.414074] (-) TimerEvent: {}
[190.515324] (-) TimerEvent: {}
[190.616573] (-) TimerEvent: {}
[190.717804] (-) TimerEvent: {}
[190.819098] (-) TimerEvent: {}
[190.920344] (-) TimerEvent: {}
[191.021632] (-) TimerEvent: {}
[191.122885] (-) TimerEvent: {}
[191.224078] (-) TimerEvent: {}
[191.325253] (-) TimerEvent: {}
[191.426447] (-) TimerEvent: {}
[191.527648] (-) TimerEvent: {}
[191.628887] (-) TimerEvent: {}
[191.730122] (-) TimerEvent: {}
[191.831380] (-) TimerEvent: {}
[191.932682] (-) TimerEvent: {}
[192.033983] (-) TimerEvent: {}
[192.135478] (-) TimerEvent: {}
[192.236669] (-) TimerEvent: {}
[192.337904] (-) TimerEvent: {}
[192.439190] (-) TimerEvent: {}
[192.540433] (-) TimerEvent: {}
[192.641704] (-) TimerEvent: {}
[192.727895] (vins_estimator) StderrLine: {'line': b'In file included from \x1b[01m\x1b[K/home/orangepi/Desktop/SparkCar_ROS2_WS/SparkCar_Perception/src/VINS-MONO-ROS2/vins_estimator/src/initial/../parameters.h:7\x1b[m\x1b[K,\n'}
[192.728771] (vins_estimator) StderrLine: {'line': b'                 from \x1b[01m\x1b[K/home/orangepi/Desktop/SparkCar_ROS2_WS/SparkCar_Perception/src/VINS-MONO-ROS2/vins_estimator/src/initial/initial_ex_rotation.h:4\x1b[m\x1b[K,\n'}
[192.729119] (vins_estimator) StderrLine: {'line': b'                 from \x1b[01m\x1b[K/home/orangepi/Desktop/SparkCar_ROS2_WS/SparkCar_Perception/src/VINS-MONO-ROS2/vins_estimator/src/initial/initial_ex_rotation.cpp:1\x1b[m\x1b[K:\n'}
[192.729488] (vins_estimator) StderrLine: {'line': b'\x1b[01m\x1b[K/home/orangepi/Desktop/SparkCar_ROS2_WS/SparkCar_Perception/src/VINS-MONO-ROS2/vins_estimator/src/initial/../utility/utility.h:143:6:\x1b[m\x1b[K \x1b[01;35m\x1b[Kwarning: \x1b[m\x1b[Kextra \xe2\x80\x98\x1b[01m\x1b[K;\x1b[m\x1b[K\xe2\x80\x99 [\x1b[01;35m\x1b[K\x1b]8;;https://gcc.gnu.org/onlinedocs/gcc/Warning-Options.html#index-Wpedantic\x07-Wpedantic\x1b]8;;\x07\x1b[m\x1b[K]\n'}
[192.729815] (vins_estimator) StderrLine: {'line': b'  143 |     }\x1b[01;35m\x1b[K;\x1b[m\x1b[K\n'}
[192.730121] (vins_estimator) StderrLine: {'line': b'      |      \x1b[01;35m\x1b[K^\x1b[m\x1b[K\n'}
[192.730425] (vins_estimator) StderrLine: {'line': b'      |      \x1b[31m\x1b[K-\x1b[m\x1b[K\n'}
[192.741845] (-) TimerEvent: {}
[192.842766] (-) TimerEvent: {}
[192.943980] (-) TimerEvent: {}
[193.045237] (-) TimerEvent: {}
[193.146556] (-) TimerEvent: {}
[193.247918] (-) TimerEvent: {}
[193.349123] (-) TimerEvent: {}
[193.450343] (-) TimerEvent: {}
[193.551636] (-) TimerEvent: {}
[193.652937] (-) TimerEvent: {}
[193.754226] (-) TimerEvent: {}
[193.855534] (-) TimerEvent: {}
[193.956927] (-) TimerEvent: {}
[194.058361] (-) TimerEvent: {}
[194.159520] (-) TimerEvent: {}
[194.260408] (-) TimerEvent: {}
[194.361660] (-) TimerEvent: {}
[194.462871] (-) TimerEvent: {}
[194.564250] (-) TimerEvent: {}
[194.665567] (-) TimerEvent: {}
[194.766826] (-) TimerEvent: {}
[194.868133] (-) TimerEvent: {}
[194.969324] (-) TimerEvent: {}
[195.070550] (-) TimerEvent: {}
[195.171776] (-) TimerEvent: {}
[195.272941] (-) TimerEvent: {}
[195.374172] (-) TimerEvent: {}
[195.475370] (-) TimerEvent: {}
[195.576553] (-) TimerEvent: {}
[195.677778] (-) TimerEvent: {}
[195.778999] (-) TimerEvent: {}
[195.880216] (-) TimerEvent: {}
[195.981542] (-) TimerEvent: {}
[196.082989] (-) TimerEvent: {}
[196.184225] (-) TimerEvent: {}
[196.285420] (-) TimerEvent: {}
[196.386582] (-) TimerEvent: {}
[196.487762] (-) TimerEvent: {}
[196.588953] (-) TimerEvent: {}
[196.690162] (-) TimerEvent: {}
[196.791388] (-) TimerEvent: {}
[196.892608] (-) TimerEvent: {}
[196.993827] (-) TimerEvent: {}
[197.095067] (-) TimerEvent: {}
[197.196325] (-) TimerEvent: {}
[197.297543] (-) TimerEvent: {}
[197.398787] (-) TimerEvent: {}
[197.500106] (-) TimerEvent: {}
[197.601418] (-) TimerEvent: {}
[197.702689] (-) TimerEvent: {}
[197.804062] (-) TimerEvent: {}
[197.905400] (-) TimerEvent: {}
[198.006713] (-) TimerEvent: {}
[198.107986] (-) TimerEvent: {}
[198.209184] (-) TimerEvent: {}
[198.310393] (-) TimerEvent: {}
[198.411649] (-) TimerEvent: {}
[198.512819] (-) TimerEvent: {}
[198.614042] (-) TimerEvent: {}
[198.715293] (-) TimerEvent: {}
[198.816536] (-) TimerEvent: {}
[198.917747] (-) TimerEvent: {}
[199.019020] (-) TimerEvent: {}
[199.120254] (-) TimerEvent: {}
[199.221502] (-) TimerEvent: {}
[199.322663] (-) TimerEvent: {}
[199.423885] (-) TimerEvent: {}
[199.525085] (-) TimerEvent: {}
[199.626302] (-) TimerEvent: {}
[199.727526] (-) TimerEvent: {}
[199.828686] (-) TimerEvent: {}
[199.929837] (-) TimerEvent: {}
[200.030989] (-) TimerEvent: {}
[200.132179] (-) TimerEvent: {}
[200.233386] (-) TimerEvent: {}
[200.334590] (-) TimerEvent: {}
[200.435872] (-) TimerEvent: {}
[200.537054] (-) TimerEvent: {}
[200.637754] (-) TimerEvent: {}
[200.738385] (-) TimerEvent: {}
[200.838974] (-) TimerEvent: {}
[200.939529] (-) TimerEvent: {}
[201.040081] (-) TimerEvent: {}
[201.140670] (-) TimerEvent: {}
[201.241268] (-) TimerEvent: {}
[201.341852] (-) TimerEvent: {}
[201.442274] (-) TimerEvent: {}
[201.542678] (-) TimerEvent: {}
[201.643112] (-) TimerEvent: {}
[201.743592] (-) TimerEvent: {}
[201.844125] (-) TimerEvent: {}
[201.944505] (-) TimerEvent: {}
[202.044989] (-) TimerEvent: {}
[202.145577] (-) TimerEvent: {}
[202.246213] (-) TimerEvent: {}
[202.346865] (-) TimerEvent: {}
[202.447441] (-) TimerEvent: {}
[202.548031] (-) TimerEvent: {}
[202.648610] (-) TimerEvent: {}
[202.749212] (-) TimerEvent: {}
[202.849802] (-) TimerEvent: {}
[202.950391] (-) TimerEvent: {}
[203.050950] (-) TimerEvent: {}
[203.151478] (-) TimerEvent: {}
[203.251910] (-) TimerEvent: {}
[203.352393] (-) TimerEvent: {}
[203.452959] (-) TimerEvent: {}
[203.553580] (-) TimerEvent: {}
[203.654178] (-) TimerEvent: {}
[203.754735] (-) TimerEvent: {}
[203.855310] (-) TimerEvent: {}
[203.955975] (-) TimerEvent: {}
[204.056765] (-) TimerEvent: {}
[204.157391] (-) TimerEvent: {}
[204.257950] (-) TimerEvent: {}
[204.358451] (-) TimerEvent: {}
[204.458879] (-) TimerEvent: {}
[204.559337] (-) TimerEvent: {}
[204.659873] (-) TimerEvent: {}
[204.760321] (-) TimerEvent: {}
[204.860723] (-) TimerEvent: {}
[204.961108] (-) TimerEvent: {}
[205.061538] (-) TimerEvent: {}
[205.162041] (-) TimerEvent: {}
[205.262652] (-) TimerEvent: {}
[205.363224] (-) TimerEvent: {}
[205.463804] (-) TimerEvent: {}
[205.564370] (-) TimerEvent: {}
[205.664984] (-) TimerEvent: {}
[205.765644] (-) TimerEvent: {}
[205.866224] (-) TimerEvent: {}
[205.966783] (-) TimerEvent: {}
[206.067357] (-) TimerEvent: {}
[206.167925] (-) TimerEvent: {}
[206.268521] (-) TimerEvent: {}
[206.369096] (-) TimerEvent: {}
[206.469648] (-) TimerEvent: {}
[206.570212] (-) TimerEvent: {}
[206.670766] (-) TimerEvent: {}
[206.771338] (-) TimerEvent: {}
[206.871956] (-) TimerEvent: {}
[206.972542] (-) TimerEvent: {}
[207.073121] (-) TimerEvent: {}
[207.173693] (-) TimerEvent: {}
[207.274247] (-) TimerEvent: {}
[207.374923] (-) TimerEvent: {}
[207.475523] (-) TimerEvent: {}
[207.576081] (-) TimerEvent: {}
[207.676641] (-) TimerEvent: {}
[207.777202] (-) TimerEvent: {}
[207.877759] (-) TimerEvent: {}
[207.978387] (-) TimerEvent: {}
[208.078976] (-) TimerEvent: {}
[208.179549] (-) TimerEvent: {}
[208.279985] (-) TimerEvent: {}
[208.380395] (-) TimerEvent: {}
[208.480871] (-) TimerEvent: {}
[208.581458] (-) TimerEvent: {}
[208.682032] (-) TimerEvent: {}
[208.782614] (-) TimerEvent: {}
[208.883195] (-) TimerEvent: {}
[208.983777] (-) TimerEvent: {}
[209.084404] (-) TimerEvent: {}
[209.185102] (-) TimerEvent: {}
[209.285691] (-) TimerEvent: {}
[209.386286] (-) TimerEvent: {}
[209.486855] (-) TimerEvent: {}
[209.587442] (-) TimerEvent: {}
[209.688039] (-) TimerEvent: {}
[209.788746] (-) TimerEvent: {}
[209.889314] (-) TimerEvent: {}
[209.989874] (-) TimerEvent: {}
[210.090439] (-) TimerEvent: {}
[210.191033] (-) TimerEvent: {}
[210.291645] (-) TimerEvent: {}
[210.392247] (-) TimerEvent: {}
[210.492804] (-) TimerEvent: {}
[210.593369] (-) TimerEvent: {}
[210.693961] (-) TimerEvent: {}
[210.794852] (-) TimerEvent: {}
[210.856781] (vins_estimator) StdoutLine: {'line': b'[ 68%] \x1b[32mBuilding CXX object CMakeFiles/vins_estimator.dir/src/initial/solve_5pts.cpp.o\x1b[0m\n'}
[210.866643] (vins_estimator) StdoutLine: {'line': b'[ 75%] \x1b[32mBuilding CXX object CMakeFiles/vins_estimator.dir/src/utility/visualization.cpp.o\x1b[0m\n'}
[210.867115] (vins_estimator) StdoutLine: {'line': b'[ 93%] \x1b[32mBuilding CXX object CMakeFiles/vins_estimator.dir/src/initial/initial_sfm.cpp.o\x1b[0m\n'}
[210.867208] (vins_estimator) StdoutLine: {'line': b'[ 93%] \x1b[32mBuilding CXX object CMakeFiles/vins_estimator.dir/src/initial/initial_aligment.cpp.o\x1b[0m\n'}
[210.867278] (vins_estimator) StdoutLine: {'line': b'[ 93%] \x1b[32mBuilding CXX object CMakeFiles/vins_estimator.dir/src/utility/CameraPoseVisualization.cpp.o\x1b[0m\n'}
[210.895084] (-) TimerEvent: {}
[210.996398] (-) TimerEvent: {}
[211.098742] (-) TimerEvent: {}
[211.199683] (-) TimerEvent: {}
[211.300576] (-) TimerEvent: {}
[211.401564] (-) TimerEvent: {}
[211.502303] (-) TimerEvent: {}
[211.603075] (-) TimerEvent: {}
[211.703925] (-) TimerEvent: {}
[211.804807] (-) TimerEvent: {}
[211.905770] (-) TimerEvent: {}
[212.006875] (-) TimerEvent: {}
[212.107852] (-) TimerEvent: {}
[212.208838] (-) TimerEvent: {}
[212.309938] (-) TimerEvent: {}
[212.411085] (-) TimerEvent: {}
[212.513427] (-) TimerEvent: {}
[212.614534] (-) TimerEvent: {}
[212.716712] (-) TimerEvent: {}
[212.817842] (-) TimerEvent: {}
[212.918908] (-) TimerEvent: {}
[213.020128] (-) TimerEvent: {}
[213.121607] (-) TimerEvent: {}
[213.222568] (-) TimerEvent: {}
[213.324371] (-) TimerEvent: {}
[213.425741] (vins_estimator) StderrLine: {'line': b'In file included from \x1b[01m\x1b[K/home/orangepi/Desktop/SparkCar_ROS2_WS/SparkCar_Perception/src/VINS-MONO-ROS2/vins_estimator/src/initial/../factor/imu_factor.h:5\x1b[m\x1b[K,\n'}
[213.426604] (-) TimerEvent: {}
[213.427267] (vins_estimator) StderrLine: {'line': b'                 from \x1b[01m\x1b[K/home/orangepi/Desktop/SparkCar_ROS2_WS/SparkCar_Perception/src/VINS-MONO-ROS2/vins_estimator/src/initial/initial_alignment.h:4\x1b[m\x1b[K,\n'}
[213.427952] (vins_estimator) StderrLine: {'line': b'                 from \x1b[01m\x1b[K/home/orangepi/Desktop/SparkCar_ROS2_WS/SparkCar_Perception/src/VINS-MONO-ROS2/vins_estimator/src/initial/initial_aligment.cpp:1\x1b[m\x1b[K:\n'}
[213.428602] (vins_estimator) StderrLine: {'line': b'\x1b[01m\x1b[K/home/orangepi/Desktop/SparkCar_ROS2_WS/SparkCar_Perception/src/VINS-MONO-ROS2/vins_estimator/src/initial/../factor/../utility/utility.h:143:6:\x1b[m\x1b[K \x1b[01;35m\x1b[Kwarning: \x1b[m\x1b[Kextra \xe2\x80\x98\x1b[01m\x1b[K;\x1b[m\x1b[K\xe2\x80\x99 [\x1b[01;35m\x1b[K\x1b]8;;https://gcc.gnu.org/onlinedocs/gcc/Warning-Options.html#index-Wpedantic\x07-Wpedantic\x1b]8;;\x07\x1b[m\x1b[K]\n'}
[213.429145] (vins_estimator) StderrLine: {'line': b'  143 |     }\x1b[01;35m\x1b[K;\x1b[m\x1b[K\n'}
[213.429643] (vins_estimator) StderrLine: {'line': b'      |      \x1b[01;35m\x1b[K^\x1b[m\x1b[K\n'}
[213.430122] (vins_estimator) StderrLine: {'line': b'      |      \x1b[31m\x1b[K-\x1b[m\x1b[K\n'}
[213.526913] (-) TimerEvent: {}
[213.628050] (-) TimerEvent: {}
[213.729127] (-) TimerEvent: {}
[213.830313] (-) TimerEvent: {}
[213.931656] (-) TimerEvent: {}
[214.032776] (-) TimerEvent: {}
[214.133962] (-) TimerEvent: {}
[214.235092] (-) TimerEvent: {}
[214.336235] (-) TimerEvent: {}
[214.437316] (-) TimerEvent: {}
[214.539148] (-) TimerEvent: {}
[214.640397] (-) TimerEvent: {}
[214.741558] (-) TimerEvent: {}
[214.842557] (-) TimerEvent: {}
[214.943714] (-) TimerEvent: {}
[215.044827] (-) TimerEvent: {}
[215.145930] (-) TimerEvent: {}
[215.247101] (-) TimerEvent: {}
[215.348302] (-) TimerEvent: {}
[215.449383] (-) TimerEvent: {}
[215.550556] (-) TimerEvent: {}
[215.651629] (-) TimerEvent: {}
[215.752610] (-) TimerEvent: {}
[215.783782] (vins_estimator) StderrLine: {'line': b'\x1b[01m\x1b[K/home/orangepi/Desktop/SparkCar_ROS2_WS/SparkCar_Perception/src/VINS-MONO-ROS2/vins_estimator/src/initial/initial_sfm.cpp:\x1b[m\x1b[K In member function \xe2\x80\x98\x1b[01m\x1b[Kbool GlobalSFM::construct(int, Eigen::Quaterniond*, Eigen::Vector3d*, int, Eigen::Matrix3d, Eigen::Vector3d, std::vector<SFMFeature>&, std::map<int, Eigen::Matrix<double, 3, 1> >&)\x1b[m\x1b[K\xe2\x80\x99:\n'}
[215.784529] (vins_estimator) StderrLine: {'line': b'\x1b[01m\x1b[K/home/orangepi/Desktop/SparkCar_ROS2_WS/SparkCar_Perception/src/VINS-MONO-ROS2/vins_estimator/src/initial/initial_sfm.cpp:136:18:\x1b[m\x1b[K \x1b[01;35m\x1b[Kwarning: \x1b[m\x1b[KISO C++ forbids variable length array \xe2\x80\x98\x1b[01m\x1b[Kc_Rotation\x1b[m\x1b[K\xe2\x80\x99 [\x1b[01;35m\x1b[K\x1b]8;;https://gcc.gnu.org/onlinedocs/gcc/Warning-Options.html#index-Wvla\x07-Wvla\x1b]8;;\x07\x1b[m\x1b[K]\n'}
[215.784998] (vins_estimator) StderrLine: {'line': b'  136 |         Matrix3d \x1b[01;35m\x1b[Kc_Rotation\x1b[m\x1b[K[frame_num];\n'}
[215.785351] (vins_estimator) StderrLine: {'line': b'      |                  \x1b[01;35m\x1b[K^~~~~~~~~~\x1b[m\x1b[K\n'}
[215.785674] (vins_estimator) StderrLine: {'line': b'\x1b[01m\x1b[K/home/orangepi/Desktop/SparkCar_ROS2_WS/SparkCar_Perception/src/VINS-MONO-ROS2/vins_estimator/src/initial/initial_sfm.cpp:137:18:\x1b[m\x1b[K \x1b[01;35m\x1b[Kwarning: \x1b[m\x1b[KISO C++ forbids variable length array \xe2\x80\x98\x1b[01m\x1b[Kc_Translation\x1b[m\x1b[K\xe2\x80\x99 [\x1b[01;35m\x1b[K\x1b]8;;https://gcc.gnu.org/onlinedocs/gcc/Warning-Options.html#index-Wvla\x07-Wvla\x1b]8;;\x07\x1b[m\x1b[K]\n'}
[215.786093] (vins_estimator) StderrLine: {'line': b'  137 |         Vector3d \x1b[01;35m\x1b[Kc_Translation\x1b[m\x1b[K[frame_num];\n'}
[215.786430] (vins_estimator) StderrLine: {'line': b'      |                  \x1b[01;35m\x1b[K^~~~~~~~~~~~~\x1b[m\x1b[K\n'}
[215.786742] (vins_estimator) StderrLine: {'line': b'\x1b[01m\x1b[K/home/orangepi/Desktop/SparkCar_ROS2_WS/SparkCar_Perception/src/VINS-MONO-ROS2/vins_estimator/src/initial/initial_sfm.cpp:138:21:\x1b[m\x1b[K \x1b[01;35m\x1b[Kwarning: \x1b[m\x1b[KISO C++ forbids variable length array \xe2\x80\x98\x1b[01m\x1b[Kc_Quat\x1b[m\x1b[K\xe2\x80\x99 [\x1b[01;35m\x1b[K\x1b]8;;https://gcc.gnu.org/onlinedocs/gcc/Warning-Options.html#index-Wvla\x07-Wvla\x1b]8;;\x07\x1b[m\x1b[K]\n'}
[215.787085] (vins_estimator) StderrLine: {'line': b'  138 |         Quaterniond \x1b[01;35m\x1b[Kc_Quat\x1b[m\x1b[K[frame_num];\n'}
[215.787397] (vins_estimator) StderrLine: {'line': b'      |                     \x1b[01;35m\x1b[K^~~~~~\x1b[m\x1b[K\n'}
[215.787708] (vins_estimator) StderrLine: {'line': b'\x1b[01m\x1b[K/home/orangepi/Desktop/SparkCar_ROS2_WS/SparkCar_Perception/src/VINS-MONO-ROS2/vins_estimator/src/initial/initial_sfm.cpp:139:16:\x1b[m\x1b[K \x1b[01;35m\x1b[Kwarning: \x1b[m\x1b[KISO C++ forbids variable length array \xe2\x80\x98\x1b[01m\x1b[Kc_rotation\x1b[m\x1b[K\xe2\x80\x99 [\x1b[01;35m\x1b[K\x1b]8;;https://gcc.gnu.org/onlinedocs/gcc/Warning-Options.html#index-Wvla\x07-Wvla\x1b]8;;\x07\x1b[m\x1b[K]\n'}
[215.788028] (vins_estimator) StderrLine: {'line': b'  139 |         double \x1b[01;35m\x1b[Kc_rotation\x1b[m\x1b[K[frame_num][4];\n'}
[215.788399] (vins_estimator) StderrLine: {'line': b'      |                \x1b[01;35m\x1b[K^~~~~~~~~~\x1b[m\x1b[K\n'}
[215.788714] (vins_estimator) StderrLine: {'line': b'\x1b[01m\x1b[K/home/orangepi/Desktop/SparkCar_ROS2_WS/SparkCar_Perception/src/VINS-MONO-ROS2/vins_estimator/src/initial/initial_sfm.cpp:140:16:\x1b[m\x1b[K \x1b[01;35m\x1b[Kwarning: \x1b[m\x1b[KISO C++ forbids variable length array \xe2\x80\x98\x1b[01m\x1b[Kc_translation\x1b[m\x1b[K\xe2\x80\x99 [\x1b[01;35m\x1b[K\x1b]8;;https://gcc.gnu.org/onlinedocs/gcc/Warning-Options.html#index-Wvla\x07-Wvla\x1b]8;;\x07\x1b[m\x1b[K]\n'}
[215.789040] (vins_estimator) StderrLine: {'line': b'  140 |         double \x1b[01;35m\x1b[Kc_translation\x1b[m\x1b[K[frame_num][3];\n'}
[215.789349] (vins_estimator) StderrLine: {'line': b'      |                \x1b[01;35m\x1b[K^~~~~~~~~~~~~\x1b[m\x1b[K\n'}
[215.789660] (vins_estimator) StderrLine: {'line': b'\x1b[01m\x1b[K/home/orangepi/Desktop/SparkCar_ROS2_WS/SparkCar_Perception/src/VINS-MONO-ROS2/vins_estimator/src/initial/initial_sfm.cpp:141:37:\x1b[m\x1b[K \x1b[01;35m\x1b[Kwarning: \x1b[m\x1b[KISO C++ forbids variable length array \xe2\x80\x98\x1b[01m\x1b[KPose\x1b[m\x1b[K\xe2\x80\x99 [\x1b[01;35m\x1b[K\x1b]8;;https://gcc.gnu.org/onlinedocs/gcc/Warning-Options.html#index-Wvla\x07-Wvla\x1b]8;;\x07\x1b[m\x1b[K]\n'}
[215.789981] (vins_estimator) StderrLine: {'line': b'  141 |         Eigen::Matrix<double, 3, 4> \x1b[01;35m\x1b[KPose\x1b[m\x1b[K[frame_num];\n'}
[215.790292] (vins_estimator) StderrLine: {'line': b'      |                                     \x1b[01;35m\x1b[K^~~~\x1b[m\x1b[K\n'}
[215.852837] (-) TimerEvent: {}
[215.953980] (-) TimerEvent: {}
[216.055109] (-) TimerEvent: {}
[216.156240] (-) TimerEvent: {}
[216.257296] (-) TimerEvent: {}
[216.358296] (-) TimerEvent: {}
[216.459415] (-) TimerEvent: {}
[216.560447] (-) TimerEvent: {}
[216.661351] (-) TimerEvent: {}
[216.762259] (-) TimerEvent: {}
[216.863177] (-) TimerEvent: {}
[216.964108] (-) TimerEvent: {}
[217.064997] (-) TimerEvent: {}
[217.165779] (-) TimerEvent: {}
[217.266585] (-) TimerEvent: {}
[217.367410] (-) TimerEvent: {}
[217.468289] (-) TimerEvent: {}
[217.569284] (-) TimerEvent: {}
[217.612009] (vins_estimator) StderrLine: {'line': b'In file included from \x1b[01m\x1b[K/home/orangepi/Desktop/SparkCar_ROS2_WS/SparkCar_Perception/src/VINS-MONO-ROS2/vins_estimator/src/utility/../parameters.h:7\x1b[m\x1b[K,\n'}
[217.612856] (vins_estimator) StderrLine: {'line': b'                 from \x1b[01m\x1b[K/home/orangepi/Desktop/SparkCar_ROS2_WS/SparkCar_Perception/src/VINS-MONO-ROS2/vins_estimator/src/utility/../estimator.h:3\x1b[m\x1b[K,\n'}
[217.613481] (vins_estimator) StderrLine: {'line': b'                 from \x1b[01m\x1b[K/home/orangepi/Desktop/SparkCar_ROS2_WS/SparkCar_Perception/src/VINS-MONO-ROS2/vins_estimator/src/utility/visualization.h:20\x1b[m\x1b[K,\n'}
[217.613990] (vins_estimator) StderrLine: {'line': b'                 from \x1b[01m\x1b[K/home/orangepi/Desktop/SparkCar_ROS2_WS/SparkCar_Perception/src/VINS-MONO-ROS2/vins_estimator/src/utility/visualization.cpp:1\x1b[m\x1b[K:\n'}
[217.614523] (vins_estimator) StderrLine: {'line': b'\x1b[01m\x1b[K/home/orangepi/Desktop/SparkCar_ROS2_WS/SparkCar_Perception/src/VINS-MONO-ROS2/vins_estimator/src/utility/../utility/utility.h:143:6:\x1b[m\x1b[K \x1b[01;35m\x1b[Kwarning: \x1b[m\x1b[Kextra \xe2\x80\x98\x1b[01m\x1b[K;\x1b[m\x1b[K\xe2\x80\x99 [\x1b[01;35m\x1b[K\x1b]8;;https://gcc.gnu.org/onlinedocs/gcc/Warning-Options.html#index-Wpedantic\x07-Wpedantic\x1b]8;;\x07\x1b[m\x1b[K]\n'}
[217.615023] (vins_estimator) StderrLine: {'line': b'  143 |     }\x1b[01;35m\x1b[K;\x1b[m\x1b[K\n'}
[217.615557] (vins_estimator) StderrLine: {'line': b'      |      \x1b[01;35m\x1b[K^\x1b[m\x1b[K\n'}
[217.615909] (vins_estimator) StderrLine: {'line': b'      |      \x1b[31m\x1b[K-\x1b[m\x1b[K\n'}
[217.669504] (-) TimerEvent: {}
[217.770750] (-) TimerEvent: {}
[217.871794] (-) TimerEvent: {}
[217.972897] (-) TimerEvent: {}
[218.073977] (-) TimerEvent: {}
[218.175074] (-) TimerEvent: {}
[218.276138] (-) TimerEvent: {}
[218.377336] (-) TimerEvent: {}
[218.478539] (-) TimerEvent: {}
[218.579587] (-) TimerEvent: {}
[218.680756] (-) TimerEvent: {}
[218.781829] (-) TimerEvent: {}
[218.882836] (-) TimerEvent: {}
[218.983992] (-) TimerEvent: {}
[219.085181] (-) TimerEvent: {}
[219.186244] (-) TimerEvent: {}
[219.287450] (-) TimerEvent: {}
[219.388655] (-) TimerEvent: {}
[219.489812] (-) TimerEvent: {}
[219.590926] (-) TimerEvent: {}
[219.692139] (-) TimerEvent: {}
[219.793396] (-) TimerEvent: {}
[219.894592] (-) TimerEvent: {}
[219.995659] (-) TimerEvent: {}
[220.096784] (-) TimerEvent: {}
[220.197854] (-) TimerEvent: {}
[220.298910] (-) TimerEvent: {}
[220.400059] (-) TimerEvent: {}
[220.501296] (-) TimerEvent: {}
[220.602531] (-) TimerEvent: {}
[220.703603] (-) TimerEvent: {}
[220.804862] (-) TimerEvent: {}
[220.906026] (-) TimerEvent: {}
[221.007067] (-) TimerEvent: {}
[221.108181] (-) TimerEvent: {}
[221.209196] (-) TimerEvent: {}
[221.310456] (-) TimerEvent: {}
[221.411681] (-) TimerEvent: {}
[221.512717] (-) TimerEvent: {}
[221.613824] (-) TimerEvent: {}
[221.714910] (-) TimerEvent: {}
[221.815868] (-) TimerEvent: {}
[221.916970] (-) TimerEvent: {}
[222.018016] (-) TimerEvent: {}
[222.118949] (-) TimerEvent: {}
[222.219844] (-) TimerEvent: {}
[222.320838] (-) TimerEvent: {}
[222.421802] (-) TimerEvent: {}
[222.522819] (-) TimerEvent: {}
[222.623950] (-) TimerEvent: {}
[222.725118] (-) TimerEvent: {}
[222.826373] (-) TimerEvent: {}
[222.927440] (-) TimerEvent: {}
[223.028428] (-) TimerEvent: {}
[223.129447] (-) TimerEvent: {}
[223.230585] (-) TimerEvent: {}
[223.331704] (-) TimerEvent: {}
[223.432592] (-) TimerEvent: {}
[223.533689] (-) TimerEvent: {}
[223.634817] (-) TimerEvent: {}
[223.735849] (-) TimerEvent: {}
[223.836819] (-) TimerEvent: {}
[223.937766] (-) TimerEvent: {}
[224.038784] (-) TimerEvent: {}
[224.139721] (-) TimerEvent: {}
[224.240730] (-) TimerEvent: {}
[224.341742] (-) TimerEvent: {}
[224.442730] (-) TimerEvent: {}
[224.543713] (-) TimerEvent: {}
[224.644760] (-) TimerEvent: {}
[224.745802] (-) TimerEvent: {}
[224.846864] (-) TimerEvent: {}
[224.947921] (-) TimerEvent: {}
[225.049048] (-) TimerEvent: {}
[225.150094] (-) TimerEvent: {}
[225.251091] (-) TimerEvent: {}
[225.352157] (-) TimerEvent: {}
[225.453206] (-) TimerEvent: {}
[225.554274] (-) TimerEvent: {}
[225.655238] (-) TimerEvent: {}
[225.756122] (-) TimerEvent: {}
[225.857193] (-) TimerEvent: {}
[225.958291] (-) TimerEvent: {}
[226.059754] (-) TimerEvent: {}
[226.161208] (-) TimerEvent: {}
[226.262656] (-) TimerEvent: {}
[226.364293] (-) TimerEvent: {}
[226.465720] (-) TimerEvent: {}
[226.567248] (-) TimerEvent: {}
[226.668612] (-) TimerEvent: {}
[226.770118] (-) TimerEvent: {}
[226.871665] (-) TimerEvent: {}
[226.973415] (-) TimerEvent: {}
[227.074867] (-) TimerEvent: {}
[227.176263] (-) TimerEvent: {}
[227.277757] (-) TimerEvent: {}
[227.379149] (-) TimerEvent: {}
[227.480364] (-) TimerEvent: {}
[227.581229] (-) TimerEvent: {}
[227.682289] (-) TimerEvent: {}
[227.783295] (-) TimerEvent: {}
[227.884317] (-) TimerEvent: {}
[227.985332] (-) TimerEvent: {}
[228.086353] (-) TimerEvent: {}
[228.187351] (-) TimerEvent: {}
[228.288373] (-) TimerEvent: {}
[228.389280] (-) TimerEvent: {}
[228.490284] (-) TimerEvent: {}
[228.591223] (-) TimerEvent: {}
[228.692097] (-) TimerEvent: {}
[228.792941] (-) TimerEvent: {}
[228.893846] (-) TimerEvent: {}
[228.994700] (-) TimerEvent: {}
[229.095578] (-) TimerEvent: {}
[229.196424] (-) TimerEvent: {}
[229.297349] (-) TimerEvent: {}
[229.398283] (-) TimerEvent: {}
[229.499143] (-) TimerEvent: {}
[229.599996] (-) TimerEvent: {}
[229.700908] (-) TimerEvent: {}
[229.801859] (-) TimerEvent: {}
[229.902781] (-) TimerEvent: {}
[230.003855] (-) TimerEvent: {}
[230.104845] (-) TimerEvent: {}
[230.205790] (-) TimerEvent: {}
[230.306731] (-) TimerEvent: {}
[230.407733] (-) TimerEvent: {}
[230.508644] (-) TimerEvent: {}
[230.609534] (-) TimerEvent: {}
[230.710496] (-) TimerEvent: {}
[230.811490] (-) TimerEvent: {}
[230.912375] (-) TimerEvent: {}
[231.013289] (-) TimerEvent: {}
[231.114170] (-) TimerEvent: {}
[231.215073] (-) TimerEvent: {}
[231.315965] (-) TimerEvent: {}
[231.416925] (-) TimerEvent: {}
[231.517985] (-) TimerEvent: {}
[231.618937] (-) TimerEvent: {}
[231.719886] (-) TimerEvent: {}
[231.820838] (-) TimerEvent: {}
[231.921825] (-) TimerEvent: {}
[232.022714] (-) TimerEvent: {}
[232.123681] (-) TimerEvent: {}
[232.224634] (-) TimerEvent: {}
[232.325591] (-) TimerEvent: {}
[232.426543] (-) TimerEvent: {}
[232.527415] (-) TimerEvent: {}
[232.628354] (-) TimerEvent: {}
[232.729299] (-) TimerEvent: {}
[232.830336] (-) TimerEvent: {}
[232.931301] (-) TimerEvent: {}
[233.032290] (-) TimerEvent: {}
[233.133327] (-) TimerEvent: {}
[233.234412] (-) TimerEvent: {}
[233.335531] (-) TimerEvent: {}
[233.436535] (-) TimerEvent: {}
[233.537560] (-) TimerEvent: {}
[233.638542] (-) TimerEvent: {}
[233.739498] (-) TimerEvent: {}
[233.840498] (-) TimerEvent: {}
[233.941483] (-) TimerEvent: {}
[234.042518] (-) TimerEvent: {}
[234.143588] (-) TimerEvent: {}
[234.244680] (-) TimerEvent: {}
[234.345709] (-) TimerEvent: {}
[234.446780] (-) TimerEvent: {}
[234.547766] (-) TimerEvent: {}
[234.648743] (-) TimerEvent: {}
[234.749687] (-) TimerEvent: {}
[234.850609] (-) TimerEvent: {}
[234.951669] (-) TimerEvent: {}
[235.052611] (-) TimerEvent: {}
[235.153673] (-) TimerEvent: {}
[235.254782] (-) TimerEvent: {}
[235.355782] (-) TimerEvent: {}
[235.456701] (-) TimerEvent: {}
[235.557644] (-) TimerEvent: {}
[235.658668] (-) TimerEvent: {}
[235.759807] (-) TimerEvent: {}
[235.860835] (-) TimerEvent: {}
[235.961889] (-) TimerEvent: {}
[236.062824] (-) TimerEvent: {}
[236.163789] (-) TimerEvent: {}
[236.264788] (-) TimerEvent: {}
[236.365730] (-) TimerEvent: {}
[236.466710] (-) TimerEvent: {}
[236.567611] (-) TimerEvent: {}
[236.668596] (-) TimerEvent: {}
[236.769547] (-) TimerEvent: {}
[236.870439] (-) TimerEvent: {}
[236.971468] (-) TimerEvent: {}
[237.072345] (-) TimerEvent: {}
[237.173227] (-) TimerEvent: {}
[237.274181] (-) TimerEvent: {}
[237.375078] (-) TimerEvent: {}
[237.475945] (-) TimerEvent: {}
[237.576878] (-) TimerEvent: {}
[237.677802] (-) TimerEvent: {}
[237.778814] (-) TimerEvent: {}
[237.879851] (-) TimerEvent: {}
[237.980902] (-) TimerEvent: {}
[238.082017] (-) TimerEvent: {}
[238.183038] (-) TimerEvent: {}
[238.284025] (-) TimerEvent: {}
[238.385069] (-) TimerEvent: {}
[238.486045] (-) TimerEvent: {}
[238.587099] (-) TimerEvent: {}
[238.688157] (-) TimerEvent: {}
[238.789180] (-) TimerEvent: {}
[238.890190] (-) TimerEvent: {}
[238.991198] (-) TimerEvent: {}
[239.092210] (-) TimerEvent: {}
[239.193158] (-) TimerEvent: {}
[239.294031] (-) TimerEvent: {}
[239.395044] (-) TimerEvent: {}
[239.496164] (-) TimerEvent: {}
[239.597131] (-) TimerEvent: {}
[239.698083] (-) TimerEvent: {}
[239.798959] (-) TimerEvent: {}
[239.899949] (-) TimerEvent: {}
[240.000901] (-) TimerEvent: {}
[240.101844] (-) TimerEvent: {}
[240.202728] (-) TimerEvent: {}
[240.303655] (-) TimerEvent: {}
[240.404582] (-) TimerEvent: {}
[240.505522] (-) TimerEvent: {}
[240.606511] (-) TimerEvent: {}
[240.707556] (-) TimerEvent: {}
[240.808642] (-) TimerEvent: {}
[240.909708] (-) TimerEvent: {}
[241.010726] (-) TimerEvent: {}
[241.111738] (-) TimerEvent: {}
[241.212675] (-) TimerEvent: {}
[241.313632] (-) TimerEvent: {}
[241.414966] (-) TimerEvent: {}
[241.516250] (-) TimerEvent: {}
[241.617540] (-) TimerEvent: {}
[241.718876] (-) TimerEvent: {}
[241.820179] (-) TimerEvent: {}
[241.921385] (-) TimerEvent: {}
[242.022193] (-) TimerEvent: {}
[242.123047] (-) TimerEvent: {}
[242.223973] (-) TimerEvent: {}
[242.325017] (-) TimerEvent: {}
[242.425897] (-) TimerEvent: {}
[242.526897] (-) TimerEvent: {}
[242.627928] (-) TimerEvent: {}
[242.729084] (-) TimerEvent: {}
[242.830459] (-) TimerEvent: {}
[242.931807] (-) TimerEvent: {}
[243.033231] (-) TimerEvent: {}
[243.134679] (-) TimerEvent: {}
[243.236163] (-) TimerEvent: {}
[243.337656] (-) TimerEvent: {}
[243.439137] (-) TimerEvent: {}
[243.540643] (-) TimerEvent: {}
[243.642200] (-) TimerEvent: {}
[243.743660] (-) TimerEvent: {}
[243.845158] (-) TimerEvent: {}
[243.946535] (-) TimerEvent: {}
[244.047942] (-) TimerEvent: {}
[244.149400] (-) TimerEvent: {}
[244.250793] (-) TimerEvent: {}
[244.352355] (-) TimerEvent: {}
[244.453675] (-) TimerEvent: {}
[244.555082] (-) TimerEvent: {}
[244.656393] (-) TimerEvent: {}
[244.757943] (-) TimerEvent: {}
[244.859528] (-) TimerEvent: {}
[244.960967] (-) TimerEvent: {}
[245.062595] (-) TimerEvent: {}
[245.164168] (-) TimerEvent: {}
[245.265592] (-) TimerEvent: {}
[245.366939] (-) TimerEvent: {}
[245.468400] (-) TimerEvent: {}
[245.569842] (-) TimerEvent: {}
[245.671264] (-) TimerEvent: {}
[245.772667] (-) TimerEvent: {}
[245.874183] (-) TimerEvent: {}
[245.975671] (-) TimerEvent: {}
[246.077181] (-) TimerEvent: {}
[246.178633] (-) TimerEvent: {}
[246.280028] (-) TimerEvent: {}
[246.381464] (-) TimerEvent: {}
[246.482833] (-) TimerEvent: {}
[246.584245] (-) TimerEvent: {}
[246.685622] (-) TimerEvent: {}
[246.787216] (-) TimerEvent: {}
[246.889038] (-) TimerEvent: {}
[246.990493] (-) TimerEvent: {}
[247.092032] (-) TimerEvent: {}
[247.193428] (-) TimerEvent: {}
[247.294910] (-) TimerEvent: {}
[247.396380] (-) TimerEvent: {}
[247.497615] (-) TimerEvent: {}
[247.598687] (-) TimerEvent: {}
[247.700020] (-) TimerEvent: {}
[247.801439] (-) TimerEvent: {}
[247.902806] (-) TimerEvent: {}
[248.004139] (-) TimerEvent: {}
[248.105523] (-) TimerEvent: {}
[248.206876] (-) TimerEvent: {}
[248.308345] (-) TimerEvent: {}
[248.409697] (-) TimerEvent: {}
[248.511060] (-) TimerEvent: {}
[248.612327] (-) TimerEvent: {}
[248.713606] (-) TimerEvent: {}
[248.814994] (-) TimerEvent: {}
[248.916207] (-) TimerEvent: {}
[249.017531] (-) TimerEvent: {}
[249.118978] (-) TimerEvent: {}
[249.220443] (-) TimerEvent: {}
[249.321719] (-) TimerEvent: {}
[249.423065] (-) TimerEvent: {}
[249.524511] (-) TimerEvent: {}
[249.626036] (-) TimerEvent: {}
[249.727519] (-) TimerEvent: {}
[249.828911] (-) TimerEvent: {}
[249.930266] (-) TimerEvent: {}
[250.031700] (-) TimerEvent: {}
[250.132989] (-) TimerEvent: {}
[250.234312] (-) TimerEvent: {}
[250.335600] (-) TimerEvent: {}
[250.436971] (-) TimerEvent: {}
[250.538365] (-) TimerEvent: {}
[250.639983] (-) TimerEvent: {}
[250.741336] (-) TimerEvent: {}
[250.842604] (-) TimerEvent: {}
[250.943886] (-) TimerEvent: {}
[251.045302] (-) TimerEvent: {}
[251.146724] (-) TimerEvent: {}
[251.248447] (-) TimerEvent: {}
[251.349728] (-) TimerEvent: {}
[251.451199] (-) TimerEvent: {}
[251.552554] (-) TimerEvent: {}
[251.653895] (-) TimerEvent: {}
[251.755453] (-) TimerEvent: {}
[251.856957] (-) TimerEvent: {}
[251.958385] (-) TimerEvent: {}
[252.059278] (-) TimerEvent: {}
[252.160607] (-) TimerEvent: {}
[252.262164] (-) TimerEvent: {}
[252.363504] (-) TimerEvent: {}
[252.464918] (-) TimerEvent: {}
[252.566143] (-) TimerEvent: {}
[252.667384] (-) TimerEvent: {}
[252.768740] (-) TimerEvent: {}
[252.870046] (-) TimerEvent: {}
[252.971344] (-) TimerEvent: {}
[253.072685] (-) TimerEvent: {}
[253.173989] (-) TimerEvent: {}
[253.275294] (-) TimerEvent: {}
[253.376513] (-) TimerEvent: {}
[253.477867] (-) TimerEvent: {}
[253.579319] (-) TimerEvent: {}
[253.680597] (-) TimerEvent: {}
[253.781995] (-) TimerEvent: {}
[253.883267] (-) TimerEvent: {}
[253.984652] (-) TimerEvent: {}
[254.085960] (-) TimerEvent: {}
[254.187298] (-) TimerEvent: {}
[254.288569] (-) TimerEvent: {}
[254.389938] (-) TimerEvent: {}
[254.491587] (-) TimerEvent: {}
[254.592705] (-) TimerEvent: {}
[254.693892] (-) TimerEvent: {}
[254.795107] (-) TimerEvent: {}
[254.896393] (-) TimerEvent: {}
[254.997604] (-) TimerEvent: {}
[255.098912] (-) TimerEvent: {}
[255.200254] (-) TimerEvent: {}
[255.301607] (-) TimerEvent: {}
[255.402912] (-) TimerEvent: {}
[255.504184] (-) TimerEvent: {}
[255.605797] (-) TimerEvent: {}
[255.707113] (-) TimerEvent: {}
[255.808385] (-) TimerEvent: {}
[255.909663] (-) TimerEvent: {}
[256.010963] (-) TimerEvent: {}
[256.112318] (-) TimerEvent: {}
[256.213566] (-) TimerEvent: {}
[256.314904] (-) TimerEvent: {}
[256.416190] (-) TimerEvent: {}
[256.517441] (-) TimerEvent: {}
[256.618817] (-) TimerEvent: {}
[256.720366] (-) TimerEvent: {}
[256.821668] (-) TimerEvent: {}
[256.922901] (-) TimerEvent: {}
[257.024136] (-) TimerEvent: {}
[257.125463] (-) TimerEvent: {}
[257.226775] (-) TimerEvent: {}
[257.327968] (-) TimerEvent: {}
[257.429142] (-) TimerEvent: {}
[257.530376] (-) TimerEvent: {}
[257.631653] (-) TimerEvent: {}
[257.732953] (-) TimerEvent: {}
[257.834311] (-) TimerEvent: {}
[257.935518] (-) TimerEvent: {}
[258.036725] (-) TimerEvent: {}
[258.137975] (-) TimerEvent: {}
[258.239158] (-) TimerEvent: {}
[258.340354] (-) TimerEvent: {}
[258.441529] (-) TimerEvent: {}
[258.542827] (-) TimerEvent: {}
[258.644212] (-) TimerEvent: {}
[258.745552] (-) TimerEvent: {}
[258.846854] (-) TimerEvent: {}
[258.948213] (-) TimerEvent: {}
[259.049640] (-) TimerEvent: {}
[259.150939] (-) TimerEvent: {}
[259.252232] (-) TimerEvent: {}
[259.353626] (-) TimerEvent: {}
[259.455122] (-) TimerEvent: {}
[259.556388] (-) TimerEvent: {}
[259.657645] (-) TimerEvent: {}
[259.758950] (-) TimerEvent: {}
[259.860219] (-) TimerEvent: {}
[259.961455] (-) TimerEvent: {}
[260.062744] (-) TimerEvent: {}
[260.164177] (-) TimerEvent: {}
[260.265914] (-) TimerEvent: {}
[260.367080] (-) TimerEvent: {}
[260.468308] (-) TimerEvent: {}
[260.569551] (-) TimerEvent: {}
[260.670800] (-) TimerEvent: {}
[260.772073] (-) TimerEvent: {}
[260.873306] (-) TimerEvent: {}
[260.974509] (-) TimerEvent: {}
[261.075764] (-) TimerEvent: {}
[261.176999] (-) TimerEvent: {}
[261.278256] (-) TimerEvent: {}
[261.379482] (-) TimerEvent: {}
[261.480710] (-) TimerEvent: {}
[261.581898] (-) TimerEvent: {}
[261.683040] (-) TimerEvent: {}
[261.784275] (-) TimerEvent: {}
[261.885520] (-) TimerEvent: {}
[261.986737] (-) TimerEvent: {}
[262.087958] (-) TimerEvent: {}
[262.189224] (-) TimerEvent: {}
[262.290472] (-) TimerEvent: {}
[262.391748] (-) TimerEvent: {}
[262.492915] (-) TimerEvent: {}
[262.594205] (-) TimerEvent: {}
[262.695487] (-) TimerEvent: {}
[262.796728] (-) TimerEvent: {}
[262.897962] (-) TimerEvent: {}
[262.999152] (-) TimerEvent: {}
[263.100378] (-) TimerEvent: {}
[263.201562] (-) TimerEvent: {}
[263.302799] (-) TimerEvent: {}
[263.404012] (-) TimerEvent: {}
[263.505206] (-) TimerEvent: {}
[263.606363] (-) TimerEvent: {}
[263.707622] (-) TimerEvent: {}
[263.808873] (-) TimerEvent: {}
[263.910118] (-) TimerEvent: {}
[264.011389] (-) TimerEvent: {}
[264.112696] (-) TimerEvent: {}
[264.214022] (-) TimerEvent: {}
[264.315392] (-) TimerEvent: {}
[264.416670] (-) TimerEvent: {}
[264.517935] (-) TimerEvent: {}
[264.619307] (-) TimerEvent: {}
[264.720736] (-) TimerEvent: {}
[264.821913] (-) TimerEvent: {}
[264.923126] (-) TimerEvent: {}
[265.024343] (-) TimerEvent: {}
[265.125614] (-) TimerEvent: {}
[265.226835] (-) TimerEvent: {}
[265.328019] (-) TimerEvent: {}
[265.429401] (-) TimerEvent: {}
[265.530714] (-) TimerEvent: {}
[265.631944] (-) TimerEvent: {}
[265.733230] (-) TimerEvent: {}
[265.834576] (-) TimerEvent: {}
[265.936019] (-) TimerEvent: {}
[266.037349] (-) TimerEvent: {}
[266.138699] (-) TimerEvent: {}
[266.239998] (-) TimerEvent: {}
[266.341278] (-) TimerEvent: {}
[266.442517] (-) TimerEvent: {}
[266.543839] (-) TimerEvent: {}
[266.645134] (-) TimerEvent: {}
[266.746398] (-) TimerEvent: {}
[266.847702] (-) TimerEvent: {}
[266.949200] (-) TimerEvent: {}
[267.050545] (-) TimerEvent: {}
[267.151932] (-) TimerEvent: {}
[267.253248] (-) TimerEvent: {}
[267.354568] (-) TimerEvent: {}
[267.455858] (-) TimerEvent: {}
[267.557160] (-) TimerEvent: {}
[267.658542] (-) TimerEvent: {}
[267.759917] (-) TimerEvent: {}
[267.861209] (-) TimerEvent: {}
[267.962618] (-) TimerEvent: {}
[268.064061] (-) TimerEvent: {}
[268.165471] (-) TimerEvent: {}
[268.266835] (-) TimerEvent: {}
[268.368175] (-) TimerEvent: {}
[268.469372] (-) TimerEvent: {}
[268.570695] (-) TimerEvent: {}
[268.672071] (-) TimerEvent: {}
[268.773383] (-) TimerEvent: {}
[268.874585] (-) TimerEvent: {}
[268.975771] (-) TimerEvent: {}
[269.077024] (-) TimerEvent: {}
[269.178351] (-) TimerEvent: {}
[269.279644] (-) TimerEvent: {}
[269.380831] (-) TimerEvent: {}
[269.482105] (-) TimerEvent: {}
[269.583431] (-) TimerEvent: {}
[269.684690] (-) TimerEvent: {}
[269.786012] (-) TimerEvent: {}
[269.887393] (-) TimerEvent: {}
[269.988818] (-) TimerEvent: {}
[270.090137] (-) TimerEvent: {}
[270.147367] (vins_estimator) StdoutLine: {'line': b'[100%] \x1b[32m\x1b[1mLinking CXX executable vins_estimator\x1b[0m\n'}
[270.190487] (-) TimerEvent: {}
[270.291741] (-) TimerEvent: {}
[270.392936] (-) TimerEvent: {}
[270.494084] (-) TimerEvent: {}
[270.595028] (-) TimerEvent: {}
[270.696027] (-) TimerEvent: {}
[270.797279] (-) TimerEvent: {}
[270.898550] (-) TimerEvent: {}
[270.972227] (vins_estimator) StdoutLine: {'line': b'[100%] Built target vins_estimator\n'}
[270.998823] (-) TimerEvent: {}
[271.019175] (vins_estimator) CommandEnded: {'returncode': 0}
[271.022675] (vins_estimator) JobProgress: {'identifier': 'vins_estimator', 'progress': 'install'}
[271.023808] (vins_estimator) Command: {'cmd': ['/usr/bin/cmake', '--install', '/home/orangepi/Desktop/SparkCar_ROS2_WS/SparkCar_Perception/build/vins_estimator'], 'cwd': '/home/orangepi/Desktop/SparkCar_ROS2_WS/SparkCar_Perception/build/vins_estimator', 'env': OrderedDict([('LESSOPEN', '| /usr/bin/lesspipe %s'), ('UMS_MOUNTPOINT', '/mnt/ums'), ('GST_V4L2_PREFERRED_FOURCC', 'NV12:YU12:NV16:YUY2'), ('LANGUAGE', 'en_US.UTF-8'), ('USER', 'orangepi'), ('SSH_CLIENT', '192.168.110.167 61328 22'), ('XDG_SESSION_TYPE', 'tty'), ('GIT_ASKPASS', '/home/orangepi/.vscode-server/cli/servers/Stable-7e7950df89d055b5a378379db9ee14290772148a/server/extensions/git/dist/askpass.sh'), ('SHLVL', '1'), ('USB_FUNCS', 'adb'), ('LD_LIBRARY_PATH', '/home/orangepi/Desktop/SparkCar_ROS2_WS/SparkCar_Perception/install/camera_model/lib:/opt/ros/humble/opt/rviz_ogre_vendor/lib:/opt/ros/humble/lib/aarch64-linux-gnu:/opt/ros/humble/lib'), ('BROWSER', '/home/orangepi/.vscode-server/cli/servers/Stable-7e7950df89d055b5a378379db9ee14290772148a/server/bin/helpers/browser.sh'), ('MOTD_SHOWN', 'pam'), ('HOME', '/home/orangepi'), ('OLDPWD', '/home/orangepi/Desktop/SparkCar_ROS2_WS/SparkCar_Perception'), ('TERM_PROGRAM_VERSION', '1.126.0'), ('VSCODE_IPC_HOOK_CLI', '/run/user/1000/vscode-ipc-8f68b4a7-073c-40b4-bfba-8c77c4821cfd.sock'), ('GST_INSPECT_NO_COLORS', '1'), ('GST_MPP_NO_RGA', '1'), ('ROS_PYTHON_VERSION', '3'), ('COGL_DRIVER', 'gles2'), ('VSCODE_GIT_ASKPASS_MAIN', '/home/orangepi/.vscode-server/cli/servers/Stable-7e7950df89d055b5a378379db9ee14290772148a/server/extensions/git/dist/askpass-main.js'), ('VSCODE_GIT_ASKPASS_NODE', '/home/orangepi/.vscode-server/cli/servers/Stable-7e7950df89d055b5a378379db9ee14290772148a/server/node'), ('VSCODE_PYTHON_AUTOACTIVATE_GUARD', '1'), ('DBUS_SESSION_BUS_ADDRESS', 'unix:path=/run/user/1000/bus'), ('COLORTERM', 'truecolor'), ('GST_V4L2SRC_MAX_RESOLUTION', '3840x2160'), ('ROS_DISTRO', 'humble'), ('LOGNAME', 'orangepi'), ('_', '/usr/bin/colcon'), ('ROS_VERSION', '2'), ('XDG_SESSION_CLASS', 'user'), ('TERM', 'xterm-256color'), ('GST_GL_API', 'gles2'), ('XDG_SESSION_ID', '6'), ('GST_VIDEO_CONVERT_PREFERRED_FORMAT', 'NV12:NV16:I420:YUY2'), ('GST_V4L2SRC_RK_DEVICES', '_mainpath:_selfpath:_bypass:_scale'), ('ROS_LOCALHOST_ONLY', '0'), ('PATH', '/home/orangepi/Desktop/SparkCar_ROS2_WS/SparkCar_Perception/install/camera_model/bin:/home/orangepi/.local/bin:/home/orangepi/.vscode-server/data/User/globalStorage/github.copilot-chat/debugCommand:/home/orangepi/.vscode-server/data/User/globalStorage/github.copilot-chat/copilotCli:/home/orangepi/.vscode-server/cli/servers/Stable-7e7950df89d055b5a378379db9ee14290772148a/server/bin/remote-cli:/home/orangepi/.local/bin:/opt/ros/humble/bin:/home/orangepi/.local/bin:/usr/local/sbin:/usr/local/bin:/usr/sbin:/usr/bin:/sbin:/bin:/usr/games:/usr/local/games:/snap/bin'), ('XDG_RUNTIME_DIR', '/run/user/1000'), ('GST_GL_PLATFORM', 'egl'), ('GST_DEBUG_NO_COLOR', '1'), ('GST_V4L2SRC_DEFAULT_DEVICE', '/dev/video-camera0'), ('DISPLAY', ':0'), ('LANG', 'en_US.UTF-8'), ('LS_COLORS', 'rs=0:di=01;34:ln=01;36:mh=00:pi=40;33:so=01;35:do=01;35:bd=40;33;01:cd=40;33;01:or=40;31;01:mi=00:su=37;41:sg=30;43:ca=30;41:tw=30;42:ow=34;42:st=37;44:ex=01;32:*.tar=01;31:*.tgz=01;31:*.arc=01;31:*.arj=01;31:*.taz=01;31:*.lha=01;31:*.lz4=01;31:*.lzh=01;31:*.lzma=01;31:*.tlz=01;31:*.txz=01;31:*.tzo=01;31:*.t7z=01;31:*.zip=01;31:*.z=01;31:*.dz=01;31:*.gz=01;31:*.lrz=01;31:*.lz=01;31:*.lzo=01;31:*.xz=01;31:*.zst=01;31:*.tzst=01;31:*.bz2=01;31:*.bz=01;31:*.tbz=01;31:*.tbz2=01;31:*.tz=01;31:*.deb=01;31:*.rpm=01;31:*.jar=01;31:*.war=01;31:*.ear=01;31:*.sar=01;31:*.rar=01;31:*.alz=01;31:*.ace=01;31:*.zoo=01;31:*.cpio=01;31:*.7z=01;31:*.rz=01;31:*.cab=01;31:*.wim=01;31:*.swm=01;31:*.dwm=01;31:*.esd=01;31:*.jpg=01;35:*.jpeg=01;35:*.mjpg=01;35:*.mjpeg=01;35:*.gif=01;35:*.bmp=01;35:*.pbm=01;35:*.pgm=01;35:*.ppm=01;35:*.tga=01;35:*.xbm=01;35:*.xpm=01;35:*.tif=01;35:*.tiff=01;35:*.png=01;35:*.svg=01;35:*.svgz=01;35:*.mng=01;35:*.pcx=01;35:*.mov=01;35:*.mpg=01;35:*.mpeg=01;35:*.m2v=01;35:*.mkv=01;35:*.webm=01;35:*.webp=01;35:*.ogm=01;35:*.mp4=01;35:*.m4v=01;35:*.mp4v=01;35:*.vob=01;35:*.qt=01;35:*.nuv=01;35:*.wmv=01;35:*.asf=01;35:*.rm=01;35:*.rmvb=01;35:*.flc=01;35:*.avi=01;35:*.fli=01;35:*.flv=01;35:*.gl=01;35:*.dl=01;35:*.xcf=01;35:*.xwd=01;35:*.yuv=01;35:*.cgm=01;35:*.emf=01;35:*.ogv=01;35:*.ogx=01;35:*.aac=00;36:*.au=00;36:*.flac=00;36:*.m4a=00;36:*.mid=00;36:*.midi=00;36:*.mka=00;36:*.mp3=00;36:*.mpc=00;36:*.ogg=00;36:*.ra=00;36:*.wav=00;36:*.oga=00;36:*.opus=00;36:*.spx=00;36:*.xspf=00;36:'), ('VSCODE_GIT_IPC_HANDLE', '/run/user/1000/vscode-git-3d806f3df3.sock'), ('TERM_PROGRAM', 'vscode'), ('GST_V4L2_USE_LIBV4L2', '1'), ('UMS_SIZE', '256M'), ('AMENT_PREFIX_PATH', '/home/orangepi/Desktop/SparkCar_ROS2_WS/SparkCar_Perception/install/camera_model:/opt/ros/humble'), ('LC_MESSAGES', 'en_US.UTF-8'), ('SHELL', '/bin/bash'), ('UMS_RO', '0'), ('LESSCLOSE', '/usr/bin/lesspipe %s %s'), ('UMS_FSTYPE', 'vfat'), ('VSCODE_GIT_ASKPASS_EXTRA_ARGS', ''), ('PWD', '/home/orangepi/Desktop/SparkCar_ROS2_WS/SparkCar_Perception/build/vins_estimator'), ('LC_ALL', 'en_US.UTF-8'), ('COPILOT_DEBUG_NONCE', 'eea91dafbd2eb1b0ec653fb18529b126'), ('SSH_CONNECTION', '192.168.110.167 61328 192.168.110.159 22'), ('XDG_DATA_DIRS', '/usr/share/gnome:/usr/local/share:/usr/share:/var/lib/snapd/desktop'), ('PYTHONPATH', '/opt/ros/humble/lib/python3.10/site-packages:/opt/ros/humble/local/lib/python3.10/dist-packages'), ('UMS_MOUNT', '0'), ('COLCON', '1'), ('UMS_FILE', '/userdata/ums_shared.img'), ('CMAKE_PREFIX_PATH', '/home/orangepi/Desktop/SparkCar_ROS2_WS/SparkCar_Perception/install/camera_model:/opt/ros/humble')]), 'shell': False}
[271.056356] (vins_estimator) StdoutLine: {'line': b'-- Install configuration: "Release"\n'}
[271.057308] (vins_estimator) StdoutLine: {'line': b'-- Execute custom install script\n'}
[271.057931] (vins_estimator) StdoutLine: {'line': b'-- Symlinking: /home/orangepi/Desktop/SparkCar_ROS2_WS/SparkCar_Perception/install/vins_estimator/lib/vins_estimator/vins_estimator\n'}
[271.091738] (vins_estimator) StdoutLine: {'line': b'-- Symlinking: /home/orangepi/Desktop/SparkCar_ROS2_WS/SparkCar_Perception/install/vins_estimator/share/vins_estimator/launch/euroc.launch.py\n'}
[271.098905] (-) TimerEvent: {}
[271.129105] (vins_estimator) StdoutLine: {'line': b'-- Symlinking: /home/orangepi/Desktop/SparkCar_ROS2_WS/SparkCar_Perception/install/vins_estimator/share/ament_index/resource_index/package_run_dependencies/vins_estimator\n'}
[271.146391] (vins_estimator) StdoutLine: {'line': b'-- Symlinking: /home/orangepi/Desktop/SparkCar_ROS2_WS/SparkCar_Perception/install/vins_estimator/share/ament_index/resource_index/parent_prefix_path/vins_estimator\n'}
[271.168960] (vins_estimator) StdoutLine: {'line': b'-- Symlinking: /home/orangepi/Desktop/SparkCar_ROS2_WS/SparkCar_Perception/install/vins_estimator/share/vins_estimator/environment/ament_prefix_path.sh\n'}
[271.183703] (vins_estimator) StdoutLine: {'line': b'-- Symlinking: /home/orangepi/Desktop/SparkCar_ROS2_WS/SparkCar_Perception/install/vins_estimator/share/vins_estimator/environment/ament_prefix_path.dsv\n'}
[271.199201] (-) TimerEvent: {}
[271.216111] (vins_estimator) StdoutLine: {'line': b'-- Symlinking: /home/orangepi/Desktop/SparkCar_ROS2_WS/SparkCar_Perception/install/vins_estimator/share/vins_estimator/environment/path.sh\n'}
[271.250386] (vins_estimator) StdoutLine: {'line': b'-- Symlinking: /home/orangepi/Desktop/SparkCar_ROS2_WS/SparkCar_Perception/install/vins_estimator/share/vins_estimator/environment/path.dsv\n'}
[271.283104] (vins_estimator) StdoutLine: {'line': b'-- Symlinking: /home/orangepi/Desktop/SparkCar_ROS2_WS/SparkCar_Perception/install/vins_estimator/share/vins_estimator/local_setup.bash\n'}
[271.299322] (-) TimerEvent: {}
[271.313071] (vins_estimator) StdoutLine: {'line': b'-- Symlinking: /home/orangepi/Desktop/SparkCar_ROS2_WS/SparkCar_Perception/install/vins_estimator/share/vins_estimator/local_setup.sh\n'}
[271.349924] (vins_estimator) StdoutLine: {'line': b'-- Symlinking: /home/orangepi/Desktop/SparkCar_ROS2_WS/SparkCar_Perception/install/vins_estimator/share/vins_estimator/local_setup.zsh\n'}
[271.367541] (vins_estimator) StdoutLine: {'line': b'-- Symlinking: /home/orangepi/Desktop/SparkCar_ROS2_WS/SparkCar_Perception/install/vins_estimator/share/vins_estimator/local_setup.dsv\n'}
[271.399633] (-) TimerEvent: {}
[271.401149] (vins_estimator) StdoutLine: {'line': b'-- Symlinking: /home/orangepi/Desktop/SparkCar_ROS2_WS/SparkCar_Perception/install/vins_estimator/share/vins_estimator/package.dsv\n'}
[271.433285] (vins_estimator) StdoutLine: {'line': b'-- Symlinking: /home/orangepi/Desktop/SparkCar_ROS2_WS/SparkCar_Perception/install/vins_estimator/share/ament_index/resource_index/packages/vins_estimator\n'}
[271.449951] (vins_estimator) StdoutLine: {'line': b'-- Symlinking: /home/orangepi/Desktop/SparkCar_ROS2_WS/SparkCar_Perception/install/vins_estimator/share/vins_estimator/cmake/vins_estimatorConfig.cmake\n'}
[271.475109] (vins_estimator) StdoutLine: {'line': b'-- Symlinking: /home/orangepi/Desktop/SparkCar_ROS2_WS/SparkCar_Perception/install/vins_estimator/share/vins_estimator/cmake/vins_estimatorConfig-version.cmake\n'}
[271.492729] (vins_estimator) StdoutLine: {'line': b'-- Symlinking: /home/orangepi/Desktop/SparkCar_ROS2_WS/SparkCar_Perception/install/vins_estimator/share/vins_estimator/package.xml\n'}
[271.499756] (-) TimerEvent: {}
[271.534466] (vins_estimator) CommandEnded: {'returncode': 0}
[271.590920] (vins_estimator) JobEnded: {'identifier': 'vins_estimator', 'rc': 0}
[271.594902] (-) EventReactorShutdown: {}
