[0.553s] DEBUG:colcon:Command line arguments: ['/usr/bin/colcon', 'build']
[0.553s] DEBUG:colcon:Parsed command line arguments: Namespace(log_base=None, log_level=None, verb_name='build', build_base='build', install_base='install', merge_install=False, symlink_install=False, test_result_base=None, continue_on_error=False, executor='parallel', parallel_workers=8, event_handlers=None, ignore_user_meta=False, metas=['./colcon.meta'], base_paths=['.'], packages_ignore=None, packages_ignore_regex=None, paths=None, packages_up_to=None, packages_up_to_regex=None, packages_above=None, packages_above_and_dependencies=None, packages_above_depth=None, packages_select_by_dep=None, packages_skip_by_dep=None, packages_skip_up_to=None, packages_select_build_failed=False, packages_skip_build_finished=False, packages_select_test_failures=False, packages_skip_test_passed=False, packages_select=None, packages_skip=None, packages_select_regex=None, packages_skip_regex=None, packages_start=None, packages_end=None, cmake_args=None, cmake_target=None, cmake_target_skip_unavailable=False, cmake_clean_cache=False, cmake_clean_first=False, cmake_force_configure=False, ament_cmake_args=None, catkin_cmake_args=None, catkin_skip_building_tests=False, mixin_files=None, mixin=None, verb_parser=<colcon_mixin.mixin.mixin_argument.MixinArgumentDecorator object at 0x7f9e547b50>, verb_extension=<colcon_core.verb.build.BuildVerb object at 0x7f9e5476a0>, main=<bound method BuildVerb.main of <colcon_core.verb.build.BuildVerb object at 0x7f9e5476a0>>, mixin_verb=('build',))
[0.992s] Level 1:colcon.colcon_core.package_discovery:discover_packages(colcon_meta) check parameters
[0.992s] Level 1:colcon.colcon_core.package_discovery:discover_packages(recursive) check parameters
[0.992s] Level 1:colcon.colcon_core.package_discovery:discover_packages(ignore) check parameters
[0.993s] Level 1:colcon.colcon_core.package_discovery:discover_packages(path) check parameters
[0.993s] Level 1:colcon.colcon_core.package_discovery:discover_packages(colcon_meta) discover
[0.993s] Level 1:colcon.colcon_core.package_discovery:discover_packages(recursive) discover
[0.993s] INFO:colcon.colcon_core.package_discovery:Crawling recursively for packages in '/home/orangepi/Desktop/SparkCar_ROS2_WS/SparkCar_Perception'
[0.993s] Level 1:colcon.colcon_core.package_identification:_identify(.) by extensions ['ignore', 'ignore_ament_install']
[0.993s] Level 1:colcon.colcon_core.package_identification:_identify(.) by extension 'ignore'
[0.993s] Level 1:colcon.colcon_core.package_identification:_identify(.) by extension 'ignore_ament_install'
[0.993s] Level 1:colcon.colcon_core.package_identification:_identify(.) by extensions ['colcon_pkg']
[0.994s] Level 1:colcon.colcon_core.package_identification:_identify(.) by extension 'colcon_pkg'
[0.994s] Level 1:colcon.colcon_core.package_identification:_identify(.) by extensions ['colcon_meta']
[0.994s] Level 1:colcon.colcon_core.package_identification:_identify(.) by extension 'colcon_meta'
[0.994s] Level 1:colcon.colcon_core.package_identification:_identify(.) by extensions ['ros']
[0.994s] Level 1:colcon.colcon_core.package_identification:_identify(.) by extension 'ros'
[1.022s] Level 1:colcon.colcon_core.package_identification:_identify(.) by extensions ['cmake', 'python']
[1.022s] Level 1:colcon.colcon_core.package_identification:_identify(.) by extension 'cmake'
[1.023s] Level 1:colcon.colcon_core.package_identification:_identify(.) by extension 'python'
[1.023s] Level 1:colcon.colcon_core.package_identification:_identify(.) by extensions ['python_setup_py']
[1.023s] Level 1:colcon.colcon_core.package_identification:_identify(.) by extension 'python_setup_py'
[1.023s] Level 1:colcon.colcon_core.package_identification:_identify(build) by extensions ['ignore', 'ignore_ament_install']
[1.023s] Level 1:colcon.colcon_core.package_identification:_identify(build) by extension 'ignore'
[1.023s] Level 1:colcon.colcon_core.package_identification:_identify(build) ignored
[1.023s] Level 1:colcon.colcon_core.package_identification:_identify(install) by extensions ['ignore', 'ignore_ament_install']
[1.024s] Level 1:colcon.colcon_core.package_identification:_identify(install) by extension 'ignore'
[1.024s] Level 1:colcon.colcon_core.package_identification:_identify(install) ignored
[1.024s] Level 1:colcon.colcon_core.package_identification:_identify(log) by extensions ['ignore', 'ignore_ament_install']
[1.024s] Level 1:colcon.colcon_core.package_identification:_identify(log) by extension 'ignore'
[1.024s] Level 1:colcon.colcon_core.package_identification:_identify(log) ignored
[1.024s] Level 1:colcon.colcon_core.package_identification:_identify(src) by extensions ['ignore', 'ignore_ament_install']
[1.024s] Level 1:colcon.colcon_core.package_identification:_identify(src) by extension 'ignore'
[1.024s] Level 1:colcon.colcon_core.package_identification:_identify(src) by extension 'ignore_ament_install'
[1.025s] Level 1:colcon.colcon_core.package_identification:_identify(src) by extensions ['colcon_pkg']
[1.025s] Level 1:colcon.colcon_core.package_identification:_identify(src) by extension 'colcon_pkg'
[1.025s] Level 1:colcon.colcon_core.package_identification:_identify(src) by extensions ['colcon_meta']
[1.025s] Level 1:colcon.colcon_core.package_identification:_identify(src) by extension 'colcon_meta'
[1.025s] Level 1:colcon.colcon_core.package_identification:_identify(src) by extensions ['ros']
[1.025s] Level 1:colcon.colcon_core.package_identification:_identify(src) by extension 'ros'
[1.025s] Level 1:colcon.colcon_core.package_identification:_identify(src) by extensions ['cmake', 'python']
[1.025s] Level 1:colcon.colcon_core.package_identification:_identify(src) by extension 'cmake'
[1.025s] Level 1:colcon.colcon_core.package_identification:_identify(src) by extension 'python'
[1.025s] Level 1:colcon.colcon_core.package_identification:_identify(src) by extensions ['python_setup_py']
[1.025s] Level 1:colcon.colcon_core.package_identification:_identify(src) by extension 'python_setup_py'
[1.025s] Level 1:colcon.colcon_core.package_identification:_identify(src/VINS-Fusion-ROS2) by extensions ['ignore', 'ignore_ament_install']
[1.025s] Level 1:colcon.colcon_core.package_identification:_identify(src/VINS-Fusion-ROS2) by extension 'ignore'
[1.026s] Level 1:colcon.colcon_core.package_identification:_identify(src/VINS-Fusion-ROS2) by extension 'ignore_ament_install'
[1.026s] Level 1:colcon.colcon_core.package_identification:_identify(src/VINS-Fusion-ROS2) by extensions ['colcon_pkg']
[1.026s] Level 1:colcon.colcon_core.package_identification:_identify(src/VINS-Fusion-ROS2) by extension 'colcon_pkg'
[1.026s] Level 1:colcon.colcon_core.package_identification:_identify(src/VINS-Fusion-ROS2) by extensions ['colcon_meta']
[1.026s] Level 1:colcon.colcon_core.package_identification:_identify(src/VINS-Fusion-ROS2) by extension 'colcon_meta'
[1.026s] Level 1:colcon.colcon_core.package_identification:_identify(src/VINS-Fusion-ROS2) by extensions ['ros']
[1.026s] Level 1:colcon.colcon_core.package_identification:_identify(src/VINS-Fusion-ROS2) by extension 'ros'
[1.026s] Level 1:colcon.colcon_core.package_identification:_identify(src/VINS-Fusion-ROS2) by extensions ['cmake', 'python']
[1.026s] Level 1:colcon.colcon_core.package_identification:_identify(src/VINS-Fusion-ROS2) by extension 'cmake'
[1.026s] Level 1:colcon.colcon_core.package_identification:_identify(src/VINS-Fusion-ROS2) by extension 'python'
[1.026s] Level 1:colcon.colcon_core.package_identification:_identify(src/VINS-Fusion-ROS2) by extensions ['python_setup_py']
[1.026s] Level 1:colcon.colcon_core.package_identification:_identify(src/VINS-Fusion-ROS2) by extension 'python_setup_py'
[1.026s] Level 1:colcon.colcon_core.package_identification:_identify(src/VINS-Fusion-ROS2/camera_models) by extensions ['ignore', 'ignore_ament_install']
[1.026s] Level 1:colcon.colcon_core.package_identification:_identify(src/VINS-Fusion-ROS2/camera_models) by extension 'ignore'
[1.026s] Level 1:colcon.colcon_core.package_identification:_identify(src/VINS-Fusion-ROS2/camera_models) by extension 'ignore_ament_install'
[1.027s] Level 1:colcon.colcon_core.package_identification:_identify(src/VINS-Fusion-ROS2/camera_models) by extensions ['colcon_pkg']
[1.027s] Level 1:colcon.colcon_core.package_identification:_identify(src/VINS-Fusion-ROS2/camera_models) by extension 'colcon_pkg'
[1.027s] Level 1:colcon.colcon_core.package_identification:_identify(src/VINS-Fusion-ROS2/camera_models) by extensions ['colcon_meta']
[1.027s] Level 1:colcon.colcon_core.package_identification:_identify(src/VINS-Fusion-ROS2/camera_models) by extension 'colcon_meta'
[1.027s] Level 1:colcon.colcon_core.package_identification:_identify(src/VINS-Fusion-ROS2/camera_models) by extensions ['ros']
[1.027s] Level 1:colcon.colcon_core.package_identification:_identify(src/VINS-Fusion-ROS2/camera_models) by extension 'ros'
[1.034s] DEBUG:colcon.colcon_core.package_identification:Package 'src/VINS-Fusion-ROS2/camera_models' with type 'ros.ament_cmake' and name 'camera_models'
[1.034s] Level 1:colcon.colcon_core.package_identification:_identify(src/VINS-Fusion-ROS2/config) by extensions ['ignore', 'ignore_ament_install']
[1.034s] Level 1:colcon.colcon_core.package_identification:_identify(src/VINS-Fusion-ROS2/config) by extension 'ignore'
[1.034s] Level 1:colcon.colcon_core.package_identification:_identify(src/VINS-Fusion-ROS2/config) by extension 'ignore_ament_install'
[1.034s] Level 1:colcon.colcon_core.package_identification:_identify(src/VINS-Fusion-ROS2/config) by extensions ['colcon_pkg']
[1.034s] Level 1:colcon.colcon_core.package_identification:_identify(src/VINS-Fusion-ROS2/config) by extension 'colcon_pkg'
[1.034s] Level 1:colcon.colcon_core.package_identification:_identify(src/VINS-Fusion-ROS2/config) by extensions ['colcon_meta']
[1.034s] Level 1:colcon.colcon_core.package_identification:_identify(src/VINS-Fusion-ROS2/config) by extension 'colcon_meta'
[1.034s] Level 1:colcon.colcon_core.package_identification:_identify(src/VINS-Fusion-ROS2/config) by extensions ['ros']
[1.035s] Level 1:colcon.colcon_core.package_identification:_identify(src/VINS-Fusion-ROS2/config) by extension 'ros'
[1.035s] Level 1:colcon.colcon_core.package_identification:_identify(src/VINS-Fusion-ROS2/config) by extensions ['cmake', 'python']
[1.035s] Level 1:colcon.colcon_core.package_identification:_identify(src/VINS-Fusion-ROS2/config) by extension 'cmake'
[1.035s] Level 1:colcon.colcon_core.package_identification:_identify(src/VINS-Fusion-ROS2/config) by extension 'python'
[1.035s] Level 1:colcon.colcon_core.package_identification:_identify(src/VINS-Fusion-ROS2/config) by extensions ['python_setup_py']
[1.035s] Level 1:colcon.colcon_core.package_identification:_identify(src/VINS-Fusion-ROS2/config) by extension 'python_setup_py'
[1.035s] Level 1:colcon.colcon_core.package_identification:_identify(src/VINS-Fusion-ROS2/config/A3_ptgrey) by extensions ['ignore', 'ignore_ament_install']
[1.035s] Level 1:colcon.colcon_core.package_identification:_identify(src/VINS-Fusion-ROS2/config/A3_ptgrey) by extension 'ignore'
[1.035s] Level 1:colcon.colcon_core.package_identification:_identify(src/VINS-Fusion-ROS2/config/A3_ptgrey) by extension 'ignore_ament_install'
[1.035s] Level 1:colcon.colcon_core.package_identification:_identify(src/VINS-Fusion-ROS2/config/A3_ptgrey) by extensions ['colcon_pkg']
[1.035s] Level 1:colcon.colcon_core.package_identification:_identify(src/VINS-Fusion-ROS2/config/A3_ptgrey) by extension 'colcon_pkg'
[1.035s] Level 1:colcon.colcon_core.package_identification:_identify(src/VINS-Fusion-ROS2/config/A3_ptgrey) by extensions ['colcon_meta']
[1.035s] Level 1:colcon.colcon_core.package_identification:_identify(src/VINS-Fusion-ROS2/config/A3_ptgrey) by extension 'colcon_meta'
[1.035s] Level 1:colcon.colcon_core.package_identification:_identify(src/VINS-Fusion-ROS2/config/A3_ptgrey) by extensions ['ros']
[1.035s] Level 1:colcon.colcon_core.package_identification:_identify(src/VINS-Fusion-ROS2/config/A3_ptgrey) by extension 'ros'
[1.035s] Level 1:colcon.colcon_core.package_identification:_identify(src/VINS-Fusion-ROS2/config/A3_ptgrey) by extensions ['cmake', 'python']
[1.035s] Level 1:colcon.colcon_core.package_identification:_identify(src/VINS-Fusion-ROS2/config/A3_ptgrey) by extension 'cmake'
[1.036s] Level 1:colcon.colcon_core.package_identification:_identify(src/VINS-Fusion-ROS2/config/A3_ptgrey) by extension 'python'
[1.036s] Level 1:colcon.colcon_core.package_identification:_identify(src/VINS-Fusion-ROS2/config/A3_ptgrey) by extensions ['python_setup_py']
[1.036s] Level 1:colcon.colcon_core.package_identification:_identify(src/VINS-Fusion-ROS2/config/A3_ptgrey) by extension 'python_setup_py'
[1.036s] Level 1:colcon.colcon_core.package_identification:_identify(src/VINS-Fusion-ROS2/config/euroc) by extensions ['ignore', 'ignore_ament_install']
[1.036s] Level 1:colcon.colcon_core.package_identification:_identify(src/VINS-Fusion-ROS2/config/euroc) by extension 'ignore'
[1.036s] Level 1:colcon.colcon_core.package_identification:_identify(src/VINS-Fusion-ROS2/config/euroc) by extension 'ignore_ament_install'
[1.036s] Level 1:colcon.colcon_core.package_identification:_identify(src/VINS-Fusion-ROS2/config/euroc) by extensions ['colcon_pkg']
[1.036s] Level 1:colcon.colcon_core.package_identification:_identify(src/VINS-Fusion-ROS2/config/euroc) by extension 'colcon_pkg'
[1.036s] Level 1:colcon.colcon_core.package_identification:_identify(src/VINS-Fusion-ROS2/config/euroc) by extensions ['colcon_meta']
[1.036s] Level 1:colcon.colcon_core.package_identification:_identify(src/VINS-Fusion-ROS2/config/euroc) by extension 'colcon_meta'
[1.036s] Level 1:colcon.colcon_core.package_identification:_identify(src/VINS-Fusion-ROS2/config/euroc) by extensions ['ros']
[1.036s] Level 1:colcon.colcon_core.package_identification:_identify(src/VINS-Fusion-ROS2/config/euroc) by extension 'ros'
[1.036s] Level 1:colcon.colcon_core.package_identification:_identify(src/VINS-Fusion-ROS2/config/euroc) by extensions ['cmake', 'python']
[1.036s] Level 1:colcon.colcon_core.package_identification:_identify(src/VINS-Fusion-ROS2/config/euroc) by extension 'cmake'
[1.036s] Level 1:colcon.colcon_core.package_identification:_identify(src/VINS-Fusion-ROS2/config/euroc) by extension 'python'
[1.036s] Level 1:colcon.colcon_core.package_identification:_identify(src/VINS-Fusion-ROS2/config/euroc) by extensions ['python_setup_py']
[1.036s] Level 1:colcon.colcon_core.package_identification:_identify(src/VINS-Fusion-ROS2/config/euroc) by extension 'python_setup_py'
[1.037s] Level 1:colcon.colcon_core.package_identification:_identify(src/VINS-Fusion-ROS2/config/kitti_odom) by extensions ['ignore', 'ignore_ament_install']
[1.037s] Level 1:colcon.colcon_core.package_identification:_identify(src/VINS-Fusion-ROS2/config/kitti_odom) by extension 'ignore'
[1.037s] Level 1:colcon.colcon_core.package_identification:_identify(src/VINS-Fusion-ROS2/config/kitti_odom) by extension 'ignore_ament_install'
[1.037s] Level 1:colcon.colcon_core.package_identification:_identify(src/VINS-Fusion-ROS2/config/kitti_odom) by extensions ['colcon_pkg']
[1.037s] Level 1:colcon.colcon_core.package_identification:_identify(src/VINS-Fusion-ROS2/config/kitti_odom) by extension 'colcon_pkg'
[1.037s] Level 1:colcon.colcon_core.package_identification:_identify(src/VINS-Fusion-ROS2/config/kitti_odom) by extensions ['colcon_meta']
[1.037s] Level 1:colcon.colcon_core.package_identification:_identify(src/VINS-Fusion-ROS2/config/kitti_odom) by extension 'colcon_meta'
[1.037s] Level 1:colcon.colcon_core.package_identification:_identify(src/VINS-Fusion-ROS2/config/kitti_odom) by extensions ['ros']
[1.037s] Level 1:colcon.colcon_core.package_identification:_identify(src/VINS-Fusion-ROS2/config/kitti_odom) by extension 'ros'
[1.037s] Level 1:colcon.colcon_core.package_identification:_identify(src/VINS-Fusion-ROS2/config/kitti_odom) by extensions ['cmake', 'python']
[1.037s] Level 1:colcon.colcon_core.package_identification:_identify(src/VINS-Fusion-ROS2/config/kitti_odom) by extension 'cmake'
[1.037s] Level 1:colcon.colcon_core.package_identification:_identify(src/VINS-Fusion-ROS2/config/kitti_odom) by extension 'python'
[1.037s] Level 1:colcon.colcon_core.package_identification:_identify(src/VINS-Fusion-ROS2/config/kitti_odom) by extensions ['python_setup_py']
[1.037s] Level 1:colcon.colcon_core.package_identification:_identify(src/VINS-Fusion-ROS2/config/kitti_odom) by extension 'python_setup_py'
[1.037s] Level 1:colcon.colcon_core.package_identification:_identify(src/VINS-Fusion-ROS2/config/kitti_raw) by extensions ['ignore', 'ignore_ament_install']
[1.037s] Level 1:colcon.colcon_core.package_identification:_identify(src/VINS-Fusion-ROS2/config/kitti_raw) by extension 'ignore'
[1.037s] Level 1:colcon.colcon_core.package_identification:_identify(src/VINS-Fusion-ROS2/config/kitti_raw) by extension 'ignore_ament_install'
[1.038s] Level 1:colcon.colcon_core.package_identification:_identify(src/VINS-Fusion-ROS2/config/kitti_raw) by extensions ['colcon_pkg']
[1.038s] Level 1:colcon.colcon_core.package_identification:_identify(src/VINS-Fusion-ROS2/config/kitti_raw) by extension 'colcon_pkg'
[1.038s] Level 1:colcon.colcon_core.package_identification:_identify(src/VINS-Fusion-ROS2/config/kitti_raw) by extensions ['colcon_meta']
[1.038s] Level 1:colcon.colcon_core.package_identification:_identify(src/VINS-Fusion-ROS2/config/kitti_raw) by extension 'colcon_meta'
[1.038s] Level 1:colcon.colcon_core.package_identification:_identify(src/VINS-Fusion-ROS2/config/kitti_raw) by extensions ['ros']
[1.038s] Level 1:colcon.colcon_core.package_identification:_identify(src/VINS-Fusion-ROS2/config/kitti_raw) by extension 'ros'
[1.038s] Level 1:colcon.colcon_core.package_identification:_identify(src/VINS-Fusion-ROS2/config/kitti_raw) by extensions ['cmake', 'python']
[1.038s] Level 1:colcon.colcon_core.package_identification:_identify(src/VINS-Fusion-ROS2/config/kitti_raw) by extension 'cmake'
[1.038s] Level 1:colcon.colcon_core.package_identification:_identify(src/VINS-Fusion-ROS2/config/kitti_raw) by extension 'python'
[1.038s] Level 1:colcon.colcon_core.package_identification:_identify(src/VINS-Fusion-ROS2/config/kitti_raw) by extensions ['python_setup_py']
[1.038s] Level 1:colcon.colcon_core.package_identification:_identify(src/VINS-Fusion-ROS2/config/kitti_raw) by extension 'python_setup_py'
[1.038s] Level 1:colcon.colcon_core.package_identification:_identify(src/VINS-Fusion-ROS2/config/mynteye) by extensions ['ignore', 'ignore_ament_install']
[1.038s] Level 1:colcon.colcon_core.package_identification:_identify(src/VINS-Fusion-ROS2/config/mynteye) by extension 'ignore'
[1.038s] Level 1:colcon.colcon_core.package_identification:_identify(src/VINS-Fusion-ROS2/config/mynteye) by extension 'ignore_ament_install'
[1.038s] Level 1:colcon.colcon_core.package_identification:_identify(src/VINS-Fusion-ROS2/config/mynteye) by extensions ['colcon_pkg']
[1.038s] Level 1:colcon.colcon_core.package_identification:_identify(src/VINS-Fusion-ROS2/config/mynteye) by extension 'colcon_pkg'
[1.038s] Level 1:colcon.colcon_core.package_identification:_identify(src/VINS-Fusion-ROS2/config/mynteye) by extensions ['colcon_meta']
[1.038s] Level 1:colcon.colcon_core.package_identification:_identify(src/VINS-Fusion-ROS2/config/mynteye) by extension 'colcon_meta'
[1.038s] Level 1:colcon.colcon_core.package_identification:_identify(src/VINS-Fusion-ROS2/config/mynteye) by extensions ['ros']
[1.038s] Level 1:colcon.colcon_core.package_identification:_identify(src/VINS-Fusion-ROS2/config/mynteye) by extension 'ros'
[1.039s] Level 1:colcon.colcon_core.package_identification:_identify(src/VINS-Fusion-ROS2/config/mynteye) by extensions ['cmake', 'python']
[1.039s] Level 1:colcon.colcon_core.package_identification:_identify(src/VINS-Fusion-ROS2/config/mynteye) by extension 'cmake'
[1.039s] Level 1:colcon.colcon_core.package_identification:_identify(src/VINS-Fusion-ROS2/config/mynteye) by extension 'python'
[1.039s] Level 1:colcon.colcon_core.package_identification:_identify(src/VINS-Fusion-ROS2/config/mynteye) by extensions ['python_setup_py']
[1.039s] Level 1:colcon.colcon_core.package_identification:_identify(src/VINS-Fusion-ROS2/config/mynteye) by extension 'python_setup_py'
[1.039s] Level 1:colcon.colcon_core.package_identification:_identify(src/VINS-Fusion-ROS2/config/realsense_d435) by extensions ['ignore', 'ignore_ament_install']
[1.039s] Level 1:colcon.colcon_core.package_identification:_identify(src/VINS-Fusion-ROS2/config/realsense_d435) by extension 'ignore'
[1.039s] Level 1:colcon.colcon_core.package_identification:_identify(src/VINS-Fusion-ROS2/config/realsense_d435) by extension 'ignore_ament_install'
[1.039s] Level 1:colcon.colcon_core.package_identification:_identify(src/VINS-Fusion-ROS2/config/realsense_d435) by extensions ['colcon_pkg']
[1.039s] Level 1:colcon.colcon_core.package_identification:_identify(src/VINS-Fusion-ROS2/config/realsense_d435) by extension 'colcon_pkg'
[1.039s] Level 1:colcon.colcon_core.package_identification:_identify(src/VINS-Fusion-ROS2/config/realsense_d435) by extensions ['colcon_meta']
[1.039s] Level 1:colcon.colcon_core.package_identification:_identify(src/VINS-Fusion-ROS2/config/realsense_d435) by extension 'colcon_meta'
[1.039s] Level 1:colcon.colcon_core.package_identification:_identify(src/VINS-Fusion-ROS2/config/realsense_d435) by extensions ['ros']
[1.039s] Level 1:colcon.colcon_core.package_identification:_identify(src/VINS-Fusion-ROS2/config/realsense_d435) by extension 'ros'
[1.039s] Level 1:colcon.colcon_core.package_identification:_identify(src/VINS-Fusion-ROS2/config/realsense_d435) by extensions ['cmake', 'python']
[1.039s] Level 1:colcon.colcon_core.package_identification:_identify(src/VINS-Fusion-ROS2/config/realsense_d435) by extension 'cmake'
[1.039s] Level 1:colcon.colcon_core.package_identification:_identify(src/VINS-Fusion-ROS2/config/realsense_d435) by extension 'python'
[1.039s] Level 1:colcon.colcon_core.package_identification:_identify(src/VINS-Fusion-ROS2/config/realsense_d435) by extensions ['python_setup_py']
[1.039s] Level 1:colcon.colcon_core.package_identification:_identify(src/VINS-Fusion-ROS2/config/realsense_d435) by extension 'python_setup_py'
[1.040s] Level 1:colcon.colcon_core.package_identification:_identify(src/VINS-Fusion-ROS2/config/realsense_d435i) by extensions ['ignore', 'ignore_ament_install']
[1.040s] Level 1:colcon.colcon_core.package_identification:_identify(src/VINS-Fusion-ROS2/config/realsense_d435i) by extension 'ignore'
[1.040s] Level 1:colcon.colcon_core.package_identification:_identify(src/VINS-Fusion-ROS2/config/realsense_d435i) by extension 'ignore_ament_install'
[1.040s] Level 1:colcon.colcon_core.package_identification:_identify(src/VINS-Fusion-ROS2/config/realsense_d435i) by extensions ['colcon_pkg']
[1.040s] Level 1:colcon.colcon_core.package_identification:_identify(src/VINS-Fusion-ROS2/config/realsense_d435i) by extension 'colcon_pkg'
[1.040s] Level 1:colcon.colcon_core.package_identification:_identify(src/VINS-Fusion-ROS2/config/realsense_d435i) by extensions ['colcon_meta']
[1.040s] Level 1:colcon.colcon_core.package_identification:_identify(src/VINS-Fusion-ROS2/config/realsense_d435i) by extension 'colcon_meta'
[1.040s] Level 1:colcon.colcon_core.package_identification:_identify(src/VINS-Fusion-ROS2/config/realsense_d435i) by extensions ['ros']
[1.040s] Level 1:colcon.colcon_core.package_identification:_identify(src/VINS-Fusion-ROS2/config/realsense_d435i) by extension 'ros'
[1.040s] Level 1:colcon.colcon_core.package_identification:_identify(src/VINS-Fusion-ROS2/config/realsense_d435i) by extensions ['cmake', 'python']
[1.040s] Level 1:colcon.colcon_core.package_identification:_identify(src/VINS-Fusion-ROS2/config/realsense_d435i) by extension 'cmake'
[1.040s] Level 1:colcon.colcon_core.package_identification:_identify(src/VINS-Fusion-ROS2/config/realsense_d435i) by extension 'python'
[1.040s] Level 1:colcon.colcon_core.package_identification:_identify(src/VINS-Fusion-ROS2/config/realsense_d435i) by extensions ['python_setup_py']
[1.040s] Level 1:colcon.colcon_core.package_identification:_identify(src/VINS-Fusion-ROS2/config/realsense_d435i) by extension 'python_setup_py'
[1.040s] Level 1:colcon.colcon_core.package_identification:_identify(src/VINS-Fusion-ROS2/config/simulation) by extensions ['ignore', 'ignore_ament_install']
[1.040s] Level 1:colcon.colcon_core.package_identification:_identify(src/VINS-Fusion-ROS2/config/simulation) by extension 'ignore'
[1.040s] Level 1:colcon.colcon_core.package_identification:_identify(src/VINS-Fusion-ROS2/config/simulation) by extension 'ignore_ament_install'
[1.040s] Level 1:colcon.colcon_core.package_identification:_identify(src/VINS-Fusion-ROS2/config/simulation) by extensions ['colcon_pkg']
[1.040s] Level 1:colcon.colcon_core.package_identification:_identify(src/VINS-Fusion-ROS2/config/simulation) by extension 'colcon_pkg'
[1.041s] Level 1:colcon.colcon_core.package_identification:_identify(src/VINS-Fusion-ROS2/config/simulation) by extensions ['colcon_meta']
[1.041s] Level 1:colcon.colcon_core.package_identification:_identify(src/VINS-Fusion-ROS2/config/simulation) by extension 'colcon_meta'
[1.041s] Level 1:colcon.colcon_core.package_identification:_identify(src/VINS-Fusion-ROS2/config/simulation) by extensions ['ros']
[1.041s] Level 1:colcon.colcon_core.package_identification:_identify(src/VINS-Fusion-ROS2/config/simulation) by extension 'ros'
[1.041s] Level 1:colcon.colcon_core.package_identification:_identify(src/VINS-Fusion-ROS2/config/simulation) by extensions ['cmake', 'python']
[1.041s] Level 1:colcon.colcon_core.package_identification:_identify(src/VINS-Fusion-ROS2/config/simulation) by extension 'cmake'
[1.041s] Level 1:colcon.colcon_core.package_identification:_identify(src/VINS-Fusion-ROS2/config/simulation) by extension 'python'
[1.041s] Level 1:colcon.colcon_core.package_identification:_identify(src/VINS-Fusion-ROS2/config/simulation) by extensions ['python_setup_py']
[1.041s] Level 1:colcon.colcon_core.package_identification:_identify(src/VINS-Fusion-ROS2/config/simulation) by extension 'python_setup_py'
[1.041s] Level 1:colcon.colcon_core.package_identification:_identify(src/VINS-Fusion-ROS2/config/vi_car) by extensions ['ignore', 'ignore_ament_install']
[1.041s] Level 1:colcon.colcon_core.package_identification:_identify(src/VINS-Fusion-ROS2/config/vi_car) by extension 'ignore'
[1.041s] Level 1:colcon.colcon_core.package_identification:_identify(src/VINS-Fusion-ROS2/config/vi_car) by extension 'ignore_ament_install'
[1.041s] Level 1:colcon.colcon_core.package_identification:_identify(src/VINS-Fusion-ROS2/config/vi_car) by extensions ['colcon_pkg']
[1.041s] Level 1:colcon.colcon_core.package_identification:_identify(src/VINS-Fusion-ROS2/config/vi_car) by extension 'colcon_pkg'
[1.041s] Level 1:colcon.colcon_core.package_identification:_identify(src/VINS-Fusion-ROS2/config/vi_car) by extensions ['colcon_meta']
[1.041s] Level 1:colcon.colcon_core.package_identification:_identify(src/VINS-Fusion-ROS2/config/vi_car) by extension 'colcon_meta'
[1.041s] Level 1:colcon.colcon_core.package_identification:_identify(src/VINS-Fusion-ROS2/config/vi_car) by extensions ['ros']
[1.041s] Level 1:colcon.colcon_core.package_identification:_identify(src/VINS-Fusion-ROS2/config/vi_car) by extension 'ros'
[1.041s] Level 1:colcon.colcon_core.package_identification:_identify(src/VINS-Fusion-ROS2/config/vi_car) by extensions ['cmake', 'python']
[1.042s] Level 1:colcon.colcon_core.package_identification:_identify(src/VINS-Fusion-ROS2/config/vi_car) by extension 'cmake'
[1.042s] Level 1:colcon.colcon_core.package_identification:_identify(src/VINS-Fusion-ROS2/config/vi_car) by extension 'python'
[1.042s] Level 1:colcon.colcon_core.package_identification:_identify(src/VINS-Fusion-ROS2/config/vi_car) by extensions ['python_setup_py']
[1.042s] Level 1:colcon.colcon_core.package_identification:_identify(src/VINS-Fusion-ROS2/config/vi_car) by extension 'python_setup_py'
[1.042s] Level 1:colcon.colcon_core.package_identification:_identify(src/VINS-Fusion-ROS2/docker) by extensions ['ignore', 'ignore_ament_install']
[1.042s] Level 1:colcon.colcon_core.package_identification:_identify(src/VINS-Fusion-ROS2/docker) by extension 'ignore'
[1.042s] Level 1:colcon.colcon_core.package_identification:_identify(src/VINS-Fusion-ROS2/docker) by extension 'ignore_ament_install'
[1.042s] Level 1:colcon.colcon_core.package_identification:_identify(src/VINS-Fusion-ROS2/docker) by extensions ['colcon_pkg']
[1.042s] Level 1:colcon.colcon_core.package_identification:_identify(src/VINS-Fusion-ROS2/docker) by extension 'colcon_pkg'
[1.042s] Level 1:colcon.colcon_core.package_identification:_identify(src/VINS-Fusion-ROS2/docker) by extensions ['colcon_meta']
[1.042s] Level 1:colcon.colcon_core.package_identification:_identify(src/VINS-Fusion-ROS2/docker) by extension 'colcon_meta'
[1.042s] Level 1:colcon.colcon_core.package_identification:_identify(src/VINS-Fusion-ROS2/docker) by extensions ['ros']
[1.042s] Level 1:colcon.colcon_core.package_identification:_identify(src/VINS-Fusion-ROS2/docker) by extension 'ros'
[1.042s] Level 1:colcon.colcon_core.package_identification:_identify(src/VINS-Fusion-ROS2/docker) by extensions ['cmake', 'python']
[1.042s] Level 1:colcon.colcon_core.package_identification:_identify(src/VINS-Fusion-ROS2/docker) by extension 'cmake'
[1.042s] Level 1:colcon.colcon_core.package_identification:_identify(src/VINS-Fusion-ROS2/docker) by extension 'python'
[1.042s] Level 1:colcon.colcon_core.package_identification:_identify(src/VINS-Fusion-ROS2/docker) by extensions ['python_setup_py']
[1.042s] Level 1:colcon.colcon_core.package_identification:_identify(src/VINS-Fusion-ROS2/docker) by extension 'python_setup_py'
[1.043s] Level 1:colcon.colcon_core.package_identification:_identify(src/VINS-Fusion-ROS2/global_fusion) by extensions ['ignore', 'ignore_ament_install']
[1.043s] Level 1:colcon.colcon_core.package_identification:_identify(src/VINS-Fusion-ROS2/global_fusion) by extension 'ignore'
[1.043s] Level 1:colcon.colcon_core.package_identification:_identify(src/VINS-Fusion-ROS2/global_fusion) by extension 'ignore_ament_install'
[1.043s] Level 1:colcon.colcon_core.package_identification:_identify(src/VINS-Fusion-ROS2/global_fusion) by extensions ['colcon_pkg']
[1.043s] Level 1:colcon.colcon_core.package_identification:_identify(src/VINS-Fusion-ROS2/global_fusion) by extension 'colcon_pkg'
[1.043s] Level 1:colcon.colcon_core.package_identification:_identify(src/VINS-Fusion-ROS2/global_fusion) by extensions ['colcon_meta']
[1.043s] Level 1:colcon.colcon_core.package_identification:_identify(src/VINS-Fusion-ROS2/global_fusion) by extension 'colcon_meta'
[1.043s] Level 1:colcon.colcon_core.package_identification:_identify(src/VINS-Fusion-ROS2/global_fusion) by extensions ['ros']
[1.043s] Level 1:colcon.colcon_core.package_identification:_identify(src/VINS-Fusion-ROS2/global_fusion) by extension 'ros'
[1.045s] DEBUG:colcon.colcon_core.package_identification:Package 'src/VINS-Fusion-ROS2/global_fusion' with type 'ros.ament_cmake' and name 'global_fusion'
[1.045s] Level 1:colcon.colcon_core.package_identification:_identify(src/VINS-Fusion-ROS2/loop_fusion) by extensions ['ignore', 'ignore_ament_install']
[1.046s] Level 1:colcon.colcon_core.package_identification:_identify(src/VINS-Fusion-ROS2/loop_fusion) by extension 'ignore'
[1.046s] Level 1:colcon.colcon_core.package_identification:_identify(src/VINS-Fusion-ROS2/loop_fusion) by extension 'ignore_ament_install'
[1.046s] Level 1:colcon.colcon_core.package_identification:_identify(src/VINS-Fusion-ROS2/loop_fusion) by extensions ['colcon_pkg']
[1.046s] Level 1:colcon.colcon_core.package_identification:_identify(src/VINS-Fusion-ROS2/loop_fusion) by extension 'colcon_pkg'
[1.046s] Level 1:colcon.colcon_core.package_identification:_identify(src/VINS-Fusion-ROS2/loop_fusion) by extensions ['colcon_meta']
[1.046s] Level 1:colcon.colcon_core.package_identification:_identify(src/VINS-Fusion-ROS2/loop_fusion) by extension 'colcon_meta'
[1.046s] Level 1:colcon.colcon_core.package_identification:_identify(src/VINS-Fusion-ROS2/loop_fusion) by extensions ['ros']
[1.046s] Level 1:colcon.colcon_core.package_identification:_identify(src/VINS-Fusion-ROS2/loop_fusion) by extension 'ros'
[1.048s] DEBUG:colcon.colcon_core.package_identification:Package 'src/VINS-Fusion-ROS2/loop_fusion' with type 'ros.ament_cmake' and name 'loop_fusion'
[1.048s] Level 1:colcon.colcon_core.package_identification:_identify(src/VINS-Fusion-ROS2/support_files) by extensions ['ignore', 'ignore_ament_install']
[1.048s] Level 1:colcon.colcon_core.package_identification:_identify(src/VINS-Fusion-ROS2/support_files) by extension 'ignore'
[1.049s] Level 1:colcon.colcon_core.package_identification:_identify(src/VINS-Fusion-ROS2/support_files) by extension 'ignore_ament_install'
[1.049s] Level 1:colcon.colcon_core.package_identification:_identify(src/VINS-Fusion-ROS2/support_files) by extensions ['colcon_pkg']
[1.049s] Level 1:colcon.colcon_core.package_identification:_identify(src/VINS-Fusion-ROS2/support_files) by extension 'colcon_pkg'
[1.049s] Level 1:colcon.colcon_core.package_identification:_identify(src/VINS-Fusion-ROS2/support_files) by extensions ['colcon_meta']
[1.049s] Level 1:colcon.colcon_core.package_identification:_identify(src/VINS-Fusion-ROS2/support_files) by extension 'colcon_meta'
[1.049s] Level 1:colcon.colcon_core.package_identification:_identify(src/VINS-Fusion-ROS2/support_files) by extensions ['ros']
[1.049s] Level 1:colcon.colcon_core.package_identification:_identify(src/VINS-Fusion-ROS2/support_files) by extension 'ros'
[1.049s] Level 1:colcon.colcon_core.package_identification:_identify(src/VINS-Fusion-ROS2/support_files) by extensions ['cmake', 'python']
[1.049s] Level 1:colcon.colcon_core.package_identification:_identify(src/VINS-Fusion-ROS2/support_files) by extension 'cmake'
[1.049s] Level 1:colcon.colcon_core.package_identification:_identify(src/VINS-Fusion-ROS2/support_files) by extension 'python'
[1.049s] Level 1:colcon.colcon_core.package_identification:_identify(src/VINS-Fusion-ROS2/support_files) by extensions ['python_setup_py']
[1.049s] Level 1:colcon.colcon_core.package_identification:_identify(src/VINS-Fusion-ROS2/support_files) by extension 'python_setup_py'
[1.049s] Level 1:colcon.colcon_core.package_identification:_identify(src/VINS-Fusion-ROS2/support_files/image) by extensions ['ignore', 'ignore_ament_install']
[1.049s] Level 1:colcon.colcon_core.package_identification:_identify(src/VINS-Fusion-ROS2/support_files/image) by extension 'ignore'
[1.049s] Level 1:colcon.colcon_core.package_identification:_identify(src/VINS-Fusion-ROS2/support_files/image) by extension 'ignore_ament_install'
[1.050s] Level 1:colcon.colcon_core.package_identification:_identify(src/VINS-Fusion-ROS2/support_files/image) by extensions ['colcon_pkg']
[1.050s] Level 1:colcon.colcon_core.package_identification:_identify(src/VINS-Fusion-ROS2/support_files/image) by extension 'colcon_pkg'
[1.050s] Level 1:colcon.colcon_core.package_identification:_identify(src/VINS-Fusion-ROS2/support_files/image) by extensions ['colcon_meta']
[1.050s] Level 1:colcon.colcon_core.package_identification:_identify(src/VINS-Fusion-ROS2/support_files/image) by extension 'colcon_meta'
[1.050s] Level 1:colcon.colcon_core.package_identification:_identify(src/VINS-Fusion-ROS2/support_files/image) by extensions ['ros']
[1.050s] Level 1:colcon.colcon_core.package_identification:_identify(src/VINS-Fusion-ROS2/support_files/image) by extension 'ros'
[1.050s] Level 1:colcon.colcon_core.package_identification:_identify(src/VINS-Fusion-ROS2/support_files/image) by extensions ['cmake', 'python']
[1.050s] Level 1:colcon.colcon_core.package_identification:_identify(src/VINS-Fusion-ROS2/support_files/image) by extension 'cmake'
[1.050s] Level 1:colcon.colcon_core.package_identification:_identify(src/VINS-Fusion-ROS2/support_files/image) by extension 'python'
[1.050s] Level 1:colcon.colcon_core.package_identification:_identify(src/VINS-Fusion-ROS2/support_files/image) by extensions ['python_setup_py']
[1.050s] Level 1:colcon.colcon_core.package_identification:_identify(src/VINS-Fusion-ROS2/support_files/image) by extension 'python_setup_py'
[1.050s] Level 1:colcon.colcon_core.package_identification:_identify(src/VINS-Fusion-ROS2/vins) by extensions ['ignore', 'ignore_ament_install']
[1.050s] Level 1:colcon.colcon_core.package_identification:_identify(src/VINS-Fusion-ROS2/vins) by extension 'ignore'
[1.050s] Level 1:colcon.colcon_core.package_identification:_identify(src/VINS-Fusion-ROS2/vins) by extension 'ignore_ament_install'
[1.050s] Level 1:colcon.colcon_core.package_identification:_identify(src/VINS-Fusion-ROS2/vins) by extensions ['colcon_pkg']
[1.050s] Level 1:colcon.colcon_core.package_identification:_identify(src/VINS-Fusion-ROS2/vins) by extension 'colcon_pkg'
[1.050s] Level 1:colcon.colcon_core.package_identification:_identify(src/VINS-Fusion-ROS2/vins) by extensions ['colcon_meta']
[1.051s] Level 1:colcon.colcon_core.package_identification:_identify(src/VINS-Fusion-ROS2/vins) by extension 'colcon_meta'
[1.051s] Level 1:colcon.colcon_core.package_identification:_identify(src/VINS-Fusion-ROS2/vins) by extensions ['ros']
[1.051s] Level 1:colcon.colcon_core.package_identification:_identify(src/VINS-Fusion-ROS2/vins) by extension 'ros'
[1.053s] DEBUG:colcon.colcon_core.package_identification:Package 'src/VINS-Fusion-ROS2/vins' with type 'ros.ament_cmake' and name 'vins'
[1.054s] Level 1:colcon.colcon_core.package_identification:_identify(src/fastlio2_ros2) by extensions ['ignore', 'ignore_ament_install']
[1.054s] Level 1:colcon.colcon_core.package_identification:_identify(src/fastlio2_ros2) by extension 'ignore'
[1.054s] Level 1:colcon.colcon_core.package_identification:_identify(src/fastlio2_ros2) by extension 'ignore_ament_install'
[1.054s] Level 1:colcon.colcon_core.package_identification:_identify(src/fastlio2_ros2) by extensions ['colcon_pkg']
[1.054s] Level 1:colcon.colcon_core.package_identification:_identify(src/fastlio2_ros2) by extension 'colcon_pkg'
[1.054s] Level 1:colcon.colcon_core.package_identification:_identify(src/fastlio2_ros2) by extensions ['colcon_meta']
[1.054s] Level 1:colcon.colcon_core.package_identification:_identify(src/fastlio2_ros2) by extension 'colcon_meta'
[1.054s] Level 1:colcon.colcon_core.package_identification:_identify(src/fastlio2_ros2) by extensions ['ros']
[1.054s] Level 1:colcon.colcon_core.package_identification:_identify(src/fastlio2_ros2) by extension 'ros'
[1.055s] Level 1:colcon.colcon_core.package_identification:_identify(src/fastlio2_ros2) by extensions ['cmake', 'python']
[1.055s] Level 1:colcon.colcon_core.package_identification:_identify(src/fastlio2_ros2) by extension 'cmake'
[1.055s] Level 1:colcon.colcon_core.package_identification:_identify(src/fastlio2_ros2) by extension 'python'
[1.055s] Level 1:colcon.colcon_core.package_identification:_identify(src/fastlio2_ros2) by extensions ['python_setup_py']
[1.055s] Level 1:colcon.colcon_core.package_identification:_identify(src/fastlio2_ros2) by extension 'python_setup_py'
[1.055s] Level 1:colcon.colcon_core.package_identification:_identify(src/livox_ros_driver2) by extensions ['ignore', 'ignore_ament_install']
[1.055s] Level 1:colcon.colcon_core.package_identification:_identify(src/livox_ros_driver2) by extension 'ignore'
[1.055s] Level 1:colcon.colcon_core.package_identification:_identify(src/livox_ros_driver2) by extension 'ignore_ament_install'
[1.055s] Level 1:colcon.colcon_core.package_identification:_identify(src/livox_ros_driver2) by extensions ['colcon_pkg']
[1.055s] Level 1:colcon.colcon_core.package_identification:_identify(src/livox_ros_driver2) by extension 'colcon_pkg'
[1.055s] Level 1:colcon.colcon_core.package_identification:_identify(src/livox_ros_driver2) by extensions ['colcon_meta']
[1.055s] Level 1:colcon.colcon_core.package_identification:_identify(src/livox_ros_driver2) by extension 'colcon_meta'
[1.055s] Level 1:colcon.colcon_core.package_identification:_identify(src/livox_ros_driver2) by extensions ['ros']
[1.055s] Level 1:colcon.colcon_core.package_identification:_identify(src/livox_ros_driver2) by extension 'ros'
[1.056s] Level 1:colcon.colcon_core.package_identification:_identify(src/livox_ros_driver2) by extensions ['cmake', 'python']
[1.056s] Level 1:colcon.colcon_core.package_identification:_identify(src/livox_ros_driver2) by extension 'cmake'
[1.056s] Level 1:colcon.colcon_core.package_identification:_identify(src/livox_ros_driver2) by extension 'python'
[1.056s] Level 1:colcon.colcon_core.package_identification:_identify(src/livox_ros_driver2) by extensions ['python_setup_py']
[1.056s] Level 1:colcon.colcon_core.package_identification:_identify(src/livox_ros_driver2) by extension 'python_setup_py'
[1.056s] Level 1:colcon.colcon_core.package_identification:_identify(src/realsense-ros) by extensions ['ignore', 'ignore_ament_install']
[1.056s] Level 1:colcon.colcon_core.package_identification:_identify(src/realsense-ros) by extension 'ignore'
[1.056s] Level 1:colcon.colcon_core.package_identification:_identify(src/realsense-ros) by extension 'ignore_ament_install'
[1.056s] Level 1:colcon.colcon_core.package_identification:_identify(src/realsense-ros) by extensions ['colcon_pkg']
[1.056s] Level 1:colcon.colcon_core.package_identification:_identify(src/realsense-ros) by extension 'colcon_pkg'
[1.056s] Level 1:colcon.colcon_core.package_identification:_identify(src/realsense-ros) by extensions ['colcon_meta']
[1.056s] Level 1:colcon.colcon_core.package_identification:_identify(src/realsense-ros) by extension 'colcon_meta'
[1.056s] Level 1:colcon.colcon_core.package_identification:_identify(src/realsense-ros) by extensions ['ros']
[1.056s] Level 1:colcon.colcon_core.package_identification:_identify(src/realsense-ros) by extension 'ros'
[1.057s] Level 1:colcon.colcon_core.package_identification:_identify(src/realsense-ros) by extensions ['cmake', 'python']
[1.057s] Level 1:colcon.colcon_core.package_identification:_identify(src/realsense-ros) by extension 'cmake'
[1.057s] Level 1:colcon.colcon_core.package_identification:_identify(src/realsense-ros) by extension 'python'
[1.057s] Level 1:colcon.colcon_core.package_identification:_identify(src/realsense-ros) by extensions ['python_setup_py']
[1.057s] Level 1:colcon.colcon_core.package_identification:_identify(src/realsense-ros) by extension 'python_setup_py'
[1.057s] Level 1:colcon.colcon_core.package_identification:_identify(src/realsense-ros/realsense2_camera) by extensions ['ignore', 'ignore_ament_install']
[1.057s] Level 1:colcon.colcon_core.package_identification:_identify(src/realsense-ros/realsense2_camera) by extension 'ignore'
[1.057s] Level 1:colcon.colcon_core.package_identification:_identify(src/realsense-ros/realsense2_camera) by extension 'ignore_ament_install'
[1.057s] Level 1:colcon.colcon_core.package_identification:_identify(src/realsense-ros/realsense2_camera) by extensions ['colcon_pkg']
[1.057s] Level 1:colcon.colcon_core.package_identification:_identify(src/realsense-ros/realsense2_camera) by extension 'colcon_pkg'
[1.057s] Level 1:colcon.colcon_core.package_identification:_identify(src/realsense-ros/realsense2_camera) by extensions ['colcon_meta']
[1.057s] Level 1:colcon.colcon_core.package_identification:_identify(src/realsense-ros/realsense2_camera) by extension 'colcon_meta'
[1.057s] Level 1:colcon.colcon_core.package_identification:_identify(src/realsense-ros/realsense2_camera) by extensions ['ros']
[1.057s] Level 1:colcon.colcon_core.package_identification:_identify(src/realsense-ros/realsense2_camera) by extension 'ros'
[1.072s] DEBUG:colcon.colcon_core.package_identification:Package 'src/realsense-ros/realsense2_camera' with type 'ros.ament_cmake' and name 'realsense2_camera'
[1.073s] Level 1:colcon.colcon_core.package_identification:_identify(src/realsense-ros/realsense2_camera_msgs) by extensions ['ignore', 'ignore_ament_install']
[1.073s] Level 1:colcon.colcon_core.package_identification:_identify(src/realsense-ros/realsense2_camera_msgs) by extension 'ignore'
[1.073s] Level 1:colcon.colcon_core.package_identification:_identify(src/realsense-ros/realsense2_camera_msgs) by extension 'ignore_ament_install'
[1.073s] Level 1:colcon.colcon_core.package_identification:_identify(src/realsense-ros/realsense2_camera_msgs) by extensions ['colcon_pkg']
[1.074s] Level 1:colcon.colcon_core.package_identification:_identify(src/realsense-ros/realsense2_camera_msgs) by extension 'colcon_pkg'
[1.074s] Level 1:colcon.colcon_core.package_identification:_identify(src/realsense-ros/realsense2_camera_msgs) by extensions ['colcon_meta']
[1.074s] Level 1:colcon.colcon_core.package_identification:_identify(src/realsense-ros/realsense2_camera_msgs) by extension 'colcon_meta'
[1.074s] Level 1:colcon.colcon_core.package_identification:_identify(src/realsense-ros/realsense2_camera_msgs) by extensions ['ros']
[1.074s] Level 1:colcon.colcon_core.package_identification:_identify(src/realsense-ros/realsense2_camera_msgs) by extension 'ros'
[1.076s] DEBUG:colcon.colcon_core.package_identification:Package 'src/realsense-ros/realsense2_camera_msgs' with type 'ros.ament_cmake' and name 'realsense2_camera_msgs'
[1.077s] Level 1:colcon.colcon_core.package_identification:_identify(src/realsense-ros/realsense2_description) by extensions ['ignore', 'ignore_ament_install']
[1.077s] Level 1:colcon.colcon_core.package_identification:_identify(src/realsense-ros/realsense2_description) by extension 'ignore'
[1.077s] Level 1:colcon.colcon_core.package_identification:_identify(src/realsense-ros/realsense2_description) by extension 'ignore_ament_install'
[1.077s] Level 1:colcon.colcon_core.package_identification:_identify(src/realsense-ros/realsense2_description) by extensions ['colcon_pkg']
[1.077s] Level 1:colcon.colcon_core.package_identification:_identify(src/realsense-ros/realsense2_description) by extension 'colcon_pkg'
[1.077s] Level 1:colcon.colcon_core.package_identification:_identify(src/realsense-ros/realsense2_description) by extensions ['colcon_meta']
[1.077s] Level 1:colcon.colcon_core.package_identification:_identify(src/realsense-ros/realsense2_description) by extension 'colcon_meta'
[1.077s] Level 1:colcon.colcon_core.package_identification:_identify(src/realsense-ros/realsense2_description) by extensions ['ros']
[1.077s] Level 1:colcon.colcon_core.package_identification:_identify(src/realsense-ros/realsense2_description) by extension 'ros'
[1.079s] DEBUG:colcon.colcon_core.package_identification:Package 'src/realsense-ros/realsense2_description' with type 'ros.ament_cmake' and name 'realsense2_description'
[1.080s] Level 1:colcon.colcon_core.package_identification:_identify(src/realsense-ros/realsense2_rgbd_plugin) by extensions ['ignore', 'ignore_ament_install']
[1.080s] Level 1:colcon.colcon_core.package_identification:_identify(src/realsense-ros/realsense2_rgbd_plugin) by extension 'ignore'
[1.080s] Level 1:colcon.colcon_core.package_identification:_identify(src/realsense-ros/realsense2_rgbd_plugin) by extension 'ignore_ament_install'
[1.080s] Level 1:colcon.colcon_core.package_identification:_identify(src/realsense-ros/realsense2_rgbd_plugin) by extensions ['colcon_pkg']
[1.080s] Level 1:colcon.colcon_core.package_identification:_identify(src/realsense-ros/realsense2_rgbd_plugin) by extension 'colcon_pkg'
[1.080s] Level 1:colcon.colcon_core.package_identification:_identify(src/realsense-ros/realsense2_rgbd_plugin) by extensions ['colcon_meta']
[1.080s] Level 1:colcon.colcon_core.package_identification:_identify(src/realsense-ros/realsense2_rgbd_plugin) by extension 'colcon_meta'
[1.080s] Level 1:colcon.colcon_core.package_identification:_identify(src/realsense-ros/realsense2_rgbd_plugin) by extensions ['ros']
[1.080s] Level 1:colcon.colcon_core.package_identification:_identify(src/realsense-ros/realsense2_rgbd_plugin) by extension 'ros'
[1.080s] Level 1:colcon.colcon_core.package_identification:_identify(src/realsense-ros/realsense2_rgbd_plugin) ignored
[1.080s] Level 1:colcon.colcon_core.package_identification:_identify(src/realsense-ros/realsense2_ros_mqtt_bridge) by extensions ['ignore', 'ignore_ament_install']
[1.080s] Level 1:colcon.colcon_core.package_identification:_identify(src/realsense-ros/realsense2_ros_mqtt_bridge) by extension 'ignore'
[1.081s] Level 1:colcon.colcon_core.package_identification:_identify(src/realsense-ros/realsense2_ros_mqtt_bridge) by extension 'ignore_ament_install'
[1.081s] Level 1:colcon.colcon_core.package_identification:_identify(src/realsense-ros/realsense2_ros_mqtt_bridge) by extensions ['colcon_pkg']
[1.081s] Level 1:colcon.colcon_core.package_identification:_identify(src/realsense-ros/realsense2_ros_mqtt_bridge) by extension 'colcon_pkg'
[1.081s] Level 1:colcon.colcon_core.package_identification:_identify(src/realsense-ros/realsense2_ros_mqtt_bridge) by extensions ['colcon_meta']
[1.081s] Level 1:colcon.colcon_core.package_identification:_identify(src/realsense-ros/realsense2_ros_mqtt_bridge) by extension 'colcon_meta'
[1.081s] Level 1:colcon.colcon_core.package_identification:_identify(src/realsense-ros/realsense2_ros_mqtt_bridge) by extensions ['ros']
[1.081s] Level 1:colcon.colcon_core.package_identification:_identify(src/realsense-ros/realsense2_ros_mqtt_bridge) by extension 'ros'
[1.081s] Level 1:colcon.colcon_core.package_identification:_identify(src/realsense-ros/realsense2_ros_mqtt_bridge) ignored
[1.081s] Level 1:colcon.colcon_core.package_identification:_identify(src/realsense-ros/res) by extensions ['ignore', 'ignore_ament_install']
[1.081s] Level 1:colcon.colcon_core.package_identification:_identify(src/realsense-ros/res) by extension 'ignore'
[1.081s] Level 1:colcon.colcon_core.package_identification:_identify(src/realsense-ros/res) by extension 'ignore_ament_install'
[1.081s] Level 1:colcon.colcon_core.package_identification:_identify(src/realsense-ros/res) by extensions ['colcon_pkg']
[1.081s] Level 1:colcon.colcon_core.package_identification:_identify(src/realsense-ros/res) by extension 'colcon_pkg'
[1.081s] Level 1:colcon.colcon_core.package_identification:_identify(src/realsense-ros/res) by extensions ['colcon_meta']
[1.081s] Level 1:colcon.colcon_core.package_identification:_identify(src/realsense-ros/res) by extension 'colcon_meta'
[1.082s] Level 1:colcon.colcon_core.package_identification:_identify(src/realsense-ros/res) by extensions ['ros']
[1.082s] Level 1:colcon.colcon_core.package_identification:_identify(src/realsense-ros/res) by extension 'ros'
[1.082s] Level 1:colcon.colcon_core.package_identification:_identify(src/realsense-ros/res) by extensions ['cmake', 'python']
[1.082s] Level 1:colcon.colcon_core.package_identification:_identify(src/realsense-ros/res) by extension 'cmake'
[1.082s] Level 1:colcon.colcon_core.package_identification:_identify(src/realsense-ros/res) by extension 'python'
[1.082s] Level 1:colcon.colcon_core.package_identification:_identify(src/realsense-ros/res) by extensions ['python_setup_py']
[1.082s] Level 1:colcon.colcon_core.package_identification:_identify(src/realsense-ros/res) by extension 'python_setup_py'
[1.082s] Level 1:colcon.colcon_core.package_identification:_identify(src/realsense-ros/scripts) by extensions ['ignore', 'ignore_ament_install']
[1.082s] Level 1:colcon.colcon_core.package_identification:_identify(src/realsense-ros/scripts) by extension 'ignore'
[1.082s] Level 1:colcon.colcon_core.package_identification:_identify(src/realsense-ros/scripts) by extension 'ignore_ament_install'
[1.082s] Level 1:colcon.colcon_core.package_identification:_identify(src/realsense-ros/scripts) by extensions ['colcon_pkg']
[1.082s] Level 1:colcon.colcon_core.package_identification:_identify(src/realsense-ros/scripts) by extension 'colcon_pkg'
[1.082s] Level 1:colcon.colcon_core.package_identification:_identify(src/realsense-ros/scripts) by extensions ['colcon_meta']
[1.082s] Level 1:colcon.colcon_core.package_identification:_identify(src/realsense-ros/scripts) by extension 'colcon_meta'
[1.082s] Level 1:colcon.colcon_core.package_identification:_identify(src/realsense-ros/scripts) by extensions ['ros']
[1.082s] Level 1:colcon.colcon_core.package_identification:_identify(src/realsense-ros/scripts) by extension 'ros'
[1.083s] Level 1:colcon.colcon_core.package_identification:_identify(src/realsense-ros/scripts) by extensions ['cmake', 'python']
[1.083s] Level 1:colcon.colcon_core.package_identification:_identify(src/realsense-ros/scripts) by extension 'cmake'
[1.083s] Level 1:colcon.colcon_core.package_identification:_identify(src/realsense-ros/scripts) by extension 'python'
[1.083s] Level 1:colcon.colcon_core.package_identification:_identify(src/realsense-ros/scripts) by extensions ['python_setup_py']
[1.083s] Level 1:colcon.colcon_core.package_identification:_identify(src/realsense-ros/scripts) by extension 'python_setup_py'
[1.083s] Level 1:colcon.colcon_core.package_identification:_identify(src/vision_to_mavros) by extensions ['ignore', 'ignore_ament_install']
[1.083s] Level 1:colcon.colcon_core.package_identification:_identify(src/vision_to_mavros) by extension 'ignore'
[1.083s] Level 1:colcon.colcon_core.package_identification:_identify(src/vision_to_mavros) by extension 'ignore_ament_install'
[1.083s] Level 1:colcon.colcon_core.package_identification:_identify(src/vision_to_mavros) by extensions ['colcon_pkg']
[1.083s] Level 1:colcon.colcon_core.package_identification:_identify(src/vision_to_mavros) by extension 'colcon_pkg'
[1.083s] Level 1:colcon.colcon_core.package_identification:_identify(src/vision_to_mavros) by extensions ['colcon_meta']
[1.083s] Level 1:colcon.colcon_core.package_identification:_identify(src/vision_to_mavros) by extension 'colcon_meta'
[1.083s] Level 1:colcon.colcon_core.package_identification:_identify(src/vision_to_mavros) by extensions ['ros']
[1.083s] Level 1:colcon.colcon_core.package_identification:_identify(src/vision_to_mavros) by extension 'ros'
[1.132s] DEBUG:colcon.colcon_core.package_identification:Found ROS schema reference in package manifest in 'src/vision_to_mavros'
[1.132s] WARNING:colcon.colcon_core.package_identification:Failed to parse ROS package manifest in 'src/vision_to_mavros': Error(s) in package 'src/vision_to_mavros/package.xml':
Invalid email "orangepi@localhost" for person "orangepi"
[1.133s] Level 1:colcon.colcon_core.package_identification:_identify(src/vision_to_mavros) by extensions ['cmake', 'python']
[1.133s] Level 1:colcon.colcon_core.package_identification:_identify(src/vision_to_mavros) by extension 'cmake'
[1.134s] Level 1:colcon.colcon_core.package_identification:_identify(src/vision_to_mavros) by extension 'python'
[1.135s] DEBUG:colcon.colcon_core.package_identification:Package 'src/vision_to_mavros' with type 'cmake' and name 'vision_to_mavros'
[1.135s] Level 1:colcon.colcon_core.package_discovery:discover_packages(recursive) using defaults
[1.135s] Level 1:colcon.colcon_core.package_discovery:discover_packages(ignore) discover
[1.135s] Level 1:colcon.colcon_core.package_discovery:discover_packages(ignore) using defaults
[1.135s] Level 1:colcon.colcon_core.package_discovery:discover_packages(path) discover
[1.135s] Level 1:colcon.colcon_core.package_discovery:discover_packages(path) using defaults
[1.185s] Level 5:colcon.colcon_core.verb:set package 'camera_models' build argument 'cmake_args' from command line to 'None'
[1.185s] Level 5:colcon.colcon_core.verb:set package 'camera_models' build argument 'cmake_target' from command line to 'None'
[1.185s] Level 5:colcon.colcon_core.verb:set package 'camera_models' build argument 'cmake_target_skip_unavailable' from command line to 'False'
[1.185s] Level 5:colcon.colcon_core.verb:set package 'camera_models' build argument 'cmake_clean_cache' from command line to 'False'
[1.185s] Level 5:colcon.colcon_core.verb:set package 'camera_models' build argument 'cmake_clean_first' from command line to 'False'
[1.185s] Level 5:colcon.colcon_core.verb:set package 'camera_models' build argument 'cmake_force_configure' from command line to 'False'
[1.185s] Level 5:colcon.colcon_core.verb:set package 'camera_models' build argument 'ament_cmake_args' from command line to 'None'
[1.185s] Level 5:colcon.colcon_core.verb:set package 'camera_models' build argument 'catkin_cmake_args' from command line to 'None'
[1.185s] Level 5:colcon.colcon_core.verb:set package 'camera_models' build argument 'catkin_skip_building_tests' from command line to 'False'
[1.185s] DEBUG:colcon.colcon_core.verb:Building package 'camera_models' with the following arguments: {'ament_cmake_args': None, 'build_base': '/home/orangepi/Desktop/SparkCar_ROS2_WS/SparkCar_Perception/build/camera_models', 'catkin_cmake_args': None, 'catkin_skip_building_tests': False, 'cmake_args': None, 'cmake_clean_cache': False, 'cmake_clean_first': False, 'cmake_force_configure': False, 'cmake_target': None, 'cmake_target_skip_unavailable': False, 'install_base': '/home/orangepi/Desktop/SparkCar_ROS2_WS/SparkCar_Perception/install/camera_models', 'merge_install': False, 'path': '/home/orangepi/Desktop/SparkCar_ROS2_WS/SparkCar_Perception/src/VINS-Fusion-ROS2/camera_models', 'symlink_install': False, 'test_result_base': None}
[1.186s] Level 5:colcon.colcon_core.verb:set package 'global_fusion' build argument 'cmake_args' from command line to 'None'
[1.186s] Level 5:colcon.colcon_core.verb:set package 'global_fusion' build argument 'cmake_target' from command line to 'None'
[1.186s] Level 5:colcon.colcon_core.verb:set package 'global_fusion' build argument 'cmake_target_skip_unavailable' from command line to 'False'
[1.186s] Level 5:colcon.colcon_core.verb:set package 'global_fusion' build argument 'cmake_clean_cache' from command line to 'False'
[1.186s] Level 5:colcon.colcon_core.verb:set package 'global_fusion' build argument 'cmake_clean_first' from command line to 'False'
[1.186s] Level 5:colcon.colcon_core.verb:set package 'global_fusion' build argument 'cmake_force_configure' from command line to 'False'
[1.186s] Level 5:colcon.colcon_core.verb:set package 'global_fusion' build argument 'ament_cmake_args' from command line to 'None'
[1.186s] Level 5:colcon.colcon_core.verb:set package 'global_fusion' build argument 'catkin_cmake_args' from command line to 'None'
[1.186s] Level 5:colcon.colcon_core.verb:set package 'global_fusion' build argument 'catkin_skip_building_tests' from command line to 'False'
[1.186s] DEBUG:colcon.colcon_core.verb:Building package 'global_fusion' with the following arguments: {'ament_cmake_args': None, 'build_base': '/home/orangepi/Desktop/SparkCar_ROS2_WS/SparkCar_Perception/build/global_fusion', 'catkin_cmake_args': None, 'catkin_skip_building_tests': False, 'cmake_args': None, 'cmake_clean_cache': False, 'cmake_clean_first': False, 'cmake_force_configure': False, 'cmake_target': None, 'cmake_target_skip_unavailable': False, 'install_base': '/home/orangepi/Desktop/SparkCar_ROS2_WS/SparkCar_Perception/install/global_fusion', 'merge_install': False, 'path': '/home/orangepi/Desktop/SparkCar_ROS2_WS/SparkCar_Perception/src/VINS-Fusion-ROS2/global_fusion', 'symlink_install': False, 'test_result_base': None}
[1.186s] Level 5:colcon.colcon_core.verb:set package 'realsense2_camera_msgs' build argument 'cmake_args' from command line to 'None'
[1.186s] Level 5:colcon.colcon_core.verb:set package 'realsense2_camera_msgs' build argument 'cmake_target' from command line to 'None'
[1.186s] Level 5:colcon.colcon_core.verb:set package 'realsense2_camera_msgs' build argument 'cmake_target_skip_unavailable' from command line to 'False'
[1.186s] Level 5:colcon.colcon_core.verb:set package 'realsense2_camera_msgs' build argument 'cmake_clean_cache' from command line to 'False'
[1.186s] Level 5:colcon.colcon_core.verb:set package 'realsense2_camera_msgs' build argument 'cmake_clean_first' from command line to 'False'
[1.186s] Level 5:colcon.colcon_core.verb:set package 'realsense2_camera_msgs' build argument 'cmake_force_configure' from command line to 'False'
[1.187s] Level 5:colcon.colcon_core.verb:set package 'realsense2_camera_msgs' build argument 'ament_cmake_args' from command line to 'None'
[1.187s] Level 5:colcon.colcon_core.verb:set package 'realsense2_camera_msgs' build argument 'catkin_cmake_args' from command line to 'None'
[1.187s] Level 5:colcon.colcon_core.verb:set package 'realsense2_camera_msgs' build argument 'catkin_skip_building_tests' from command line to 'False'
[1.187s] DEBUG:colcon.colcon_core.verb:Building package 'realsense2_camera_msgs' with the following arguments: {'ament_cmake_args': None, 'build_base': '/home/orangepi/Desktop/SparkCar_ROS2_WS/SparkCar_Perception/build/realsense2_camera_msgs', 'catkin_cmake_args': None, 'catkin_skip_building_tests': False, 'cmake_args': None, 'cmake_clean_cache': False, 'cmake_clean_first': False, 'cmake_force_configure': False, 'cmake_target': None, 'cmake_target_skip_unavailable': False, 'install_base': '/home/orangepi/Desktop/SparkCar_ROS2_WS/SparkCar_Perception/install/realsense2_camera_msgs', 'merge_install': False, 'path': '/home/orangepi/Desktop/SparkCar_ROS2_WS/SparkCar_Perception/src/realsense-ros/realsense2_camera_msgs', 'symlink_install': False, 'test_result_base': None}
[1.187s] Level 5:colcon.colcon_core.verb:set package 'vision_to_mavros' build argument 'cmake_args' from command line to 'None'
[1.187s] Level 5:colcon.colcon_core.verb:set package 'vision_to_mavros' build argument 'cmake_target' from command line to 'None'
[1.187s] Level 5:colcon.colcon_core.verb:set package 'vision_to_mavros' build argument 'cmake_target_skip_unavailable' from command line to 'False'
[1.187s] Level 5:colcon.colcon_core.verb:set package 'vision_to_mavros' build argument 'cmake_clean_cache' from command line to 'False'
[1.187s] Level 5:colcon.colcon_core.verb:set package 'vision_to_mavros' build argument 'cmake_clean_first' from command line to 'False'
[1.187s] Level 5:colcon.colcon_core.verb:set package 'vision_to_mavros' build argument 'cmake_force_configure' from command line to 'False'
[1.187s] Level 5:colcon.colcon_core.verb:set package 'vision_to_mavros' build argument 'ament_cmake_args' from command line to 'None'
[1.187s] Level 5:colcon.colcon_core.verb:set package 'vision_to_mavros' build argument 'catkin_cmake_args' from command line to 'None'
[1.187s] Level 5:colcon.colcon_core.verb:set package 'vision_to_mavros' build argument 'catkin_skip_building_tests' from command line to 'False'
[1.187s] DEBUG:colcon.colcon_core.verb:Building package 'vision_to_mavros' with the following arguments: {'ament_cmake_args': None, 'build_base': '/home/orangepi/Desktop/SparkCar_ROS2_WS/SparkCar_Perception/build/vision_to_mavros', 'catkin_cmake_args': None, 'catkin_skip_building_tests': False, 'cmake_args': None, 'cmake_clean_cache': False, 'cmake_clean_first': False, 'cmake_force_configure': False, 'cmake_target': None, 'cmake_target_skip_unavailable': False, 'install_base': '/home/orangepi/Desktop/SparkCar_ROS2_WS/SparkCar_Perception/install/vision_to_mavros', 'merge_install': False, 'path': '/home/orangepi/Desktop/SparkCar_ROS2_WS/SparkCar_Perception/src/vision_to_mavros', 'symlink_install': False, 'test_result_base': None}
[1.188s] Level 5:colcon.colcon_core.verb:set package 'loop_fusion' build argument 'cmake_args' from command line to 'None'
[1.188s] Level 5:colcon.colcon_core.verb:set package 'loop_fusion' build argument 'cmake_target' from command line to 'None'
[1.188s] Level 5:colcon.colcon_core.verb:set package 'loop_fusion' build argument 'cmake_target_skip_unavailable' from command line to 'False'
[1.188s] Level 5:colcon.colcon_core.verb:set package 'loop_fusion' build argument 'cmake_clean_cache' from command line to 'False'
[1.188s] Level 5:colcon.colcon_core.verb:set package 'loop_fusion' build argument 'cmake_clean_first' from command line to 'False'
[1.188s] Level 5:colcon.colcon_core.verb:set package 'loop_fusion' build argument 'cmake_force_configure' from command line to 'False'
[1.188s] Level 5:colcon.colcon_core.verb:set package 'loop_fusion' build argument 'ament_cmake_args' from command line to 'None'
[1.188s] Level 5:colcon.colcon_core.verb:set package 'loop_fusion' build argument 'catkin_cmake_args' from command line to 'None'
[1.188s] Level 5:colcon.colcon_core.verb:set package 'loop_fusion' build argument 'catkin_skip_building_tests' from command line to 'False'
[1.188s] DEBUG:colcon.colcon_core.verb:Building package 'loop_fusion' with the following arguments: {'ament_cmake_args': None, 'build_base': '/home/orangepi/Desktop/SparkCar_ROS2_WS/SparkCar_Perception/build/loop_fusion', 'catkin_cmake_args': None, 'catkin_skip_building_tests': False, 'cmake_args': None, 'cmake_clean_cache': False, 'cmake_clean_first': False, 'cmake_force_configure': False, 'cmake_target': None, 'cmake_target_skip_unavailable': False, 'install_base': '/home/orangepi/Desktop/SparkCar_ROS2_WS/SparkCar_Perception/install/loop_fusion', 'merge_install': False, 'path': '/home/orangepi/Desktop/SparkCar_ROS2_WS/SparkCar_Perception/src/VINS-Fusion-ROS2/loop_fusion', 'symlink_install': False, 'test_result_base': None}
[1.188s] Level 5:colcon.colcon_core.verb:set package 'realsense2_camera' build argument 'cmake_args' from command line to 'None'
[1.188s] Level 5:colcon.colcon_core.verb:set package 'realsense2_camera' build argument 'cmake_target' from command line to 'None'
[1.189s] Level 5:colcon.colcon_core.verb:set package 'realsense2_camera' build argument 'cmake_target_skip_unavailable' from command line to 'False'
[1.189s] Level 5:colcon.colcon_core.verb:set package 'realsense2_camera' build argument 'cmake_clean_cache' from command line to 'False'
[1.189s] Level 5:colcon.colcon_core.verb:set package 'realsense2_camera' build argument 'cmake_clean_first' from command line to 'False'
[1.189s] Level 5:colcon.colcon_core.verb:set package 'realsense2_camera' build argument 'cmake_force_configure' from command line to 'False'
[1.189s] Level 5:colcon.colcon_core.verb:set package 'realsense2_camera' build argument 'ament_cmake_args' from command line to 'None'
[1.189s] Level 5:colcon.colcon_core.verb:set package 'realsense2_camera' build argument 'catkin_cmake_args' from command line to 'None'
[1.189s] Level 5:colcon.colcon_core.verb:set package 'realsense2_camera' build argument 'catkin_skip_building_tests' from command line to 'False'
[1.189s] DEBUG:colcon.colcon_core.verb:Building package 'realsense2_camera' with the following arguments: {'ament_cmake_args': None, 'build_base': '/home/orangepi/Desktop/SparkCar_ROS2_WS/SparkCar_Perception/build/realsense2_camera', 'catkin_cmake_args': None, 'catkin_skip_building_tests': False, 'cmake_args': None, 'cmake_clean_cache': False, 'cmake_clean_first': False, 'cmake_force_configure': False, 'cmake_target': None, 'cmake_target_skip_unavailable': False, 'install_base': '/home/orangepi/Desktop/SparkCar_ROS2_WS/SparkCar_Perception/install/realsense2_camera', 'merge_install': False, 'path': '/home/orangepi/Desktop/SparkCar_ROS2_WS/SparkCar_Perception/src/realsense-ros/realsense2_camera', 'symlink_install': False, 'test_result_base': None}
[1.189s] Level 5:colcon.colcon_core.verb:set package 'realsense2_description' build argument 'cmake_args' from command line to 'None'
[1.189s] Level 5:colcon.colcon_core.verb:set package 'realsense2_description' build argument 'cmake_target' from command line to 'None'
[1.189s] Level 5:colcon.colcon_core.verb:set package 'realsense2_description' build argument 'cmake_target_skip_unavailable' from command line to 'False'
[1.189s] Level 5:colcon.colcon_core.verb:set package 'realsense2_description' build argument 'cmake_clean_cache' from command line to 'False'
[1.189s] Level 5:colcon.colcon_core.verb:set package 'realsense2_description' build argument 'cmake_clean_first' from command line to 'False'
[1.189s] Level 5:colcon.colcon_core.verb:set package 'realsense2_description' build argument 'cmake_force_configure' from command line to 'False'
[1.189s] Level 5:colcon.colcon_core.verb:set package 'realsense2_description' build argument 'ament_cmake_args' from command line to 'None'
[1.189s] Level 5:colcon.colcon_core.verb:set package 'realsense2_description' build argument 'catkin_cmake_args' from command line to 'None'
[1.189s] Level 5:colcon.colcon_core.verb:set package 'realsense2_description' build argument 'catkin_skip_building_tests' from command line to 'False'
[1.189s] DEBUG:colcon.colcon_core.verb:Building package 'realsense2_description' with the following arguments: {'ament_cmake_args': None, 'build_base': '/home/orangepi/Desktop/SparkCar_ROS2_WS/SparkCar_Perception/build/realsense2_description', 'catkin_cmake_args': None, 'catkin_skip_building_tests': False, 'cmake_args': None, 'cmake_clean_cache': False, 'cmake_clean_first': False, 'cmake_force_configure': False, 'cmake_target': None, 'cmake_target_skip_unavailable': False, 'install_base': '/home/orangepi/Desktop/SparkCar_ROS2_WS/SparkCar_Perception/install/realsense2_description', 'merge_install': False, 'path': '/home/orangepi/Desktop/SparkCar_ROS2_WS/SparkCar_Perception/src/realsense-ros/realsense2_description', 'symlink_install': False, 'test_result_base': None}
[1.190s] Level 5:colcon.colcon_core.verb:set package 'vins' build argument 'cmake_args' from command line to 'None'
[1.190s] Level 5:colcon.colcon_core.verb:set package 'vins' build argument 'cmake_target' from command line to 'None'
[1.190s] Level 5:colcon.colcon_core.verb:set package 'vins' build argument 'cmake_target_skip_unavailable' from command line to 'False'
[1.190s] Level 5:colcon.colcon_core.verb:set package 'vins' build argument 'cmake_clean_cache' from command line to 'False'
[1.190s] Level 5:colcon.colcon_core.verb:set package 'vins' build argument 'cmake_clean_first' from command line to 'False'
[1.190s] Level 5:colcon.colcon_core.verb:set package 'vins' build argument 'cmake_force_configure' from command line to 'False'
[1.190s] Level 5:colcon.colcon_core.verb:set package 'vins' build argument 'ament_cmake_args' from command line to 'None'
[1.190s] Level 5:colcon.colcon_core.verb:set package 'vins' build argument 'catkin_cmake_args' from command line to 'None'
[1.190s] Level 5:colcon.colcon_core.verb:set package 'vins' build argument 'catkin_skip_building_tests' from command line to 'False'
[1.190s] DEBUG:colcon.colcon_core.verb:Building package 'vins' with the following arguments: {'ament_cmake_args': None, 'build_base': '/home/orangepi/Desktop/SparkCar_ROS2_WS/SparkCar_Perception/build/vins', 'catkin_cmake_args': None, 'catkin_skip_building_tests': False, 'cmake_args': None, 'cmake_clean_cache': False, 'cmake_clean_first': False, 'cmake_force_configure': False, 'cmake_target': None, 'cmake_target_skip_unavailable': False, 'install_base': '/home/orangepi/Desktop/SparkCar_ROS2_WS/SparkCar_Perception/install/vins', 'merge_install': False, 'path': '/home/orangepi/Desktop/SparkCar_ROS2_WS/SparkCar_Perception/src/VINS-Fusion-ROS2/vins', 'symlink_install': False, 'test_result_base': None}
[1.190s] INFO:colcon.colcon_core.executor:Executing jobs using 'parallel' executor
[1.192s] DEBUG:colcon.colcon_parallel_executor.executor.parallel:run_until_complete
[1.192s] INFO:colcon.colcon_ros.task.ament_cmake.build:Building ROS package in '/home/orangepi/Desktop/SparkCar_ROS2_WS/SparkCar_Perception/src/VINS-Fusion-ROS2/camera_models' with build type 'ament_cmake'
[1.193s] INFO:colcon.colcon_cmake.task.cmake.build:Building CMake package in '/home/orangepi/Desktop/SparkCar_ROS2_WS/SparkCar_Perception/src/VINS-Fusion-ROS2/camera_models'
[1.201s] INFO:colcon.colcon_core.plugin_system:Skipping extension 'colcon_core.shell.bat': Not used on non-Windows systems
[1.202s] INFO:colcon.colcon_core.shell:Skip shell extension 'powershell' for command environment: Not usable outside of PowerShell
[1.202s] DEBUG:colcon.colcon_core.shell:Skip shell extension 'dsv' for command environment
[1.222s] INFO:colcon.colcon_ros.task.ament_cmake.build:Building ROS package in '/home/orangepi/Desktop/SparkCar_ROS2_WS/SparkCar_Perception/src/realsense-ros/realsense2_camera_msgs' with build type 'ament_cmake'
[1.222s] INFO:colcon.colcon_cmake.task.cmake.build:Building CMake package in '/home/orangepi/Desktop/SparkCar_ROS2_WS/SparkCar_Perception/src/realsense-ros/realsense2_camera_msgs'
[1.223s] INFO:colcon.colcon_core.shell:Skip shell extension 'powershell' for command environment: Not usable outside of PowerShell
[1.223s] DEBUG:colcon.colcon_core.shell:Skip shell extension 'dsv' for command environment
[1.244s] INFO:colcon.colcon_ros.task.ament_cmake.build:Building ROS package in '/home/orangepi/Desktop/SparkCar_ROS2_WS/SparkCar_Perception/src/VINS-Fusion-ROS2/global_fusion' with build type 'ament_cmake'
[1.245s] INFO:colcon.colcon_cmake.task.cmake.build:Building CMake package in '/home/orangepi/Desktop/SparkCar_ROS2_WS/SparkCar_Perception/src/VINS-Fusion-ROS2/global_fusion'
[1.245s] INFO:colcon.colcon_core.shell:Skip shell extension 'powershell' for command environment: Not usable outside of PowerShell
[1.245s] DEBUG:colcon.colcon_core.shell:Skip shell extension 'dsv' for command environment
[1.255s] INFO:colcon.colcon_cmake.task.cmake.build:Building CMake package in '/home/orangepi/Desktop/SparkCar_ROS2_WS/SparkCar_Perception/src/vision_to_mavros'
[1.255s] INFO:colcon.colcon_core.shell:Skip shell extension 'powershell' for command environment: Not usable outside of PowerShell
[1.255s] DEBUG:colcon.colcon_core.shell:Skip shell extension 'dsv' for command environment
[1.274s] DEBUG:colcon.colcon_core.event_handler.log_command:Invoking command in '/home/orangepi/Desktop/SparkCar_ROS2_WS/SparkCar_Perception/build/camera_models': CMAKE_PREFIX_PATH=${CMAKE_PREFIX_PATH}:/opt/ros/humble /usr/bin/cmake --build /home/orangepi/Desktop/SparkCar_ROS2_WS/SparkCar_Perception/build/camera_models -- -j8 -l8
[1.287s] DEBUG:colcon.colcon_core.event_handler.log_command:Invoking command in '/home/orangepi/Desktop/SparkCar_ROS2_WS/SparkCar_Perception/build/realsense2_camera_msgs': CMAKE_PREFIX_PATH=${CMAKE_PREFIX_PATH}:/opt/ros/humble /usr/bin/cmake --build /home/orangepi/Desktop/SparkCar_ROS2_WS/SparkCar_Perception/build/realsense2_camera_msgs -- -j8 -l8
[1.297s] DEBUG:colcon.colcon_core.event_handler.log_command:Invoking command in '/home/orangepi/Desktop/SparkCar_ROS2_WS/SparkCar_Perception/build/global_fusion': CMAKE_PREFIX_PATH=${CMAKE_PREFIX_PATH}:/opt/ros/humble /usr/bin/cmake --build /home/orangepi/Desktop/SparkCar_ROS2_WS/SparkCar_Perception/build/global_fusion -- -j8 -l8
[1.312s] DEBUG:colcon.colcon_core.event_handler.log_command:Invoking command in '/home/orangepi/Desktop/SparkCar_ROS2_WS/SparkCar_Perception/build/vision_to_mavros': /usr/bin/cmake /home/orangepi/Desktop/SparkCar_ROS2_WS/SparkCar_Perception/src/vision_to_mavros -DCMAKE_INSTALL_PREFIX=/home/orangepi/Desktop/SparkCar_ROS2_WS/SparkCar_Perception/install/vision_to_mavros
[1.772s] DEBUG:colcon.colcon_core.event_handler.log_command:Invoked command in '/home/orangepi/Desktop/SparkCar_ROS2_WS/SparkCar_Perception/build/global_fusion' returned '0': CMAKE_PREFIX_PATH=${CMAKE_PREFIX_PATH}:/opt/ros/humble /usr/bin/cmake --build /home/orangepi/Desktop/SparkCar_ROS2_WS/SparkCar_Perception/build/global_fusion -- -j8 -l8
[1.811s] DEBUG:colcon.colcon_core.event_handler.log_command:Invoking command in '/home/orangepi/Desktop/SparkCar_ROS2_WS/SparkCar_Perception/build/global_fusion': CMAKE_PREFIX_PATH=${CMAKE_PREFIX_PATH}:/opt/ros/humble /usr/bin/cmake --install /home/orangepi/Desktop/SparkCar_ROS2_WS/SparkCar_Perception/build/global_fusion
[1.815s] DEBUG:colcon.colcon_core.event_handler.log_command:Invoked command in '/home/orangepi/Desktop/SparkCar_ROS2_WS/SparkCar_Perception/build/camera_models' returned '0': CMAKE_PREFIX_PATH=${CMAKE_PREFIX_PATH}:/opt/ros/humble /usr/bin/cmake --build /home/orangepi/Desktop/SparkCar_ROS2_WS/SparkCar_Perception/build/camera_models -- -j8 -l8
[1.820s] DEBUG:colcon.colcon_core.event_handler.log_command:Invoking command in '/home/orangepi/Desktop/SparkCar_ROS2_WS/SparkCar_Perception/build/camera_models': CMAKE_PREFIX_PATH=${CMAKE_PREFIX_PATH}:/opt/ros/humble /usr/bin/cmake --install /home/orangepi/Desktop/SparkCar_ROS2_WS/SparkCar_Perception/build/camera_models
[1.877s] Level 1:colcon.colcon_core.environment:create_environment_scripts_only(global_fusion)
[1.880s] DEBUG:colcon.colcon_core.event_handler.log_command:Invoked command in '/home/orangepi/Desktop/SparkCar_ROS2_WS/SparkCar_Perception/build/global_fusion' returned '0': CMAKE_PREFIX_PATH=${CMAKE_PREFIX_PATH}:/opt/ros/humble /usr/bin/cmake --install /home/orangepi/Desktop/SparkCar_ROS2_WS/SparkCar_Perception/build/global_fusion
[1.900s] Level 1:colcon.colcon_core.environment:checking '/home/orangepi/Desktop/SparkCar_ROS2_WS/SparkCar_Perception/install/global_fusion' for CMake module files
[1.903s] Level 1:colcon.colcon_core.environment:checking '/home/orangepi/Desktop/SparkCar_ROS2_WS/SparkCar_Perception/install/global_fusion' for CMake config files
[1.906s] Level 1:colcon.colcon_core.shell:create_environment_hook('global_fusion', 'cmake_prefix_path')
[1.907s] INFO:colcon.colcon_core.shell:Creating environment hook '/home/orangepi/Desktop/SparkCar_ROS2_WS/SparkCar_Perception/install/global_fusion/share/global_fusion/hook/cmake_prefix_path.ps1'
[1.911s] INFO:colcon.colcon_core.shell:Creating environment descriptor '/home/orangepi/Desktop/SparkCar_ROS2_WS/SparkCar_Perception/install/global_fusion/share/global_fusion/hook/cmake_prefix_path.dsv'
[1.912s] INFO:colcon.colcon_core.shell:Creating environment hook '/home/orangepi/Desktop/SparkCar_ROS2_WS/SparkCar_Perception/install/global_fusion/share/global_fusion/hook/cmake_prefix_path.sh'
[1.915s] Level 1:colcon.colcon_core.environment:checking '/home/orangepi/Desktop/SparkCar_ROS2_WS/SparkCar_Perception/install/global_fusion/lib'
[1.916s] Level 1:colcon.colcon_core.environment:checking '/home/orangepi/Desktop/SparkCar_ROS2_WS/SparkCar_Perception/install/global_fusion/bin'
[1.916s] Level 1:colcon.colcon_core.shell:create_environment_hook('global_fusion', 'path')
[1.916s] INFO:colcon.colcon_core.shell:Creating environment hook '/home/orangepi/Desktop/SparkCar_ROS2_WS/SparkCar_Perception/install/global_fusion/share/global_fusion/hook/path.ps1'
[1.918s] INFO:colcon.colcon_core.shell:Creating environment descriptor '/home/orangepi/Desktop/SparkCar_ROS2_WS/SparkCar_Perception/install/global_fusion/share/global_fusion/hook/path.dsv'
[1.919s] INFO:colcon.colcon_core.shell:Creating environment hook '/home/orangepi/Desktop/SparkCar_ROS2_WS/SparkCar_Perception/install/global_fusion/share/global_fusion/hook/path.sh'
[1.920s] Level 1:colcon.colcon_core.environment:checking '/home/orangepi/Desktop/SparkCar_ROS2_WS/SparkCar_Perception/install/global_fusion/lib/pkgconfig/global_fusion.pc'
[1.922s] Level 1:colcon.colcon_core.environment:checking '/home/orangepi/Desktop/SparkCar_ROS2_WS/SparkCar_Perception/install/global_fusion/lib/python3.10/site-packages'
[1.923s] Level 1:colcon.colcon_core.environment:checking '/home/orangepi/Desktop/SparkCar_ROS2_WS/SparkCar_Perception/install/global_fusion/bin'
[1.923s] Level 1:colcon.colcon_core.shell:create_environment_hook('global_fusion', 'pythonscriptspath')
[1.923s] INFO:colcon.colcon_core.shell:Creating environment hook '/home/orangepi/Desktop/SparkCar_ROS2_WS/SparkCar_Perception/install/global_fusion/share/global_fusion/hook/pythonscriptspath.ps1'
[1.924s] INFO:colcon.colcon_core.shell:Creating environment descriptor '/home/orangepi/Desktop/SparkCar_ROS2_WS/SparkCar_Perception/install/global_fusion/share/global_fusion/hook/pythonscriptspath.dsv'
[1.926s] INFO:colcon.colcon_core.shell:Creating environment hook '/home/orangepi/Desktop/SparkCar_ROS2_WS/SparkCar_Perception/install/global_fusion/share/global_fusion/hook/pythonscriptspath.sh'
[1.927s] INFO:colcon.colcon_core.shell:Creating package script '/home/orangepi/Desktop/SparkCar_ROS2_WS/SparkCar_Perception/install/global_fusion/share/global_fusion/package.ps1'
[1.929s] INFO:colcon.colcon_core.shell:Creating package descriptor '/home/orangepi/Desktop/SparkCar_ROS2_WS/SparkCar_Perception/install/global_fusion/share/global_fusion/package.dsv'
[1.931s] INFO:colcon.colcon_core.shell:Creating package script '/home/orangepi/Desktop/SparkCar_ROS2_WS/SparkCar_Perception/install/global_fusion/share/global_fusion/package.sh'
[1.933s] INFO:colcon.colcon_core.shell:Creating package script '/home/orangepi/Desktop/SparkCar_ROS2_WS/SparkCar_Perception/install/global_fusion/share/global_fusion/package.bash'
[1.935s] INFO:colcon.colcon_core.shell:Creating package script '/home/orangepi/Desktop/SparkCar_ROS2_WS/SparkCar_Perception/install/global_fusion/share/global_fusion/package.zsh'
[1.937s] Level 1:colcon.colcon_core.environment:create_file_with_runtime_dependencies(/home/orangepi/Desktop/SparkCar_ROS2_WS/SparkCar_Perception/install/global_fusion/share/colcon-core/packages/global_fusion)
[1.939s] Level 1:colcon.colcon_core.environment:create_environment_scripts_only(global_fusion)
[1.939s] Level 1:colcon.colcon_core.environment:checking '/home/orangepi/Desktop/SparkCar_ROS2_WS/SparkCar_Perception/install/global_fusion' for CMake module files
[1.940s] Level 1:colcon.colcon_core.environment:checking '/home/orangepi/Desktop/SparkCar_ROS2_WS/SparkCar_Perception/install/global_fusion' for CMake config files
[1.941s] Level 1:colcon.colcon_core.shell:create_environment_hook('global_fusion', 'cmake_prefix_path')
[1.941s] INFO:colcon.colcon_core.shell:Creating environment hook '/home/orangepi/Desktop/SparkCar_ROS2_WS/SparkCar_Perception/install/global_fusion/share/global_fusion/hook/cmake_prefix_path.ps1'
[1.943s] INFO:colcon.colcon_core.shell:Creating environment descriptor '/home/orangepi/Desktop/SparkCar_ROS2_WS/SparkCar_Perception/install/global_fusion/share/global_fusion/hook/cmake_prefix_path.dsv'
[1.944s] INFO:colcon.colcon_core.shell:Creating environment hook '/home/orangepi/Desktop/SparkCar_ROS2_WS/SparkCar_Perception/install/global_fusion/share/global_fusion/hook/cmake_prefix_path.sh'
[1.945s] Level 1:colcon.colcon_core.environment:checking '/home/orangepi/Desktop/SparkCar_ROS2_WS/SparkCar_Perception/install/global_fusion/lib'
[1.945s] Level 1:colcon.colcon_core.environment:checking '/home/orangepi/Desktop/SparkCar_ROS2_WS/SparkCar_Perception/install/global_fusion/bin'
[1.945s] Level 1:colcon.colcon_core.shell:create_environment_hook('global_fusion', 'path')
[1.946s] INFO:colcon.colcon_core.shell:Creating environment hook '/home/orangepi/Desktop/SparkCar_ROS2_WS/SparkCar_Perception/install/global_fusion/share/global_fusion/hook/path.ps1'
[1.947s] INFO:colcon.colcon_core.shell:Creating environment descriptor '/home/orangepi/Desktop/SparkCar_ROS2_WS/SparkCar_Perception/install/global_fusion/share/global_fusion/hook/path.dsv'
[1.948s] INFO:colcon.colcon_core.shell:Creating environment hook '/home/orangepi/Desktop/SparkCar_ROS2_WS/SparkCar_Perception/install/global_fusion/share/global_fusion/hook/path.sh'
[1.949s] Level 1:colcon.colcon_core.environment:checking '/home/orangepi/Desktop/SparkCar_ROS2_WS/SparkCar_Perception/install/global_fusion/lib/pkgconfig/global_fusion.pc'
[1.950s] Level 1:colcon.colcon_core.environment:checking '/home/orangepi/Desktop/SparkCar_ROS2_WS/SparkCar_Perception/install/global_fusion/lib/python3.10/site-packages'
[1.950s] Level 1:colcon.colcon_core.environment:checking '/home/orangepi/Desktop/SparkCar_ROS2_WS/SparkCar_Perception/install/global_fusion/bin'
[1.950s] Level 1:colcon.colcon_core.shell:create_environment_hook('global_fusion', 'pythonscriptspath')
[1.951s] INFO:colcon.colcon_core.shell:Creating environment hook '/home/orangepi/Desktop/SparkCar_ROS2_WS/SparkCar_Perception/install/global_fusion/share/global_fusion/hook/pythonscriptspath.ps1'
[1.952s] INFO:colcon.colcon_core.shell:Creating environment descriptor '/home/orangepi/Desktop/SparkCar_ROS2_WS/SparkCar_Perception/install/global_fusion/share/global_fusion/hook/pythonscriptspath.dsv'
[1.953s] INFO:colcon.colcon_core.shell:Creating environment hook '/home/orangepi/Desktop/SparkCar_ROS2_WS/SparkCar_Perception/install/global_fusion/share/global_fusion/hook/pythonscriptspath.sh'
[1.955s] INFO:colcon.colcon_core.shell:Creating package script '/home/orangepi/Desktop/SparkCar_ROS2_WS/SparkCar_Perception/install/global_fusion/share/global_fusion/package.ps1'
[1.956s] INFO:colcon.colcon_core.shell:Creating package descriptor '/home/orangepi/Desktop/SparkCar_ROS2_WS/SparkCar_Perception/install/global_fusion/share/global_fusion/package.dsv'
[1.957s] INFO:colcon.colcon_core.shell:Creating package script '/home/orangepi/Desktop/SparkCar_ROS2_WS/SparkCar_Perception/install/global_fusion/share/global_fusion/package.sh'
[1.958s] INFO:colcon.colcon_core.shell:Creating package script '/home/orangepi/Desktop/SparkCar_ROS2_WS/SparkCar_Perception/install/global_fusion/share/global_fusion/package.bash'
[1.960s] INFO:colcon.colcon_core.shell:Creating package script '/home/orangepi/Desktop/SparkCar_ROS2_WS/SparkCar_Perception/install/global_fusion/share/global_fusion/package.zsh'
[1.961s] Level 1:colcon.colcon_core.environment:create_file_with_runtime_dependencies(/home/orangepi/Desktop/SparkCar_ROS2_WS/SparkCar_Perception/install/global_fusion/share/colcon-core/packages/global_fusion)
[1.963s] Level 1:colcon.colcon_core.environment:create_environment_scripts_only(camera_models)
[1.964s] Level 1:colcon.colcon_core.environment:checking '/home/orangepi/Desktop/SparkCar_ROS2_WS/SparkCar_Perception/install/camera_models' for CMake module files
[1.966s] DEBUG:colcon.colcon_core.event_handler.log_command:Invoked command in '/home/orangepi/Desktop/SparkCar_ROS2_WS/SparkCar_Perception/build/camera_models' returned '0': CMAKE_PREFIX_PATH=${CMAKE_PREFIX_PATH}:/opt/ros/humble /usr/bin/cmake --install /home/orangepi/Desktop/SparkCar_ROS2_WS/SparkCar_Perception/build/camera_models
[1.967s] Level 1:colcon.colcon_core.environment:checking '/home/orangepi/Desktop/SparkCar_ROS2_WS/SparkCar_Perception/install/camera_models' for CMake config files
[1.968s] Level 1:colcon.colcon_core.shell:create_environment_hook('camera_models', 'cmake_prefix_path')
[1.968s] INFO:colcon.colcon_core.shell:Creating environment hook '/home/orangepi/Desktop/SparkCar_ROS2_WS/SparkCar_Perception/install/camera_models/share/camera_models/hook/cmake_prefix_path.ps1'
[1.969s] INFO:colcon.colcon_core.shell:Creating environment descriptor '/home/orangepi/Desktop/SparkCar_ROS2_WS/SparkCar_Perception/install/camera_models/share/camera_models/hook/cmake_prefix_path.dsv'
[1.970s] INFO:colcon.colcon_core.shell:Creating environment hook '/home/orangepi/Desktop/SparkCar_ROS2_WS/SparkCar_Perception/install/camera_models/share/camera_models/hook/cmake_prefix_path.sh'
[1.971s] Level 1:colcon.colcon_core.environment:checking '/home/orangepi/Desktop/SparkCar_ROS2_WS/SparkCar_Perception/install/camera_models/lib'
[1.971s] Level 1:colcon.colcon_core.environment:checking '/home/orangepi/Desktop/SparkCar_ROS2_WS/SparkCar_Perception/install/camera_models/bin'
[1.971s] Level 1:colcon.colcon_core.shell:create_environment_hook('camera_models', 'path')
[1.972s] INFO:colcon.colcon_core.shell:Creating environment hook '/home/orangepi/Desktop/SparkCar_ROS2_WS/SparkCar_Perception/install/camera_models/share/camera_models/hook/path.ps1'
[1.973s] INFO:colcon.colcon_core.shell:Creating environment descriptor '/home/orangepi/Desktop/SparkCar_ROS2_WS/SparkCar_Perception/install/camera_models/share/camera_models/hook/path.dsv'
[1.973s] INFO:colcon.colcon_core.shell:Creating environment hook '/home/orangepi/Desktop/SparkCar_ROS2_WS/SparkCar_Perception/install/camera_models/share/camera_models/hook/path.sh'
[1.974s] Level 1:colcon.colcon_core.environment:checking '/home/orangepi/Desktop/SparkCar_ROS2_WS/SparkCar_Perception/install/camera_models/lib/pkgconfig/camera_models.pc'
[1.975s] Level 1:colcon.colcon_core.environment:checking '/home/orangepi/Desktop/SparkCar_ROS2_WS/SparkCar_Perception/install/camera_models/lib/python3.10/site-packages'
[1.975s] Level 1:colcon.colcon_core.environment:checking '/home/orangepi/Desktop/SparkCar_ROS2_WS/SparkCar_Perception/install/camera_models/bin'
[1.976s] Level 1:colcon.colcon_core.shell:create_environment_hook('camera_models', 'pythonscriptspath')
[1.976s] INFO:colcon.colcon_core.shell:Creating environment hook '/home/orangepi/Desktop/SparkCar_ROS2_WS/SparkCar_Perception/install/camera_models/share/camera_models/hook/pythonscriptspath.ps1'
[1.977s] INFO:colcon.colcon_core.shell:Creating environment descriptor '/home/orangepi/Desktop/SparkCar_ROS2_WS/SparkCar_Perception/install/camera_models/share/camera_models/hook/pythonscriptspath.dsv'
[1.978s] INFO:colcon.colcon_core.shell:Creating environment hook '/home/orangepi/Desktop/SparkCar_ROS2_WS/SparkCar_Perception/install/camera_models/share/camera_models/hook/pythonscriptspath.sh'
[1.979s] INFO:colcon.colcon_core.shell:Creating package script '/home/orangepi/Desktop/SparkCar_ROS2_WS/SparkCar_Perception/install/camera_models/share/camera_models/package.ps1'
[1.981s] INFO:colcon.colcon_core.shell:Creating package descriptor '/home/orangepi/Desktop/SparkCar_ROS2_WS/SparkCar_Perception/install/camera_models/share/camera_models/package.dsv'
[1.982s] INFO:colcon.colcon_core.shell:Creating package script '/home/orangepi/Desktop/SparkCar_ROS2_WS/SparkCar_Perception/install/camera_models/share/camera_models/package.sh'
[1.983s] INFO:colcon.colcon_core.shell:Creating package script '/home/orangepi/Desktop/SparkCar_ROS2_WS/SparkCar_Perception/install/camera_models/share/camera_models/package.bash'
[1.984s] INFO:colcon.colcon_core.shell:Creating package script '/home/orangepi/Desktop/SparkCar_ROS2_WS/SparkCar_Perception/install/camera_models/share/camera_models/package.zsh'
[1.985s] Level 1:colcon.colcon_core.environment:create_file_with_runtime_dependencies(/home/orangepi/Desktop/SparkCar_ROS2_WS/SparkCar_Perception/install/camera_models/share/colcon-core/packages/camera_models)
[1.986s] Level 1:colcon.colcon_core.environment:create_environment_scripts_only(camera_models)
[1.987s] Level 1:colcon.colcon_core.environment:checking '/home/orangepi/Desktop/SparkCar_ROS2_WS/SparkCar_Perception/install/camera_models' for CMake module files
[1.987s] Level 1:colcon.colcon_core.environment:checking '/home/orangepi/Desktop/SparkCar_ROS2_WS/SparkCar_Perception/install/camera_models' for CMake config files
[1.988s] Level 1:colcon.colcon_core.shell:create_environment_hook('camera_models', 'cmake_prefix_path')
[1.988s] INFO:colcon.colcon_core.shell:Creating environment hook '/home/orangepi/Desktop/SparkCar_ROS2_WS/SparkCar_Perception/install/camera_models/share/camera_models/hook/cmake_prefix_path.ps1'
[1.989s] INFO:colcon.colcon_core.shell:Creating environment descriptor '/home/orangepi/Desktop/SparkCar_ROS2_WS/SparkCar_Perception/install/camera_models/share/camera_models/hook/cmake_prefix_path.dsv'
[1.990s] INFO:colcon.colcon_core.shell:Creating environment hook '/home/orangepi/Desktop/SparkCar_ROS2_WS/SparkCar_Perception/install/camera_models/share/camera_models/hook/cmake_prefix_path.sh'
[1.991s] Level 1:colcon.colcon_core.environment:checking '/home/orangepi/Desktop/SparkCar_ROS2_WS/SparkCar_Perception/install/camera_models/lib'
[1.991s] Level 1:colcon.colcon_core.environment:checking '/home/orangepi/Desktop/SparkCar_ROS2_WS/SparkCar_Perception/install/camera_models/bin'
[1.991s] Level 1:colcon.colcon_core.shell:create_environment_hook('camera_models', 'path')
[1.992s] INFO:colcon.colcon_core.shell:Creating environment hook '/home/orangepi/Desktop/SparkCar_ROS2_WS/SparkCar_Perception/install/camera_models/share/camera_models/hook/path.ps1'
[1.993s] INFO:colcon.colcon_core.shell:Creating environment descriptor '/home/orangepi/Desktop/SparkCar_ROS2_WS/SparkCar_Perception/install/camera_models/share/camera_models/hook/path.dsv'
[1.993s] INFO:colcon.colcon_core.shell:Creating environment hook '/home/orangepi/Desktop/SparkCar_ROS2_WS/SparkCar_Perception/install/camera_models/share/camera_models/hook/path.sh'
[1.994s] Level 1:colcon.colcon_core.environment:checking '/home/orangepi/Desktop/SparkCar_ROS2_WS/SparkCar_Perception/install/camera_models/lib/pkgconfig/camera_models.pc'
[1.995s] Level 1:colcon.colcon_core.environment:checking '/home/orangepi/Desktop/SparkCar_ROS2_WS/SparkCar_Perception/install/camera_models/lib/python3.10/site-packages'
[1.996s] Level 1:colcon.colcon_core.environment:checking '/home/orangepi/Desktop/SparkCar_ROS2_WS/SparkCar_Perception/install/camera_models/bin'
[1.996s] Level 1:colcon.colcon_core.shell:create_environment_hook('camera_models', 'pythonscriptspath')
[1.996s] INFO:colcon.colcon_core.shell:Creating environment hook '/home/orangepi/Desktop/SparkCar_ROS2_WS/SparkCar_Perception/install/camera_models/share/camera_models/hook/pythonscriptspath.ps1'
[1.997s] INFO:colcon.colcon_core.shell:Creating environment descriptor '/home/orangepi/Desktop/SparkCar_ROS2_WS/SparkCar_Perception/install/camera_models/share/camera_models/hook/pythonscriptspath.dsv'
[1.998s] INFO:colcon.colcon_core.shell:Creating environment hook '/home/orangepi/Desktop/SparkCar_ROS2_WS/SparkCar_Perception/install/camera_models/share/camera_models/hook/pythonscriptspath.sh'
[2.000s] INFO:colcon.colcon_core.shell:Creating package script '/home/orangepi/Desktop/SparkCar_ROS2_WS/SparkCar_Perception/install/camera_models/share/camera_models/package.ps1'
[2.001s] INFO:colcon.colcon_core.shell:Creating package descriptor '/home/orangepi/Desktop/SparkCar_ROS2_WS/SparkCar_Perception/install/camera_models/share/camera_models/package.dsv'
[2.002s] INFO:colcon.colcon_core.shell:Creating package script '/home/orangepi/Desktop/SparkCar_ROS2_WS/SparkCar_Perception/install/camera_models/share/camera_models/package.sh'
[2.003s] INFO:colcon.colcon_core.shell:Creating package script '/home/orangepi/Desktop/SparkCar_ROS2_WS/SparkCar_Perception/install/camera_models/share/camera_models/package.bash'
[2.005s] INFO:colcon.colcon_core.shell:Creating package script '/home/orangepi/Desktop/SparkCar_ROS2_WS/SparkCar_Perception/install/camera_models/share/camera_models/package.zsh'
[2.005s] Level 1:colcon.colcon_core.environment:create_file_with_runtime_dependencies(/home/orangepi/Desktop/SparkCar_ROS2_WS/SparkCar_Perception/install/camera_models/share/colcon-core/packages/camera_models)
[2.006s] INFO:colcon.colcon_ros.task.ament_cmake.build:Building ROS package in '/home/orangepi/Desktop/SparkCar_ROS2_WS/SparkCar_Perception/src/VINS-Fusion-ROS2/loop_fusion' with build type 'ament_cmake'
[2.006s] INFO:colcon.colcon_cmake.task.cmake.build:Building CMake package in '/home/orangepi/Desktop/SparkCar_ROS2_WS/SparkCar_Perception/src/VINS-Fusion-ROS2/loop_fusion'
[2.007s] INFO:colcon.colcon_core.shell:Skip shell extension 'powershell' for command environment: Not usable outside of PowerShell
[2.008s] DEBUG:colcon.colcon_core.shell:Skip shell extension 'dsv' for command environment
[2.018s] INFO:colcon.colcon_ros.task.ament_cmake.build:Building ROS package in '/home/orangepi/Desktop/SparkCar_ROS2_WS/SparkCar_Perception/src/VINS-Fusion-ROS2/vins' with build type 'ament_cmake'
[2.019s] INFO:colcon.colcon_cmake.task.cmake.build:Building CMake package in '/home/orangepi/Desktop/SparkCar_ROS2_WS/SparkCar_Perception/src/VINS-Fusion-ROS2/vins'
[2.019s] INFO:colcon.colcon_core.shell:Skip shell extension 'powershell' for command environment: Not usable outside of PowerShell
[2.020s] DEBUG:colcon.colcon_core.shell:Skip shell extension 'dsv' for command environment
[2.047s] DEBUG:colcon.colcon_core.event_handler.log_command:Invoking command in '/home/orangepi/Desktop/SparkCar_ROS2_WS/SparkCar_Perception/build/loop_fusion': CMAKE_PREFIX_PATH=/home/orangepi/Desktop/SparkCar_ROS2_WS/SparkCar_Perception/install/camera_models:/home/orangepi/Desktop/SparkCar_ROS2_WS/SparkCar_Perception/install/vins:/home/orangepi/Desktop/SparkCar_ROS2_WS/SparkCar_Perception/install/realsense2_description:/home/orangepi/Desktop/SparkCar_ROS2_WS/SparkCar_Perception/install/realsense2_camera:/home/orangepi/Desktop/SparkCar_ROS2_WS/SparkCar_Perception/install/realsense2_camera_msgs:/home/orangepi/Desktop/SparkCar_ROS2_WS/SparkCar_Perception/install/loop_fusion:/home/orangepi/Desktop/SparkCar_ROS2_WS/SparkCar_Perception/install/global_fusion:/home/orangepi/Desktop/SparkCar_ROS2_WS/SparkCar_Controller/install/target_follower:/home/orangepi/Desktop/SparkCar_ROS2_WS/SparkCar_Tools/install/kalibr:/home/orangepi/Desktop/SparkCar_ROS2_WS/SparkCar_Tools/install/incremental_calibration_python:/home/orangepi/Desktop/SparkCar_ROS2_WS/SparkCar_Tools/install/incremental_calibration:/home/orangepi/Desktop/SparkCar_ROS2_WS/SparkCar_Tools/install/aslam_splines_python:/home/orangepi/Desktop/SparkCar_ROS2_WS/SparkCar_Tools/install/bsplines_python:/home/orangepi/Desktop/SparkCar_ROS2_WS/SparkCar_Tools/install/aslam_cv_backend_python:/home/orangepi/Desktop/SparkCar_ROS2_WS/SparkCar_Tools/install/aslam_cv_python:/home/orangepi/Desktop/SparkCar_ROS2_WS/SparkCar_Tools/install/aslam_cv_error_terms:/home/orangepi/Desktop/SparkCar_ROS2_WS/SparkCar_Tools/install/aslam_cv_backend:/home/orangepi/Desktop/SparkCar_ROS2_WS/SparkCar_Tools/install/aslam_splines:/home/orangepi/Desktop/SparkCar_ROS2_WS/SparkCar_Tools/install/bsplines:/home/orangepi/Desktop/SparkCar_ROS2_WS/SparkCar_Tools/install/aslam_backend_python:/home/orangepi/Desktop/SparkCar_ROS2_WS/SparkCar_Tools/install/aslam_backend_expressions:/home/orangepi/Desktop/SparkCar_ROS2_WS/SparkCar_Tools/install/aslam_backend:/home/orangepi/Desktop/SparkCar_ROS2_WS/SparkCar_Tools/install/sparse_block_matrix:/home/orangepi/Desktop/SparkCar_ROS2_WS/SparkCar_Tools/install/aslam_cameras_april:/home/orangepi/Desktop/SparkCar_ROS2_WS/SparkCar_Tools/install/sm_python:/home/orangepi/Desktop/SparkCar_ROS2_WS/SparkCar_Tools/install/sm_timing:/home/orangepi/Desktop/SparkCar_ROS2_WS/SparkCar_Tools/install/aslam_imgproc:/home/orangepi/Desktop/SparkCar_ROS2_WS/SparkCar_Tools/install/aslam_cv_serialization:/home/orangepi/Desktop/SparkCar_ROS2_WS/SparkCar_Tools/install/aslam_cameras:/home/orangepi/Desktop/SparkCar_ROS2_WS/SparkCar_Tools/install/sm_kinematics:/home/orangepi/Desktop/SparkCar_ROS2_WS/SparkCar_Tools/install/sm_eigen:/home/orangepi/Desktop/SparkCar_ROS2_WS/SparkCar_Tools/install/sm_random:/home/orangepi/Desktop/SparkCar_ROS2_WS/SparkCar_Tools/install/sm_property_tree:/home/orangepi/Desktop/SparkCar_ROS2_WS/SparkCar_Tools/install/sm_opencv:/home/orangepi/Desktop/SparkCar_ROS2_WS/SparkCar_Tools/install/sm_matrix_archive:/home/orangepi/Desktop/SparkCar_ROS2_WS/SparkCar_Tools/install/sm_logging:/home/orangepi/Desktop/SparkCar_ROS2_WS/SparkCar_Tools/install/sm_boost:/home/orangepi/Desktop/SparkCar_ROS2_WS/SparkCar_Tools/install/sm_common:/home/orangepi/Desktop/SparkCar_ROS2_WS/SparkCar_Tools/install/python_module:/home/orangepi/Desktop/SparkCar_ROS2_WS/SparkCar_Tools/install/numpy_eigen:/home/orangepi/Desktop/SparkCar_ROS2_WS/SparkCar_Tools/install/ethz_apriltag2:/home/orangepi/Desktop/SparkCar_ROS2_WS/SparkCar_Tools/install/aslam_time:/opt/ros/humble PATH=/home/orangepi/Desktop/SparkCar_ROS2_WS/SparkCar_Perception/install/camera_models/bin:/home/orangepi/.local/bin:/home/orangepi/.local/bin:/home/orangepi/.vscode-server/data/User/globalStorage/github.copilot-chat/debugCommand:/home/orangepi/.vscode-server/data/User/globalStorage/github.copilot-chat/copilotCli:/home/orangepi/.vscode-server/cli/servers/Stable-7e7950df89d055b5a378379db9ee14290772148a/server/bin/remote-cli:/home/orangepi/.local/bin:/home/orangepi/.local/bin:/home/orangepi/.local/bin:/home/orangepi/Desktop/SparkCar_ROS2_WS/SparkCar_Perception/install/global_fusion/bin:/opt/ros/humble/bin:/home/orangepi/.local/bin:/usr/local/sbin:/usr/local/bin:/usr/sbin:/usr/bin:/sbin:/bin:/usr/games:/usr/local/games:/snap/bin /usr/bin/cmake --build /home/orangepi/Desktop/SparkCar_ROS2_WS/SparkCar_Perception/build/loop_fusion -- -j8 -l8
[2.055s] DEBUG:colcon.colcon_core.event_handler.log_command:Invoking command in '/home/orangepi/Desktop/SparkCar_ROS2_WS/SparkCar_Perception/build/vins': CMAKE_PREFIX_PATH=/home/orangepi/Desktop/SparkCar_ROS2_WS/SparkCar_Perception/install/camera_models:/home/orangepi/Desktop/SparkCar_ROS2_WS/SparkCar_Perception/install/vins:/home/orangepi/Desktop/SparkCar_ROS2_WS/SparkCar_Perception/install/realsense2_description:/home/orangepi/Desktop/SparkCar_ROS2_WS/SparkCar_Perception/install/realsense2_camera:/home/orangepi/Desktop/SparkCar_ROS2_WS/SparkCar_Perception/install/realsense2_camera_msgs:/home/orangepi/Desktop/SparkCar_ROS2_WS/SparkCar_Perception/install/loop_fusion:/home/orangepi/Desktop/SparkCar_ROS2_WS/SparkCar_Perception/install/global_fusion:/home/orangepi/Desktop/SparkCar_ROS2_WS/SparkCar_Controller/install/target_follower:/home/orangepi/Desktop/SparkCar_ROS2_WS/SparkCar_Tools/install/kalibr:/home/orangepi/Desktop/SparkCar_ROS2_WS/SparkCar_Tools/install/incremental_calibration_python:/home/orangepi/Desktop/SparkCar_ROS2_WS/SparkCar_Tools/install/incremental_calibration:/home/orangepi/Desktop/SparkCar_ROS2_WS/SparkCar_Tools/install/aslam_splines_python:/home/orangepi/Desktop/SparkCar_ROS2_WS/SparkCar_Tools/install/bsplines_python:/home/orangepi/Desktop/SparkCar_ROS2_WS/SparkCar_Tools/install/aslam_cv_backend_python:/home/orangepi/Desktop/SparkCar_ROS2_WS/SparkCar_Tools/install/aslam_cv_python:/home/orangepi/Desktop/SparkCar_ROS2_WS/SparkCar_Tools/install/aslam_cv_error_terms:/home/orangepi/Desktop/SparkCar_ROS2_WS/SparkCar_Tools/install/aslam_cv_backend:/home/orangepi/Desktop/SparkCar_ROS2_WS/SparkCar_Tools/install/aslam_splines:/home/orangepi/Desktop/SparkCar_ROS2_WS/SparkCar_Tools/install/bsplines:/home/orangepi/Desktop/SparkCar_ROS2_WS/SparkCar_Tools/install/aslam_backend_python:/home/orangepi/Desktop/SparkCar_ROS2_WS/SparkCar_Tools/install/aslam_backend_expressions:/home/orangepi/Desktop/SparkCar_ROS2_WS/SparkCar_Tools/install/aslam_backend:/home/orangepi/Desktop/SparkCar_ROS2_WS/SparkCar_Tools/install/sparse_block_matrix:/home/orangepi/Desktop/SparkCar_ROS2_WS/SparkCar_Tools/install/aslam_cameras_april:/home/orangepi/Desktop/SparkCar_ROS2_WS/SparkCar_Tools/install/sm_python:/home/orangepi/Desktop/SparkCar_ROS2_WS/SparkCar_Tools/install/sm_timing:/home/orangepi/Desktop/SparkCar_ROS2_WS/SparkCar_Tools/install/aslam_imgproc:/home/orangepi/Desktop/SparkCar_ROS2_WS/SparkCar_Tools/install/aslam_cv_serialization:/home/orangepi/Desktop/SparkCar_ROS2_WS/SparkCar_Tools/install/aslam_cameras:/home/orangepi/Desktop/SparkCar_ROS2_WS/SparkCar_Tools/install/sm_kinematics:/home/orangepi/Desktop/SparkCar_ROS2_WS/SparkCar_Tools/install/sm_eigen:/home/orangepi/Desktop/SparkCar_ROS2_WS/SparkCar_Tools/install/sm_random:/home/orangepi/Desktop/SparkCar_ROS2_WS/SparkCar_Tools/install/sm_property_tree:/home/orangepi/Desktop/SparkCar_ROS2_WS/SparkCar_Tools/install/sm_opencv:/home/orangepi/Desktop/SparkCar_ROS2_WS/SparkCar_Tools/install/sm_matrix_archive:/home/orangepi/Desktop/SparkCar_ROS2_WS/SparkCar_Tools/install/sm_logging:/home/orangepi/Desktop/SparkCar_ROS2_WS/SparkCar_Tools/install/sm_boost:/home/orangepi/Desktop/SparkCar_ROS2_WS/SparkCar_Tools/install/sm_common:/home/orangepi/Desktop/SparkCar_ROS2_WS/SparkCar_Tools/install/python_module:/home/orangepi/Desktop/SparkCar_ROS2_WS/SparkCar_Tools/install/numpy_eigen:/home/orangepi/Desktop/SparkCar_ROS2_WS/SparkCar_Tools/install/ethz_apriltag2:/home/orangepi/Desktop/SparkCar_ROS2_WS/SparkCar_Tools/install/aslam_time:/opt/ros/humble PATH=/home/orangepi/Desktop/SparkCar_ROS2_WS/SparkCar_Perception/install/camera_models/bin:/home/orangepi/.local/bin:/home/orangepi/.local/bin:/home/orangepi/.vscode-server/data/User/globalStorage/github.copilot-chat/debugCommand:/home/orangepi/.vscode-server/data/User/globalStorage/github.copilot-chat/copilotCli:/home/orangepi/.vscode-server/cli/servers/Stable-7e7950df89d055b5a378379db9ee14290772148a/server/bin/remote-cli:/home/orangepi/.local/bin:/home/orangepi/.local/bin:/home/orangepi/.local/bin:/home/orangepi/Desktop/SparkCar_ROS2_WS/SparkCar_Perception/install/global_fusion/bin:/opt/ros/humble/bin:/home/orangepi/.local/bin:/usr/local/sbin:/usr/local/bin:/usr/sbin:/usr/bin:/sbin:/bin:/usr/games:/usr/local/games:/snap/bin /usr/bin/cmake --build /home/orangepi/Desktop/SparkCar_ROS2_WS/SparkCar_Perception/build/vins -- -j8 -l8
[2.265s] DEBUG:colcon.colcon_core.event_handler.log_command:Invoked command in '/home/orangepi/Desktop/SparkCar_ROS2_WS/SparkCar_Perception/build/realsense2_camera_msgs' returned '0': CMAKE_PREFIX_PATH=${CMAKE_PREFIX_PATH}:/opt/ros/humble /usr/bin/cmake --build /home/orangepi/Desktop/SparkCar_ROS2_WS/SparkCar_Perception/build/realsense2_camera_msgs -- -j8 -l8
[2.269s] DEBUG:colcon.colcon_core.event_handler.log_command:Invoking command in '/home/orangepi/Desktop/SparkCar_ROS2_WS/SparkCar_Perception/build/realsense2_camera_msgs': CMAKE_PREFIX_PATH=${CMAKE_PREFIX_PATH}:/opt/ros/humble /usr/bin/cmake --install /home/orangepi/Desktop/SparkCar_ROS2_WS/SparkCar_Perception/build/realsense2_camera_msgs
[2.375s] DEBUG:colcon.colcon_core.event_handler.log_command:Invoked command in '/home/orangepi/Desktop/SparkCar_ROS2_WS/SparkCar_Perception/build/loop_fusion' returned '0': CMAKE_PREFIX_PATH=/home/orangepi/Desktop/SparkCar_ROS2_WS/SparkCar_Perception/install/camera_models:/home/orangepi/Desktop/SparkCar_ROS2_WS/SparkCar_Perception/install/vins:/home/orangepi/Desktop/SparkCar_ROS2_WS/SparkCar_Perception/install/realsense2_description:/home/orangepi/Desktop/SparkCar_ROS2_WS/SparkCar_Perception/install/realsense2_camera:/home/orangepi/Desktop/SparkCar_ROS2_WS/SparkCar_Perception/install/realsense2_camera_msgs:/home/orangepi/Desktop/SparkCar_ROS2_WS/SparkCar_Perception/install/loop_fusion:/home/orangepi/Desktop/SparkCar_ROS2_WS/SparkCar_Perception/install/global_fusion:/home/orangepi/Desktop/SparkCar_ROS2_WS/SparkCar_Controller/install/target_follower:/home/orangepi/Desktop/SparkCar_ROS2_WS/SparkCar_Tools/install/kalibr:/home/orangepi/Desktop/SparkCar_ROS2_WS/SparkCar_Tools/install/incremental_calibration_python:/home/orangepi/Desktop/SparkCar_ROS2_WS/SparkCar_Tools/install/incremental_calibration:/home/orangepi/Desktop/SparkCar_ROS2_WS/SparkCar_Tools/install/aslam_splines_python:/home/orangepi/Desktop/SparkCar_ROS2_WS/SparkCar_Tools/install/bsplines_python:/home/orangepi/Desktop/SparkCar_ROS2_WS/SparkCar_Tools/install/aslam_cv_backend_python:/home/orangepi/Desktop/SparkCar_ROS2_WS/SparkCar_Tools/install/aslam_cv_python:/home/orangepi/Desktop/SparkCar_ROS2_WS/SparkCar_Tools/install/aslam_cv_error_terms:/home/orangepi/Desktop/SparkCar_ROS2_WS/SparkCar_Tools/install/aslam_cv_backend:/home/orangepi/Desktop/SparkCar_ROS2_WS/SparkCar_Tools/install/aslam_splines:/home/orangepi/Desktop/SparkCar_ROS2_WS/SparkCar_Tools/install/bsplines:/home/orangepi/Desktop/SparkCar_ROS2_WS/SparkCar_Tools/install/aslam_backend_python:/home/orangepi/Desktop/SparkCar_ROS2_WS/SparkCar_Tools/install/aslam_backend_expressions:/home/orangepi/Desktop/SparkCar_ROS2_WS/SparkCar_Tools/install/aslam_backend:/home/orangepi/Desktop/SparkCar_ROS2_WS/SparkCar_Tools/install/sparse_block_matrix:/home/orangepi/Desktop/SparkCar_ROS2_WS/SparkCar_Tools/install/aslam_cameras_april:/home/orangepi/Desktop/SparkCar_ROS2_WS/SparkCar_Tools/install/sm_python:/home/orangepi/Desktop/SparkCar_ROS2_WS/SparkCar_Tools/install/sm_timing:/home/orangepi/Desktop/SparkCar_ROS2_WS/SparkCar_Tools/install/aslam_imgproc:/home/orangepi/Desktop/SparkCar_ROS2_WS/SparkCar_Tools/install/aslam_cv_serialization:/home/orangepi/Desktop/SparkCar_ROS2_WS/SparkCar_Tools/install/aslam_cameras:/home/orangepi/Desktop/SparkCar_ROS2_WS/SparkCar_Tools/install/sm_kinematics:/home/orangepi/Desktop/SparkCar_ROS2_WS/SparkCar_Tools/install/sm_eigen:/home/orangepi/Desktop/SparkCar_ROS2_WS/SparkCar_Tools/install/sm_random:/home/orangepi/Desktop/SparkCar_ROS2_WS/SparkCar_Tools/install/sm_property_tree:/home/orangepi/Desktop/SparkCar_ROS2_WS/SparkCar_Tools/install/sm_opencv:/home/orangepi/Desktop/SparkCar_ROS2_WS/SparkCar_Tools/install/sm_matrix_archive:/home/orangepi/Desktop/SparkCar_ROS2_WS/SparkCar_Tools/install/sm_logging:/home/orangepi/Desktop/SparkCar_ROS2_WS/SparkCar_Tools/install/sm_boost:/home/orangepi/Desktop/SparkCar_ROS2_WS/SparkCar_Tools/install/sm_common:/home/orangepi/Desktop/SparkCar_ROS2_WS/SparkCar_Tools/install/python_module:/home/orangepi/Desktop/SparkCar_ROS2_WS/SparkCar_Tools/install/numpy_eigen:/home/orangepi/Desktop/SparkCar_ROS2_WS/SparkCar_Tools/install/ethz_apriltag2:/home/orangepi/Desktop/SparkCar_ROS2_WS/SparkCar_Tools/install/aslam_time:/opt/ros/humble PATH=/home/orangepi/Desktop/SparkCar_ROS2_WS/SparkCar_Perception/install/camera_models/bin:/home/orangepi/.local/bin:/home/orangepi/.local/bin:/home/orangepi/.vscode-server/data/User/globalStorage/github.copilot-chat/debugCommand:/home/orangepi/.vscode-server/data/User/globalStorage/github.copilot-chat/copilotCli:/home/orangepi/.vscode-server/cli/servers/Stable-7e7950df89d055b5a378379db9ee14290772148a/server/bin/remote-cli:/home/orangepi/.local/bin:/home/orangepi/.local/bin:/home/orangepi/.local/bin:/home/orangepi/Desktop/SparkCar_ROS2_WS/SparkCar_Perception/install/global_fusion/bin:/opt/ros/humble/bin:/home/orangepi/.local/bin:/usr/local/sbin:/usr/local/bin:/usr/sbin:/usr/bin:/sbin:/bin:/usr/games:/usr/local/games:/snap/bin /usr/bin/cmake --build /home/orangepi/Desktop/SparkCar_ROS2_WS/SparkCar_Perception/build/loop_fusion -- -j8 -l8
[2.376s] DEBUG:colcon.colcon_core.event_handler.log_command:Invoking command in '/home/orangepi/Desktop/SparkCar_ROS2_WS/SparkCar_Perception/build/loop_fusion': CMAKE_PREFIX_PATH=/home/orangepi/Desktop/SparkCar_ROS2_WS/SparkCar_Perception/install/camera_models:/home/orangepi/Desktop/SparkCar_ROS2_WS/SparkCar_Perception/install/vins:/home/orangepi/Desktop/SparkCar_ROS2_WS/SparkCar_Perception/install/realsense2_description:/home/orangepi/Desktop/SparkCar_ROS2_WS/SparkCar_Perception/install/realsense2_camera:/home/orangepi/Desktop/SparkCar_ROS2_WS/SparkCar_Perception/install/realsense2_camera_msgs:/home/orangepi/Desktop/SparkCar_ROS2_WS/SparkCar_Perception/install/loop_fusion:/home/orangepi/Desktop/SparkCar_ROS2_WS/SparkCar_Perception/install/global_fusion:/home/orangepi/Desktop/SparkCar_ROS2_WS/SparkCar_Controller/install/target_follower:/home/orangepi/Desktop/SparkCar_ROS2_WS/SparkCar_Tools/install/kalibr:/home/orangepi/Desktop/SparkCar_ROS2_WS/SparkCar_Tools/install/incremental_calibration_python:/home/orangepi/Desktop/SparkCar_ROS2_WS/SparkCar_Tools/install/incremental_calibration:/home/orangepi/Desktop/SparkCar_ROS2_WS/SparkCar_Tools/install/aslam_splines_python:/home/orangepi/Desktop/SparkCar_ROS2_WS/SparkCar_Tools/install/bsplines_python:/home/orangepi/Desktop/SparkCar_ROS2_WS/SparkCar_Tools/install/aslam_cv_backend_python:/home/orangepi/Desktop/SparkCar_ROS2_WS/SparkCar_Tools/install/aslam_cv_python:/home/orangepi/Desktop/SparkCar_ROS2_WS/SparkCar_Tools/install/aslam_cv_error_terms:/home/orangepi/Desktop/SparkCar_ROS2_WS/SparkCar_Tools/install/aslam_cv_backend:/home/orangepi/Desktop/SparkCar_ROS2_WS/SparkCar_Tools/install/aslam_splines:/home/orangepi/Desktop/SparkCar_ROS2_WS/SparkCar_Tools/install/bsplines:/home/orangepi/Desktop/SparkCar_ROS2_WS/SparkCar_Tools/install/aslam_backend_python:/home/orangepi/Desktop/SparkCar_ROS2_WS/SparkCar_Tools/install/aslam_backend_expressions:/home/orangepi/Desktop/SparkCar_ROS2_WS/SparkCar_Tools/install/aslam_backend:/home/orangepi/Desktop/SparkCar_ROS2_WS/SparkCar_Tools/install/sparse_block_matrix:/home/orangepi/Desktop/SparkCar_ROS2_WS/SparkCar_Tools/install/aslam_cameras_april:/home/orangepi/Desktop/SparkCar_ROS2_WS/SparkCar_Tools/install/sm_python:/home/orangepi/Desktop/SparkCar_ROS2_WS/SparkCar_Tools/install/sm_timing:/home/orangepi/Desktop/SparkCar_ROS2_WS/SparkCar_Tools/install/aslam_imgproc:/home/orangepi/Desktop/SparkCar_ROS2_WS/SparkCar_Tools/install/aslam_cv_serialization:/home/orangepi/Desktop/SparkCar_ROS2_WS/SparkCar_Tools/install/aslam_cameras:/home/orangepi/Desktop/SparkCar_ROS2_WS/SparkCar_Tools/install/sm_kinematics:/home/orangepi/Desktop/SparkCar_ROS2_WS/SparkCar_Tools/install/sm_eigen:/home/orangepi/Desktop/SparkCar_ROS2_WS/SparkCar_Tools/install/sm_random:/home/orangepi/Desktop/SparkCar_ROS2_WS/SparkCar_Tools/install/sm_property_tree:/home/orangepi/Desktop/SparkCar_ROS2_WS/SparkCar_Tools/install/sm_opencv:/home/orangepi/Desktop/SparkCar_ROS2_WS/SparkCar_Tools/install/sm_matrix_archive:/home/orangepi/Desktop/SparkCar_ROS2_WS/SparkCar_Tools/install/sm_logging:/home/orangepi/Desktop/SparkCar_ROS2_WS/SparkCar_Tools/install/sm_boost:/home/orangepi/Desktop/SparkCar_ROS2_WS/SparkCar_Tools/install/sm_common:/home/orangepi/Desktop/SparkCar_ROS2_WS/SparkCar_Tools/install/python_module:/home/orangepi/Desktop/SparkCar_ROS2_WS/SparkCar_Tools/install/numpy_eigen:/home/orangepi/Desktop/SparkCar_ROS2_WS/SparkCar_Tools/install/ethz_apriltag2:/home/orangepi/Desktop/SparkCar_ROS2_WS/SparkCar_Tools/install/aslam_time:/opt/ros/humble PATH=/home/orangepi/Desktop/SparkCar_ROS2_WS/SparkCar_Perception/install/camera_models/bin:/home/orangepi/.local/bin:/home/orangepi/.local/bin:/home/orangepi/.vscode-server/data/User/globalStorage/github.copilot-chat/debugCommand:/home/orangepi/.vscode-server/data/User/globalStorage/github.copilot-chat/copilotCli:/home/orangepi/.vscode-server/cli/servers/Stable-7e7950df89d055b5a378379db9ee14290772148a/server/bin/remote-cli:/home/orangepi/.local/bin:/home/orangepi/.local/bin:/home/orangepi/.local/bin:/home/orangepi/Desktop/SparkCar_ROS2_WS/SparkCar_Perception/install/global_fusion/bin:/opt/ros/humble/bin:/home/orangepi/.local/bin:/usr/local/sbin:/usr/local/bin:/usr/sbin:/usr/bin:/sbin:/bin:/usr/games:/usr/local/games:/snap/bin /usr/bin/cmake --install /home/orangepi/Desktop/SparkCar_ROS2_WS/SparkCar_Perception/build/loop_fusion
[2.400s] Level 1:colcon.colcon_core.environment:create_environment_scripts_only(loop_fusion)
[2.402s] Level 1:colcon.colcon_core.environment:checking '/home/orangepi/Desktop/SparkCar_ROS2_WS/SparkCar_Perception/install/loop_fusion' for CMake module files
[2.404s] DEBUG:colcon.colcon_core.event_handler.log_command:Invoked command in '/home/orangepi/Desktop/SparkCar_ROS2_WS/SparkCar_Perception/build/loop_fusion' returned '0': CMAKE_PREFIX_PATH=/home/orangepi/Desktop/SparkCar_ROS2_WS/SparkCar_Perception/install/camera_models:/home/orangepi/Desktop/SparkCar_ROS2_WS/SparkCar_Perception/install/vins:/home/orangepi/Desktop/SparkCar_ROS2_WS/SparkCar_Perception/install/realsense2_description:/home/orangepi/Desktop/SparkCar_ROS2_WS/SparkCar_Perception/install/realsense2_camera:/home/orangepi/Desktop/SparkCar_ROS2_WS/SparkCar_Perception/install/realsense2_camera_msgs:/home/orangepi/Desktop/SparkCar_ROS2_WS/SparkCar_Perception/install/loop_fusion:/home/orangepi/Desktop/SparkCar_ROS2_WS/SparkCar_Perception/install/global_fusion:/home/orangepi/Desktop/SparkCar_ROS2_WS/SparkCar_Controller/install/target_follower:/home/orangepi/Desktop/SparkCar_ROS2_WS/SparkCar_Tools/install/kalibr:/home/orangepi/Desktop/SparkCar_ROS2_WS/SparkCar_Tools/install/incremental_calibration_python:/home/orangepi/Desktop/SparkCar_ROS2_WS/SparkCar_Tools/install/incremental_calibration:/home/orangepi/Desktop/SparkCar_ROS2_WS/SparkCar_Tools/install/aslam_splines_python:/home/orangepi/Desktop/SparkCar_ROS2_WS/SparkCar_Tools/install/bsplines_python:/home/orangepi/Desktop/SparkCar_ROS2_WS/SparkCar_Tools/install/aslam_cv_backend_python:/home/orangepi/Desktop/SparkCar_ROS2_WS/SparkCar_Tools/install/aslam_cv_python:/home/orangepi/Desktop/SparkCar_ROS2_WS/SparkCar_Tools/install/aslam_cv_error_terms:/home/orangepi/Desktop/SparkCar_ROS2_WS/SparkCar_Tools/install/aslam_cv_backend:/home/orangepi/Desktop/SparkCar_ROS2_WS/SparkCar_Tools/install/aslam_splines:/home/orangepi/Desktop/SparkCar_ROS2_WS/SparkCar_Tools/install/bsplines:/home/orangepi/Desktop/SparkCar_ROS2_WS/SparkCar_Tools/install/aslam_backend_python:/home/orangepi/Desktop/SparkCar_ROS2_WS/SparkCar_Tools/install/aslam_backend_expressions:/home/orangepi/Desktop/SparkCar_ROS2_WS/SparkCar_Tools/install/aslam_backend:/home/orangepi/Desktop/SparkCar_ROS2_WS/SparkCar_Tools/install/sparse_block_matrix:/home/orangepi/Desktop/SparkCar_ROS2_WS/SparkCar_Tools/install/aslam_cameras_april:/home/orangepi/Desktop/SparkCar_ROS2_WS/SparkCar_Tools/install/sm_python:/home/orangepi/Desktop/SparkCar_ROS2_WS/SparkCar_Tools/install/sm_timing:/home/orangepi/Desktop/SparkCar_ROS2_WS/SparkCar_Tools/install/aslam_imgproc:/home/orangepi/Desktop/SparkCar_ROS2_WS/SparkCar_Tools/install/aslam_cv_serialization:/home/orangepi/Desktop/SparkCar_ROS2_WS/SparkCar_Tools/install/aslam_cameras:/home/orangepi/Desktop/SparkCar_ROS2_WS/SparkCar_Tools/install/sm_kinematics:/home/orangepi/Desktop/SparkCar_ROS2_WS/SparkCar_Tools/install/sm_eigen:/home/orangepi/Desktop/SparkCar_ROS2_WS/SparkCar_Tools/install/sm_random:/home/orangepi/Desktop/SparkCar_ROS2_WS/SparkCar_Tools/install/sm_property_tree:/home/orangepi/Desktop/SparkCar_ROS2_WS/SparkCar_Tools/install/sm_opencv:/home/orangepi/Desktop/SparkCar_ROS2_WS/SparkCar_Tools/install/sm_matrix_archive:/home/orangepi/Desktop/SparkCar_ROS2_WS/SparkCar_Tools/install/sm_logging:/home/orangepi/Desktop/SparkCar_ROS2_WS/SparkCar_Tools/install/sm_boost:/home/orangepi/Desktop/SparkCar_ROS2_WS/SparkCar_Tools/install/sm_common:/home/orangepi/Desktop/SparkCar_ROS2_WS/SparkCar_Tools/install/python_module:/home/orangepi/Desktop/SparkCar_ROS2_WS/SparkCar_Tools/install/numpy_eigen:/home/orangepi/Desktop/SparkCar_ROS2_WS/SparkCar_Tools/install/ethz_apriltag2:/home/orangepi/Desktop/SparkCar_ROS2_WS/SparkCar_Tools/install/aslam_time:/opt/ros/humble PATH=/home/orangepi/Desktop/SparkCar_ROS2_WS/SparkCar_Perception/install/camera_models/bin:/home/orangepi/.local/bin:/home/orangepi/.local/bin:/home/orangepi/.vscode-server/data/User/globalStorage/github.copilot-chat/debugCommand:/home/orangepi/.vscode-server/data/User/globalStorage/github.copilot-chat/copilotCli:/home/orangepi/.vscode-server/cli/servers/Stable-7e7950df89d055b5a378379db9ee14290772148a/server/bin/remote-cli:/home/orangepi/.local/bin:/home/orangepi/.local/bin:/home/orangepi/.local/bin:/home/orangepi/Desktop/SparkCar_ROS2_WS/SparkCar_Perception/install/global_fusion/bin:/opt/ros/humble/bin:/home/orangepi/.local/bin:/usr/local/sbin:/usr/local/bin:/usr/sbin:/usr/bin:/sbin:/bin:/usr/games:/usr/local/games:/snap/bin /usr/bin/cmake --install /home/orangepi/Desktop/SparkCar_ROS2_WS/SparkCar_Perception/build/loop_fusion
[2.406s] Level 1:colcon.colcon_core.environment:checking '/home/orangepi/Desktop/SparkCar_ROS2_WS/SparkCar_Perception/install/loop_fusion' for CMake config files
[2.406s] Level 1:colcon.colcon_core.shell:create_environment_hook('loop_fusion', 'cmake_prefix_path')
[2.408s] INFO:colcon.colcon_core.shell:Creating environment hook '/home/orangepi/Desktop/SparkCar_ROS2_WS/SparkCar_Perception/install/loop_fusion/share/loop_fusion/hook/cmake_prefix_path.ps1'
[2.410s] INFO:colcon.colcon_core.shell:Creating environment descriptor '/home/orangepi/Desktop/SparkCar_ROS2_WS/SparkCar_Perception/install/loop_fusion/share/loop_fusion/hook/cmake_prefix_path.dsv'
[2.412s] INFO:colcon.colcon_core.shell:Creating environment hook '/home/orangepi/Desktop/SparkCar_ROS2_WS/SparkCar_Perception/install/loop_fusion/share/loop_fusion/hook/cmake_prefix_path.sh'
[2.415s] Level 1:colcon.colcon_core.environment:checking '/home/orangepi/Desktop/SparkCar_ROS2_WS/SparkCar_Perception/install/loop_fusion/lib'
[2.415s] Level 1:colcon.colcon_core.environment:checking '/home/orangepi/Desktop/SparkCar_ROS2_WS/SparkCar_Perception/install/loop_fusion/bin'
[2.415s] Level 1:colcon.colcon_core.environment:checking '/home/orangepi/Desktop/SparkCar_ROS2_WS/SparkCar_Perception/install/loop_fusion/lib/pkgconfig/loop_fusion.pc'
[2.416s] Level 1:colcon.colcon_core.environment:checking '/home/orangepi/Desktop/SparkCar_ROS2_WS/SparkCar_Perception/install/loop_fusion/lib/python3.10/site-packages'
[2.419s] Level 1:colcon.colcon_core.environment:checking '/home/orangepi/Desktop/SparkCar_ROS2_WS/SparkCar_Perception/install/loop_fusion/bin'
[2.421s] INFO:colcon.colcon_core.shell:Creating package script '/home/orangepi/Desktop/SparkCar_ROS2_WS/SparkCar_Perception/install/loop_fusion/share/loop_fusion/package.ps1'
[2.424s] INFO:colcon.colcon_core.shell:Creating package descriptor '/home/orangepi/Desktop/SparkCar_ROS2_WS/SparkCar_Perception/install/loop_fusion/share/loop_fusion/package.dsv'
[2.426s] INFO:colcon.colcon_core.shell:Creating package script '/home/orangepi/Desktop/SparkCar_ROS2_WS/SparkCar_Perception/install/loop_fusion/share/loop_fusion/package.sh'
[2.427s] INFO:colcon.colcon_core.shell:Creating package script '/home/orangepi/Desktop/SparkCar_ROS2_WS/SparkCar_Perception/install/loop_fusion/share/loop_fusion/package.bash'
[2.428s] INFO:colcon.colcon_core.shell:Creating package script '/home/orangepi/Desktop/SparkCar_ROS2_WS/SparkCar_Perception/install/loop_fusion/share/loop_fusion/package.zsh'
[2.430s] Level 1:colcon.colcon_core.environment:create_file_with_runtime_dependencies(/home/orangepi/Desktop/SparkCar_ROS2_WS/SparkCar_Perception/install/loop_fusion/share/colcon-core/packages/loop_fusion)
[2.432s] Level 1:colcon.colcon_core.environment:create_environment_scripts_only(loop_fusion)
[2.433s] Level 1:colcon.colcon_core.environment:checking '/home/orangepi/Desktop/SparkCar_ROS2_WS/SparkCar_Perception/install/loop_fusion' for CMake module files
[2.435s] Level 1:colcon.colcon_core.environment:checking '/home/orangepi/Desktop/SparkCar_ROS2_WS/SparkCar_Perception/install/loop_fusion' for CMake config files
[2.436s] Level 1:colcon.colcon_core.shell:create_environment_hook('loop_fusion', 'cmake_prefix_path')
[2.437s] INFO:colcon.colcon_core.shell:Creating environment hook '/home/orangepi/Desktop/SparkCar_ROS2_WS/SparkCar_Perception/install/loop_fusion/share/loop_fusion/hook/cmake_prefix_path.ps1'
[2.439s] INFO:colcon.colcon_core.shell:Creating environment descriptor '/home/orangepi/Desktop/SparkCar_ROS2_WS/SparkCar_Perception/install/loop_fusion/share/loop_fusion/hook/cmake_prefix_path.dsv'
[2.441s] INFO:colcon.colcon_core.shell:Creating environment hook '/home/orangepi/Desktop/SparkCar_ROS2_WS/SparkCar_Perception/install/loop_fusion/share/loop_fusion/hook/cmake_prefix_path.sh'
[2.443s] Level 1:colcon.colcon_core.environment:checking '/home/orangepi/Desktop/SparkCar_ROS2_WS/SparkCar_Perception/install/loop_fusion/lib'
[2.444s] Level 1:colcon.colcon_core.environment:checking '/home/orangepi/Desktop/SparkCar_ROS2_WS/SparkCar_Perception/install/loop_fusion/bin'
[2.444s] Level 1:colcon.colcon_core.environment:checking '/home/orangepi/Desktop/SparkCar_ROS2_WS/SparkCar_Perception/install/loop_fusion/lib/pkgconfig/loop_fusion.pc'
[2.445s] Level 1:colcon.colcon_core.environment:checking '/home/orangepi/Desktop/SparkCar_ROS2_WS/SparkCar_Perception/install/loop_fusion/lib/python3.10/site-packages'
[2.446s] Level 1:colcon.colcon_core.environment:checking '/home/orangepi/Desktop/SparkCar_ROS2_WS/SparkCar_Perception/install/loop_fusion/bin'
[2.446s] INFO:colcon.colcon_core.shell:Creating package script '/home/orangepi/Desktop/SparkCar_ROS2_WS/SparkCar_Perception/install/loop_fusion/share/loop_fusion/package.ps1'
[2.449s] INFO:colcon.colcon_core.shell:Creating package descriptor '/home/orangepi/Desktop/SparkCar_ROS2_WS/SparkCar_Perception/install/loop_fusion/share/loop_fusion/package.dsv'
[2.450s] INFO:colcon.colcon_core.shell:Creating package script '/home/orangepi/Desktop/SparkCar_ROS2_WS/SparkCar_Perception/install/loop_fusion/share/loop_fusion/package.sh'
[2.452s] INFO:colcon.colcon_core.shell:Creating package script '/home/orangepi/Desktop/SparkCar_ROS2_WS/SparkCar_Perception/install/loop_fusion/share/loop_fusion/package.bash'
[2.453s] INFO:colcon.colcon_core.shell:Creating package script '/home/orangepi/Desktop/SparkCar_ROS2_WS/SparkCar_Perception/install/loop_fusion/share/loop_fusion/package.zsh'
[2.455s] Level 1:colcon.colcon_core.environment:create_file_with_runtime_dependencies(/home/orangepi/Desktop/SparkCar_ROS2_WS/SparkCar_Perception/install/loop_fusion/share/colcon-core/packages/loop_fusion)
[2.464s] Level 1:colcon.colcon_core.environment:create_environment_scripts_only(realsense2_camera_msgs)
[2.466s] Level 1:colcon.colcon_core.environment:checking '/home/orangepi/Desktop/SparkCar_ROS2_WS/SparkCar_Perception/install/realsense2_camera_msgs' for CMake module files
[2.478s] Level 1:colcon.colcon_core.environment:checking '/home/orangepi/Desktop/SparkCar_ROS2_WS/SparkCar_Perception/install/realsense2_camera_msgs' for CMake config files
[2.498s] Level 1:colcon.colcon_core.shell:create_environment_hook('realsense2_camera_msgs', 'cmake_prefix_path')
[2.498s] INFO:colcon.colcon_core.shell:Creating environment hook '/home/orangepi/Desktop/SparkCar_ROS2_WS/SparkCar_Perception/install/realsense2_camera_msgs/share/realsense2_camera_msgs/hook/cmake_prefix_path.ps1'
[2.501s] DEBUG:colcon.colcon_core.event_handler.log_command:Invoked command in '/home/orangepi/Desktop/SparkCar_ROS2_WS/SparkCar_Perception/build/vins' returned '0': CMAKE_PREFIX_PATH=/home/orangepi/Desktop/SparkCar_ROS2_WS/SparkCar_Perception/install/camera_models:/home/orangepi/Desktop/SparkCar_ROS2_WS/SparkCar_Perception/install/vins:/home/orangepi/Desktop/SparkCar_ROS2_WS/SparkCar_Perception/install/realsense2_description:/home/orangepi/Desktop/SparkCar_ROS2_WS/SparkCar_Perception/install/realsense2_camera:/home/orangepi/Desktop/SparkCar_ROS2_WS/SparkCar_Perception/install/realsense2_camera_msgs:/home/orangepi/Desktop/SparkCar_ROS2_WS/SparkCar_Perception/install/loop_fusion:/home/orangepi/Desktop/SparkCar_ROS2_WS/SparkCar_Perception/install/global_fusion:/home/orangepi/Desktop/SparkCar_ROS2_WS/SparkCar_Controller/install/target_follower:/home/orangepi/Desktop/SparkCar_ROS2_WS/SparkCar_Tools/install/kalibr:/home/orangepi/Desktop/SparkCar_ROS2_WS/SparkCar_Tools/install/incremental_calibration_python:/home/orangepi/Desktop/SparkCar_ROS2_WS/SparkCar_Tools/install/incremental_calibration:/home/orangepi/Desktop/SparkCar_ROS2_WS/SparkCar_Tools/install/aslam_splines_python:/home/orangepi/Desktop/SparkCar_ROS2_WS/SparkCar_Tools/install/bsplines_python:/home/orangepi/Desktop/SparkCar_ROS2_WS/SparkCar_Tools/install/aslam_cv_backend_python:/home/orangepi/Desktop/SparkCar_ROS2_WS/SparkCar_Tools/install/aslam_cv_python:/home/orangepi/Desktop/SparkCar_ROS2_WS/SparkCar_Tools/install/aslam_cv_error_terms:/home/orangepi/Desktop/SparkCar_ROS2_WS/SparkCar_Tools/install/aslam_cv_backend:/home/orangepi/Desktop/SparkCar_ROS2_WS/SparkCar_Tools/install/aslam_splines:/home/orangepi/Desktop/SparkCar_ROS2_WS/SparkCar_Tools/install/bsplines:/home/orangepi/Desktop/SparkCar_ROS2_WS/SparkCar_Tools/install/aslam_backend_python:/home/orangepi/Desktop/SparkCar_ROS2_WS/SparkCar_Tools/install/aslam_backend_expressions:/home/orangepi/Desktop/SparkCar_ROS2_WS/SparkCar_Tools/install/aslam_backend:/home/orangepi/Desktop/SparkCar_ROS2_WS/SparkCar_Tools/install/sparse_block_matrix:/home/orangepi/Desktop/SparkCar_ROS2_WS/SparkCar_Tools/install/aslam_cameras_april:/home/orangepi/Desktop/SparkCar_ROS2_WS/SparkCar_Tools/install/sm_python:/home/orangepi/Desktop/SparkCar_ROS2_WS/SparkCar_Tools/install/sm_timing:/home/orangepi/Desktop/SparkCar_ROS2_WS/SparkCar_Tools/install/aslam_imgproc:/home/orangepi/Desktop/SparkCar_ROS2_WS/SparkCar_Tools/install/aslam_cv_serialization:/home/orangepi/Desktop/SparkCar_ROS2_WS/SparkCar_Tools/install/aslam_cameras:/home/orangepi/Desktop/SparkCar_ROS2_WS/SparkCar_Tools/install/sm_kinematics:/home/orangepi/Desktop/SparkCar_ROS2_WS/SparkCar_Tools/install/sm_eigen:/home/orangepi/Desktop/SparkCar_ROS2_WS/SparkCar_Tools/install/sm_random:/home/orangepi/Desktop/SparkCar_ROS2_WS/SparkCar_Tools/install/sm_property_tree:/home/orangepi/Desktop/SparkCar_ROS2_WS/SparkCar_Tools/install/sm_opencv:/home/orangepi/Desktop/SparkCar_ROS2_WS/SparkCar_Tools/install/sm_matrix_archive:/home/orangepi/Desktop/SparkCar_ROS2_WS/SparkCar_Tools/install/sm_logging:/home/orangepi/Desktop/SparkCar_ROS2_WS/SparkCar_Tools/install/sm_boost:/home/orangepi/Desktop/SparkCar_ROS2_WS/SparkCar_Tools/install/sm_common:/home/orangepi/Desktop/SparkCar_ROS2_WS/SparkCar_Tools/install/python_module:/home/orangepi/Desktop/SparkCar_ROS2_WS/SparkCar_Tools/install/numpy_eigen:/home/orangepi/Desktop/SparkCar_ROS2_WS/SparkCar_Tools/install/ethz_apriltag2:/home/orangepi/Desktop/SparkCar_ROS2_WS/SparkCar_Tools/install/aslam_time:/opt/ros/humble PATH=/home/orangepi/Desktop/SparkCar_ROS2_WS/SparkCar_Perception/install/camera_models/bin:/home/orangepi/.local/bin:/home/orangepi/.local/bin:/home/orangepi/.vscode-server/data/User/globalStorage/github.copilot-chat/debugCommand:/home/orangepi/.vscode-server/data/User/globalStorage/github.copilot-chat/copilotCli:/home/orangepi/.vscode-server/cli/servers/Stable-7e7950df89d055b5a378379db9ee14290772148a/server/bin/remote-cli:/home/orangepi/.local/bin:/home/orangepi/.local/bin:/home/orangepi/.local/bin:/home/orangepi/Desktop/SparkCar_ROS2_WS/SparkCar_Perception/install/global_fusion/bin:/opt/ros/humble/bin:/home/orangepi/.local/bin:/usr/local/sbin:/usr/local/bin:/usr/sbin:/usr/bin:/sbin:/bin:/usr/games:/usr/local/games:/snap/bin /usr/bin/cmake --build /home/orangepi/Desktop/SparkCar_ROS2_WS/SparkCar_Perception/build/vins -- -j8 -l8
[2.501s] INFO:colcon.colcon_core.shell:Creating environment descriptor '/home/orangepi/Desktop/SparkCar_ROS2_WS/SparkCar_Perception/install/realsense2_camera_msgs/share/realsense2_camera_msgs/hook/cmake_prefix_path.dsv'
[2.504s] DEBUG:colcon.colcon_core.event_handler.log_command:Invoking command in '/home/orangepi/Desktop/SparkCar_ROS2_WS/SparkCar_Perception/build/vins': CMAKE_PREFIX_PATH=/home/orangepi/Desktop/SparkCar_ROS2_WS/SparkCar_Perception/install/camera_models:/home/orangepi/Desktop/SparkCar_ROS2_WS/SparkCar_Perception/install/vins:/home/orangepi/Desktop/SparkCar_ROS2_WS/SparkCar_Perception/install/realsense2_description:/home/orangepi/Desktop/SparkCar_ROS2_WS/SparkCar_Perception/install/realsense2_camera:/home/orangepi/Desktop/SparkCar_ROS2_WS/SparkCar_Perception/install/realsense2_camera_msgs:/home/orangepi/Desktop/SparkCar_ROS2_WS/SparkCar_Perception/install/loop_fusion:/home/orangepi/Desktop/SparkCar_ROS2_WS/SparkCar_Perception/install/global_fusion:/home/orangepi/Desktop/SparkCar_ROS2_WS/SparkCar_Controller/install/target_follower:/home/orangepi/Desktop/SparkCar_ROS2_WS/SparkCar_Tools/install/kalibr:/home/orangepi/Desktop/SparkCar_ROS2_WS/SparkCar_Tools/install/incremental_calibration_python:/home/orangepi/Desktop/SparkCar_ROS2_WS/SparkCar_Tools/install/incremental_calibration:/home/orangepi/Desktop/SparkCar_ROS2_WS/SparkCar_Tools/install/aslam_splines_python:/home/orangepi/Desktop/SparkCar_ROS2_WS/SparkCar_Tools/install/bsplines_python:/home/orangepi/Desktop/SparkCar_ROS2_WS/SparkCar_Tools/install/aslam_cv_backend_python:/home/orangepi/Desktop/SparkCar_ROS2_WS/SparkCar_Tools/install/aslam_cv_python:/home/orangepi/Desktop/SparkCar_ROS2_WS/SparkCar_Tools/install/aslam_cv_error_terms:/home/orangepi/Desktop/SparkCar_ROS2_WS/SparkCar_Tools/install/aslam_cv_backend:/home/orangepi/Desktop/SparkCar_ROS2_WS/SparkCar_Tools/install/aslam_splines:/home/orangepi/Desktop/SparkCar_ROS2_WS/SparkCar_Tools/install/bsplines:/home/orangepi/Desktop/SparkCar_ROS2_WS/SparkCar_Tools/install/aslam_backend_python:/home/orangepi/Desktop/SparkCar_ROS2_WS/SparkCar_Tools/install/aslam_backend_expressions:/home/orangepi/Desktop/SparkCar_ROS2_WS/SparkCar_Tools/install/aslam_backend:/home/orangepi/Desktop/SparkCar_ROS2_WS/SparkCar_Tools/install/sparse_block_matrix:/home/orangepi/Desktop/SparkCar_ROS2_WS/SparkCar_Tools/install/aslam_cameras_april:/home/orangepi/Desktop/SparkCar_ROS2_WS/SparkCar_Tools/install/sm_python:/home/orangepi/Desktop/SparkCar_ROS2_WS/SparkCar_Tools/install/sm_timing:/home/orangepi/Desktop/SparkCar_ROS2_WS/SparkCar_Tools/install/aslam_imgproc:/home/orangepi/Desktop/SparkCar_ROS2_WS/SparkCar_Tools/install/aslam_cv_serialization:/home/orangepi/Desktop/SparkCar_ROS2_WS/SparkCar_Tools/install/aslam_cameras:/home/orangepi/Desktop/SparkCar_ROS2_WS/SparkCar_Tools/install/sm_kinematics:/home/orangepi/Desktop/SparkCar_ROS2_WS/SparkCar_Tools/install/sm_eigen:/home/orangepi/Desktop/SparkCar_ROS2_WS/SparkCar_Tools/install/sm_random:/home/orangepi/Desktop/SparkCar_ROS2_WS/SparkCar_Tools/install/sm_property_tree:/home/orangepi/Desktop/SparkCar_ROS2_WS/SparkCar_Tools/install/sm_opencv:/home/orangepi/Desktop/SparkCar_ROS2_WS/SparkCar_Tools/install/sm_matrix_archive:/home/orangepi/Desktop/SparkCar_ROS2_WS/SparkCar_Tools/install/sm_logging:/home/orangepi/Desktop/SparkCar_ROS2_WS/SparkCar_Tools/install/sm_boost:/home/orangepi/Desktop/SparkCar_ROS2_WS/SparkCar_Tools/install/sm_common:/home/orangepi/Desktop/SparkCar_ROS2_WS/SparkCar_Tools/install/python_module:/home/orangepi/Desktop/SparkCar_ROS2_WS/SparkCar_Tools/install/numpy_eigen:/home/orangepi/Desktop/SparkCar_ROS2_WS/SparkCar_Tools/install/ethz_apriltag2:/home/orangepi/Desktop/SparkCar_ROS2_WS/SparkCar_Tools/install/aslam_time:/opt/ros/humble PATH=/home/orangepi/Desktop/SparkCar_ROS2_WS/SparkCar_Perception/install/camera_models/bin:/home/orangepi/.local/bin:/home/orangepi/.local/bin:/home/orangepi/.vscode-server/data/User/globalStorage/github.copilot-chat/debugCommand:/home/orangepi/.vscode-server/data/User/globalStorage/github.copilot-chat/copilotCli:/home/orangepi/.vscode-server/cli/servers/Stable-7e7950df89d055b5a378379db9ee14290772148a/server/bin/remote-cli:/home/orangepi/.local/bin:/home/orangepi/.local/bin:/home/orangepi/.local/bin:/home/orangepi/Desktop/SparkCar_ROS2_WS/SparkCar_Perception/install/global_fusion/bin:/opt/ros/humble/bin:/home/orangepi/.local/bin:/usr/local/sbin:/usr/local/bin:/usr/sbin:/usr/bin:/sbin:/bin:/usr/games:/usr/local/games:/snap/bin /usr/bin/cmake --install /home/orangepi/Desktop/SparkCar_ROS2_WS/SparkCar_Perception/build/vins
[2.505s] INFO:colcon.colcon_core.shell:Creating environment hook '/home/orangepi/Desktop/SparkCar_ROS2_WS/SparkCar_Perception/install/realsense2_camera_msgs/share/realsense2_camera_msgs/hook/cmake_prefix_path.sh'
[2.506s] DEBUG:colcon.colcon_core.event_handler.log_command:Invoked command in '/home/orangepi/Desktop/SparkCar_ROS2_WS/SparkCar_Perception/build/realsense2_camera_msgs' returned '0': CMAKE_PREFIX_PATH=${CMAKE_PREFIX_PATH}:/opt/ros/humble /usr/bin/cmake --install /home/orangepi/Desktop/SparkCar_ROS2_WS/SparkCar_Perception/build/realsense2_camera_msgs
[2.509s] Level 1:colcon.colcon_core.environment:checking '/home/orangepi/Desktop/SparkCar_ROS2_WS/SparkCar_Perception/install/realsense2_camera_msgs/lib'
[2.510s] Level 1:colcon.colcon_core.shell:create_environment_hook('realsense2_camera_msgs', 'ld_library_path_lib')
[2.510s] INFO:colcon.colcon_core.shell:Creating environment hook '/home/orangepi/Desktop/SparkCar_ROS2_WS/SparkCar_Perception/install/realsense2_camera_msgs/share/realsense2_camera_msgs/hook/ld_library_path_lib.ps1'
[2.514s] INFO:colcon.colcon_core.shell:Creating environment descriptor '/home/orangepi/Desktop/SparkCar_ROS2_WS/SparkCar_Perception/install/realsense2_camera_msgs/share/realsense2_camera_msgs/hook/ld_library_path_lib.dsv'
[2.517s] INFO:colcon.colcon_core.shell:Creating environment hook '/home/orangepi/Desktop/SparkCar_ROS2_WS/SparkCar_Perception/install/realsense2_camera_msgs/share/realsense2_camera_msgs/hook/ld_library_path_lib.sh'
[2.518s] Level 1:colcon.colcon_core.environment:checking '/home/orangepi/Desktop/SparkCar_ROS2_WS/SparkCar_Perception/install/realsense2_camera_msgs/bin'
[2.518s] Level 1:colcon.colcon_core.environment:checking '/home/orangepi/Desktop/SparkCar_ROS2_WS/SparkCar_Perception/install/realsense2_camera_msgs/lib/pkgconfig/realsense2_camera_msgs.pc'
[2.519s] Level 1:colcon.colcon_core.environment:checking '/home/orangepi/Desktop/SparkCar_ROS2_WS/SparkCar_Perception/install/realsense2_camera_msgs/lib/python3.10/site-packages'
[2.519s] Level 1:colcon.colcon_core.environment:checking '/home/orangepi/Desktop/SparkCar_ROS2_WS/SparkCar_Perception/install/realsense2_camera_msgs/bin'
[2.520s] INFO:colcon.colcon_core.shell:Creating package script '/home/orangepi/Desktop/SparkCar_ROS2_WS/SparkCar_Perception/install/realsense2_camera_msgs/share/realsense2_camera_msgs/package.ps1'
[2.521s] INFO:colcon.colcon_core.shell:Creating package descriptor '/home/orangepi/Desktop/SparkCar_ROS2_WS/SparkCar_Perception/install/realsense2_camera_msgs/share/realsense2_camera_msgs/package.dsv'
[2.522s] INFO:colcon.colcon_core.shell:Creating package script '/home/orangepi/Desktop/SparkCar_ROS2_WS/SparkCar_Perception/install/realsense2_camera_msgs/share/realsense2_camera_msgs/package.sh'
[2.523s] INFO:colcon.colcon_core.shell:Creating package script '/home/orangepi/Desktop/SparkCar_ROS2_WS/SparkCar_Perception/install/realsense2_camera_msgs/share/realsense2_camera_msgs/package.bash'
[2.524s] INFO:colcon.colcon_core.shell:Creating package script '/home/orangepi/Desktop/SparkCar_ROS2_WS/SparkCar_Perception/install/realsense2_camera_msgs/share/realsense2_camera_msgs/package.zsh'
[2.528s] Level 1:colcon.colcon_core.environment:create_file_with_runtime_dependencies(/home/orangepi/Desktop/SparkCar_ROS2_WS/SparkCar_Perception/install/realsense2_camera_msgs/share/colcon-core/packages/realsense2_camera_msgs)
[2.532s] Level 1:colcon.colcon_core.environment:create_environment_scripts_only(realsense2_camera_msgs)
[2.533s] Level 1:colcon.colcon_core.environment:checking '/home/orangepi/Desktop/SparkCar_ROS2_WS/SparkCar_Perception/install/realsense2_camera_msgs' for CMake module files
[2.536s] Level 1:colcon.colcon_core.environment:checking '/home/orangepi/Desktop/SparkCar_ROS2_WS/SparkCar_Perception/install/realsense2_camera_msgs' for CMake config files
[2.540s] Level 1:colcon.colcon_core.shell:create_environment_hook('realsense2_camera_msgs', 'cmake_prefix_path')
[2.541s] INFO:colcon.colcon_core.shell:Creating environment hook '/home/orangepi/Desktop/SparkCar_ROS2_WS/SparkCar_Perception/install/realsense2_camera_msgs/share/realsense2_camera_msgs/hook/cmake_prefix_path.ps1'
[2.542s] INFO:colcon.colcon_core.shell:Creating environment descriptor '/home/orangepi/Desktop/SparkCar_ROS2_WS/SparkCar_Perception/install/realsense2_camera_msgs/share/realsense2_camera_msgs/hook/cmake_prefix_path.dsv'
[2.543s] INFO:colcon.colcon_core.shell:Creating environment hook '/home/orangepi/Desktop/SparkCar_ROS2_WS/SparkCar_Perception/install/realsense2_camera_msgs/share/realsense2_camera_msgs/hook/cmake_prefix_path.sh'
[2.544s] Level 1:colcon.colcon_core.environment:checking '/home/orangepi/Desktop/SparkCar_ROS2_WS/SparkCar_Perception/install/realsense2_camera_msgs/lib'
[2.544s] Level 1:colcon.colcon_core.shell:create_environment_hook('realsense2_camera_msgs', 'ld_library_path_lib')
[2.545s] INFO:colcon.colcon_core.shell:Creating environment hook '/home/orangepi/Desktop/SparkCar_ROS2_WS/SparkCar_Perception/install/realsense2_camera_msgs/share/realsense2_camera_msgs/hook/ld_library_path_lib.ps1'
[2.546s] INFO:colcon.colcon_core.shell:Creating environment descriptor '/home/orangepi/Desktop/SparkCar_ROS2_WS/SparkCar_Perception/install/realsense2_camera_msgs/share/realsense2_camera_msgs/hook/ld_library_path_lib.dsv'
[2.547s] INFO:colcon.colcon_core.shell:Creating environment hook '/home/orangepi/Desktop/SparkCar_ROS2_WS/SparkCar_Perception/install/realsense2_camera_msgs/share/realsense2_camera_msgs/hook/ld_library_path_lib.sh'
[2.547s] Level 1:colcon.colcon_core.environment:checking '/home/orangepi/Desktop/SparkCar_ROS2_WS/SparkCar_Perception/install/realsense2_camera_msgs/bin'
[2.548s] Level 1:colcon.colcon_core.environment:checking '/home/orangepi/Desktop/SparkCar_ROS2_WS/SparkCar_Perception/install/realsense2_camera_msgs/lib/pkgconfig/realsense2_camera_msgs.pc'
[2.548s] Level 1:colcon.colcon_core.environment:checking '/home/orangepi/Desktop/SparkCar_ROS2_WS/SparkCar_Perception/install/realsense2_camera_msgs/lib/python3.10/site-packages'
[2.549s] Level 1:colcon.colcon_core.environment:checking '/home/orangepi/Desktop/SparkCar_ROS2_WS/SparkCar_Perception/install/realsense2_camera_msgs/bin'
[2.550s] INFO:colcon.colcon_core.shell:Creating package script '/home/orangepi/Desktop/SparkCar_ROS2_WS/SparkCar_Perception/install/realsense2_camera_msgs/share/realsense2_camera_msgs/package.ps1'
[2.551s] INFO:colcon.colcon_core.shell:Creating package descriptor '/home/orangepi/Desktop/SparkCar_ROS2_WS/SparkCar_Perception/install/realsense2_camera_msgs/share/realsense2_camera_msgs/package.dsv'
[2.551s] INFO:colcon.colcon_core.shell:Creating package script '/home/orangepi/Desktop/SparkCar_ROS2_WS/SparkCar_Perception/install/realsense2_camera_msgs/share/realsense2_camera_msgs/package.sh'
[2.552s] INFO:colcon.colcon_core.shell:Creating package script '/home/orangepi/Desktop/SparkCar_ROS2_WS/SparkCar_Perception/install/realsense2_camera_msgs/share/realsense2_camera_msgs/package.bash'
[2.553s] INFO:colcon.colcon_core.shell:Creating package script '/home/orangepi/Desktop/SparkCar_ROS2_WS/SparkCar_Perception/install/realsense2_camera_msgs/share/realsense2_camera_msgs/package.zsh'
[2.554s] Level 1:colcon.colcon_core.environment:create_file_with_runtime_dependencies(/home/orangepi/Desktop/SparkCar_ROS2_WS/SparkCar_Perception/install/realsense2_camera_msgs/share/colcon-core/packages/realsense2_camera_msgs)
[2.555s] INFO:colcon.colcon_ros.task.ament_cmake.build:Building ROS package in '/home/orangepi/Desktop/SparkCar_ROS2_WS/SparkCar_Perception/src/realsense-ros/realsense2_camera' with build type 'ament_cmake'
[2.555s] INFO:colcon.colcon_cmake.task.cmake.build:Building CMake package in '/home/orangepi/Desktop/SparkCar_ROS2_WS/SparkCar_Perception/src/realsense-ros/realsense2_camera'
[2.556s] INFO:colcon.colcon_core.shell:Skip shell extension 'powershell' for command environment: Not usable outside of PowerShell
[2.556s] DEBUG:colcon.colcon_core.shell:Skip shell extension 'dsv' for command environment
[2.567s] INFO:colcon.colcon_ros.task.ament_cmake.build:Building ROS package in '/home/orangepi/Desktop/SparkCar_ROS2_WS/SparkCar_Perception/src/realsense-ros/realsense2_description' with build type 'ament_cmake'
[2.568s] INFO:colcon.colcon_cmake.task.cmake.build:Building CMake package in '/home/orangepi/Desktop/SparkCar_ROS2_WS/SparkCar_Perception/src/realsense-ros/realsense2_description'
[2.569s] INFO:colcon.colcon_core.shell:Skip shell extension 'powershell' for command environment: Not usable outside of PowerShell
[2.569s] DEBUG:colcon.colcon_core.shell:Skip shell extension 'dsv' for command environment
[2.580s] Level 1:colcon.colcon_core.environment:create_environment_scripts_only(vins)
[2.582s] Level 1:colcon.colcon_core.environment:checking '/home/orangepi/Desktop/SparkCar_ROS2_WS/SparkCar_Perception/install/vins' for CMake module files
[2.582s] DEBUG:colcon.colcon_core.event_handler.log_command:Invoked command in '/home/orangepi/Desktop/SparkCar_ROS2_WS/SparkCar_Perception/build/vins' returned '0': CMAKE_PREFIX_PATH=/home/orangepi/Desktop/SparkCar_ROS2_WS/SparkCar_Perception/install/camera_models:/home/orangepi/Desktop/SparkCar_ROS2_WS/SparkCar_Perception/install/vins:/home/orangepi/Desktop/SparkCar_ROS2_WS/SparkCar_Perception/install/realsense2_description:/home/orangepi/Desktop/SparkCar_ROS2_WS/SparkCar_Perception/install/realsense2_camera:/home/orangepi/Desktop/SparkCar_ROS2_WS/SparkCar_Perception/install/realsense2_camera_msgs:/home/orangepi/Desktop/SparkCar_ROS2_WS/SparkCar_Perception/install/loop_fusion:/home/orangepi/Desktop/SparkCar_ROS2_WS/SparkCar_Perception/install/global_fusion:/home/orangepi/Desktop/SparkCar_ROS2_WS/SparkCar_Controller/install/target_follower:/home/orangepi/Desktop/SparkCar_ROS2_WS/SparkCar_Tools/install/kalibr:/home/orangepi/Desktop/SparkCar_ROS2_WS/SparkCar_Tools/install/incremental_calibration_python:/home/orangepi/Desktop/SparkCar_ROS2_WS/SparkCar_Tools/install/incremental_calibration:/home/orangepi/Desktop/SparkCar_ROS2_WS/SparkCar_Tools/install/aslam_splines_python:/home/orangepi/Desktop/SparkCar_ROS2_WS/SparkCar_Tools/install/bsplines_python:/home/orangepi/Desktop/SparkCar_ROS2_WS/SparkCar_Tools/install/aslam_cv_backend_python:/home/orangepi/Desktop/SparkCar_ROS2_WS/SparkCar_Tools/install/aslam_cv_python:/home/orangepi/Desktop/SparkCar_ROS2_WS/SparkCar_Tools/install/aslam_cv_error_terms:/home/orangepi/Desktop/SparkCar_ROS2_WS/SparkCar_Tools/install/aslam_cv_backend:/home/orangepi/Desktop/SparkCar_ROS2_WS/SparkCar_Tools/install/aslam_splines:/home/orangepi/Desktop/SparkCar_ROS2_WS/SparkCar_Tools/install/bsplines:/home/orangepi/Desktop/SparkCar_ROS2_WS/SparkCar_Tools/install/aslam_backend_python:/home/orangepi/Desktop/SparkCar_ROS2_WS/SparkCar_Tools/install/aslam_backend_expressions:/home/orangepi/Desktop/SparkCar_ROS2_WS/SparkCar_Tools/install/aslam_backend:/home/orangepi/Desktop/SparkCar_ROS2_WS/SparkCar_Tools/install/sparse_block_matrix:/home/orangepi/Desktop/SparkCar_ROS2_WS/SparkCar_Tools/install/aslam_cameras_april:/home/orangepi/Desktop/SparkCar_ROS2_WS/SparkCar_Tools/install/sm_python:/home/orangepi/Desktop/SparkCar_ROS2_WS/SparkCar_Tools/install/sm_timing:/home/orangepi/Desktop/SparkCar_ROS2_WS/SparkCar_Tools/install/aslam_imgproc:/home/orangepi/Desktop/SparkCar_ROS2_WS/SparkCar_Tools/install/aslam_cv_serialization:/home/orangepi/Desktop/SparkCar_ROS2_WS/SparkCar_Tools/install/aslam_cameras:/home/orangepi/Desktop/SparkCar_ROS2_WS/SparkCar_Tools/install/sm_kinematics:/home/orangepi/Desktop/SparkCar_ROS2_WS/SparkCar_Tools/install/sm_eigen:/home/orangepi/Desktop/SparkCar_ROS2_WS/SparkCar_Tools/install/sm_random:/home/orangepi/Desktop/SparkCar_ROS2_WS/SparkCar_Tools/install/sm_property_tree:/home/orangepi/Desktop/SparkCar_ROS2_WS/SparkCar_Tools/install/sm_opencv:/home/orangepi/Desktop/SparkCar_ROS2_WS/SparkCar_Tools/install/sm_matrix_archive:/home/orangepi/Desktop/SparkCar_ROS2_WS/SparkCar_Tools/install/sm_logging:/home/orangepi/Desktop/SparkCar_ROS2_WS/SparkCar_Tools/install/sm_boost:/home/orangepi/Desktop/SparkCar_ROS2_WS/SparkCar_Tools/install/sm_common:/home/orangepi/Desktop/SparkCar_ROS2_WS/SparkCar_Tools/install/python_module:/home/orangepi/Desktop/SparkCar_ROS2_WS/SparkCar_Tools/install/numpy_eigen:/home/orangepi/Desktop/SparkCar_ROS2_WS/SparkCar_Tools/install/ethz_apriltag2:/home/orangepi/Desktop/SparkCar_ROS2_WS/SparkCar_Tools/install/aslam_time:/opt/ros/humble PATH=/home/orangepi/Desktop/SparkCar_ROS2_WS/SparkCar_Perception/install/camera_models/bin:/home/orangepi/.local/bin:/home/orangepi/.local/bin:/home/orangepi/.vscode-server/data/User/globalStorage/github.copilot-chat/debugCommand:/home/orangepi/.vscode-server/data/User/globalStorage/github.copilot-chat/copilotCli:/home/orangepi/.vscode-server/cli/servers/Stable-7e7950df89d055b5a378379db9ee14290772148a/server/bin/remote-cli:/home/orangepi/.local/bin:/home/orangepi/.local/bin:/home/orangepi/.local/bin:/home/orangepi/Desktop/SparkCar_ROS2_WS/SparkCar_Perception/install/global_fusion/bin:/opt/ros/humble/bin:/home/orangepi/.local/bin:/usr/local/sbin:/usr/local/bin:/usr/sbin:/usr/bin:/sbin:/bin:/usr/games:/usr/local/games:/snap/bin /usr/bin/cmake --install /home/orangepi/Desktop/SparkCar_ROS2_WS/SparkCar_Perception/build/vins
[2.583s] Level 1:colcon.colcon_core.environment:checking '/home/orangepi/Desktop/SparkCar_ROS2_WS/SparkCar_Perception/install/vins' for CMake config files
[2.583s] Level 1:colcon.colcon_core.shell:create_environment_hook('vins', 'cmake_prefix_path')
[2.584s] INFO:colcon.colcon_core.shell:Creating environment hook '/home/orangepi/Desktop/SparkCar_ROS2_WS/SparkCar_Perception/install/vins/share/vins/hook/cmake_prefix_path.ps1'
[2.585s] INFO:colcon.colcon_core.shell:Creating environment descriptor '/home/orangepi/Desktop/SparkCar_ROS2_WS/SparkCar_Perception/install/vins/share/vins/hook/cmake_prefix_path.dsv'
[2.586s] INFO:colcon.colcon_core.shell:Creating environment hook '/home/orangepi/Desktop/SparkCar_ROS2_WS/SparkCar_Perception/install/vins/share/vins/hook/cmake_prefix_path.sh'
[2.590s] Level 1:colcon.colcon_core.environment:checking '/home/orangepi/Desktop/SparkCar_ROS2_WS/SparkCar_Perception/install/vins/lib'
[2.590s] Level 1:colcon.colcon_core.environment:checking '/home/orangepi/Desktop/SparkCar_ROS2_WS/SparkCar_Perception/install/vins/bin'
[2.591s] Level 1:colcon.colcon_core.environment:checking '/home/orangepi/Desktop/SparkCar_ROS2_WS/SparkCar_Perception/install/vins/lib/pkgconfig/vins.pc'
[2.592s] Level 1:colcon.colcon_core.environment:checking '/home/orangepi/Desktop/SparkCar_ROS2_WS/SparkCar_Perception/install/vins/lib/python3.10/site-packages'
[2.594s] Level 1:colcon.colcon_core.environment:checking '/home/orangepi/Desktop/SparkCar_ROS2_WS/SparkCar_Perception/install/vins/bin'
[2.595s] INFO:colcon.colcon_core.shell:Creating package script '/home/orangepi/Desktop/SparkCar_ROS2_WS/SparkCar_Perception/install/vins/share/vins/package.ps1'
[2.598s] INFO:colcon.colcon_core.shell:Creating package descriptor '/home/orangepi/Desktop/SparkCar_ROS2_WS/SparkCar_Perception/install/vins/share/vins/package.dsv'
[2.599s] INFO:colcon.colcon_core.shell:Creating package script '/home/orangepi/Desktop/SparkCar_ROS2_WS/SparkCar_Perception/install/vins/share/vins/package.sh'
[2.599s] INFO:colcon.colcon_core.shell:Creating package script '/home/orangepi/Desktop/SparkCar_ROS2_WS/SparkCar_Perception/install/vins/share/vins/package.bash'
[2.600s] INFO:colcon.colcon_core.shell:Creating package script '/home/orangepi/Desktop/SparkCar_ROS2_WS/SparkCar_Perception/install/vins/share/vins/package.zsh'
[2.601s] Level 1:colcon.colcon_core.environment:create_file_with_runtime_dependencies(/home/orangepi/Desktop/SparkCar_ROS2_WS/SparkCar_Perception/install/vins/share/colcon-core/packages/vins)
[2.602s] Level 1:colcon.colcon_core.environment:create_environment_scripts_only(vins)
[2.603s] Level 1:colcon.colcon_core.environment:checking '/home/orangepi/Desktop/SparkCar_ROS2_WS/SparkCar_Perception/install/vins' for CMake module files
[2.604s] Level 1:colcon.colcon_core.environment:checking '/home/orangepi/Desktop/SparkCar_ROS2_WS/SparkCar_Perception/install/vins' for CMake config files
[2.604s] Level 1:colcon.colcon_core.shell:create_environment_hook('vins', 'cmake_prefix_path')
[2.605s] INFO:colcon.colcon_core.shell:Creating environment hook '/home/orangepi/Desktop/SparkCar_ROS2_WS/SparkCar_Perception/install/vins/share/vins/hook/cmake_prefix_path.ps1'
[2.606s] INFO:colcon.colcon_core.shell:Creating environment descriptor '/home/orangepi/Desktop/SparkCar_ROS2_WS/SparkCar_Perception/install/vins/share/vins/hook/cmake_prefix_path.dsv'
[2.607s] INFO:colcon.colcon_core.shell:Creating environment hook '/home/orangepi/Desktop/SparkCar_ROS2_WS/SparkCar_Perception/install/vins/share/vins/hook/cmake_prefix_path.sh'
[2.609s] Level 1:colcon.colcon_core.environment:checking '/home/orangepi/Desktop/SparkCar_ROS2_WS/SparkCar_Perception/install/vins/lib'
[2.609s] Level 1:colcon.colcon_core.environment:checking '/home/orangepi/Desktop/SparkCar_ROS2_WS/SparkCar_Perception/install/vins/bin'
[2.609s] Level 1:colcon.colcon_core.environment:checking '/home/orangepi/Desktop/SparkCar_ROS2_WS/SparkCar_Perception/install/vins/lib/pkgconfig/vins.pc'
[2.610s] Level 1:colcon.colcon_core.environment:checking '/home/orangepi/Desktop/SparkCar_ROS2_WS/SparkCar_Perception/install/vins/lib/python3.10/site-packages'
[2.610s] Level 1:colcon.colcon_core.environment:checking '/home/orangepi/Desktop/SparkCar_ROS2_WS/SparkCar_Perception/install/vins/bin'
[2.611s] INFO:colcon.colcon_core.shell:Creating package script '/home/orangepi/Desktop/SparkCar_ROS2_WS/SparkCar_Perception/install/vins/share/vins/package.ps1'
[2.613s] INFO:colcon.colcon_core.shell:Creating package descriptor '/home/orangepi/Desktop/SparkCar_ROS2_WS/SparkCar_Perception/install/vins/share/vins/package.dsv'
[2.614s] INFO:colcon.colcon_core.shell:Creating package script '/home/orangepi/Desktop/SparkCar_ROS2_WS/SparkCar_Perception/install/vins/share/vins/package.sh'
[2.614s] INFO:colcon.colcon_core.shell:Creating package script '/home/orangepi/Desktop/SparkCar_ROS2_WS/SparkCar_Perception/install/vins/share/vins/package.bash'
[2.615s] INFO:colcon.colcon_core.shell:Creating package script '/home/orangepi/Desktop/SparkCar_ROS2_WS/SparkCar_Perception/install/vins/share/vins/package.zsh'
[2.616s] Level 1:colcon.colcon_core.environment:create_file_with_runtime_dependencies(/home/orangepi/Desktop/SparkCar_ROS2_WS/SparkCar_Perception/install/vins/share/colcon-core/packages/vins)
[2.627s] DEBUG:colcon.colcon_core.event_handler.log_command:Invoking command in '/home/orangepi/Desktop/SparkCar_ROS2_WS/SparkCar_Perception/build/realsense2_camera': CMAKE_PREFIX_PATH=/home/orangepi/Desktop/SparkCar_ROS2_WS/SparkCar_Perception/install/realsense2_camera_msgs:/home/orangepi/Desktop/SparkCar_ROS2_WS/SparkCar_Perception/install/vins:/home/orangepi/Desktop/SparkCar_ROS2_WS/SparkCar_Perception/install/realsense2_description:/home/orangepi/Desktop/SparkCar_ROS2_WS/SparkCar_Perception/install/realsense2_camera:/home/orangepi/Desktop/SparkCar_ROS2_WS/SparkCar_Perception/install/loop_fusion:/home/orangepi/Desktop/SparkCar_ROS2_WS/SparkCar_Perception/install/global_fusion:/home/orangepi/Desktop/SparkCar_ROS2_WS/SparkCar_Perception/install/camera_models:/home/orangepi/Desktop/SparkCar_ROS2_WS/SparkCar_Controller/install/target_follower:/home/orangepi/Desktop/SparkCar_ROS2_WS/SparkCar_Tools/install/kalibr:/home/orangepi/Desktop/SparkCar_ROS2_WS/SparkCar_Tools/install/incremental_calibration_python:/home/orangepi/Desktop/SparkCar_ROS2_WS/SparkCar_Tools/install/incremental_calibration:/home/orangepi/Desktop/SparkCar_ROS2_WS/SparkCar_Tools/install/aslam_splines_python:/home/orangepi/Desktop/SparkCar_ROS2_WS/SparkCar_Tools/install/bsplines_python:/home/orangepi/Desktop/SparkCar_ROS2_WS/SparkCar_Tools/install/aslam_cv_backend_python:/home/orangepi/Desktop/SparkCar_ROS2_WS/SparkCar_Tools/install/aslam_cv_python:/home/orangepi/Desktop/SparkCar_ROS2_WS/SparkCar_Tools/install/aslam_cv_error_terms:/home/orangepi/Desktop/SparkCar_ROS2_WS/SparkCar_Tools/install/aslam_cv_backend:/home/orangepi/Desktop/SparkCar_ROS2_WS/SparkCar_Tools/install/aslam_splines:/home/orangepi/Desktop/SparkCar_ROS2_WS/SparkCar_Tools/install/bsplines:/home/orangepi/Desktop/SparkCar_ROS2_WS/SparkCar_Tools/install/aslam_backend_python:/home/orangepi/Desktop/SparkCar_ROS2_WS/SparkCar_Tools/install/aslam_backend_expressions:/home/orangepi/Desktop/SparkCar_ROS2_WS/SparkCar_Tools/install/aslam_backend:/home/orangepi/Desktop/SparkCar_ROS2_WS/SparkCar_Tools/install/sparse_block_matrix:/home/orangepi/Desktop/SparkCar_ROS2_WS/SparkCar_Tools/install/aslam_cameras_april:/home/orangepi/Desktop/SparkCar_ROS2_WS/SparkCar_Tools/install/sm_python:/home/orangepi/Desktop/SparkCar_ROS2_WS/SparkCar_Tools/install/sm_timing:/home/orangepi/Desktop/SparkCar_ROS2_WS/SparkCar_Tools/install/aslam_imgproc:/home/orangepi/Desktop/SparkCar_ROS2_WS/SparkCar_Tools/install/aslam_cv_serialization:/home/orangepi/Desktop/SparkCar_ROS2_WS/SparkCar_Tools/install/aslam_cameras:/home/orangepi/Desktop/SparkCar_ROS2_WS/SparkCar_Tools/install/sm_kinematics:/home/orangepi/Desktop/SparkCar_ROS2_WS/SparkCar_Tools/install/sm_eigen:/home/orangepi/Desktop/SparkCar_ROS2_WS/SparkCar_Tools/install/sm_random:/home/orangepi/Desktop/SparkCar_ROS2_WS/SparkCar_Tools/install/sm_property_tree:/home/orangepi/Desktop/SparkCar_ROS2_WS/SparkCar_Tools/install/sm_opencv:/home/orangepi/Desktop/SparkCar_ROS2_WS/SparkCar_Tools/install/sm_matrix_archive:/home/orangepi/Desktop/SparkCar_ROS2_WS/SparkCar_Tools/install/sm_logging:/home/orangepi/Desktop/SparkCar_ROS2_WS/SparkCar_Tools/install/sm_boost:/home/orangepi/Desktop/SparkCar_ROS2_WS/SparkCar_Tools/install/sm_common:/home/orangepi/Desktop/SparkCar_ROS2_WS/SparkCar_Tools/install/python_module:/home/orangepi/Desktop/SparkCar_ROS2_WS/SparkCar_Tools/install/numpy_eigen:/home/orangepi/Desktop/SparkCar_ROS2_WS/SparkCar_Tools/install/ethz_apriltag2:/home/orangepi/Desktop/SparkCar_ROS2_WS/SparkCar_Tools/install/aslam_time:/opt/ros/humble LD_LIBRARY_PATH=/home/orangepi/Desktop/SparkCar_ROS2_WS/SparkCar_Perception/install/realsense2_camera_msgs/lib:/home/orangepi/Desktop/SparkCar_ROS2_WS/SparkCar_Perception/install/realsense2_camera/lib:/home/orangepi/Desktop/SparkCar_ROS2_WS/SparkCar_Perception/install/camera_models/lib:/home/orangepi/Desktop/SparkCar_ROS2_WS/SparkCar_Tools/install/kalibr/lib:/home/orangepi/Desktop/SparkCar_ROS2_WS/SparkCar_Tools/install/incremental_calibration/lib:/home/orangepi/Desktop/SparkCar_ROS2_WS/SparkCar_Tools/install/aslam_cv_error_terms/lib:/home/orangepi/Desktop/SparkCar_ROS2_WS/SparkCar_Tools/install/aslam_cv_backend/lib:/home/orangepi/Desktop/SparkCar_ROS2_WS/SparkCar_Tools/install/aslam_splines/lib:/home/orangepi/Desktop/SparkCar_ROS2_WS/SparkCar_Tools/install/bsplines/lib:/home/orangepi/Desktop/SparkCar_ROS2_WS/SparkCar_Tools/install/aslam_backend_expressions/lib:/home/orangepi/Desktop/SparkCar_ROS2_WS/SparkCar_Tools/install/aslam_backend/lib:/home/orangepi/Desktop/SparkCar_ROS2_WS/SparkCar_Tools/install/sparse_block_matrix/lib:/home/orangepi/Desktop/SparkCar_ROS2_WS/SparkCar_Tools/install/aslam_cameras_april/lib:/home/orangepi/Desktop/SparkCar_ROS2_WS/SparkCar_Tools/install/sm_timing/lib:/home/orangepi/Desktop/SparkCar_ROS2_WS/SparkCar_Tools/install/aslam_imgproc/lib:/home/orangepi/Desktop/SparkCar_ROS2_WS/SparkCar_Tools/install/aslam_cv_serialization/lib:/home/orangepi/Desktop/SparkCar_ROS2_WS/SparkCar_Tools/install/aslam_cameras/lib:/home/orangepi/Desktop/SparkCar_ROS2_WS/SparkCar_Tools/install/sm_kinematics/lib:/home/orangepi/Desktop/SparkCar_ROS2_WS/SparkCar_Tools/install/sm_eigen/lib:/home/orangepi/Desktop/SparkCar_ROS2_WS/SparkCar_Tools/install/sm_random/lib:/home/orangepi/Desktop/SparkCar_ROS2_WS/SparkCar_Tools/install/sm_property_tree/lib:/home/orangepi/Desktop/SparkCar_ROS2_WS/SparkCar_Tools/install/sm_matrix_archive/lib:/home/orangepi/Desktop/SparkCar_ROS2_WS/SparkCar_Tools/install/sm_logging/lib:/home/orangepi/Desktop/SparkCar_ROS2_WS/SparkCar_Tools/install/sm_boost/lib:/home/orangepi/Desktop/SparkCar_ROS2_WS/SparkCar_Tools/install/sm_common/lib:/home/orangepi/Desktop/SparkCar_ROS2_WS/SparkCar_Tools/install/ethz_apriltag2/lib:/home/orangepi/Desktop/SparkCar_ROS2_WS/SparkCar_Tools/install/aslam_time/lib:/opt/ros/humble/opt/rviz_ogre_vendor/lib:/opt/ros/humble/lib/aarch64-linux-gnu:/opt/ros/humble/lib /usr/bin/cmake --build /home/orangepi/Desktop/SparkCar_ROS2_WS/SparkCar_Perception/build/realsense2_camera -- -j8 -l8
[2.637s] DEBUG:colcon.colcon_core.event_handler.log_command:Invoking command in '/home/orangepi/Desktop/SparkCar_ROS2_WS/SparkCar_Perception/build/realsense2_description': CMAKE_PREFIX_PATH=/home/orangepi/Desktop/SparkCar_ROS2_WS/SparkCar_Perception/install/realsense2_camera_msgs:/home/orangepi/Desktop/SparkCar_ROS2_WS/SparkCar_Perception/install/vins:/home/orangepi/Desktop/SparkCar_ROS2_WS/SparkCar_Perception/install/realsense2_description:/home/orangepi/Desktop/SparkCar_ROS2_WS/SparkCar_Perception/install/realsense2_camera:/home/orangepi/Desktop/SparkCar_ROS2_WS/SparkCar_Perception/install/loop_fusion:/home/orangepi/Desktop/SparkCar_ROS2_WS/SparkCar_Perception/install/global_fusion:/home/orangepi/Desktop/SparkCar_ROS2_WS/SparkCar_Perception/install/camera_models:/home/orangepi/Desktop/SparkCar_ROS2_WS/SparkCar_Controller/install/target_follower:/home/orangepi/Desktop/SparkCar_ROS2_WS/SparkCar_Tools/install/kalibr:/home/orangepi/Desktop/SparkCar_ROS2_WS/SparkCar_Tools/install/incremental_calibration_python:/home/orangepi/Desktop/SparkCar_ROS2_WS/SparkCar_Tools/install/incremental_calibration:/home/orangepi/Desktop/SparkCar_ROS2_WS/SparkCar_Tools/install/aslam_splines_python:/home/orangepi/Desktop/SparkCar_ROS2_WS/SparkCar_Tools/install/bsplines_python:/home/orangepi/Desktop/SparkCar_ROS2_WS/SparkCar_Tools/install/aslam_cv_backend_python:/home/orangepi/Desktop/SparkCar_ROS2_WS/SparkCar_Tools/install/aslam_cv_python:/home/orangepi/Desktop/SparkCar_ROS2_WS/SparkCar_Tools/install/aslam_cv_error_terms:/home/orangepi/Desktop/SparkCar_ROS2_WS/SparkCar_Tools/install/aslam_cv_backend:/home/orangepi/Desktop/SparkCar_ROS2_WS/SparkCar_Tools/install/aslam_splines:/home/orangepi/Desktop/SparkCar_ROS2_WS/SparkCar_Tools/install/bsplines:/home/orangepi/Desktop/SparkCar_ROS2_WS/SparkCar_Tools/install/aslam_backend_python:/home/orangepi/Desktop/SparkCar_ROS2_WS/SparkCar_Tools/install/aslam_backend_expressions:/home/orangepi/Desktop/SparkCar_ROS2_WS/SparkCar_Tools/install/aslam_backend:/home/orangepi/Desktop/SparkCar_ROS2_WS/SparkCar_Tools/install/sparse_block_matrix:/home/orangepi/Desktop/SparkCar_ROS2_WS/SparkCar_Tools/install/aslam_cameras_april:/home/orangepi/Desktop/SparkCar_ROS2_WS/SparkCar_Tools/install/sm_python:/home/orangepi/Desktop/SparkCar_ROS2_WS/SparkCar_Tools/install/sm_timing:/home/orangepi/Desktop/SparkCar_ROS2_WS/SparkCar_Tools/install/aslam_imgproc:/home/orangepi/Desktop/SparkCar_ROS2_WS/SparkCar_Tools/install/aslam_cv_serialization:/home/orangepi/Desktop/SparkCar_ROS2_WS/SparkCar_Tools/install/aslam_cameras:/home/orangepi/Desktop/SparkCar_ROS2_WS/SparkCar_Tools/install/sm_kinematics:/home/orangepi/Desktop/SparkCar_ROS2_WS/SparkCar_Tools/install/sm_eigen:/home/orangepi/Desktop/SparkCar_ROS2_WS/SparkCar_Tools/install/sm_random:/home/orangepi/Desktop/SparkCar_ROS2_WS/SparkCar_Tools/install/sm_property_tree:/home/orangepi/Desktop/SparkCar_ROS2_WS/SparkCar_Tools/install/sm_opencv:/home/orangepi/Desktop/SparkCar_ROS2_WS/SparkCar_Tools/install/sm_matrix_archive:/home/orangepi/Desktop/SparkCar_ROS2_WS/SparkCar_Tools/install/sm_logging:/home/orangepi/Desktop/SparkCar_ROS2_WS/SparkCar_Tools/install/sm_boost:/home/orangepi/Desktop/SparkCar_ROS2_WS/SparkCar_Tools/install/sm_common:/home/orangepi/Desktop/SparkCar_ROS2_WS/SparkCar_Tools/install/python_module:/home/orangepi/Desktop/SparkCar_ROS2_WS/SparkCar_Tools/install/numpy_eigen:/home/orangepi/Desktop/SparkCar_ROS2_WS/SparkCar_Tools/install/ethz_apriltag2:/home/orangepi/Desktop/SparkCar_ROS2_WS/SparkCar_Tools/install/aslam_time:/opt/ros/humble LD_LIBRARY_PATH=/home/orangepi/Desktop/SparkCar_ROS2_WS/SparkCar_Perception/install/realsense2_camera_msgs/lib:/home/orangepi/Desktop/SparkCar_ROS2_WS/SparkCar_Perception/install/realsense2_camera/lib:/home/orangepi/Desktop/SparkCar_ROS2_WS/SparkCar_Perception/install/camera_models/lib:/home/orangepi/Desktop/SparkCar_ROS2_WS/SparkCar_Tools/install/kalibr/lib:/home/orangepi/Desktop/SparkCar_ROS2_WS/SparkCar_Tools/install/incremental_calibration/lib:/home/orangepi/Desktop/SparkCar_ROS2_WS/SparkCar_Tools/install/aslam_cv_error_terms/lib:/home/orangepi/Desktop/SparkCar_ROS2_WS/SparkCar_Tools/install/aslam_cv_backend/lib:/home/orangepi/Desktop/SparkCar_ROS2_WS/SparkCar_Tools/install/aslam_splines/lib:/home/orangepi/Desktop/SparkCar_ROS2_WS/SparkCar_Tools/install/bsplines/lib:/home/orangepi/Desktop/SparkCar_ROS2_WS/SparkCar_Tools/install/aslam_backend_expressions/lib:/home/orangepi/Desktop/SparkCar_ROS2_WS/SparkCar_Tools/install/aslam_backend/lib:/home/orangepi/Desktop/SparkCar_ROS2_WS/SparkCar_Tools/install/sparse_block_matrix/lib:/home/orangepi/Desktop/SparkCar_ROS2_WS/SparkCar_Tools/install/aslam_cameras_april/lib:/home/orangepi/Desktop/SparkCar_ROS2_WS/SparkCar_Tools/install/sm_timing/lib:/home/orangepi/Desktop/SparkCar_ROS2_WS/SparkCar_Tools/install/aslam_imgproc/lib:/home/orangepi/Desktop/SparkCar_ROS2_WS/SparkCar_Tools/install/aslam_cv_serialization/lib:/home/orangepi/Desktop/SparkCar_ROS2_WS/SparkCar_Tools/install/aslam_cameras/lib:/home/orangepi/Desktop/SparkCar_ROS2_WS/SparkCar_Tools/install/sm_kinematics/lib:/home/orangepi/Desktop/SparkCar_ROS2_WS/SparkCar_Tools/install/sm_eigen/lib:/home/orangepi/Desktop/SparkCar_ROS2_WS/SparkCar_Tools/install/sm_random/lib:/home/orangepi/Desktop/SparkCar_ROS2_WS/SparkCar_Tools/install/sm_property_tree/lib:/home/orangepi/Desktop/SparkCar_ROS2_WS/SparkCar_Tools/install/sm_matrix_archive/lib:/home/orangepi/Desktop/SparkCar_ROS2_WS/SparkCar_Tools/install/sm_logging/lib:/home/orangepi/Desktop/SparkCar_ROS2_WS/SparkCar_Tools/install/sm_boost/lib:/home/orangepi/Desktop/SparkCar_ROS2_WS/SparkCar_Tools/install/sm_common/lib:/home/orangepi/Desktop/SparkCar_ROS2_WS/SparkCar_Tools/install/ethz_apriltag2/lib:/home/orangepi/Desktop/SparkCar_ROS2_WS/SparkCar_Tools/install/aslam_time/lib:/opt/ros/humble/opt/rviz_ogre_vendor/lib:/opt/ros/humble/lib/aarch64-linux-gnu:/opt/ros/humble/lib /usr/bin/cmake --build /home/orangepi/Desktop/SparkCar_ROS2_WS/SparkCar_Perception/build/realsense2_description -- -j8 -l8
[2.756s] DEBUG:colcon.colcon_core.event_handler.log_command:Invoked command in '/home/orangepi/Desktop/SparkCar_ROS2_WS/SparkCar_Perception/build/realsense2_description' returned '0': CMAKE_PREFIX_PATH=/home/orangepi/Desktop/SparkCar_ROS2_WS/SparkCar_Perception/install/realsense2_camera_msgs:/home/orangepi/Desktop/SparkCar_ROS2_WS/SparkCar_Perception/install/vins:/home/orangepi/Desktop/SparkCar_ROS2_WS/SparkCar_Perception/install/realsense2_description:/home/orangepi/Desktop/SparkCar_ROS2_WS/SparkCar_Perception/install/realsense2_camera:/home/orangepi/Desktop/SparkCar_ROS2_WS/SparkCar_Perception/install/loop_fusion:/home/orangepi/Desktop/SparkCar_ROS2_WS/SparkCar_Perception/install/global_fusion:/home/orangepi/Desktop/SparkCar_ROS2_WS/SparkCar_Perception/install/camera_models:/home/orangepi/Desktop/SparkCar_ROS2_WS/SparkCar_Controller/install/target_follower:/home/orangepi/Desktop/SparkCar_ROS2_WS/SparkCar_Tools/install/kalibr:/home/orangepi/Desktop/SparkCar_ROS2_WS/SparkCar_Tools/install/incremental_calibration_python:/home/orangepi/Desktop/SparkCar_ROS2_WS/SparkCar_Tools/install/incremental_calibration:/home/orangepi/Desktop/SparkCar_ROS2_WS/SparkCar_Tools/install/aslam_splines_python:/home/orangepi/Desktop/SparkCar_ROS2_WS/SparkCar_Tools/install/bsplines_python:/home/orangepi/Desktop/SparkCar_ROS2_WS/SparkCar_Tools/install/aslam_cv_backend_python:/home/orangepi/Desktop/SparkCar_ROS2_WS/SparkCar_Tools/install/aslam_cv_python:/home/orangepi/Desktop/SparkCar_ROS2_WS/SparkCar_Tools/install/aslam_cv_error_terms:/home/orangepi/Desktop/SparkCar_ROS2_WS/SparkCar_Tools/install/aslam_cv_backend:/home/orangepi/Desktop/SparkCar_ROS2_WS/SparkCar_Tools/install/aslam_splines:/home/orangepi/Desktop/SparkCar_ROS2_WS/SparkCar_Tools/install/bsplines:/home/orangepi/Desktop/SparkCar_ROS2_WS/SparkCar_Tools/install/aslam_backend_python:/home/orangepi/Desktop/SparkCar_ROS2_WS/SparkCar_Tools/install/aslam_backend_expressions:/home/orangepi/Desktop/SparkCar_ROS2_WS/SparkCar_Tools/install/aslam_backend:/home/orangepi/Desktop/SparkCar_ROS2_WS/SparkCar_Tools/install/sparse_block_matrix:/home/orangepi/Desktop/SparkCar_ROS2_WS/SparkCar_Tools/install/aslam_cameras_april:/home/orangepi/Desktop/SparkCar_ROS2_WS/SparkCar_Tools/install/sm_python:/home/orangepi/Desktop/SparkCar_ROS2_WS/SparkCar_Tools/install/sm_timing:/home/orangepi/Desktop/SparkCar_ROS2_WS/SparkCar_Tools/install/aslam_imgproc:/home/orangepi/Desktop/SparkCar_ROS2_WS/SparkCar_Tools/install/aslam_cv_serialization:/home/orangepi/Desktop/SparkCar_ROS2_WS/SparkCar_Tools/install/aslam_cameras:/home/orangepi/Desktop/SparkCar_ROS2_WS/SparkCar_Tools/install/sm_kinematics:/home/orangepi/Desktop/SparkCar_ROS2_WS/SparkCar_Tools/install/sm_eigen:/home/orangepi/Desktop/SparkCar_ROS2_WS/SparkCar_Tools/install/sm_random:/home/orangepi/Desktop/SparkCar_ROS2_WS/SparkCar_Tools/install/sm_property_tree:/home/orangepi/Desktop/SparkCar_ROS2_WS/SparkCar_Tools/install/sm_opencv:/home/orangepi/Desktop/SparkCar_ROS2_WS/SparkCar_Tools/install/sm_matrix_archive:/home/orangepi/Desktop/SparkCar_ROS2_WS/SparkCar_Tools/install/sm_logging:/home/orangepi/Desktop/SparkCar_ROS2_WS/SparkCar_Tools/install/sm_boost:/home/orangepi/Desktop/SparkCar_ROS2_WS/SparkCar_Tools/install/sm_common:/home/orangepi/Desktop/SparkCar_ROS2_WS/SparkCar_Tools/install/python_module:/home/orangepi/Desktop/SparkCar_ROS2_WS/SparkCar_Tools/install/numpy_eigen:/home/orangepi/Desktop/SparkCar_ROS2_WS/SparkCar_Tools/install/ethz_apriltag2:/home/orangepi/Desktop/SparkCar_ROS2_WS/SparkCar_Tools/install/aslam_time:/opt/ros/humble LD_LIBRARY_PATH=/home/orangepi/Desktop/SparkCar_ROS2_WS/SparkCar_Perception/install/realsense2_camera_msgs/lib:/home/orangepi/Desktop/SparkCar_ROS2_WS/SparkCar_Perception/install/realsense2_camera/lib:/home/orangepi/Desktop/SparkCar_ROS2_WS/SparkCar_Perception/install/camera_models/lib:/home/orangepi/Desktop/SparkCar_ROS2_WS/SparkCar_Tools/install/kalibr/lib:/home/orangepi/Desktop/SparkCar_ROS2_WS/SparkCar_Tools/install/incremental_calibration/lib:/home/orangepi/Desktop/SparkCar_ROS2_WS/SparkCar_Tools/install/aslam_cv_error_terms/lib:/home/orangepi/Desktop/SparkCar_ROS2_WS/SparkCar_Tools/install/aslam_cv_backend/lib:/home/orangepi/Desktop/SparkCar_ROS2_WS/SparkCar_Tools/install/aslam_splines/lib:/home/orangepi/Desktop/SparkCar_ROS2_WS/SparkCar_Tools/install/bsplines/lib:/home/orangepi/Desktop/SparkCar_ROS2_WS/SparkCar_Tools/install/aslam_backend_expressions/lib:/home/orangepi/Desktop/SparkCar_ROS2_WS/SparkCar_Tools/install/aslam_backend/lib:/home/orangepi/Desktop/SparkCar_ROS2_WS/SparkCar_Tools/install/sparse_block_matrix/lib:/home/orangepi/Desktop/SparkCar_ROS2_WS/SparkCar_Tools/install/aslam_cameras_april/lib:/home/orangepi/Desktop/SparkCar_ROS2_WS/SparkCar_Tools/install/sm_timing/lib:/home/orangepi/Desktop/SparkCar_ROS2_WS/SparkCar_Tools/install/aslam_imgproc/lib:/home/orangepi/Desktop/SparkCar_ROS2_WS/SparkCar_Tools/install/aslam_cv_serialization/lib:/home/orangepi/Desktop/SparkCar_ROS2_WS/SparkCar_Tools/install/aslam_cameras/lib:/home/orangepi/Desktop/SparkCar_ROS2_WS/SparkCar_Tools/install/sm_kinematics/lib:/home/orangepi/Desktop/SparkCar_ROS2_WS/SparkCar_Tools/install/sm_eigen/lib:/home/orangepi/Desktop/SparkCar_ROS2_WS/SparkCar_Tools/install/sm_random/lib:/home/orangepi/Desktop/SparkCar_ROS2_WS/SparkCar_Tools/install/sm_property_tree/lib:/home/orangepi/Desktop/SparkCar_ROS2_WS/SparkCar_Tools/install/sm_matrix_archive/lib:/home/orangepi/Desktop/SparkCar_ROS2_WS/SparkCar_Tools/install/sm_logging/lib:/home/orangepi/Desktop/SparkCar_ROS2_WS/SparkCar_Tools/install/sm_boost/lib:/home/orangepi/Desktop/SparkCar_ROS2_WS/SparkCar_Tools/install/sm_common/lib:/home/orangepi/Desktop/SparkCar_ROS2_WS/SparkCar_Tools/install/ethz_apriltag2/lib:/home/orangepi/Desktop/SparkCar_ROS2_WS/SparkCar_Tools/install/aslam_time/lib:/opt/ros/humble/opt/rviz_ogre_vendor/lib:/opt/ros/humble/lib/aarch64-linux-gnu:/opt/ros/humble/lib /usr/bin/cmake --build /home/orangepi/Desktop/SparkCar_ROS2_WS/SparkCar_Perception/build/realsense2_description -- -j8 -l8
[2.760s] DEBUG:colcon.colcon_core.event_handler.log_command:Invoking command in '/home/orangepi/Desktop/SparkCar_ROS2_WS/SparkCar_Perception/build/realsense2_description': CMAKE_PREFIX_PATH=/home/orangepi/Desktop/SparkCar_ROS2_WS/SparkCar_Perception/install/realsense2_camera_msgs:/home/orangepi/Desktop/SparkCar_ROS2_WS/SparkCar_Perception/install/vins:/home/orangepi/Desktop/SparkCar_ROS2_WS/SparkCar_Perception/install/realsense2_description:/home/orangepi/Desktop/SparkCar_ROS2_WS/SparkCar_Perception/install/realsense2_camera:/home/orangepi/Desktop/SparkCar_ROS2_WS/SparkCar_Perception/install/loop_fusion:/home/orangepi/Desktop/SparkCar_ROS2_WS/SparkCar_Perception/install/global_fusion:/home/orangepi/Desktop/SparkCar_ROS2_WS/SparkCar_Perception/install/camera_models:/home/orangepi/Desktop/SparkCar_ROS2_WS/SparkCar_Controller/install/target_follower:/home/orangepi/Desktop/SparkCar_ROS2_WS/SparkCar_Tools/install/kalibr:/home/orangepi/Desktop/SparkCar_ROS2_WS/SparkCar_Tools/install/incremental_calibration_python:/home/orangepi/Desktop/SparkCar_ROS2_WS/SparkCar_Tools/install/incremental_calibration:/home/orangepi/Desktop/SparkCar_ROS2_WS/SparkCar_Tools/install/aslam_splines_python:/home/orangepi/Desktop/SparkCar_ROS2_WS/SparkCar_Tools/install/bsplines_python:/home/orangepi/Desktop/SparkCar_ROS2_WS/SparkCar_Tools/install/aslam_cv_backend_python:/home/orangepi/Desktop/SparkCar_ROS2_WS/SparkCar_Tools/install/aslam_cv_python:/home/orangepi/Desktop/SparkCar_ROS2_WS/SparkCar_Tools/install/aslam_cv_error_terms:/home/orangepi/Desktop/SparkCar_ROS2_WS/SparkCar_Tools/install/aslam_cv_backend:/home/orangepi/Desktop/SparkCar_ROS2_WS/SparkCar_Tools/install/aslam_splines:/home/orangepi/Desktop/SparkCar_ROS2_WS/SparkCar_Tools/install/bsplines:/home/orangepi/Desktop/SparkCar_ROS2_WS/SparkCar_Tools/install/aslam_backend_python:/home/orangepi/Desktop/SparkCar_ROS2_WS/SparkCar_Tools/install/aslam_backend_expressions:/home/orangepi/Desktop/SparkCar_ROS2_WS/SparkCar_Tools/install/aslam_backend:/home/orangepi/Desktop/SparkCar_ROS2_WS/SparkCar_Tools/install/sparse_block_matrix:/home/orangepi/Desktop/SparkCar_ROS2_WS/SparkCar_Tools/install/aslam_cameras_april:/home/orangepi/Desktop/SparkCar_ROS2_WS/SparkCar_Tools/install/sm_python:/home/orangepi/Desktop/SparkCar_ROS2_WS/SparkCar_Tools/install/sm_timing:/home/orangepi/Desktop/SparkCar_ROS2_WS/SparkCar_Tools/install/aslam_imgproc:/home/orangepi/Desktop/SparkCar_ROS2_WS/SparkCar_Tools/install/aslam_cv_serialization:/home/orangepi/Desktop/SparkCar_ROS2_WS/SparkCar_Tools/install/aslam_cameras:/home/orangepi/Desktop/SparkCar_ROS2_WS/SparkCar_Tools/install/sm_kinematics:/home/orangepi/Desktop/SparkCar_ROS2_WS/SparkCar_Tools/install/sm_eigen:/home/orangepi/Desktop/SparkCar_ROS2_WS/SparkCar_Tools/install/sm_random:/home/orangepi/Desktop/SparkCar_ROS2_WS/SparkCar_Tools/install/sm_property_tree:/home/orangepi/Desktop/SparkCar_ROS2_WS/SparkCar_Tools/install/sm_opencv:/home/orangepi/Desktop/SparkCar_ROS2_WS/SparkCar_Tools/install/sm_matrix_archive:/home/orangepi/Desktop/SparkCar_ROS2_WS/SparkCar_Tools/install/sm_logging:/home/orangepi/Desktop/SparkCar_ROS2_WS/SparkCar_Tools/install/sm_boost:/home/orangepi/Desktop/SparkCar_ROS2_WS/SparkCar_Tools/install/sm_common:/home/orangepi/Desktop/SparkCar_ROS2_WS/SparkCar_Tools/install/python_module:/home/orangepi/Desktop/SparkCar_ROS2_WS/SparkCar_Tools/install/numpy_eigen:/home/orangepi/Desktop/SparkCar_ROS2_WS/SparkCar_Tools/install/ethz_apriltag2:/home/orangepi/Desktop/SparkCar_ROS2_WS/SparkCar_Tools/install/aslam_time:/opt/ros/humble LD_LIBRARY_PATH=/home/orangepi/Desktop/SparkCar_ROS2_WS/SparkCar_Perception/install/realsense2_camera_msgs/lib:/home/orangepi/Desktop/SparkCar_ROS2_WS/SparkCar_Perception/install/realsense2_camera/lib:/home/orangepi/Desktop/SparkCar_ROS2_WS/SparkCar_Perception/install/camera_models/lib:/home/orangepi/Desktop/SparkCar_ROS2_WS/SparkCar_Tools/install/kalibr/lib:/home/orangepi/Desktop/SparkCar_ROS2_WS/SparkCar_Tools/install/incremental_calibration/lib:/home/orangepi/Desktop/SparkCar_ROS2_WS/SparkCar_Tools/install/aslam_cv_error_terms/lib:/home/orangepi/Desktop/SparkCar_ROS2_WS/SparkCar_Tools/install/aslam_cv_backend/lib:/home/orangepi/Desktop/SparkCar_ROS2_WS/SparkCar_Tools/install/aslam_splines/lib:/home/orangepi/Desktop/SparkCar_ROS2_WS/SparkCar_Tools/install/bsplines/lib:/home/orangepi/Desktop/SparkCar_ROS2_WS/SparkCar_Tools/install/aslam_backend_expressions/lib:/home/orangepi/Desktop/SparkCar_ROS2_WS/SparkCar_Tools/install/aslam_backend/lib:/home/orangepi/Desktop/SparkCar_ROS2_WS/SparkCar_Tools/install/sparse_block_matrix/lib:/home/orangepi/Desktop/SparkCar_ROS2_WS/SparkCar_Tools/install/aslam_cameras_april/lib:/home/orangepi/Desktop/SparkCar_ROS2_WS/SparkCar_Tools/install/sm_timing/lib:/home/orangepi/Desktop/SparkCar_ROS2_WS/SparkCar_Tools/install/aslam_imgproc/lib:/home/orangepi/Desktop/SparkCar_ROS2_WS/SparkCar_Tools/install/aslam_cv_serialization/lib:/home/orangepi/Desktop/SparkCar_ROS2_WS/SparkCar_Tools/install/aslam_cameras/lib:/home/orangepi/Desktop/SparkCar_ROS2_WS/SparkCar_Tools/install/sm_kinematics/lib:/home/orangepi/Desktop/SparkCar_ROS2_WS/SparkCar_Tools/install/sm_eigen/lib:/home/orangepi/Desktop/SparkCar_ROS2_WS/SparkCar_Tools/install/sm_random/lib:/home/orangepi/Desktop/SparkCar_ROS2_WS/SparkCar_Tools/install/sm_property_tree/lib:/home/orangepi/Desktop/SparkCar_ROS2_WS/SparkCar_Tools/install/sm_matrix_archive/lib:/home/orangepi/Desktop/SparkCar_ROS2_WS/SparkCar_Tools/install/sm_logging/lib:/home/orangepi/Desktop/SparkCar_ROS2_WS/SparkCar_Tools/install/sm_boost/lib:/home/orangepi/Desktop/SparkCar_ROS2_WS/SparkCar_Tools/install/sm_common/lib:/home/orangepi/Desktop/SparkCar_ROS2_WS/SparkCar_Tools/install/ethz_apriltag2/lib:/home/orangepi/Desktop/SparkCar_ROS2_WS/SparkCar_Tools/install/aslam_time/lib:/opt/ros/humble/opt/rviz_ogre_vendor/lib:/opt/ros/humble/lib/aarch64-linux-gnu:/opt/ros/humble/lib /usr/bin/cmake --install /home/orangepi/Desktop/SparkCar_ROS2_WS/SparkCar_Perception/build/realsense2_description
[2.805s] Level 1:colcon.colcon_core.environment:create_environment_scripts_only(realsense2_description)
[2.806s] Level 1:colcon.colcon_core.environment:checking '/home/orangepi/Desktop/SparkCar_ROS2_WS/SparkCar_Perception/install/realsense2_description' for CMake module files
[2.807s] DEBUG:colcon.colcon_core.event_handler.log_command:Invoked command in '/home/orangepi/Desktop/SparkCar_ROS2_WS/SparkCar_Perception/build/realsense2_description' returned '0': CMAKE_PREFIX_PATH=/home/orangepi/Desktop/SparkCar_ROS2_WS/SparkCar_Perception/install/realsense2_camera_msgs:/home/orangepi/Desktop/SparkCar_ROS2_WS/SparkCar_Perception/install/vins:/home/orangepi/Desktop/SparkCar_ROS2_WS/SparkCar_Perception/install/realsense2_description:/home/orangepi/Desktop/SparkCar_ROS2_WS/SparkCar_Perception/install/realsense2_camera:/home/orangepi/Desktop/SparkCar_ROS2_WS/SparkCar_Perception/install/loop_fusion:/home/orangepi/Desktop/SparkCar_ROS2_WS/SparkCar_Perception/install/global_fusion:/home/orangepi/Desktop/SparkCar_ROS2_WS/SparkCar_Perception/install/camera_models:/home/orangepi/Desktop/SparkCar_ROS2_WS/SparkCar_Controller/install/target_follower:/home/orangepi/Desktop/SparkCar_ROS2_WS/SparkCar_Tools/install/kalibr:/home/orangepi/Desktop/SparkCar_ROS2_WS/SparkCar_Tools/install/incremental_calibration_python:/home/orangepi/Desktop/SparkCar_ROS2_WS/SparkCar_Tools/install/incremental_calibration:/home/orangepi/Desktop/SparkCar_ROS2_WS/SparkCar_Tools/install/aslam_splines_python:/home/orangepi/Desktop/SparkCar_ROS2_WS/SparkCar_Tools/install/bsplines_python:/home/orangepi/Desktop/SparkCar_ROS2_WS/SparkCar_Tools/install/aslam_cv_backend_python:/home/orangepi/Desktop/SparkCar_ROS2_WS/SparkCar_Tools/install/aslam_cv_python:/home/orangepi/Desktop/SparkCar_ROS2_WS/SparkCar_Tools/install/aslam_cv_error_terms:/home/orangepi/Desktop/SparkCar_ROS2_WS/SparkCar_Tools/install/aslam_cv_backend:/home/orangepi/Desktop/SparkCar_ROS2_WS/SparkCar_Tools/install/aslam_splines:/home/orangepi/Desktop/SparkCar_ROS2_WS/SparkCar_Tools/install/bsplines:/home/orangepi/Desktop/SparkCar_ROS2_WS/SparkCar_Tools/install/aslam_backend_python:/home/orangepi/Desktop/SparkCar_ROS2_WS/SparkCar_Tools/install/aslam_backend_expressions:/home/orangepi/Desktop/SparkCar_ROS2_WS/SparkCar_Tools/install/aslam_backend:/home/orangepi/Desktop/SparkCar_ROS2_WS/SparkCar_Tools/install/sparse_block_matrix:/home/orangepi/Desktop/SparkCar_ROS2_WS/SparkCar_Tools/install/aslam_cameras_april:/home/orangepi/Desktop/SparkCar_ROS2_WS/SparkCar_Tools/install/sm_python:/home/orangepi/Desktop/SparkCar_ROS2_WS/SparkCar_Tools/install/sm_timing:/home/orangepi/Desktop/SparkCar_ROS2_WS/SparkCar_Tools/install/aslam_imgproc:/home/orangepi/Desktop/SparkCar_ROS2_WS/SparkCar_Tools/install/aslam_cv_serialization:/home/orangepi/Desktop/SparkCar_ROS2_WS/SparkCar_Tools/install/aslam_cameras:/home/orangepi/Desktop/SparkCar_ROS2_WS/SparkCar_Tools/install/sm_kinematics:/home/orangepi/Desktop/SparkCar_ROS2_WS/SparkCar_Tools/install/sm_eigen:/home/orangepi/Desktop/SparkCar_ROS2_WS/SparkCar_Tools/install/sm_random:/home/orangepi/Desktop/SparkCar_ROS2_WS/SparkCar_Tools/install/sm_property_tree:/home/orangepi/Desktop/SparkCar_ROS2_WS/SparkCar_Tools/install/sm_opencv:/home/orangepi/Desktop/SparkCar_ROS2_WS/SparkCar_Tools/install/sm_matrix_archive:/home/orangepi/Desktop/SparkCar_ROS2_WS/SparkCar_Tools/install/sm_logging:/home/orangepi/Desktop/SparkCar_ROS2_WS/SparkCar_Tools/install/sm_boost:/home/orangepi/Desktop/SparkCar_ROS2_WS/SparkCar_Tools/install/sm_common:/home/orangepi/Desktop/SparkCar_ROS2_WS/SparkCar_Tools/install/python_module:/home/orangepi/Desktop/SparkCar_ROS2_WS/SparkCar_Tools/install/numpy_eigen:/home/orangepi/Desktop/SparkCar_ROS2_WS/SparkCar_Tools/install/ethz_apriltag2:/home/orangepi/Desktop/SparkCar_ROS2_WS/SparkCar_Tools/install/aslam_time:/opt/ros/humble LD_LIBRARY_PATH=/home/orangepi/Desktop/SparkCar_ROS2_WS/SparkCar_Perception/install/realsense2_camera_msgs/lib:/home/orangepi/Desktop/SparkCar_ROS2_WS/SparkCar_Perception/install/realsense2_camera/lib:/home/orangepi/Desktop/SparkCar_ROS2_WS/SparkCar_Perception/install/camera_models/lib:/home/orangepi/Desktop/SparkCar_ROS2_WS/SparkCar_Tools/install/kalibr/lib:/home/orangepi/Desktop/SparkCar_ROS2_WS/SparkCar_Tools/install/incremental_calibration/lib:/home/orangepi/Desktop/SparkCar_ROS2_WS/SparkCar_Tools/install/aslam_cv_error_terms/lib:/home/orangepi/Desktop/SparkCar_ROS2_WS/SparkCar_Tools/install/aslam_cv_backend/lib:/home/orangepi/Desktop/SparkCar_ROS2_WS/SparkCar_Tools/install/aslam_splines/lib:/home/orangepi/Desktop/SparkCar_ROS2_WS/SparkCar_Tools/install/bsplines/lib:/home/orangepi/Desktop/SparkCar_ROS2_WS/SparkCar_Tools/install/aslam_backend_expressions/lib:/home/orangepi/Desktop/SparkCar_ROS2_WS/SparkCar_Tools/install/aslam_backend/lib:/home/orangepi/Desktop/SparkCar_ROS2_WS/SparkCar_Tools/install/sparse_block_matrix/lib:/home/orangepi/Desktop/SparkCar_ROS2_WS/SparkCar_Tools/install/aslam_cameras_april/lib:/home/orangepi/Desktop/SparkCar_ROS2_WS/SparkCar_Tools/install/sm_timing/lib:/home/orangepi/Desktop/SparkCar_ROS2_WS/SparkCar_Tools/install/aslam_imgproc/lib:/home/orangepi/Desktop/SparkCar_ROS2_WS/SparkCar_Tools/install/aslam_cv_serialization/lib:/home/orangepi/Desktop/SparkCar_ROS2_WS/SparkCar_Tools/install/aslam_cameras/lib:/home/orangepi/Desktop/SparkCar_ROS2_WS/SparkCar_Tools/install/sm_kinematics/lib:/home/orangepi/Desktop/SparkCar_ROS2_WS/SparkCar_Tools/install/sm_eigen/lib:/home/orangepi/Desktop/SparkCar_ROS2_WS/SparkCar_Tools/install/sm_random/lib:/home/orangepi/Desktop/SparkCar_ROS2_WS/SparkCar_Tools/install/sm_property_tree/lib:/home/orangepi/Desktop/SparkCar_ROS2_WS/SparkCar_Tools/install/sm_matrix_archive/lib:/home/orangepi/Desktop/SparkCar_ROS2_WS/SparkCar_Tools/install/sm_logging/lib:/home/orangepi/Desktop/SparkCar_ROS2_WS/SparkCar_Tools/install/sm_boost/lib:/home/orangepi/Desktop/SparkCar_ROS2_WS/SparkCar_Tools/install/sm_common/lib:/home/orangepi/Desktop/SparkCar_ROS2_WS/SparkCar_Tools/install/ethz_apriltag2/lib:/home/orangepi/Desktop/SparkCar_ROS2_WS/SparkCar_Tools/install/aslam_time/lib:/opt/ros/humble/opt/rviz_ogre_vendor/lib:/opt/ros/humble/lib/aarch64-linux-gnu:/opt/ros/humble/lib /usr/bin/cmake --install /home/orangepi/Desktop/SparkCar_ROS2_WS/SparkCar_Perception/build/realsense2_description
[2.807s] Level 1:colcon.colcon_core.environment:checking '/home/orangepi/Desktop/SparkCar_ROS2_WS/SparkCar_Perception/install/realsense2_description' for CMake config files
[2.808s] Level 1:colcon.colcon_core.shell:create_environment_hook('realsense2_description', 'cmake_prefix_path')
[2.808s] INFO:colcon.colcon_core.shell:Creating environment hook '/home/orangepi/Desktop/SparkCar_ROS2_WS/SparkCar_Perception/install/realsense2_description/share/realsense2_description/hook/cmake_prefix_path.ps1'
[2.809s] INFO:colcon.colcon_core.shell:Creating environment descriptor '/home/orangepi/Desktop/SparkCar_ROS2_WS/SparkCar_Perception/install/realsense2_description/share/realsense2_description/hook/cmake_prefix_path.dsv'
[2.810s] INFO:colcon.colcon_core.shell:Creating environment hook '/home/orangepi/Desktop/SparkCar_ROS2_WS/SparkCar_Perception/install/realsense2_description/share/realsense2_description/hook/cmake_prefix_path.sh'
[2.811s] Level 1:colcon.colcon_core.environment:checking '/home/orangepi/Desktop/SparkCar_ROS2_WS/SparkCar_Perception/install/realsense2_description/bin'
[2.811s] Level 1:colcon.colcon_core.environment:checking '/home/orangepi/Desktop/SparkCar_ROS2_WS/SparkCar_Perception/install/realsense2_description/lib/pkgconfig/realsense2_description.pc'
[2.812s] Level 1:colcon.colcon_core.environment:checking '/home/orangepi/Desktop/SparkCar_ROS2_WS/SparkCar_Perception/install/realsense2_description/lib/python3.10/site-packages'
[2.812s] Level 1:colcon.colcon_core.environment:checking '/home/orangepi/Desktop/SparkCar_ROS2_WS/SparkCar_Perception/install/realsense2_description/bin'
[2.813s] INFO:colcon.colcon_core.shell:Creating package script '/home/orangepi/Desktop/SparkCar_ROS2_WS/SparkCar_Perception/install/realsense2_description/share/realsense2_description/package.ps1'
[2.814s] INFO:colcon.colcon_core.shell:Creating package descriptor '/home/orangepi/Desktop/SparkCar_ROS2_WS/SparkCar_Perception/install/realsense2_description/share/realsense2_description/package.dsv'
[2.815s] INFO:colcon.colcon_core.shell:Creating package script '/home/orangepi/Desktop/SparkCar_ROS2_WS/SparkCar_Perception/install/realsense2_description/share/realsense2_description/package.sh'
[2.815s] INFO:colcon.colcon_core.shell:Creating package script '/home/orangepi/Desktop/SparkCar_ROS2_WS/SparkCar_Perception/install/realsense2_description/share/realsense2_description/package.bash'
[2.816s] INFO:colcon.colcon_core.shell:Creating package script '/home/orangepi/Desktop/SparkCar_ROS2_WS/SparkCar_Perception/install/realsense2_description/share/realsense2_description/package.zsh'
[2.817s] Level 1:colcon.colcon_core.environment:create_file_with_runtime_dependencies(/home/orangepi/Desktop/SparkCar_ROS2_WS/SparkCar_Perception/install/realsense2_description/share/colcon-core/packages/realsense2_description)
[2.818s] Level 1:colcon.colcon_core.environment:create_environment_scripts_only(realsense2_description)
[2.818s] Level 1:colcon.colcon_core.environment:checking '/home/orangepi/Desktop/SparkCar_ROS2_WS/SparkCar_Perception/install/realsense2_description' for CMake module files
[2.819s] Level 1:colcon.colcon_core.environment:checking '/home/orangepi/Desktop/SparkCar_ROS2_WS/SparkCar_Perception/install/realsense2_description' for CMake config files
[2.819s] Level 1:colcon.colcon_core.shell:create_environment_hook('realsense2_description', 'cmake_prefix_path')
[2.820s] INFO:colcon.colcon_core.shell:Creating environment hook '/home/orangepi/Desktop/SparkCar_ROS2_WS/SparkCar_Perception/install/realsense2_description/share/realsense2_description/hook/cmake_prefix_path.ps1'
[2.820s] INFO:colcon.colcon_core.shell:Creating environment descriptor '/home/orangepi/Desktop/SparkCar_ROS2_WS/SparkCar_Perception/install/realsense2_description/share/realsense2_description/hook/cmake_prefix_path.dsv'
[2.821s] INFO:colcon.colcon_core.shell:Creating environment hook '/home/orangepi/Desktop/SparkCar_ROS2_WS/SparkCar_Perception/install/realsense2_description/share/realsense2_description/hook/cmake_prefix_path.sh'
[2.822s] Level 1:colcon.colcon_core.environment:checking '/home/orangepi/Desktop/SparkCar_ROS2_WS/SparkCar_Perception/install/realsense2_description/bin'
[2.822s] Level 1:colcon.colcon_core.environment:checking '/home/orangepi/Desktop/SparkCar_ROS2_WS/SparkCar_Perception/install/realsense2_description/lib/pkgconfig/realsense2_description.pc'
[2.823s] Level 1:colcon.colcon_core.environment:checking '/home/orangepi/Desktop/SparkCar_ROS2_WS/SparkCar_Perception/install/realsense2_description/lib/python3.10/site-packages'
[2.823s] Level 1:colcon.colcon_core.environment:checking '/home/orangepi/Desktop/SparkCar_ROS2_WS/SparkCar_Perception/install/realsense2_description/bin'
[2.824s] INFO:colcon.colcon_core.shell:Creating package script '/home/orangepi/Desktop/SparkCar_ROS2_WS/SparkCar_Perception/install/realsense2_description/share/realsense2_description/package.ps1'
[2.825s] INFO:colcon.colcon_core.shell:Creating package descriptor '/home/orangepi/Desktop/SparkCar_ROS2_WS/SparkCar_Perception/install/realsense2_description/share/realsense2_description/package.dsv'
[2.826s] INFO:colcon.colcon_core.shell:Creating package script '/home/orangepi/Desktop/SparkCar_ROS2_WS/SparkCar_Perception/install/realsense2_description/share/realsense2_description/package.sh'
[2.827s] INFO:colcon.colcon_core.shell:Creating package script '/home/orangepi/Desktop/SparkCar_ROS2_WS/SparkCar_Perception/install/realsense2_description/share/realsense2_description/package.bash'
[2.829s] INFO:colcon.colcon_core.shell:Creating package script '/home/orangepi/Desktop/SparkCar_ROS2_WS/SparkCar_Perception/install/realsense2_description/share/realsense2_description/package.zsh'
[2.831s] Level 1:colcon.colcon_core.environment:create_file_with_runtime_dependencies(/home/orangepi/Desktop/SparkCar_ROS2_WS/SparkCar_Perception/install/realsense2_description/share/colcon-core/packages/realsense2_description)
[2.964s] DEBUG:colcon.colcon_core.event_handler.log_command:Invoked command in '/home/orangepi/Desktop/SparkCar_ROS2_WS/SparkCar_Perception/build/realsense2_camera' returned '0': CMAKE_PREFIX_PATH=/home/orangepi/Desktop/SparkCar_ROS2_WS/SparkCar_Perception/install/realsense2_camera_msgs:/home/orangepi/Desktop/SparkCar_ROS2_WS/SparkCar_Perception/install/vins:/home/orangepi/Desktop/SparkCar_ROS2_WS/SparkCar_Perception/install/realsense2_description:/home/orangepi/Desktop/SparkCar_ROS2_WS/SparkCar_Perception/install/realsense2_camera:/home/orangepi/Desktop/SparkCar_ROS2_WS/SparkCar_Perception/install/loop_fusion:/home/orangepi/Desktop/SparkCar_ROS2_WS/SparkCar_Perception/install/global_fusion:/home/orangepi/Desktop/SparkCar_ROS2_WS/SparkCar_Perception/install/camera_models:/home/orangepi/Desktop/SparkCar_ROS2_WS/SparkCar_Controller/install/target_follower:/home/orangepi/Desktop/SparkCar_ROS2_WS/SparkCar_Tools/install/kalibr:/home/orangepi/Desktop/SparkCar_ROS2_WS/SparkCar_Tools/install/incremental_calibration_python:/home/orangepi/Desktop/SparkCar_ROS2_WS/SparkCar_Tools/install/incremental_calibration:/home/orangepi/Desktop/SparkCar_ROS2_WS/SparkCar_Tools/install/aslam_splines_python:/home/orangepi/Desktop/SparkCar_ROS2_WS/SparkCar_Tools/install/bsplines_python:/home/orangepi/Desktop/SparkCar_ROS2_WS/SparkCar_Tools/install/aslam_cv_backend_python:/home/orangepi/Desktop/SparkCar_ROS2_WS/SparkCar_Tools/install/aslam_cv_python:/home/orangepi/Desktop/SparkCar_ROS2_WS/SparkCar_Tools/install/aslam_cv_error_terms:/home/orangepi/Desktop/SparkCar_ROS2_WS/SparkCar_Tools/install/aslam_cv_backend:/home/orangepi/Desktop/SparkCar_ROS2_WS/SparkCar_Tools/install/aslam_splines:/home/orangepi/Desktop/SparkCar_ROS2_WS/SparkCar_Tools/install/bsplines:/home/orangepi/Desktop/SparkCar_ROS2_WS/SparkCar_Tools/install/aslam_backend_python:/home/orangepi/Desktop/SparkCar_ROS2_WS/SparkCar_Tools/install/aslam_backend_expressions:/home/orangepi/Desktop/SparkCar_ROS2_WS/SparkCar_Tools/install/aslam_backend:/home/orangepi/Desktop/SparkCar_ROS2_WS/SparkCar_Tools/install/sparse_block_matrix:/home/orangepi/Desktop/SparkCar_ROS2_WS/SparkCar_Tools/install/aslam_cameras_april:/home/orangepi/Desktop/SparkCar_ROS2_WS/SparkCar_Tools/install/sm_python:/home/orangepi/Desktop/SparkCar_ROS2_WS/SparkCar_Tools/install/sm_timing:/home/orangepi/Desktop/SparkCar_ROS2_WS/SparkCar_Tools/install/aslam_imgproc:/home/orangepi/Desktop/SparkCar_ROS2_WS/SparkCar_Tools/install/aslam_cv_serialization:/home/orangepi/Desktop/SparkCar_ROS2_WS/SparkCar_Tools/install/aslam_cameras:/home/orangepi/Desktop/SparkCar_ROS2_WS/SparkCar_Tools/install/sm_kinematics:/home/orangepi/Desktop/SparkCar_ROS2_WS/SparkCar_Tools/install/sm_eigen:/home/orangepi/Desktop/SparkCar_ROS2_WS/SparkCar_Tools/install/sm_random:/home/orangepi/Desktop/SparkCar_ROS2_WS/SparkCar_Tools/install/sm_property_tree:/home/orangepi/Desktop/SparkCar_ROS2_WS/SparkCar_Tools/install/sm_opencv:/home/orangepi/Desktop/SparkCar_ROS2_WS/SparkCar_Tools/install/sm_matrix_archive:/home/orangepi/Desktop/SparkCar_ROS2_WS/SparkCar_Tools/install/sm_logging:/home/orangepi/Desktop/SparkCar_ROS2_WS/SparkCar_Tools/install/sm_boost:/home/orangepi/Desktop/SparkCar_ROS2_WS/SparkCar_Tools/install/sm_common:/home/orangepi/Desktop/SparkCar_ROS2_WS/SparkCar_Tools/install/python_module:/home/orangepi/Desktop/SparkCar_ROS2_WS/SparkCar_Tools/install/numpy_eigen:/home/orangepi/Desktop/SparkCar_ROS2_WS/SparkCar_Tools/install/ethz_apriltag2:/home/orangepi/Desktop/SparkCar_ROS2_WS/SparkCar_Tools/install/aslam_time:/opt/ros/humble LD_LIBRARY_PATH=/home/orangepi/Desktop/SparkCar_ROS2_WS/SparkCar_Perception/install/realsense2_camera_msgs/lib:/home/orangepi/Desktop/SparkCar_ROS2_WS/SparkCar_Perception/install/realsense2_camera/lib:/home/orangepi/Desktop/SparkCar_ROS2_WS/SparkCar_Perception/install/camera_models/lib:/home/orangepi/Desktop/SparkCar_ROS2_WS/SparkCar_Tools/install/kalibr/lib:/home/orangepi/Desktop/SparkCar_ROS2_WS/SparkCar_Tools/install/incremental_calibration/lib:/home/orangepi/Desktop/SparkCar_ROS2_WS/SparkCar_Tools/install/aslam_cv_error_terms/lib:/home/orangepi/Desktop/SparkCar_ROS2_WS/SparkCar_Tools/install/aslam_cv_backend/lib:/home/orangepi/Desktop/SparkCar_ROS2_WS/SparkCar_Tools/install/aslam_splines/lib:/home/orangepi/Desktop/SparkCar_ROS2_WS/SparkCar_Tools/install/bsplines/lib:/home/orangepi/Desktop/SparkCar_ROS2_WS/SparkCar_Tools/install/aslam_backend_expressions/lib:/home/orangepi/Desktop/SparkCar_ROS2_WS/SparkCar_Tools/install/aslam_backend/lib:/home/orangepi/Desktop/SparkCar_ROS2_WS/SparkCar_Tools/install/sparse_block_matrix/lib:/home/orangepi/Desktop/SparkCar_ROS2_WS/SparkCar_Tools/install/aslam_cameras_april/lib:/home/orangepi/Desktop/SparkCar_ROS2_WS/SparkCar_Tools/install/sm_timing/lib:/home/orangepi/Desktop/SparkCar_ROS2_WS/SparkCar_Tools/install/aslam_imgproc/lib:/home/orangepi/Desktop/SparkCar_ROS2_WS/SparkCar_Tools/install/aslam_cv_serialization/lib:/home/orangepi/Desktop/SparkCar_ROS2_WS/SparkCar_Tools/install/aslam_cameras/lib:/home/orangepi/Desktop/SparkCar_ROS2_WS/SparkCar_Tools/install/sm_kinematics/lib:/home/orangepi/Desktop/SparkCar_ROS2_WS/SparkCar_Tools/install/sm_eigen/lib:/home/orangepi/Desktop/SparkCar_ROS2_WS/SparkCar_Tools/install/sm_random/lib:/home/orangepi/Desktop/SparkCar_ROS2_WS/SparkCar_Tools/install/sm_property_tree/lib:/home/orangepi/Desktop/SparkCar_ROS2_WS/SparkCar_Tools/install/sm_matrix_archive/lib:/home/orangepi/Desktop/SparkCar_ROS2_WS/SparkCar_Tools/install/sm_logging/lib:/home/orangepi/Desktop/SparkCar_ROS2_WS/SparkCar_Tools/install/sm_boost/lib:/home/orangepi/Desktop/SparkCar_ROS2_WS/SparkCar_Tools/install/sm_common/lib:/home/orangepi/Desktop/SparkCar_ROS2_WS/SparkCar_Tools/install/ethz_apriltag2/lib:/home/orangepi/Desktop/SparkCar_ROS2_WS/SparkCar_Tools/install/aslam_time/lib:/opt/ros/humble/opt/rviz_ogre_vendor/lib:/opt/ros/humble/lib/aarch64-linux-gnu:/opt/ros/humble/lib /usr/bin/cmake --build /home/orangepi/Desktop/SparkCar_ROS2_WS/SparkCar_Perception/build/realsense2_camera -- -j8 -l8
[2.971s] DEBUG:colcon.colcon_core.event_handler.log_command:Invoking command in '/home/orangepi/Desktop/SparkCar_ROS2_WS/SparkCar_Perception/build/realsense2_camera': CMAKE_PREFIX_PATH=/home/orangepi/Desktop/SparkCar_ROS2_WS/SparkCar_Perception/install/realsense2_camera_msgs:/home/orangepi/Desktop/SparkCar_ROS2_WS/SparkCar_Perception/install/vins:/home/orangepi/Desktop/SparkCar_ROS2_WS/SparkCar_Perception/install/realsense2_description:/home/orangepi/Desktop/SparkCar_ROS2_WS/SparkCar_Perception/install/realsense2_camera:/home/orangepi/Desktop/SparkCar_ROS2_WS/SparkCar_Perception/install/loop_fusion:/home/orangepi/Desktop/SparkCar_ROS2_WS/SparkCar_Perception/install/global_fusion:/home/orangepi/Desktop/SparkCar_ROS2_WS/SparkCar_Perception/install/camera_models:/home/orangepi/Desktop/SparkCar_ROS2_WS/SparkCar_Controller/install/target_follower:/home/orangepi/Desktop/SparkCar_ROS2_WS/SparkCar_Tools/install/kalibr:/home/orangepi/Desktop/SparkCar_ROS2_WS/SparkCar_Tools/install/incremental_calibration_python:/home/orangepi/Desktop/SparkCar_ROS2_WS/SparkCar_Tools/install/incremental_calibration:/home/orangepi/Desktop/SparkCar_ROS2_WS/SparkCar_Tools/install/aslam_splines_python:/home/orangepi/Desktop/SparkCar_ROS2_WS/SparkCar_Tools/install/bsplines_python:/home/orangepi/Desktop/SparkCar_ROS2_WS/SparkCar_Tools/install/aslam_cv_backend_python:/home/orangepi/Desktop/SparkCar_ROS2_WS/SparkCar_Tools/install/aslam_cv_python:/home/orangepi/Desktop/SparkCar_ROS2_WS/SparkCar_Tools/install/aslam_cv_error_terms:/home/orangepi/Desktop/SparkCar_ROS2_WS/SparkCar_Tools/install/aslam_cv_backend:/home/orangepi/Desktop/SparkCar_ROS2_WS/SparkCar_Tools/install/aslam_splines:/home/orangepi/Desktop/SparkCar_ROS2_WS/SparkCar_Tools/install/bsplines:/home/orangepi/Desktop/SparkCar_ROS2_WS/SparkCar_Tools/install/aslam_backend_python:/home/orangepi/Desktop/SparkCar_ROS2_WS/SparkCar_Tools/install/aslam_backend_expressions:/home/orangepi/Desktop/SparkCar_ROS2_WS/SparkCar_Tools/install/aslam_backend:/home/orangepi/Desktop/SparkCar_ROS2_WS/SparkCar_Tools/install/sparse_block_matrix:/home/orangepi/Desktop/SparkCar_ROS2_WS/SparkCar_Tools/install/aslam_cameras_april:/home/orangepi/Desktop/SparkCar_ROS2_WS/SparkCar_Tools/install/sm_python:/home/orangepi/Desktop/SparkCar_ROS2_WS/SparkCar_Tools/install/sm_timing:/home/orangepi/Desktop/SparkCar_ROS2_WS/SparkCar_Tools/install/aslam_imgproc:/home/orangepi/Desktop/SparkCar_ROS2_WS/SparkCar_Tools/install/aslam_cv_serialization:/home/orangepi/Desktop/SparkCar_ROS2_WS/SparkCar_Tools/install/aslam_cameras:/home/orangepi/Desktop/SparkCar_ROS2_WS/SparkCar_Tools/install/sm_kinematics:/home/orangepi/Desktop/SparkCar_ROS2_WS/SparkCar_Tools/install/sm_eigen:/home/orangepi/Desktop/SparkCar_ROS2_WS/SparkCar_Tools/install/sm_random:/home/orangepi/Desktop/SparkCar_ROS2_WS/SparkCar_Tools/install/sm_property_tree:/home/orangepi/Desktop/SparkCar_ROS2_WS/SparkCar_Tools/install/sm_opencv:/home/orangepi/Desktop/SparkCar_ROS2_WS/SparkCar_Tools/install/sm_matrix_archive:/home/orangepi/Desktop/SparkCar_ROS2_WS/SparkCar_Tools/install/sm_logging:/home/orangepi/Desktop/SparkCar_ROS2_WS/SparkCar_Tools/install/sm_boost:/home/orangepi/Desktop/SparkCar_ROS2_WS/SparkCar_Tools/install/sm_common:/home/orangepi/Desktop/SparkCar_ROS2_WS/SparkCar_Tools/install/python_module:/home/orangepi/Desktop/SparkCar_ROS2_WS/SparkCar_Tools/install/numpy_eigen:/home/orangepi/Desktop/SparkCar_ROS2_WS/SparkCar_Tools/install/ethz_apriltag2:/home/orangepi/Desktop/SparkCar_ROS2_WS/SparkCar_Tools/install/aslam_time:/opt/ros/humble LD_LIBRARY_PATH=/home/orangepi/Desktop/SparkCar_ROS2_WS/SparkCar_Perception/install/realsense2_camera_msgs/lib:/home/orangepi/Desktop/SparkCar_ROS2_WS/SparkCar_Perception/install/realsense2_camera/lib:/home/orangepi/Desktop/SparkCar_ROS2_WS/SparkCar_Perception/install/camera_models/lib:/home/orangepi/Desktop/SparkCar_ROS2_WS/SparkCar_Tools/install/kalibr/lib:/home/orangepi/Desktop/SparkCar_ROS2_WS/SparkCar_Tools/install/incremental_calibration/lib:/home/orangepi/Desktop/SparkCar_ROS2_WS/SparkCar_Tools/install/aslam_cv_error_terms/lib:/home/orangepi/Desktop/SparkCar_ROS2_WS/SparkCar_Tools/install/aslam_cv_backend/lib:/home/orangepi/Desktop/SparkCar_ROS2_WS/SparkCar_Tools/install/aslam_splines/lib:/home/orangepi/Desktop/SparkCar_ROS2_WS/SparkCar_Tools/install/bsplines/lib:/home/orangepi/Desktop/SparkCar_ROS2_WS/SparkCar_Tools/install/aslam_backend_expressions/lib:/home/orangepi/Desktop/SparkCar_ROS2_WS/SparkCar_Tools/install/aslam_backend/lib:/home/orangepi/Desktop/SparkCar_ROS2_WS/SparkCar_Tools/install/sparse_block_matrix/lib:/home/orangepi/Desktop/SparkCar_ROS2_WS/SparkCar_Tools/install/aslam_cameras_april/lib:/home/orangepi/Desktop/SparkCar_ROS2_WS/SparkCar_Tools/install/sm_timing/lib:/home/orangepi/Desktop/SparkCar_ROS2_WS/SparkCar_Tools/install/aslam_imgproc/lib:/home/orangepi/Desktop/SparkCar_ROS2_WS/SparkCar_Tools/install/aslam_cv_serialization/lib:/home/orangepi/Desktop/SparkCar_ROS2_WS/SparkCar_Tools/install/aslam_cameras/lib:/home/orangepi/Desktop/SparkCar_ROS2_WS/SparkCar_Tools/install/sm_kinematics/lib:/home/orangepi/Desktop/SparkCar_ROS2_WS/SparkCar_Tools/install/sm_eigen/lib:/home/orangepi/Desktop/SparkCar_ROS2_WS/SparkCar_Tools/install/sm_random/lib:/home/orangepi/Desktop/SparkCar_ROS2_WS/SparkCar_Tools/install/sm_property_tree/lib:/home/orangepi/Desktop/SparkCar_ROS2_WS/SparkCar_Tools/install/sm_matrix_archive/lib:/home/orangepi/Desktop/SparkCar_ROS2_WS/SparkCar_Tools/install/sm_logging/lib:/home/orangepi/Desktop/SparkCar_ROS2_WS/SparkCar_Tools/install/sm_boost/lib:/home/orangepi/Desktop/SparkCar_ROS2_WS/SparkCar_Tools/install/sm_common/lib:/home/orangepi/Desktop/SparkCar_ROS2_WS/SparkCar_Tools/install/ethz_apriltag2/lib:/home/orangepi/Desktop/SparkCar_ROS2_WS/SparkCar_Tools/install/aslam_time/lib:/opt/ros/humble/opt/rviz_ogre_vendor/lib:/opt/ros/humble/lib/aarch64-linux-gnu:/opt/ros/humble/lib /usr/bin/cmake --install /home/orangepi/Desktop/SparkCar_ROS2_WS/SparkCar_Perception/build/realsense2_camera
[3.022s] Level 1:colcon.colcon_core.environment:create_environment_scripts_only(realsense2_camera)
[3.023s] Level 1:colcon.colcon_core.environment:checking '/home/orangepi/Desktop/SparkCar_ROS2_WS/SparkCar_Perception/install/realsense2_camera' for CMake module files
[3.024s] DEBUG:colcon.colcon_core.event_handler.log_command:Invoked command in '/home/orangepi/Desktop/SparkCar_ROS2_WS/SparkCar_Perception/build/realsense2_camera' returned '0': CMAKE_PREFIX_PATH=/home/orangepi/Desktop/SparkCar_ROS2_WS/SparkCar_Perception/install/realsense2_camera_msgs:/home/orangepi/Desktop/SparkCar_ROS2_WS/SparkCar_Perception/install/vins:/home/orangepi/Desktop/SparkCar_ROS2_WS/SparkCar_Perception/install/realsense2_description:/home/orangepi/Desktop/SparkCar_ROS2_WS/SparkCar_Perception/install/realsense2_camera:/home/orangepi/Desktop/SparkCar_ROS2_WS/SparkCar_Perception/install/loop_fusion:/home/orangepi/Desktop/SparkCar_ROS2_WS/SparkCar_Perception/install/global_fusion:/home/orangepi/Desktop/SparkCar_ROS2_WS/SparkCar_Perception/install/camera_models:/home/orangepi/Desktop/SparkCar_ROS2_WS/SparkCar_Controller/install/target_follower:/home/orangepi/Desktop/SparkCar_ROS2_WS/SparkCar_Tools/install/kalibr:/home/orangepi/Desktop/SparkCar_ROS2_WS/SparkCar_Tools/install/incremental_calibration_python:/home/orangepi/Desktop/SparkCar_ROS2_WS/SparkCar_Tools/install/incremental_calibration:/home/orangepi/Desktop/SparkCar_ROS2_WS/SparkCar_Tools/install/aslam_splines_python:/home/orangepi/Desktop/SparkCar_ROS2_WS/SparkCar_Tools/install/bsplines_python:/home/orangepi/Desktop/SparkCar_ROS2_WS/SparkCar_Tools/install/aslam_cv_backend_python:/home/orangepi/Desktop/SparkCar_ROS2_WS/SparkCar_Tools/install/aslam_cv_python:/home/orangepi/Desktop/SparkCar_ROS2_WS/SparkCar_Tools/install/aslam_cv_error_terms:/home/orangepi/Desktop/SparkCar_ROS2_WS/SparkCar_Tools/install/aslam_cv_backend:/home/orangepi/Desktop/SparkCar_ROS2_WS/SparkCar_Tools/install/aslam_splines:/home/orangepi/Desktop/SparkCar_ROS2_WS/SparkCar_Tools/install/bsplines:/home/orangepi/Desktop/SparkCar_ROS2_WS/SparkCar_Tools/install/aslam_backend_python:/home/orangepi/Desktop/SparkCar_ROS2_WS/SparkCar_Tools/install/aslam_backend_expressions:/home/orangepi/Desktop/SparkCar_ROS2_WS/SparkCar_Tools/install/aslam_backend:/home/orangepi/Desktop/SparkCar_ROS2_WS/SparkCar_Tools/install/sparse_block_matrix:/home/orangepi/Desktop/SparkCar_ROS2_WS/SparkCar_Tools/install/aslam_cameras_april:/home/orangepi/Desktop/SparkCar_ROS2_WS/SparkCar_Tools/install/sm_python:/home/orangepi/Desktop/SparkCar_ROS2_WS/SparkCar_Tools/install/sm_timing:/home/orangepi/Desktop/SparkCar_ROS2_WS/SparkCar_Tools/install/aslam_imgproc:/home/orangepi/Desktop/SparkCar_ROS2_WS/SparkCar_Tools/install/aslam_cv_serialization:/home/orangepi/Desktop/SparkCar_ROS2_WS/SparkCar_Tools/install/aslam_cameras:/home/orangepi/Desktop/SparkCar_ROS2_WS/SparkCar_Tools/install/sm_kinematics:/home/orangepi/Desktop/SparkCar_ROS2_WS/SparkCar_Tools/install/sm_eigen:/home/orangepi/Desktop/SparkCar_ROS2_WS/SparkCar_Tools/install/sm_random:/home/orangepi/Desktop/SparkCar_ROS2_WS/SparkCar_Tools/install/sm_property_tree:/home/orangepi/Desktop/SparkCar_ROS2_WS/SparkCar_Tools/install/sm_opencv:/home/orangepi/Desktop/SparkCar_ROS2_WS/SparkCar_Tools/install/sm_matrix_archive:/home/orangepi/Desktop/SparkCar_ROS2_WS/SparkCar_Tools/install/sm_logging:/home/orangepi/Desktop/SparkCar_ROS2_WS/SparkCar_Tools/install/sm_boost:/home/orangepi/Desktop/SparkCar_ROS2_WS/SparkCar_Tools/install/sm_common:/home/orangepi/Desktop/SparkCar_ROS2_WS/SparkCar_Tools/install/python_module:/home/orangepi/Desktop/SparkCar_ROS2_WS/SparkCar_Tools/install/numpy_eigen:/home/orangepi/Desktop/SparkCar_ROS2_WS/SparkCar_Tools/install/ethz_apriltag2:/home/orangepi/Desktop/SparkCar_ROS2_WS/SparkCar_Tools/install/aslam_time:/opt/ros/humble LD_LIBRARY_PATH=/home/orangepi/Desktop/SparkCar_ROS2_WS/SparkCar_Perception/install/realsense2_camera_msgs/lib:/home/orangepi/Desktop/SparkCar_ROS2_WS/SparkCar_Perception/install/realsense2_camera/lib:/home/orangepi/Desktop/SparkCar_ROS2_WS/SparkCar_Perception/install/camera_models/lib:/home/orangepi/Desktop/SparkCar_ROS2_WS/SparkCar_Tools/install/kalibr/lib:/home/orangepi/Desktop/SparkCar_ROS2_WS/SparkCar_Tools/install/incremental_calibration/lib:/home/orangepi/Desktop/SparkCar_ROS2_WS/SparkCar_Tools/install/aslam_cv_error_terms/lib:/home/orangepi/Desktop/SparkCar_ROS2_WS/SparkCar_Tools/install/aslam_cv_backend/lib:/home/orangepi/Desktop/SparkCar_ROS2_WS/SparkCar_Tools/install/aslam_splines/lib:/home/orangepi/Desktop/SparkCar_ROS2_WS/SparkCar_Tools/install/bsplines/lib:/home/orangepi/Desktop/SparkCar_ROS2_WS/SparkCar_Tools/install/aslam_backend_expressions/lib:/home/orangepi/Desktop/SparkCar_ROS2_WS/SparkCar_Tools/install/aslam_backend/lib:/home/orangepi/Desktop/SparkCar_ROS2_WS/SparkCar_Tools/install/sparse_block_matrix/lib:/home/orangepi/Desktop/SparkCar_ROS2_WS/SparkCar_Tools/install/aslam_cameras_april/lib:/home/orangepi/Desktop/SparkCar_ROS2_WS/SparkCar_Tools/install/sm_timing/lib:/home/orangepi/Desktop/SparkCar_ROS2_WS/SparkCar_Tools/install/aslam_imgproc/lib:/home/orangepi/Desktop/SparkCar_ROS2_WS/SparkCar_Tools/install/aslam_cv_serialization/lib:/home/orangepi/Desktop/SparkCar_ROS2_WS/SparkCar_Tools/install/aslam_cameras/lib:/home/orangepi/Desktop/SparkCar_ROS2_WS/SparkCar_Tools/install/sm_kinematics/lib:/home/orangepi/Desktop/SparkCar_ROS2_WS/SparkCar_Tools/install/sm_eigen/lib:/home/orangepi/Desktop/SparkCar_ROS2_WS/SparkCar_Tools/install/sm_random/lib:/home/orangepi/Desktop/SparkCar_ROS2_WS/SparkCar_Tools/install/sm_property_tree/lib:/home/orangepi/Desktop/SparkCar_ROS2_WS/SparkCar_Tools/install/sm_matrix_archive/lib:/home/orangepi/Desktop/SparkCar_ROS2_WS/SparkCar_Tools/install/sm_logging/lib:/home/orangepi/Desktop/SparkCar_ROS2_WS/SparkCar_Tools/install/sm_boost/lib:/home/orangepi/Desktop/SparkCar_ROS2_WS/SparkCar_Tools/install/sm_common/lib:/home/orangepi/Desktop/SparkCar_ROS2_WS/SparkCar_Tools/install/ethz_apriltag2/lib:/home/orangepi/Desktop/SparkCar_ROS2_WS/SparkCar_Tools/install/aslam_time/lib:/opt/ros/humble/opt/rviz_ogre_vendor/lib:/opt/ros/humble/lib/aarch64-linux-gnu:/opt/ros/humble/lib /usr/bin/cmake --install /home/orangepi/Desktop/SparkCar_ROS2_WS/SparkCar_Perception/build/realsense2_camera
[3.025s] Level 1:colcon.colcon_core.environment:checking '/home/orangepi/Desktop/SparkCar_ROS2_WS/SparkCar_Perception/install/realsense2_camera' for CMake config files
[3.025s] Level 1:colcon.colcon_core.shell:create_environment_hook('realsense2_camera', 'cmake_prefix_path')
[3.026s] INFO:colcon.colcon_core.shell:Creating environment hook '/home/orangepi/Desktop/SparkCar_ROS2_WS/SparkCar_Perception/install/realsense2_camera/share/realsense2_camera/hook/cmake_prefix_path.ps1'
[3.028s] INFO:colcon.colcon_core.shell:Creating environment descriptor '/home/orangepi/Desktop/SparkCar_ROS2_WS/SparkCar_Perception/install/realsense2_camera/share/realsense2_camera/hook/cmake_prefix_path.dsv'
[3.029s] INFO:colcon.colcon_core.shell:Creating environment hook '/home/orangepi/Desktop/SparkCar_ROS2_WS/SparkCar_Perception/install/realsense2_camera/share/realsense2_camera/hook/cmake_prefix_path.sh'
[3.031s] Level 1:colcon.colcon_core.environment:checking '/home/orangepi/Desktop/SparkCar_ROS2_WS/SparkCar_Perception/install/realsense2_camera/lib'
[3.032s] Level 1:colcon.colcon_core.shell:create_environment_hook('realsense2_camera', 'ld_library_path_lib')
[3.032s] INFO:colcon.colcon_core.shell:Creating environment hook '/home/orangepi/Desktop/SparkCar_ROS2_WS/SparkCar_Perception/install/realsense2_camera/share/realsense2_camera/hook/ld_library_path_lib.ps1'
[3.034s] INFO:colcon.colcon_core.shell:Creating environment descriptor '/home/orangepi/Desktop/SparkCar_ROS2_WS/SparkCar_Perception/install/realsense2_camera/share/realsense2_camera/hook/ld_library_path_lib.dsv'
[3.035s] INFO:colcon.colcon_core.shell:Creating environment hook '/home/orangepi/Desktop/SparkCar_ROS2_WS/SparkCar_Perception/install/realsense2_camera/share/realsense2_camera/hook/ld_library_path_lib.sh'
[3.037s] Level 1:colcon.colcon_core.environment:checking '/home/orangepi/Desktop/SparkCar_ROS2_WS/SparkCar_Perception/install/realsense2_camera/bin'
[3.037s] Level 1:colcon.colcon_core.environment:checking '/home/orangepi/Desktop/SparkCar_ROS2_WS/SparkCar_Perception/install/realsense2_camera/lib/pkgconfig/realsense2_camera.pc'
[3.037s] Level 1:colcon.colcon_core.environment:checking '/home/orangepi/Desktop/SparkCar_ROS2_WS/SparkCar_Perception/install/realsense2_camera/lib/python3.10/site-packages'
[3.038s] Level 1:colcon.colcon_core.environment:checking '/home/orangepi/Desktop/SparkCar_ROS2_WS/SparkCar_Perception/install/realsense2_camera/bin'
[3.039s] INFO:colcon.colcon_core.shell:Creating package script '/home/orangepi/Desktop/SparkCar_ROS2_WS/SparkCar_Perception/install/realsense2_camera/share/realsense2_camera/package.ps1'
[3.041s] INFO:colcon.colcon_core.shell:Creating package descriptor '/home/orangepi/Desktop/SparkCar_ROS2_WS/SparkCar_Perception/install/realsense2_camera/share/realsense2_camera/package.dsv'
[3.042s] INFO:colcon.colcon_core.shell:Creating package script '/home/orangepi/Desktop/SparkCar_ROS2_WS/SparkCar_Perception/install/realsense2_camera/share/realsense2_camera/package.sh'
[3.044s] INFO:colcon.colcon_core.shell:Creating package script '/home/orangepi/Desktop/SparkCar_ROS2_WS/SparkCar_Perception/install/realsense2_camera/share/realsense2_camera/package.bash'
[3.045s] INFO:colcon.colcon_core.shell:Creating package script '/home/orangepi/Desktop/SparkCar_ROS2_WS/SparkCar_Perception/install/realsense2_camera/share/realsense2_camera/package.zsh'
[3.046s] Level 1:colcon.colcon_core.environment:create_file_with_runtime_dependencies(/home/orangepi/Desktop/SparkCar_ROS2_WS/SparkCar_Perception/install/realsense2_camera/share/colcon-core/packages/realsense2_camera)
[3.047s] Level 1:colcon.colcon_core.environment:create_environment_scripts_only(realsense2_camera)
[3.048s] Level 1:colcon.colcon_core.environment:checking '/home/orangepi/Desktop/SparkCar_ROS2_WS/SparkCar_Perception/install/realsense2_camera' for CMake module files
[3.049s] Level 1:colcon.colcon_core.environment:checking '/home/orangepi/Desktop/SparkCar_ROS2_WS/SparkCar_Perception/install/realsense2_camera' for CMake config files
[3.049s] Level 1:colcon.colcon_core.shell:create_environment_hook('realsense2_camera', 'cmake_prefix_path')
[3.050s] INFO:colcon.colcon_core.shell:Creating environment hook '/home/orangepi/Desktop/SparkCar_ROS2_WS/SparkCar_Perception/install/realsense2_camera/share/realsense2_camera/hook/cmake_prefix_path.ps1'
[3.051s] INFO:colcon.colcon_core.shell:Creating environment descriptor '/home/orangepi/Desktop/SparkCar_ROS2_WS/SparkCar_Perception/install/realsense2_camera/share/realsense2_camera/hook/cmake_prefix_path.dsv'
[3.052s] INFO:colcon.colcon_core.shell:Creating environment hook '/home/orangepi/Desktop/SparkCar_ROS2_WS/SparkCar_Perception/install/realsense2_camera/share/realsense2_camera/hook/cmake_prefix_path.sh'
[3.054s] Level 1:colcon.colcon_core.environment:checking '/home/orangepi/Desktop/SparkCar_ROS2_WS/SparkCar_Perception/install/realsense2_camera/lib'
[3.054s] Level 1:colcon.colcon_core.shell:create_environment_hook('realsense2_camera', 'ld_library_path_lib')
[3.054s] INFO:colcon.colcon_core.shell:Creating environment hook '/home/orangepi/Desktop/SparkCar_ROS2_WS/SparkCar_Perception/install/realsense2_camera/share/realsense2_camera/hook/ld_library_path_lib.ps1'
[3.055s] INFO:colcon.colcon_core.shell:Creating environment descriptor '/home/orangepi/Desktop/SparkCar_ROS2_WS/SparkCar_Perception/install/realsense2_camera/share/realsense2_camera/hook/ld_library_path_lib.dsv'
[3.056s] INFO:colcon.colcon_core.shell:Creating environment hook '/home/orangepi/Desktop/SparkCar_ROS2_WS/SparkCar_Perception/install/realsense2_camera/share/realsense2_camera/hook/ld_library_path_lib.sh'
[3.057s] Level 1:colcon.colcon_core.environment:checking '/home/orangepi/Desktop/SparkCar_ROS2_WS/SparkCar_Perception/install/realsense2_camera/bin'
[3.057s] Level 1:colcon.colcon_core.environment:checking '/home/orangepi/Desktop/SparkCar_ROS2_WS/SparkCar_Perception/install/realsense2_camera/lib/pkgconfig/realsense2_camera.pc'
[3.057s] Level 1:colcon.colcon_core.environment:checking '/home/orangepi/Desktop/SparkCar_ROS2_WS/SparkCar_Perception/install/realsense2_camera/lib/python3.10/site-packages'
[3.058s] Level 1:colcon.colcon_core.environment:checking '/home/orangepi/Desktop/SparkCar_ROS2_WS/SparkCar_Perception/install/realsense2_camera/bin'
[3.059s] INFO:colcon.colcon_core.shell:Creating package script '/home/orangepi/Desktop/SparkCar_ROS2_WS/SparkCar_Perception/install/realsense2_camera/share/realsense2_camera/package.ps1'
[3.060s] INFO:colcon.colcon_core.shell:Creating package descriptor '/home/orangepi/Desktop/SparkCar_ROS2_WS/SparkCar_Perception/install/realsense2_camera/share/realsense2_camera/package.dsv'
[3.060s] INFO:colcon.colcon_core.shell:Creating package script '/home/orangepi/Desktop/SparkCar_ROS2_WS/SparkCar_Perception/install/realsense2_camera/share/realsense2_camera/package.sh'
[3.061s] INFO:colcon.colcon_core.shell:Creating package script '/home/orangepi/Desktop/SparkCar_ROS2_WS/SparkCar_Perception/install/realsense2_camera/share/realsense2_camera/package.bash'
[3.062s] INFO:colcon.colcon_core.shell:Creating package script '/home/orangepi/Desktop/SparkCar_ROS2_WS/SparkCar_Perception/install/realsense2_camera/share/realsense2_camera/package.zsh'
[3.063s] Level 1:colcon.colcon_core.environment:create_file_with_runtime_dependencies(/home/orangepi/Desktop/SparkCar_ROS2_WS/SparkCar_Perception/install/realsense2_camera/share/colcon-core/packages/realsense2_camera)
[5.222s] DEBUG:colcon.colcon_core.event_handler.log_command:Invoked command in '/home/orangepi/Desktop/SparkCar_ROS2_WS/SparkCar_Perception/build/vision_to_mavros' returned '1': /usr/bin/cmake /home/orangepi/Desktop/SparkCar_ROS2_WS/SparkCar_Perception/src/vision_to_mavros -DCMAKE_INSTALL_PREFIX=/home/orangepi/Desktop/SparkCar_ROS2_WS/SparkCar_Perception/install/vision_to_mavros
[5.232s] DEBUG:colcon.colcon_parallel_executor.executor.parallel:closing loop
[5.233s] DEBUG:colcon.colcon_parallel_executor.executor.parallel:loop closed
[5.233s] DEBUG:colcon.colcon_parallel_executor.executor.parallel:run_until_complete finished with '1'
[5.233s] DEBUG:colcon.colcon_core.event_reactor:joining thread
[5.235s] DEBUG:colcon.colcon_core.event_reactor:joined thread
[5.237s] INFO:colcon.colcon_core.shell:Creating prefix script '/home/orangepi/Desktop/SparkCar_ROS2_WS/SparkCar_Perception/install/local_setup.ps1'
[5.243s] INFO:colcon.colcon_core.shell:Creating prefix util module '/home/orangepi/Desktop/SparkCar_ROS2_WS/SparkCar_Perception/install/_local_setup_util_ps1.py'
[5.249s] INFO:colcon.colcon_core.shell:Creating prefix chain script '/home/orangepi/Desktop/SparkCar_ROS2_WS/SparkCar_Perception/install/setup.ps1'
[5.254s] INFO:colcon.colcon_core.shell:Creating prefix script '/home/orangepi/Desktop/SparkCar_ROS2_WS/SparkCar_Perception/install/local_setup.sh'
[5.256s] INFO:colcon.colcon_core.shell:Creating prefix util module '/home/orangepi/Desktop/SparkCar_ROS2_WS/SparkCar_Perception/install/_local_setup_util_sh.py'
[5.257s] INFO:colcon.colcon_core.shell:Creating prefix chain script '/home/orangepi/Desktop/SparkCar_ROS2_WS/SparkCar_Perception/install/setup.sh'
[5.261s] INFO:colcon.colcon_core.shell:Creating prefix script '/home/orangepi/Desktop/SparkCar_ROS2_WS/SparkCar_Perception/install/local_setup.bash'
[5.262s] INFO:colcon.colcon_core.shell:Creating prefix chain script '/home/orangepi/Desktop/SparkCar_ROS2_WS/SparkCar_Perception/install/setup.bash'
[5.266s] INFO:colcon.colcon_core.shell:Creating prefix script '/home/orangepi/Desktop/SparkCar_ROS2_WS/SparkCar_Perception/install/local_setup.zsh'
[5.267s] INFO:colcon.colcon_core.shell:Creating prefix chain script '/home/orangepi/Desktop/SparkCar_ROS2_WS/SparkCar_Perception/install/setup.zsh'
