[0.227s] DEBUG:colcon:Command line arguments: ['/usr/bin/colcon', 'build', '--packages-select', 'config_pkg', 'vins_estimator', 'pose_graph', '--symlink-install']
[0.227s] DEBUG:colcon:Parsed command line arguments: Namespace(log_base=None, log_level=None, verb_name='build', build_base='build', install_base='install', merge_install=False, symlink_install=True, test_result_base=None, continue_on_error=False, executor='parallel', parallel_workers=8, event_handlers=None, ignore_user_meta=False, metas=['./colcon.meta'], base_paths=['.'], packages_ignore=None, packages_ignore_regex=None, paths=None, packages_up_to=None, packages_up_to_regex=None, packages_above=None, packages_above_and_dependencies=None, packages_above_depth=None, packages_select_by_dep=None, packages_skip_by_dep=None, packages_skip_up_to=None, packages_select_build_failed=False, packages_skip_build_finished=False, packages_select_test_failures=False, packages_skip_test_passed=False, packages_select=['config_pkg', 'vins_estimator', 'pose_graph'], packages_skip=None, packages_select_regex=None, packages_skip_regex=None, packages_start=None, packages_end=None, cmake_args=None, cmake_target=None, cmake_target_skip_unavailable=False, cmake_clean_cache=False, cmake_clean_first=False, cmake_force_configure=False, ament_cmake_args=None, catkin_cmake_args=None, catkin_skip_building_tests=False, mixin_files=None, mixin=None, verb_parser=<colcon_mixin.mixin.mixin_argument.MixinArgumentDecorator object at 0x7fb4dc3ca0>, verb_extension=<colcon_core.verb.build.BuildVerb object at 0x7fb4dc37f0>, main=<bound method BuildVerb.main of <colcon_core.verb.build.BuildVerb object at 0x7fb4dc37f0>>, mixin_verb=('build',))
[0.508s] Level 1:colcon.colcon_core.package_discovery:discover_packages(colcon_meta) check parameters
[0.508s] Level 1:colcon.colcon_core.package_discovery:discover_packages(recursive) check parameters
[0.508s] Level 1:colcon.colcon_core.package_discovery:discover_packages(ignore) check parameters
[0.508s] Level 1:colcon.colcon_core.package_discovery:discover_packages(path) check parameters
[0.508s] Level 1:colcon.colcon_core.package_discovery:discover_packages(colcon_meta) discover
[0.508s] Level 1:colcon.colcon_core.package_discovery:discover_packages(recursive) discover
[0.508s] INFO:colcon.colcon_core.package_discovery:Crawling recursively for packages in '/home/orangepi/Desktop/SparkCar_ROS2_WS/SparkCar_Perception'
[0.509s] Level 1:colcon.colcon_core.package_identification:_identify(.) by extensions ['ignore', 'ignore_ament_install']
[0.511s] Level 1:colcon.colcon_core.package_identification:_identify(.) by extension 'ignore'
[0.512s] Level 1:colcon.colcon_core.package_identification:_identify(.) by extension 'ignore_ament_install'
[0.512s] Level 1:colcon.colcon_core.package_identification:_identify(.) by extensions ['colcon_pkg']
[0.513s] Level 1:colcon.colcon_core.package_identification:_identify(.) by extension 'colcon_pkg'
[0.513s] Level 1:colcon.colcon_core.package_identification:_identify(.) by extensions ['colcon_meta']
[0.513s] Level 1:colcon.colcon_core.package_identification:_identify(.) by extension 'colcon_meta'
[0.514s] Level 1:colcon.colcon_core.package_identification:_identify(.) by extensions ['ros']
[0.514s] Level 1:colcon.colcon_core.package_identification:_identify(.) by extension 'ros'
[0.541s] Level 1:colcon.colcon_core.package_identification:_identify(.) by extensions ['cmake', 'python']
[0.542s] Level 1:colcon.colcon_core.package_identification:_identify(.) by extension 'cmake'
[0.542s] Level 1:colcon.colcon_core.package_identification:_identify(.) by extension 'python'
[0.542s] Level 1:colcon.colcon_core.package_identification:_identify(.) by extensions ['python_setup_py']
[0.542s] Level 1:colcon.colcon_core.package_identification:_identify(.) by extension 'python_setup_py'
[0.542s] Level 1:colcon.colcon_core.package_identification:_identify(build) by extensions ['ignore', 'ignore_ament_install']
[0.543s] Level 1:colcon.colcon_core.package_identification:_identify(build) by extension 'ignore'
[0.543s] Level 1:colcon.colcon_core.package_identification:_identify(build) ignored
[0.543s] Level 1:colcon.colcon_core.package_identification:_identify(install) by extensions ['ignore', 'ignore_ament_install']
[0.543s] Level 1:colcon.colcon_core.package_identification:_identify(install) by extension 'ignore'
[0.543s] Level 1:colcon.colcon_core.package_identification:_identify(install) ignored
[0.544s] Level 1:colcon.colcon_core.package_identification:_identify(log) by extensions ['ignore', 'ignore_ament_install']
[0.544s] Level 1:colcon.colcon_core.package_identification:_identify(log) by extension 'ignore'
[0.544s] Level 1:colcon.colcon_core.package_identification:_identify(log) ignored
[0.544s] Level 1:colcon.colcon_core.package_identification:_identify(src) by extensions ['ignore', 'ignore_ament_install']
[0.544s] Level 1:colcon.colcon_core.package_identification:_identify(src) by extension 'ignore'
[0.544s] Level 1:colcon.colcon_core.package_identification:_identify(src) by extension 'ignore_ament_install'
[0.545s] Level 1:colcon.colcon_core.package_identification:_identify(src) by extensions ['colcon_pkg']
[0.545s] Level 1:colcon.colcon_core.package_identification:_identify(src) by extension 'colcon_pkg'
[0.545s] Level 1:colcon.colcon_core.package_identification:_identify(src) by extensions ['colcon_meta']
[0.545s] Level 1:colcon.colcon_core.package_identification:_identify(src) by extension 'colcon_meta'
[0.545s] Level 1:colcon.colcon_core.package_identification:_identify(src) by extensions ['ros']
[0.545s] Level 1:colcon.colcon_core.package_identification:_identify(src) by extension 'ros'
[0.546s] Level 1:colcon.colcon_core.package_identification:_identify(src) by extensions ['cmake', 'python']
[0.546s] Level 1:colcon.colcon_core.package_identification:_identify(src) by extension 'cmake'
[0.546s] Level 1:colcon.colcon_core.package_identification:_identify(src) by extension 'python'
[0.546s] Level 1:colcon.colcon_core.package_identification:_identify(src) by extensions ['python_setup_py']
[0.546s] Level 1:colcon.colcon_core.package_identification:_identify(src) by extension 'python_setup_py'
[0.546s] Level 1:colcon.colcon_core.package_identification:_identify(src/VINS-MONO-ROS2) by extensions ['ignore', 'ignore_ament_install']
[0.547s] Level 1:colcon.colcon_core.package_identification:_identify(src/VINS-MONO-ROS2) by extension 'ignore'
[0.547s] Level 1:colcon.colcon_core.package_identification:_identify(src/VINS-MONO-ROS2) by extension 'ignore_ament_install'
[0.547s] Level 1:colcon.colcon_core.package_identification:_identify(src/VINS-MONO-ROS2) by extensions ['colcon_pkg']
[0.547s] Level 1:colcon.colcon_core.package_identification:_identify(src/VINS-MONO-ROS2) by extension 'colcon_pkg'
[0.547s] Level 1:colcon.colcon_core.package_identification:_identify(src/VINS-MONO-ROS2) by extensions ['colcon_meta']
[0.547s] Level 1:colcon.colcon_core.package_identification:_identify(src/VINS-MONO-ROS2) by extension 'colcon_meta'
[0.548s] Level 1:colcon.colcon_core.package_identification:_identify(src/VINS-MONO-ROS2) by extensions ['ros']
[0.548s] Level 1:colcon.colcon_core.package_identification:_identify(src/VINS-MONO-ROS2) by extension 'ros'
[0.548s] Level 1:colcon.colcon_core.package_identification:_identify(src/VINS-MONO-ROS2) by extensions ['cmake', 'python']
[0.548s] Level 1:colcon.colcon_core.package_identification:_identify(src/VINS-MONO-ROS2) by extension 'cmake'
[0.548s] Level 1:colcon.colcon_core.package_identification:_identify(src/VINS-MONO-ROS2) by extension 'python'
[0.548s] Level 1:colcon.colcon_core.package_identification:_identify(src/VINS-MONO-ROS2) by extensions ['python_setup_py']
[0.548s] Level 1:colcon.colcon_core.package_identification:_identify(src/VINS-MONO-ROS2) by extension 'python_setup_py'
[0.549s] Level 1:colcon.colcon_core.package_identification:_identify(src/VINS-MONO-ROS2/ar_demo) by extensions ['ignore', 'ignore_ament_install']
[0.549s] Level 1:colcon.colcon_core.package_identification:_identify(src/VINS-MONO-ROS2/ar_demo) by extension 'ignore'
[0.549s] Level 1:colcon.colcon_core.package_identification:_identify(src/VINS-MONO-ROS2/ar_demo) by extension 'ignore_ament_install'
[0.549s] Level 1:colcon.colcon_core.package_identification:_identify(src/VINS-MONO-ROS2/ar_demo) by extensions ['colcon_pkg']
[0.549s] Level 1:colcon.colcon_core.package_identification:_identify(src/VINS-MONO-ROS2/ar_demo) by extension 'colcon_pkg'
[0.550s] Level 1:colcon.colcon_core.package_identification:_identify(src/VINS-MONO-ROS2/ar_demo) by extensions ['colcon_meta']
[0.550s] Level 1:colcon.colcon_core.package_identification:_identify(src/VINS-MONO-ROS2/ar_demo) by extension 'colcon_meta'
[0.550s] Level 1:colcon.colcon_core.package_identification:_identify(src/VINS-MONO-ROS2/ar_demo) by extensions ['ros']
[0.550s] Level 1:colcon.colcon_core.package_identification:_identify(src/VINS-MONO-ROS2/ar_demo) by extension 'ros'
[0.556s] DEBUG:colcon.colcon_core.package_identification:Package 'src/VINS-MONO-ROS2/ar_demo' with type 'ros.ament_cmake' and name 'ar_demo'
[0.556s] Level 1:colcon.colcon_core.package_identification:_identify(src/VINS-MONO-ROS2/benchmark_publisher) by extensions ['ignore', 'ignore_ament_install']
[0.556s] Level 1:colcon.colcon_core.package_identification:_identify(src/VINS-MONO-ROS2/benchmark_publisher) by extension 'ignore'
[0.557s] Level 1:colcon.colcon_core.package_identification:_identify(src/VINS-MONO-ROS2/benchmark_publisher) by extension 'ignore_ament_install'
[0.557s] Level 1:colcon.colcon_core.package_identification:_identify(src/VINS-MONO-ROS2/benchmark_publisher) by extensions ['colcon_pkg']
[0.557s] Level 1:colcon.colcon_core.package_identification:_identify(src/VINS-MONO-ROS2/benchmark_publisher) by extension 'colcon_pkg'
[0.557s] Level 1:colcon.colcon_core.package_identification:_identify(src/VINS-MONO-ROS2/benchmark_publisher) by extensions ['colcon_meta']
[0.557s] Level 1:colcon.colcon_core.package_identification:_identify(src/VINS-MONO-ROS2/benchmark_publisher) by extension 'colcon_meta'
[0.557s] Level 1:colcon.colcon_core.package_identification:_identify(src/VINS-MONO-ROS2/benchmark_publisher) by extensions ['ros']
[0.557s] Level 1:colcon.colcon_core.package_identification:_identify(src/VINS-MONO-ROS2/benchmark_publisher) by extension 'ros'
[0.560s] DEBUG:colcon.colcon_core.package_identification:Package 'src/VINS-MONO-ROS2/benchmark_publisher' with type 'ros.ament_cmake' and name 'benchmark_publisher'
[0.560s] Level 1:colcon.colcon_core.package_identification:_identify(src/VINS-MONO-ROS2/camera_model) by extensions ['ignore', 'ignore_ament_install']
[0.560s] Level 1:colcon.colcon_core.package_identification:_identify(src/VINS-MONO-ROS2/camera_model) by extension 'ignore'
[0.560s] Level 1:colcon.colcon_core.package_identification:_identify(src/VINS-MONO-ROS2/camera_model) by extension 'ignore_ament_install'
[0.561s] Level 1:colcon.colcon_core.package_identification:_identify(src/VINS-MONO-ROS2/camera_model) by extensions ['colcon_pkg']
[0.561s] Level 1:colcon.colcon_core.package_identification:_identify(src/VINS-MONO-ROS2/camera_model) by extension 'colcon_pkg'
[0.561s] Level 1:colcon.colcon_core.package_identification:_identify(src/VINS-MONO-ROS2/camera_model) by extensions ['colcon_meta']
[0.561s] Level 1:colcon.colcon_core.package_identification:_identify(src/VINS-MONO-ROS2/camera_model) by extension 'colcon_meta'
[0.561s] Level 1:colcon.colcon_core.package_identification:_identify(src/VINS-MONO-ROS2/camera_model) by extensions ['ros']
[0.561s] Level 1:colcon.colcon_core.package_identification:_identify(src/VINS-MONO-ROS2/camera_model) by extension 'ros'
[0.563s] DEBUG:colcon.colcon_core.package_identification:Package 'src/VINS-MONO-ROS2/camera_model' with type 'ros.ament_cmake' and name 'camera_model'
[0.563s] Level 1:colcon.colcon_core.package_identification:_identify(src/VINS-MONO-ROS2/config_pkg) by extensions ['ignore', 'ignore_ament_install']
[0.563s] Level 1:colcon.colcon_core.package_identification:_identify(src/VINS-MONO-ROS2/config_pkg) by extension 'ignore'
[0.564s] Level 1:colcon.colcon_core.package_identification:_identify(src/VINS-MONO-ROS2/config_pkg) by extension 'ignore_ament_install'
[0.564s] Level 1:colcon.colcon_core.package_identification:_identify(src/VINS-MONO-ROS2/config_pkg) by extensions ['colcon_pkg']
[0.564s] Level 1:colcon.colcon_core.package_identification:_identify(src/VINS-MONO-ROS2/config_pkg) by extension 'colcon_pkg'
[0.564s] Level 1:colcon.colcon_core.package_identification:_identify(src/VINS-MONO-ROS2/config_pkg) by extensions ['colcon_meta']
[0.564s] Level 1:colcon.colcon_core.package_identification:_identify(src/VINS-MONO-ROS2/config_pkg) by extension 'colcon_meta'
[0.564s] Level 1:colcon.colcon_core.package_identification:_identify(src/VINS-MONO-ROS2/config_pkg) by extensions ['ros']
[0.565s] Level 1:colcon.colcon_core.package_identification:_identify(src/VINS-MONO-ROS2/config_pkg) by extension 'ros'
[0.566s] DEBUG:colcon.colcon_core.package_identification:Package 'src/VINS-MONO-ROS2/config_pkg' with type 'ros.ament_cmake' and name 'config_pkg'
[0.567s] Level 1:colcon.colcon_core.package_identification:_identify(src/VINS-MONO-ROS2/feature_tracker) by extensions ['ignore', 'ignore_ament_install']
[0.567s] Level 1:colcon.colcon_core.package_identification:_identify(src/VINS-MONO-ROS2/feature_tracker) by extension 'ignore'
[0.567s] Level 1:colcon.colcon_core.package_identification:_identify(src/VINS-MONO-ROS2/feature_tracker) by extension 'ignore_ament_install'
[0.568s] Level 1:colcon.colcon_core.package_identification:_identify(src/VINS-MONO-ROS2/feature_tracker) by extensions ['colcon_pkg']
[0.568s] Level 1:colcon.colcon_core.package_identification:_identify(src/VINS-MONO-ROS2/feature_tracker) by extension 'colcon_pkg'
[0.568s] Level 1:colcon.colcon_core.package_identification:_identify(src/VINS-MONO-ROS2/feature_tracker) by extensions ['colcon_meta']
[0.568s] Level 1:colcon.colcon_core.package_identification:_identify(src/VINS-MONO-ROS2/feature_tracker) by extension 'colcon_meta'
[0.568s] Level 1:colcon.colcon_core.package_identification:_identify(src/VINS-MONO-ROS2/feature_tracker) by extensions ['ros']
[0.568s] Level 1:colcon.colcon_core.package_identification:_identify(src/VINS-MONO-ROS2/feature_tracker) by extension 'ros'
[0.571s] DEBUG:colcon.colcon_core.package_identification:Package 'src/VINS-MONO-ROS2/feature_tracker' with type 'ros.ament_cmake' and name 'feature_tracker'
[0.571s] Level 1:colcon.colcon_core.package_identification:_identify(src/VINS-MONO-ROS2/pose_graph) by extensions ['ignore', 'ignore_ament_install']
[0.572s] Level 1:colcon.colcon_core.package_identification:_identify(src/VINS-MONO-ROS2/pose_graph) by extension 'ignore'
[0.572s] Level 1:colcon.colcon_core.package_identification:_identify(src/VINS-MONO-ROS2/pose_graph) by extension 'ignore_ament_install'
[0.572s] Level 1:colcon.colcon_core.package_identification:_identify(src/VINS-MONO-ROS2/pose_graph) by extensions ['colcon_pkg']
[0.572s] Level 1:colcon.colcon_core.package_identification:_identify(src/VINS-MONO-ROS2/pose_graph) by extension 'colcon_pkg'
[0.572s] Level 1:colcon.colcon_core.package_identification:_identify(src/VINS-MONO-ROS2/pose_graph) by extensions ['colcon_meta']
[0.572s] Level 1:colcon.colcon_core.package_identification:_identify(src/VINS-MONO-ROS2/pose_graph) by extension 'colcon_meta'
[0.573s] Level 1:colcon.colcon_core.package_identification:_identify(src/VINS-MONO-ROS2/pose_graph) by extensions ['ros']
[0.573s] Level 1:colcon.colcon_core.package_identification:_identify(src/VINS-MONO-ROS2/pose_graph) by extension 'ros'
[0.575s] DEBUG:colcon.colcon_core.package_identification:Package 'src/VINS-MONO-ROS2/pose_graph' with type 'ros.ament_cmake' and name 'pose_graph'
[0.575s] Level 1:colcon.colcon_core.package_identification:_identify(src/VINS-MONO-ROS2/vins_estimator) by extensions ['ignore', 'ignore_ament_install']
[0.576s] Level 1:colcon.colcon_core.package_identification:_identify(src/VINS-MONO-ROS2/vins_estimator) by extension 'ignore'
[0.576s] Level 1:colcon.colcon_core.package_identification:_identify(src/VINS-MONO-ROS2/vins_estimator) by extension 'ignore_ament_install'
[0.576s] Level 1:colcon.colcon_core.package_identification:_identify(src/VINS-MONO-ROS2/vins_estimator) by extensions ['colcon_pkg']
[0.576s] Level 1:colcon.colcon_core.package_identification:_identify(src/VINS-MONO-ROS2/vins_estimator) by extension 'colcon_pkg'
[0.576s] Level 1:colcon.colcon_core.package_identification:_identify(src/VINS-MONO-ROS2/vins_estimator) by extensions ['colcon_meta']
[0.576s] Level 1:colcon.colcon_core.package_identification:_identify(src/VINS-MONO-ROS2/vins_estimator) by extension 'colcon_meta'
[0.577s] Level 1:colcon.colcon_core.package_identification:_identify(src/VINS-MONO-ROS2/vins_estimator) by extensions ['ros']
[0.577s] Level 1:colcon.colcon_core.package_identification:_identify(src/VINS-MONO-ROS2/vins_estimator) by extension 'ros'
[0.580s] DEBUG:colcon.colcon_core.package_identification:Package 'src/VINS-MONO-ROS2/vins_estimator' with type 'ros.ament_cmake' and name 'vins_estimator'
[0.580s] Level 1:colcon.colcon_core.package_identification:_identify(src/fastlio2_ros2) by extensions ['ignore', 'ignore_ament_install']
[0.581s] Level 1:colcon.colcon_core.package_identification:_identify(src/fastlio2_ros2) by extension 'ignore'
[0.581s] Level 1:colcon.colcon_core.package_identification:_identify(src/fastlio2_ros2) by extension 'ignore_ament_install'
[0.581s] Level 1:colcon.colcon_core.package_identification:_identify(src/fastlio2_ros2) by extensions ['colcon_pkg']
[0.581s] Level 1:colcon.colcon_core.package_identification:_identify(src/fastlio2_ros2) by extension 'colcon_pkg'
[0.581s] Level 1:colcon.colcon_core.package_identification:_identify(src/fastlio2_ros2) by extensions ['colcon_meta']
[0.581s] Level 1:colcon.colcon_core.package_identification:_identify(src/fastlio2_ros2) by extension 'colcon_meta'
[0.582s] Level 1:colcon.colcon_core.package_identification:_identify(src/fastlio2_ros2) by extensions ['ros']
[0.582s] Level 1:colcon.colcon_core.package_identification:_identify(src/fastlio2_ros2) by extension 'ros'
[0.582s] Level 1:colcon.colcon_core.package_identification:_identify(src/fastlio2_ros2) by extensions ['cmake', 'python']
[0.582s] Level 1:colcon.colcon_core.package_identification:_identify(src/fastlio2_ros2) by extension 'cmake'
[0.582s] Level 1:colcon.colcon_core.package_identification:_identify(src/fastlio2_ros2) by extension 'python'
[0.583s] Level 1:colcon.colcon_core.package_identification:_identify(src/fastlio2_ros2) by extensions ['python_setup_py']
[0.583s] Level 1:colcon.colcon_core.package_identification:_identify(src/fastlio2_ros2) by extension 'python_setup_py'
[0.583s] Level 1:colcon.colcon_core.package_identification:_identify(src/livox_ros_driver2) by extensions ['ignore', 'ignore_ament_install']
[0.583s] Level 1:colcon.colcon_core.package_identification:_identify(src/livox_ros_driver2) by extension 'ignore'
[0.583s] Level 1:colcon.colcon_core.package_identification:_identify(src/livox_ros_driver2) by extension 'ignore_ament_install'
[0.584s] Level 1:colcon.colcon_core.package_identification:_identify(src/livox_ros_driver2) by extensions ['colcon_pkg']
[0.584s] Level 1:colcon.colcon_core.package_identification:_identify(src/livox_ros_driver2) by extension 'colcon_pkg'
[0.584s] Level 1:colcon.colcon_core.package_identification:_identify(src/livox_ros_driver2) by extensions ['colcon_meta']
[0.584s] Level 1:colcon.colcon_core.package_identification:_identify(src/livox_ros_driver2) by extension 'colcon_meta'
[0.584s] Level 1:colcon.colcon_core.package_identification:_identify(src/livox_ros_driver2) by extensions ['ros']
[0.585s] Level 1:colcon.colcon_core.package_identification:_identify(src/livox_ros_driver2) by extension 'ros'
[0.585s] Level 1:colcon.colcon_core.package_identification:_identify(src/livox_ros_driver2) by extensions ['cmake', 'python']
[0.585s] Level 1:colcon.colcon_core.package_identification:_identify(src/livox_ros_driver2) by extension 'cmake'
[0.585s] Level 1:colcon.colcon_core.package_identification:_identify(src/livox_ros_driver2) by extension 'python'
[0.585s] Level 1:colcon.colcon_core.package_identification:_identify(src/livox_ros_driver2) by extensions ['python_setup_py']
[0.586s] Level 1:colcon.colcon_core.package_identification:_identify(src/livox_ros_driver2) by extension 'python_setup_py'
[0.586s] Level 1:colcon.colcon_core.package_identification:_identify(src/realsense-ros) by extensions ['ignore', 'ignore_ament_install']
[0.586s] Level 1:colcon.colcon_core.package_identification:_identify(src/realsense-ros) by extension 'ignore'
[0.586s] Level 1:colcon.colcon_core.package_identification:_identify(src/realsense-ros) by extension 'ignore_ament_install'
[0.586s] Level 1:colcon.colcon_core.package_identification:_identify(src/realsense-ros) by extensions ['colcon_pkg']
[0.587s] Level 1:colcon.colcon_core.package_identification:_identify(src/realsense-ros) by extension 'colcon_pkg'
[0.587s] Level 1:colcon.colcon_core.package_identification:_identify(src/realsense-ros) by extensions ['colcon_meta']
[0.587s] Level 1:colcon.colcon_core.package_identification:_identify(src/realsense-ros) by extension 'colcon_meta'
[0.587s] Level 1:colcon.colcon_core.package_identification:_identify(src/realsense-ros) by extensions ['ros']
[0.587s] Level 1:colcon.colcon_core.package_identification:_identify(src/realsense-ros) by extension 'ros'
[0.588s] Level 1:colcon.colcon_core.package_identification:_identify(src/realsense-ros) by extensions ['cmake', 'python']
[0.588s] Level 1:colcon.colcon_core.package_identification:_identify(src/realsense-ros) by extension 'cmake'
[0.588s] Level 1:colcon.colcon_core.package_identification:_identify(src/realsense-ros) by extension 'python'
[0.588s] Level 1:colcon.colcon_core.package_identification:_identify(src/realsense-ros) by extensions ['python_setup_py']
[0.588s] Level 1:colcon.colcon_core.package_identification:_identify(src/realsense-ros) by extension 'python_setup_py'
[0.589s] Level 1:colcon.colcon_core.package_identification:_identify(src/realsense-ros/realsense2_camera) by extensions ['ignore', 'ignore_ament_install']
[0.589s] Level 1:colcon.colcon_core.package_identification:_identify(src/realsense-ros/realsense2_camera) by extension 'ignore'
[0.589s] Level 1:colcon.colcon_core.package_identification:_identify(src/realsense-ros/realsense2_camera) by extension 'ignore_ament_install'
[0.589s] Level 1:colcon.colcon_core.package_identification:_identify(src/realsense-ros/realsense2_camera) by extensions ['colcon_pkg']
[0.589s] Level 1:colcon.colcon_core.package_identification:_identify(src/realsense-ros/realsense2_camera) by extension 'colcon_pkg'
[0.590s] Level 1:colcon.colcon_core.package_identification:_identify(src/realsense-ros/realsense2_camera) by extensions ['colcon_meta']
[0.590s] Level 1:colcon.colcon_core.package_identification:_identify(src/realsense-ros/realsense2_camera) by extension 'colcon_meta'
[0.590s] Level 1:colcon.colcon_core.package_identification:_identify(src/realsense-ros/realsense2_camera) by extensions ['ros']
[0.590s] Level 1:colcon.colcon_core.package_identification:_identify(src/realsense-ros/realsense2_camera) by extension 'ros'
[0.634s] DEBUG:colcon.colcon_core.package_identification:Package 'src/realsense-ros/realsense2_camera' with type 'ros.ament_cmake' and name 'realsense2_camera'
[0.634s] Level 1:colcon.colcon_core.package_identification:_identify(src/realsense-ros/realsense2_camera_msgs) by extensions ['ignore', 'ignore_ament_install']
[0.634s] Level 1:colcon.colcon_core.package_identification:_identify(src/realsense-ros/realsense2_camera_msgs) by extension 'ignore'
[0.635s] Level 1:colcon.colcon_core.package_identification:_identify(src/realsense-ros/realsense2_camera_msgs) by extension 'ignore_ament_install'
[0.635s] Level 1:colcon.colcon_core.package_identification:_identify(src/realsense-ros/realsense2_camera_msgs) by extensions ['colcon_pkg']
[0.635s] Level 1:colcon.colcon_core.package_identification:_identify(src/realsense-ros/realsense2_camera_msgs) by extension 'colcon_pkg'
[0.635s] Level 1:colcon.colcon_core.package_identification:_identify(src/realsense-ros/realsense2_camera_msgs) by extensions ['colcon_meta']
[0.635s] Level 1:colcon.colcon_core.package_identification:_identify(src/realsense-ros/realsense2_camera_msgs) by extension 'colcon_meta'
[0.635s] Level 1:colcon.colcon_core.package_identification:_identify(src/realsense-ros/realsense2_camera_msgs) by extensions ['ros']
[0.636s] Level 1:colcon.colcon_core.package_identification:_identify(src/realsense-ros/realsense2_camera_msgs) by extension 'ros'
[0.637s] DEBUG:colcon.colcon_core.package_identification:Package 'src/realsense-ros/realsense2_camera_msgs' with type 'ros.ament_cmake' and name 'realsense2_camera_msgs'
[0.638s] Level 1:colcon.colcon_core.package_identification:_identify(src/realsense-ros/realsense2_description) by extensions ['ignore', 'ignore_ament_install']
[0.638s] Level 1:colcon.colcon_core.package_identification:_identify(src/realsense-ros/realsense2_description) by extension 'ignore'
[0.638s] Level 1:colcon.colcon_core.package_identification:_identify(src/realsense-ros/realsense2_description) by extension 'ignore_ament_install'
[0.638s] Level 1:colcon.colcon_core.package_identification:_identify(src/realsense-ros/realsense2_description) by extensions ['colcon_pkg']
[0.638s] Level 1:colcon.colcon_core.package_identification:_identify(src/realsense-ros/realsense2_description) by extension 'colcon_pkg'
[0.639s] Level 1:colcon.colcon_core.package_identification:_identify(src/realsense-ros/realsense2_description) by extensions ['colcon_meta']
[0.639s] Level 1:colcon.colcon_core.package_identification:_identify(src/realsense-ros/realsense2_description) by extension 'colcon_meta'
[0.639s] Level 1:colcon.colcon_core.package_identification:_identify(src/realsense-ros/realsense2_description) by extensions ['ros']
[0.639s] Level 1:colcon.colcon_core.package_identification:_identify(src/realsense-ros/realsense2_description) by extension 'ros'
[0.641s] DEBUG:colcon.colcon_core.package_identification:Package 'src/realsense-ros/realsense2_description' with type 'ros.ament_cmake' and name 'realsense2_description'
[0.641s] Level 1:colcon.colcon_core.package_identification:_identify(src/realsense-ros/realsense2_rgbd_plugin) by extensions ['ignore', 'ignore_ament_install']
[0.641s] Level 1:colcon.colcon_core.package_identification:_identify(src/realsense-ros/realsense2_rgbd_plugin) by extension 'ignore'
[0.642s] Level 1:colcon.colcon_core.package_identification:_identify(src/realsense-ros/realsense2_rgbd_plugin) by extension 'ignore_ament_install'
[0.642s] Level 1:colcon.colcon_core.package_identification:_identify(src/realsense-ros/realsense2_rgbd_plugin) by extensions ['colcon_pkg']
[0.642s] Level 1:colcon.colcon_core.package_identification:_identify(src/realsense-ros/realsense2_rgbd_plugin) by extension 'colcon_pkg'
[0.642s] Level 1:colcon.colcon_core.package_identification:_identify(src/realsense-ros/realsense2_rgbd_plugin) by extensions ['colcon_meta']
[0.642s] Level 1:colcon.colcon_core.package_identification:_identify(src/realsense-ros/realsense2_rgbd_plugin) by extension 'colcon_meta'
[0.642s] Level 1:colcon.colcon_core.package_identification:_identify(src/realsense-ros/realsense2_rgbd_plugin) by extensions ['ros']
[0.642s] Level 1:colcon.colcon_core.package_identification:_identify(src/realsense-ros/realsense2_rgbd_plugin) by extension 'ros'
[0.643s] Level 1:colcon.colcon_core.package_identification:_identify(src/realsense-ros/realsense2_rgbd_plugin) ignored
[0.643s] Level 1:colcon.colcon_core.package_identification:_identify(src/realsense-ros/realsense2_ros_mqtt_bridge) by extensions ['ignore', 'ignore_ament_install']
[0.643s] Level 1:colcon.colcon_core.package_identification:_identify(src/realsense-ros/realsense2_ros_mqtt_bridge) by extension 'ignore'
[0.643s] Level 1:colcon.colcon_core.package_identification:_identify(src/realsense-ros/realsense2_ros_mqtt_bridge) by extension 'ignore_ament_install'
[0.643s] Level 1:colcon.colcon_core.package_identification:_identify(src/realsense-ros/realsense2_ros_mqtt_bridge) by extensions ['colcon_pkg']
[0.644s] Level 1:colcon.colcon_core.package_identification:_identify(src/realsense-ros/realsense2_ros_mqtt_bridge) by extension 'colcon_pkg'
[0.644s] Level 1:colcon.colcon_core.package_identification:_identify(src/realsense-ros/realsense2_ros_mqtt_bridge) by extensions ['colcon_meta']
[0.644s] Level 1:colcon.colcon_core.package_identification:_identify(src/realsense-ros/realsense2_ros_mqtt_bridge) by extension 'colcon_meta'
[0.644s] Level 1:colcon.colcon_core.package_identification:_identify(src/realsense-ros/realsense2_ros_mqtt_bridge) by extensions ['ros']
[0.644s] Level 1:colcon.colcon_core.package_identification:_identify(src/realsense-ros/realsense2_ros_mqtt_bridge) by extension 'ros'
[0.644s] Level 1:colcon.colcon_core.package_identification:_identify(src/realsense-ros/realsense2_ros_mqtt_bridge) ignored
[0.645s] Level 1:colcon.colcon_core.package_identification:_identify(src/realsense-ros/res) by extensions ['ignore', 'ignore_ament_install']
[0.645s] Level 1:colcon.colcon_core.package_identification:_identify(src/realsense-ros/res) by extension 'ignore'
[0.645s] Level 1:colcon.colcon_core.package_identification:_identify(src/realsense-ros/res) by extension 'ignore_ament_install'
[0.645s] Level 1:colcon.colcon_core.package_identification:_identify(src/realsense-ros/res) by extensions ['colcon_pkg']
[0.645s] Level 1:colcon.colcon_core.package_identification:_identify(src/realsense-ros/res) by extension 'colcon_pkg'
[0.645s] Level 1:colcon.colcon_core.package_identification:_identify(src/realsense-ros/res) by extensions ['colcon_meta']
[0.646s] Level 1:colcon.colcon_core.package_identification:_identify(src/realsense-ros/res) by extension 'colcon_meta'
[0.646s] Level 1:colcon.colcon_core.package_identification:_identify(src/realsense-ros/res) by extensions ['ros']
[0.646s] Level 1:colcon.colcon_core.package_identification:_identify(src/realsense-ros/res) by extension 'ros'
[0.646s] Level 1:colcon.colcon_core.package_identification:_identify(src/realsense-ros/res) by extensions ['cmake', 'python']
[0.646s] Level 1:colcon.colcon_core.package_identification:_identify(src/realsense-ros/res) by extension 'cmake'
[0.646s] Level 1:colcon.colcon_core.package_identification:_identify(src/realsense-ros/res) by extension 'python'
[0.647s] Level 1:colcon.colcon_core.package_identification:_identify(src/realsense-ros/res) by extensions ['python_setup_py']
[0.647s] Level 1:colcon.colcon_core.package_identification:_identify(src/realsense-ros/res) by extension 'python_setup_py'
[0.647s] Level 1:colcon.colcon_core.package_identification:_identify(src/realsense-ros/scripts) by extensions ['ignore', 'ignore_ament_install']
[0.647s] Level 1:colcon.colcon_core.package_identification:_identify(src/realsense-ros/scripts) by extension 'ignore'
[0.647s] Level 1:colcon.colcon_core.package_identification:_identify(src/realsense-ros/scripts) by extension 'ignore_ament_install'
[0.648s] Level 1:colcon.colcon_core.package_identification:_identify(src/realsense-ros/scripts) by extensions ['colcon_pkg']
[0.648s] Level 1:colcon.colcon_core.package_identification:_identify(src/realsense-ros/scripts) by extension 'colcon_pkg'
[0.648s] Level 1:colcon.colcon_core.package_identification:_identify(src/realsense-ros/scripts) by extensions ['colcon_meta']
[0.648s] Level 1:colcon.colcon_core.package_identification:_identify(src/realsense-ros/scripts) by extension 'colcon_meta'
[0.648s] Level 1:colcon.colcon_core.package_identification:_identify(src/realsense-ros/scripts) by extensions ['ros']
[0.648s] Level 1:colcon.colcon_core.package_identification:_identify(src/realsense-ros/scripts) by extension 'ros'
[0.649s] Level 1:colcon.colcon_core.package_identification:_identify(src/realsense-ros/scripts) by extensions ['cmake', 'python']
[0.649s] Level 1:colcon.colcon_core.package_identification:_identify(src/realsense-ros/scripts) by extension 'cmake'
[0.649s] Level 1:colcon.colcon_core.package_identification:_identify(src/realsense-ros/scripts) by extension 'python'
[0.649s] Level 1:colcon.colcon_core.package_identification:_identify(src/realsense-ros/scripts) by extensions ['python_setup_py']
[0.649s] Level 1:colcon.colcon_core.package_identification:_identify(src/realsense-ros/scripts) by extension 'python_setup_py'
[0.649s] Level 1:colcon.colcon_core.package_discovery:discover_packages(recursive) using defaults
[0.649s] Level 1:colcon.colcon_core.package_discovery:discover_packages(ignore) discover
[0.650s] Level 1:colcon.colcon_core.package_discovery:discover_packages(ignore) using defaults
[0.650s] Level 1:colcon.colcon_core.package_discovery:discover_packages(path) discover
[0.650s] Level 1:colcon.colcon_core.package_discovery:discover_packages(path) using defaults
[0.700s] INFO:colcon.colcon_core.package_selection:Skipping not selected package 'benchmark_publisher' in 'src/VINS-MONO-ROS2/benchmark_publisher'
[0.701s] INFO:colcon.colcon_core.package_selection:Skipping not selected package 'camera_model' in 'src/VINS-MONO-ROS2/camera_model'
[0.710s] INFO:colcon.colcon_core.package_selection:Skipping not selected package 'realsense2_camera_msgs' in 'src/realsense-ros/realsense2_camera_msgs'
[0.711s] INFO:colcon.colcon_core.package_selection:Skipping not selected package 'ar_demo' in 'src/VINS-MONO-ROS2/ar_demo'
[0.711s] INFO:colcon.colcon_core.package_selection:Skipping not selected package 'feature_tracker' in 'src/VINS-MONO-ROS2/feature_tracker'
[0.711s] INFO:colcon.colcon_core.package_selection:Skipping not selected package 'realsense2_camera' in 'src/realsense-ros/realsense2_camera'
[0.711s] INFO:colcon.colcon_core.package_selection:Skipping not selected package 'realsense2_description' in 'src/realsense-ros/realsense2_description'
[0.712s] Level 5:colcon.colcon_core.verb:set package 'config_pkg' build argument 'cmake_args' from command line to 'None'
[0.712s] Level 5:colcon.colcon_core.verb:set package 'config_pkg' build argument 'cmake_target' from command line to 'None'
[0.712s] Level 5:colcon.colcon_core.verb:set package 'config_pkg' build argument 'cmake_target_skip_unavailable' from command line to 'False'
[0.712s] Level 5:colcon.colcon_core.verb:set package 'config_pkg' build argument 'cmake_clean_cache' from command line to 'False'
[0.712s] Level 5:colcon.colcon_core.verb:set package 'config_pkg' build argument 'cmake_clean_first' from command line to 'False'
[0.713s] Level 5:colcon.colcon_core.verb:set package 'config_pkg' build argument 'cmake_force_configure' from command line to 'False'
[0.713s] Level 5:colcon.colcon_core.verb:set package 'config_pkg' build argument 'ament_cmake_args' from command line to 'None'
[0.713s] Level 5:colcon.colcon_core.verb:set package 'config_pkg' build argument 'catkin_cmake_args' from command line to 'None'
[0.713s] Level 5:colcon.colcon_core.verb:set package 'config_pkg' build argument 'catkin_skip_building_tests' from command line to 'False'
[0.713s] DEBUG:colcon.colcon_core.verb:Building package 'config_pkg' with the following arguments: {'ament_cmake_args': None, 'build_base': '/home/orangepi/Desktop/SparkCar_ROS2_WS/SparkCar_Perception/build/config_pkg', 'catkin_cmake_args': None, 'catkin_skip_building_tests': False, 'cmake_args': None, 'cmake_clean_cache': False, 'cmake_clean_first': False, 'cmake_force_configure': False, 'cmake_target': None, 'cmake_target_skip_unavailable': False, 'install_base': '/home/orangepi/Desktop/SparkCar_ROS2_WS/SparkCar_Perception/install/config_pkg', 'merge_install': False, 'path': '/home/orangepi/Desktop/SparkCar_ROS2_WS/SparkCar_Perception/src/VINS-MONO-ROS2/config_pkg', 'symlink_install': True, 'test_result_base': None}
[0.714s] Level 5:colcon.colcon_core.verb:set package 'pose_graph' build argument 'cmake_args' from command line to 'None'
[0.714s] Level 5:colcon.colcon_core.verb:set package 'pose_graph' build argument 'cmake_target' from command line to 'None'
[0.714s] Level 5:colcon.colcon_core.verb:set package 'pose_graph' build argument 'cmake_target_skip_unavailable' from command line to 'False'
[0.714s] Level 5:colcon.colcon_core.verb:set package 'pose_graph' build argument 'cmake_clean_cache' from command line to 'False'
[0.714s] Level 5:colcon.colcon_core.verb:set package 'pose_graph' build argument 'cmake_clean_first' from command line to 'False'
[0.715s] Level 5:colcon.colcon_core.verb:set package 'pose_graph' build argument 'cmake_force_configure' from command line to 'False'
[0.715s] Level 5:colcon.colcon_core.verb:set package 'pose_graph' build argument 'ament_cmake_args' from command line to 'None'
[0.715s] Level 5:colcon.colcon_core.verb:set package 'pose_graph' build argument 'catkin_cmake_args' from command line to 'None'
[0.715s] Level 5:colcon.colcon_core.verb:set package 'pose_graph' build argument 'catkin_skip_building_tests' from command line to 'False'
[0.715s] DEBUG:colcon.colcon_core.verb:Building package 'pose_graph' with the following arguments: {'ament_cmake_args': None, 'build_base': '/home/orangepi/Desktop/SparkCar_ROS2_WS/SparkCar_Perception/build/pose_graph', 'catkin_cmake_args': None, 'catkin_skip_building_tests': False, 'cmake_args': None, 'cmake_clean_cache': False, 'cmake_clean_first': False, 'cmake_force_configure': False, 'cmake_target': None, 'cmake_target_skip_unavailable': False, 'install_base': '/home/orangepi/Desktop/SparkCar_ROS2_WS/SparkCar_Perception/install/pose_graph', 'merge_install': False, 'path': '/home/orangepi/Desktop/SparkCar_ROS2_WS/SparkCar_Perception/src/VINS-MONO-ROS2/pose_graph', 'symlink_install': True, 'test_result_base': None}
[0.716s] Level 5:colcon.colcon_core.verb:set package 'vins_estimator' build argument 'cmake_args' from command line to 'None'
[0.716s] Level 5:colcon.colcon_core.verb:set package 'vins_estimator' build argument 'cmake_target' from command line to 'None'
[0.716s] Level 5:colcon.colcon_core.verb:set package 'vins_estimator' build argument 'cmake_target_skip_unavailable' from command line to 'False'
[0.716s] Level 5:colcon.colcon_core.verb:set package 'vins_estimator' build argument 'cmake_clean_cache' from command line to 'False'
[0.717s] Level 5:colcon.colcon_core.verb:set package 'vins_estimator' build argument 'cmake_clean_first' from command line to 'False'
[0.717s] Level 5:colcon.colcon_core.verb:set package 'vins_estimator' build argument 'cmake_force_configure' from command line to 'False'
[0.717s] Level 5:colcon.colcon_core.verb:set package 'vins_estimator' build argument 'ament_cmake_args' from command line to 'None'
[0.717s] Level 5:colcon.colcon_core.verb:set package 'vins_estimator' build argument 'catkin_cmake_args' from command line to 'None'
[0.717s] Level 5:colcon.colcon_core.verb:set package 'vins_estimator' build argument 'catkin_skip_building_tests' from command line to 'False'
[0.717s] DEBUG:colcon.colcon_core.verb:Building package 'vins_estimator' with the following arguments: {'ament_cmake_args': None, 'build_base': '/home/orangepi/Desktop/SparkCar_ROS2_WS/SparkCar_Perception/build/vins_estimator', 'catkin_cmake_args': None, 'catkin_skip_building_tests': False, 'cmake_args': None, 'cmake_clean_cache': False, 'cmake_clean_first': False, 'cmake_force_configure': False, 'cmake_target': None, 'cmake_target_skip_unavailable': False, 'install_base': '/home/orangepi/Desktop/SparkCar_ROS2_WS/SparkCar_Perception/install/vins_estimator', 'merge_install': False, 'path': '/home/orangepi/Desktop/SparkCar_ROS2_WS/SparkCar_Perception/src/VINS-MONO-ROS2/vins_estimator', 'symlink_install': True, 'test_result_base': None}
[0.718s] INFO:colcon.colcon_core.executor:Executing jobs using 'parallel' executor
[0.723s] DEBUG:colcon.colcon_parallel_executor.executor.parallel:run_until_complete
[0.723s] INFO:colcon.colcon_ros.task.ament_cmake.build:Building ROS package in '/home/orangepi/Desktop/SparkCar_ROS2_WS/SparkCar_Perception/src/VINS-MONO-ROS2/config_pkg' with build type 'ament_cmake'
[0.723s] INFO:colcon.colcon_cmake.task.cmake.build:Building CMake package in '/home/orangepi/Desktop/SparkCar_ROS2_WS/SparkCar_Perception/src/VINS-MONO-ROS2/config_pkg'
[0.741s] INFO:colcon.colcon_core.plugin_system:Skipping extension 'colcon_core.shell.bat': Not used on non-Windows systems
[0.741s] INFO:colcon.colcon_core.shell:Skip shell extension 'powershell' for command environment: Not usable outside of PowerShell
[0.741s] DEBUG:colcon.colcon_core.shell:Skip shell extension 'dsv' for command environment
[0.762s] INFO:colcon.colcon_ros.task.ament_cmake.build:Building ROS package in '/home/orangepi/Desktop/SparkCar_ROS2_WS/SparkCar_Perception/src/VINS-MONO-ROS2/pose_graph' with build type 'ament_cmake'
[0.763s] INFO:colcon.colcon_cmake.task.cmake.build:Building CMake package in '/home/orangepi/Desktop/SparkCar_ROS2_WS/SparkCar_Perception/src/VINS-MONO-ROS2/pose_graph'
[0.764s] INFO:colcon.colcon_core.shell:Skip shell extension 'powershell' for command environment: Not usable outside of PowerShell
[0.764s] DEBUG:colcon.colcon_core.shell:Skip shell extension 'dsv' for command environment
[0.822s] INFO:colcon.colcon_ros.task.ament_cmake.build:Building ROS package in '/home/orangepi/Desktop/SparkCar_ROS2_WS/SparkCar_Perception/src/VINS-MONO-ROS2/vins_estimator' with build type 'ament_cmake'
[0.822s] INFO:colcon.colcon_cmake.task.cmake.build:Building CMake package in '/home/orangepi/Desktop/SparkCar_ROS2_WS/SparkCar_Perception/src/VINS-MONO-ROS2/vins_estimator'
[0.823s] INFO:colcon.colcon_core.shell:Skip shell extension 'powershell' for command environment: Not usable outside of PowerShell
[0.823s] DEBUG:colcon.colcon_core.shell:Skip shell extension 'dsv' for command environment
[0.858s] DEBUG:colcon.colcon_core.event_handler.log_command:Invoking command in '/home/orangepi/Desktop/SparkCar_ROS2_WS/SparkCar_Perception/build/config_pkg': CMAKE_PREFIX_PATH=${CMAKE_PREFIX_PATH}:/opt/ros/humble /usr/bin/cmake --build /home/orangepi/Desktop/SparkCar_ROS2_WS/SparkCar_Perception/build/config_pkg -- -j8 -l8
[0.905s] DEBUG:colcon.colcon_core.event_handler.log_command:Invoking command in '/home/orangepi/Desktop/SparkCar_ROS2_WS/SparkCar_Perception/build/pose_graph': CMAKE_PREFIX_PATH=/home/orangepi/Desktop/SparkCar_ROS2_WS/SparkCar_Perception/install/camera_model:/home/orangepi/Desktop/SparkCar_ROS2_WS/SparkCar_Controller/install/target_follower:/home/orangepi/Desktop/SparkCar_ROS2_WS/SparkCar_Tools/install/kalibr:/home/orangepi/Desktop/SparkCar_ROS2_WS/SparkCar_Tools/install/incremental_calibration_python:/home/orangepi/Desktop/SparkCar_ROS2_WS/SparkCar_Tools/install/incremental_calibration:/home/orangepi/Desktop/SparkCar_ROS2_WS/SparkCar_Tools/install/aslam_splines_python:/home/orangepi/Desktop/SparkCar_ROS2_WS/SparkCar_Tools/install/bsplines_python:/home/orangepi/Desktop/SparkCar_ROS2_WS/SparkCar_Tools/install/aslam_cv_backend_python:/home/orangepi/Desktop/SparkCar_ROS2_WS/SparkCar_Tools/install/aslam_cv_python:/home/orangepi/Desktop/SparkCar_ROS2_WS/SparkCar_Tools/install/aslam_cv_error_terms:/home/orangepi/Desktop/SparkCar_ROS2_WS/SparkCar_Tools/install/aslam_cv_backend:/home/orangepi/Desktop/SparkCar_ROS2_WS/SparkCar_Tools/install/aslam_splines:/home/orangepi/Desktop/SparkCar_ROS2_WS/SparkCar_Tools/install/bsplines:/home/orangepi/Desktop/SparkCar_ROS2_WS/SparkCar_Tools/install/aslam_backend_python:/home/orangepi/Desktop/SparkCar_ROS2_WS/SparkCar_Tools/install/aslam_backend_expressions:/home/orangepi/Desktop/SparkCar_ROS2_WS/SparkCar_Tools/install/aslam_backend:/home/orangepi/Desktop/SparkCar_ROS2_WS/SparkCar_Tools/install/sparse_block_matrix:/home/orangepi/Desktop/SparkCar_ROS2_WS/SparkCar_Tools/install/aslam_cameras_april:/home/orangepi/Desktop/SparkCar_ROS2_WS/SparkCar_Tools/install/sm_python:/home/orangepi/Desktop/SparkCar_ROS2_WS/SparkCar_Tools/install/sm_timing:/home/orangepi/Desktop/SparkCar_ROS2_WS/SparkCar_Tools/install/aslam_imgproc:/home/orangepi/Desktop/SparkCar_ROS2_WS/SparkCar_Tools/install/aslam_cv_serialization:/home/orangepi/Desktop/SparkCar_ROS2_WS/SparkCar_Tools/install/aslam_cameras:/home/orangepi/Desktop/SparkCar_ROS2_WS/SparkCar_Tools/install/sm_kinematics:/home/orangepi/Desktop/SparkCar_ROS2_WS/SparkCar_Tools/install/sm_eigen:/home/orangepi/Desktop/SparkCar_ROS2_WS/SparkCar_Tools/install/sm_random:/home/orangepi/Desktop/SparkCar_ROS2_WS/SparkCar_Tools/install/sm_property_tree:/home/orangepi/Desktop/SparkCar_ROS2_WS/SparkCar_Tools/install/sm_opencv:/home/orangepi/Desktop/SparkCar_ROS2_WS/SparkCar_Tools/install/sm_matrix_archive:/home/orangepi/Desktop/SparkCar_ROS2_WS/SparkCar_Tools/install/sm_logging:/home/orangepi/Desktop/SparkCar_ROS2_WS/SparkCar_Tools/install/sm_boost:/home/orangepi/Desktop/SparkCar_ROS2_WS/SparkCar_Tools/install/sm_common:/home/orangepi/Desktop/SparkCar_ROS2_WS/SparkCar_Tools/install/python_module:/home/orangepi/Desktop/SparkCar_ROS2_WS/SparkCar_Tools/install/numpy_eigen:/home/orangepi/Desktop/SparkCar_ROS2_WS/SparkCar_Tools/install/ethz_apriltag2:/home/orangepi/Desktop/SparkCar_ROS2_WS/SparkCar_Tools/install/aslam_time:/home/orangepi/Desktop/SparkCar_ROS2_WS/SparkCar_Perception/install/vins_estimator:/home/orangepi/Desktop/SparkCar_ROS2_WS/SparkCar_Perception/install/realsense2_description:/home/orangepi/Desktop/SparkCar_ROS2_WS/SparkCar_Perception/install/realsense2_camera:/home/orangepi/Desktop/SparkCar_ROS2_WS/SparkCar_Perception/install/realsense2_camera_msgs:/home/orangepi/Desktop/SparkCar_ROS2_WS/SparkCar_Perception/install/pose_graph:/home/orangepi/Desktop/SparkCar_ROS2_WS/SparkCar_Perception/install/feature_tracker:/home/orangepi/Desktop/SparkCar_ROS2_WS/SparkCar_Perception/install/config_pkg:/home/orangepi/Desktop/SparkCar_ROS2_WS/SparkCar_Perception/install/ar_demo:/home/orangepi/Desktop/SparkCar_ROS2_WS/SparkCar_Perception/install/benchmark_publisher:/opt/ros/humble PATH=/home/orangepi/Desktop/SparkCar_ROS2_WS/SparkCar_Perception/install/camera_model/bin:/home/orangepi/.local/bin:/home/orangepi/.local/bin:/home/orangepi/.vscode-server/data/User/globalStorage/github.copilot-chat/debugCommand:/home/orangepi/.vscode-server/data/User/globalStorage/github.copilot-chat/copilotCli:/home/orangepi/.vscode-server/cli/servers/Stable-7e7950df89d055b5a378379db9ee14290772148a/server/bin/remote-cli:/home/orangepi/.local/bin:/home/orangepi/.local/bin:/home/orangepi/.local/bin:/opt/ros/humble/bin:/home/orangepi/.local/bin:/usr/local/sbin:/usr/local/bin:/usr/sbin:/usr/bin:/sbin:/bin:/usr/games:/usr/local/games:/snap/bin /usr/bin/cmake /home/orangepi/Desktop/SparkCar_ROS2_WS/SparkCar_Perception/src/VINS-MONO-ROS2/pose_graph -DAMENT_CMAKE_SYMLINK_INSTALL=1 -DCMAKE_INSTALL_PREFIX=/home/orangepi/Desktop/SparkCar_ROS2_WS/SparkCar_Perception/install/pose_graph
[0.963s] DEBUG:colcon.colcon_core.event_handler.log_command:Invoking command in '/home/orangepi/Desktop/SparkCar_ROS2_WS/SparkCar_Perception/build/vins_estimator': CMAKE_PREFIX_PATH=/home/orangepi/Desktop/SparkCar_ROS2_WS/SparkCar_Perception/install/camera_model:/home/orangepi/Desktop/SparkCar_ROS2_WS/SparkCar_Controller/install/target_follower:/home/orangepi/Desktop/SparkCar_ROS2_WS/SparkCar_Tools/install/kalibr:/home/orangepi/Desktop/SparkCar_ROS2_WS/SparkCar_Tools/install/incremental_calibration_python:/home/orangepi/Desktop/SparkCar_ROS2_WS/SparkCar_Tools/install/incremental_calibration:/home/orangepi/Desktop/SparkCar_ROS2_WS/SparkCar_Tools/install/aslam_splines_python:/home/orangepi/Desktop/SparkCar_ROS2_WS/SparkCar_Tools/install/bsplines_python:/home/orangepi/Desktop/SparkCar_ROS2_WS/SparkCar_Tools/install/aslam_cv_backend_python:/home/orangepi/Desktop/SparkCar_ROS2_WS/SparkCar_Tools/install/aslam_cv_python:/home/orangepi/Desktop/SparkCar_ROS2_WS/SparkCar_Tools/install/aslam_cv_error_terms:/home/orangepi/Desktop/SparkCar_ROS2_WS/SparkCar_Tools/install/aslam_cv_backend:/home/orangepi/Desktop/SparkCar_ROS2_WS/SparkCar_Tools/install/aslam_splines:/home/orangepi/Desktop/SparkCar_ROS2_WS/SparkCar_Tools/install/bsplines:/home/orangepi/Desktop/SparkCar_ROS2_WS/SparkCar_Tools/install/aslam_backend_python:/home/orangepi/Desktop/SparkCar_ROS2_WS/SparkCar_Tools/install/aslam_backend_expressions:/home/orangepi/Desktop/SparkCar_ROS2_WS/SparkCar_Tools/install/aslam_backend:/home/orangepi/Desktop/SparkCar_ROS2_WS/SparkCar_Tools/install/sparse_block_matrix:/home/orangepi/Desktop/SparkCar_ROS2_WS/SparkCar_Tools/install/aslam_cameras_april:/home/orangepi/Desktop/SparkCar_ROS2_WS/SparkCar_Tools/install/sm_python:/home/orangepi/Desktop/SparkCar_ROS2_WS/SparkCar_Tools/install/sm_timing:/home/orangepi/Desktop/SparkCar_ROS2_WS/SparkCar_Tools/install/aslam_imgproc:/home/orangepi/Desktop/SparkCar_ROS2_WS/SparkCar_Tools/install/aslam_cv_serialization:/home/orangepi/Desktop/SparkCar_ROS2_WS/SparkCar_Tools/install/aslam_cameras:/home/orangepi/Desktop/SparkCar_ROS2_WS/SparkCar_Tools/install/sm_kinematics:/home/orangepi/Desktop/SparkCar_ROS2_WS/SparkCar_Tools/install/sm_eigen:/home/orangepi/Desktop/SparkCar_ROS2_WS/SparkCar_Tools/install/sm_random:/home/orangepi/Desktop/SparkCar_ROS2_WS/SparkCar_Tools/install/sm_property_tree:/home/orangepi/Desktop/SparkCar_ROS2_WS/SparkCar_Tools/install/sm_opencv:/home/orangepi/Desktop/SparkCar_ROS2_WS/SparkCar_Tools/install/sm_matrix_archive:/home/orangepi/Desktop/SparkCar_ROS2_WS/SparkCar_Tools/install/sm_logging:/home/orangepi/Desktop/SparkCar_ROS2_WS/SparkCar_Tools/install/sm_boost:/home/orangepi/Desktop/SparkCar_ROS2_WS/SparkCar_Tools/install/sm_common:/home/orangepi/Desktop/SparkCar_ROS2_WS/SparkCar_Tools/install/python_module:/home/orangepi/Desktop/SparkCar_ROS2_WS/SparkCar_Tools/install/numpy_eigen:/home/orangepi/Desktop/SparkCar_ROS2_WS/SparkCar_Tools/install/ethz_apriltag2:/home/orangepi/Desktop/SparkCar_ROS2_WS/SparkCar_Tools/install/aslam_time:/home/orangepi/Desktop/SparkCar_ROS2_WS/SparkCar_Perception/install/vins_estimator:/home/orangepi/Desktop/SparkCar_ROS2_WS/SparkCar_Perception/install/realsense2_description:/home/orangepi/Desktop/SparkCar_ROS2_WS/SparkCar_Perception/install/realsense2_camera:/home/orangepi/Desktop/SparkCar_ROS2_WS/SparkCar_Perception/install/realsense2_camera_msgs:/home/orangepi/Desktop/SparkCar_ROS2_WS/SparkCar_Perception/install/pose_graph:/home/orangepi/Desktop/SparkCar_ROS2_WS/SparkCar_Perception/install/feature_tracker:/home/orangepi/Desktop/SparkCar_ROS2_WS/SparkCar_Perception/install/config_pkg:/home/orangepi/Desktop/SparkCar_ROS2_WS/SparkCar_Perception/install/ar_demo:/home/orangepi/Desktop/SparkCar_ROS2_WS/SparkCar_Perception/install/benchmark_publisher:/opt/ros/humble PATH=/home/orangepi/Desktop/SparkCar_ROS2_WS/SparkCar_Perception/install/camera_model/bin:/home/orangepi/.local/bin:/home/orangepi/.local/bin:/home/orangepi/.vscode-server/data/User/globalStorage/github.copilot-chat/debugCommand:/home/orangepi/.vscode-server/data/User/globalStorage/github.copilot-chat/copilotCli:/home/orangepi/.vscode-server/cli/servers/Stable-7e7950df89d055b5a378379db9ee14290772148a/server/bin/remote-cli:/home/orangepi/.local/bin:/home/orangepi/.local/bin:/home/orangepi/.local/bin:/opt/ros/humble/bin:/home/orangepi/.local/bin:/usr/local/sbin:/usr/local/bin:/usr/sbin:/usr/bin:/sbin:/bin:/usr/games:/usr/local/games:/snap/bin /usr/bin/cmake /home/orangepi/Desktop/SparkCar_ROS2_WS/SparkCar_Perception/src/VINS-MONO-ROS2/vins_estimator -DAMENT_CMAKE_SYMLINK_INSTALL=1 -DCMAKE_INSTALL_PREFIX=/home/orangepi/Desktop/SparkCar_ROS2_WS/SparkCar_Perception/install/vins_estimator
[1.142s] DEBUG:colcon.colcon_core.event_handler.log_command:Invoked command in '/home/orangepi/Desktop/SparkCar_ROS2_WS/SparkCar_Perception/build/config_pkg' returned '0': CMAKE_PREFIX_PATH=${CMAKE_PREFIX_PATH}:/opt/ros/humble /usr/bin/cmake --build /home/orangepi/Desktop/SparkCar_ROS2_WS/SparkCar_Perception/build/config_pkg -- -j8 -l8
[1.217s] DEBUG:colcon.colcon_core.event_handler.log_command:Invoking command in '/home/orangepi/Desktop/SparkCar_ROS2_WS/SparkCar_Perception/build/config_pkg': CMAKE_PREFIX_PATH=${CMAKE_PREFIX_PATH}:/opt/ros/humble /usr/bin/cmake --install /home/orangepi/Desktop/SparkCar_ROS2_WS/SparkCar_Perception/build/config_pkg
[1.411s] Level 1:colcon.colcon_core.environment:create_environment_scripts_only(config_pkg)
[1.433s] DEBUG:colcon.colcon_core.event_handler.log_command:Invoked command in '/home/orangepi/Desktop/SparkCar_ROS2_WS/SparkCar_Perception/build/config_pkg' returned '0': CMAKE_PREFIX_PATH=${CMAKE_PREFIX_PATH}:/opt/ros/humble /usr/bin/cmake --install /home/orangepi/Desktop/SparkCar_ROS2_WS/SparkCar_Perception/build/config_pkg
[1.451s] Level 1:colcon.colcon_core.environment:checking '/home/orangepi/Desktop/SparkCar_ROS2_WS/SparkCar_Perception/install/config_pkg' for CMake module files
[1.455s] Level 1:colcon.colcon_core.environment:checking '/home/orangepi/Desktop/SparkCar_ROS2_WS/SparkCar_Perception/install/config_pkg' for CMake config files
[1.457s] Level 1:colcon.colcon_core.shell:create_environment_hook('config_pkg', 'cmake_prefix_path')
[1.459s] INFO:colcon.colcon_core.shell:Creating environment hook '/home/orangepi/Desktop/SparkCar_ROS2_WS/SparkCar_Perception/install/config_pkg/share/config_pkg/hook/cmake_prefix_path.ps1'
[1.468s] INFO:colcon.colcon_core.shell:Creating environment descriptor '/home/orangepi/Desktop/SparkCar_ROS2_WS/SparkCar_Perception/install/config_pkg/share/config_pkg/hook/cmake_prefix_path.dsv'
[1.482s] INFO:colcon.colcon_core.shell:Creating environment hook '/home/orangepi/Desktop/SparkCar_ROS2_WS/SparkCar_Perception/install/config_pkg/share/config_pkg/hook/cmake_prefix_path.sh'
[1.488s] Level 1:colcon.colcon_core.environment:checking '/home/orangepi/Desktop/SparkCar_ROS2_WS/SparkCar_Perception/install/config_pkg/bin'
[1.489s] Level 1:colcon.colcon_core.environment:checking '/home/orangepi/Desktop/SparkCar_ROS2_WS/SparkCar_Perception/install/config_pkg/lib/pkgconfig/config_pkg.pc'
[1.501s] Level 1:colcon.colcon_core.environment:checking '/home/orangepi/Desktop/SparkCar_ROS2_WS/SparkCar_Perception/install/config_pkg/lib/python3.10/site-packages'
[1.507s] Level 1:colcon.colcon_core.environment:checking '/home/orangepi/Desktop/SparkCar_ROS2_WS/SparkCar_Perception/install/config_pkg/bin'
[1.512s] INFO:colcon.colcon_core.shell:Creating package script '/home/orangepi/Desktop/SparkCar_ROS2_WS/SparkCar_Perception/install/config_pkg/share/config_pkg/package.ps1'
[1.526s] INFO:colcon.colcon_core.shell:Creating package descriptor '/home/orangepi/Desktop/SparkCar_ROS2_WS/SparkCar_Perception/install/config_pkg/share/config_pkg/package.dsv'
[1.528s] INFO:colcon.colcon_core.shell:Creating package script '/home/orangepi/Desktop/SparkCar_ROS2_WS/SparkCar_Perception/install/config_pkg/share/config_pkg/package.sh'
[1.531s] INFO:colcon.colcon_core.shell:Creating package script '/home/orangepi/Desktop/SparkCar_ROS2_WS/SparkCar_Perception/install/config_pkg/share/config_pkg/package.bash'
[1.538s] INFO:colcon.colcon_core.shell:Creating package script '/home/orangepi/Desktop/SparkCar_ROS2_WS/SparkCar_Perception/install/config_pkg/share/config_pkg/package.zsh'
[1.569s] Level 1:colcon.colcon_core.environment:create_file_with_runtime_dependencies(/home/orangepi/Desktop/SparkCar_ROS2_WS/SparkCar_Perception/install/config_pkg/share/colcon-core/packages/config_pkg)
[1.570s] Level 1:colcon.colcon_core.environment:create_environment_scripts_only(config_pkg)
[1.570s] Level 1:colcon.colcon_core.environment:checking '/home/orangepi/Desktop/SparkCar_ROS2_WS/SparkCar_Perception/install/config_pkg' for CMake module files
[1.571s] Level 1:colcon.colcon_core.environment:checking '/home/orangepi/Desktop/SparkCar_ROS2_WS/SparkCar_Perception/install/config_pkg' for CMake config files
[1.571s] Level 1:colcon.colcon_core.shell:create_environment_hook('config_pkg', 'cmake_prefix_path')
[1.572s] INFO:colcon.colcon_core.shell:Creating environment hook '/home/orangepi/Desktop/SparkCar_ROS2_WS/SparkCar_Perception/install/config_pkg/share/config_pkg/hook/cmake_prefix_path.ps1'
[1.573s] INFO:colcon.colcon_core.shell:Creating environment descriptor '/home/orangepi/Desktop/SparkCar_ROS2_WS/SparkCar_Perception/install/config_pkg/share/config_pkg/hook/cmake_prefix_path.dsv'
[1.574s] INFO:colcon.colcon_core.shell:Creating environment hook '/home/orangepi/Desktop/SparkCar_ROS2_WS/SparkCar_Perception/install/config_pkg/share/config_pkg/hook/cmake_prefix_path.sh'
[1.575s] Level 1:colcon.colcon_core.environment:checking '/home/orangepi/Desktop/SparkCar_ROS2_WS/SparkCar_Perception/install/config_pkg/bin'
[1.575s] Level 1:colcon.colcon_core.environment:checking '/home/orangepi/Desktop/SparkCar_ROS2_WS/SparkCar_Perception/install/config_pkg/lib/pkgconfig/config_pkg.pc'
[1.576s] Level 1:colcon.colcon_core.environment:checking '/home/orangepi/Desktop/SparkCar_ROS2_WS/SparkCar_Perception/install/config_pkg/lib/python3.10/site-packages'
[1.584s] Level 1:colcon.colcon_core.environment:checking '/home/orangepi/Desktop/SparkCar_ROS2_WS/SparkCar_Perception/install/config_pkg/bin'
[1.584s] INFO:colcon.colcon_core.shell:Creating package script '/home/orangepi/Desktop/SparkCar_ROS2_WS/SparkCar_Perception/install/config_pkg/share/config_pkg/package.ps1'
[1.590s] INFO:colcon.colcon_core.shell:Creating package descriptor '/home/orangepi/Desktop/SparkCar_ROS2_WS/SparkCar_Perception/install/config_pkg/share/config_pkg/package.dsv'
[1.591s] INFO:colcon.colcon_core.shell:Creating package script '/home/orangepi/Desktop/SparkCar_ROS2_WS/SparkCar_Perception/install/config_pkg/share/config_pkg/package.sh'
[1.592s] INFO:colcon.colcon_core.shell:Creating package script '/home/orangepi/Desktop/SparkCar_ROS2_WS/SparkCar_Perception/install/config_pkg/share/config_pkg/package.bash'
[1.595s] INFO:colcon.colcon_core.shell:Creating package script '/home/orangepi/Desktop/SparkCar_ROS2_WS/SparkCar_Perception/install/config_pkg/share/config_pkg/package.zsh'
[1.616s] Level 1:colcon.colcon_core.environment:create_file_with_runtime_dependencies(/home/orangepi/Desktop/SparkCar_ROS2_WS/SparkCar_Perception/install/config_pkg/share/colcon-core/packages/config_pkg)
[4.482s] DEBUG:colcon.colcon_core.event_handler.log_command:Invoked command in '/home/orangepi/Desktop/SparkCar_ROS2_WS/SparkCar_Perception/build/pose_graph' returned '0': CMAKE_PREFIX_PATH=/home/orangepi/Desktop/SparkCar_ROS2_WS/SparkCar_Perception/install/camera_model:/home/orangepi/Desktop/SparkCar_ROS2_WS/SparkCar_Controller/install/target_follower:/home/orangepi/Desktop/SparkCar_ROS2_WS/SparkCar_Tools/install/kalibr:/home/orangepi/Desktop/SparkCar_ROS2_WS/SparkCar_Tools/install/incremental_calibration_python:/home/orangepi/Desktop/SparkCar_ROS2_WS/SparkCar_Tools/install/incremental_calibration:/home/orangepi/Desktop/SparkCar_ROS2_WS/SparkCar_Tools/install/aslam_splines_python:/home/orangepi/Desktop/SparkCar_ROS2_WS/SparkCar_Tools/install/bsplines_python:/home/orangepi/Desktop/SparkCar_ROS2_WS/SparkCar_Tools/install/aslam_cv_backend_python:/home/orangepi/Desktop/SparkCar_ROS2_WS/SparkCar_Tools/install/aslam_cv_python:/home/orangepi/Desktop/SparkCar_ROS2_WS/SparkCar_Tools/install/aslam_cv_error_terms:/home/orangepi/Desktop/SparkCar_ROS2_WS/SparkCar_Tools/install/aslam_cv_backend:/home/orangepi/Desktop/SparkCar_ROS2_WS/SparkCar_Tools/install/aslam_splines:/home/orangepi/Desktop/SparkCar_ROS2_WS/SparkCar_Tools/install/bsplines:/home/orangepi/Desktop/SparkCar_ROS2_WS/SparkCar_Tools/install/aslam_backend_python:/home/orangepi/Desktop/SparkCar_ROS2_WS/SparkCar_Tools/install/aslam_backend_expressions:/home/orangepi/Desktop/SparkCar_ROS2_WS/SparkCar_Tools/install/aslam_backend:/home/orangepi/Desktop/SparkCar_ROS2_WS/SparkCar_Tools/install/sparse_block_matrix:/home/orangepi/Desktop/SparkCar_ROS2_WS/SparkCar_Tools/install/aslam_cameras_april:/home/orangepi/Desktop/SparkCar_ROS2_WS/SparkCar_Tools/install/sm_python:/home/orangepi/Desktop/SparkCar_ROS2_WS/SparkCar_Tools/install/sm_timing:/home/orangepi/Desktop/SparkCar_ROS2_WS/SparkCar_Tools/install/aslam_imgproc:/home/orangepi/Desktop/SparkCar_ROS2_WS/SparkCar_Tools/install/aslam_cv_serialization:/home/orangepi/Desktop/SparkCar_ROS2_WS/SparkCar_Tools/install/aslam_cameras:/home/orangepi/Desktop/SparkCar_ROS2_WS/SparkCar_Tools/install/sm_kinematics:/home/orangepi/Desktop/SparkCar_ROS2_WS/SparkCar_Tools/install/sm_eigen:/home/orangepi/Desktop/SparkCar_ROS2_WS/SparkCar_Tools/install/sm_random:/home/orangepi/Desktop/SparkCar_ROS2_WS/SparkCar_Tools/install/sm_property_tree:/home/orangepi/Desktop/SparkCar_ROS2_WS/SparkCar_Tools/install/sm_opencv:/home/orangepi/Desktop/SparkCar_ROS2_WS/SparkCar_Tools/install/sm_matrix_archive:/home/orangepi/Desktop/SparkCar_ROS2_WS/SparkCar_Tools/install/sm_logging:/home/orangepi/Desktop/SparkCar_ROS2_WS/SparkCar_Tools/install/sm_boost:/home/orangepi/Desktop/SparkCar_ROS2_WS/SparkCar_Tools/install/sm_common:/home/orangepi/Desktop/SparkCar_ROS2_WS/SparkCar_Tools/install/python_module:/home/orangepi/Desktop/SparkCar_ROS2_WS/SparkCar_Tools/install/numpy_eigen:/home/orangepi/Desktop/SparkCar_ROS2_WS/SparkCar_Tools/install/ethz_apriltag2:/home/orangepi/Desktop/SparkCar_ROS2_WS/SparkCar_Tools/install/aslam_time:/home/orangepi/Desktop/SparkCar_ROS2_WS/SparkCar_Perception/install/vins_estimator:/home/orangepi/Desktop/SparkCar_ROS2_WS/SparkCar_Perception/install/realsense2_description:/home/orangepi/Desktop/SparkCar_ROS2_WS/SparkCar_Perception/install/realsense2_camera:/home/orangepi/Desktop/SparkCar_ROS2_WS/SparkCar_Perception/install/realsense2_camera_msgs:/home/orangepi/Desktop/SparkCar_ROS2_WS/SparkCar_Perception/install/pose_graph:/home/orangepi/Desktop/SparkCar_ROS2_WS/SparkCar_Perception/install/feature_tracker:/home/orangepi/Desktop/SparkCar_ROS2_WS/SparkCar_Perception/install/config_pkg:/home/orangepi/Desktop/SparkCar_ROS2_WS/SparkCar_Perception/install/ar_demo:/home/orangepi/Desktop/SparkCar_ROS2_WS/SparkCar_Perception/install/benchmark_publisher:/opt/ros/humble PATH=/home/orangepi/Desktop/SparkCar_ROS2_WS/SparkCar_Perception/install/camera_model/bin:/home/orangepi/.local/bin:/home/orangepi/.local/bin:/home/orangepi/.vscode-server/data/User/globalStorage/github.copilot-chat/debugCommand:/home/orangepi/.vscode-server/data/User/globalStorage/github.copilot-chat/copilotCli:/home/orangepi/.vscode-server/cli/servers/Stable-7e7950df89d055b5a378379db9ee14290772148a/server/bin/remote-cli:/home/orangepi/.local/bin:/home/orangepi/.local/bin:/home/orangepi/.local/bin:/opt/ros/humble/bin:/home/orangepi/.local/bin:/usr/local/sbin:/usr/local/bin:/usr/sbin:/usr/bin:/sbin:/bin:/usr/games:/usr/local/games:/snap/bin /usr/bin/cmake /home/orangepi/Desktop/SparkCar_ROS2_WS/SparkCar_Perception/src/VINS-MONO-ROS2/pose_graph -DAMENT_CMAKE_SYMLINK_INSTALL=1 -DCMAKE_INSTALL_PREFIX=/home/orangepi/Desktop/SparkCar_ROS2_WS/SparkCar_Perception/install/pose_graph
[4.491s] DEBUG:colcon.colcon_core.event_handler.log_command:Invoking command in '/home/orangepi/Desktop/SparkCar_ROS2_WS/SparkCar_Perception/build/pose_graph': CMAKE_PREFIX_PATH=/home/orangepi/Desktop/SparkCar_ROS2_WS/SparkCar_Perception/install/camera_model:/home/orangepi/Desktop/SparkCar_ROS2_WS/SparkCar_Controller/install/target_follower:/home/orangepi/Desktop/SparkCar_ROS2_WS/SparkCar_Tools/install/kalibr:/home/orangepi/Desktop/SparkCar_ROS2_WS/SparkCar_Tools/install/incremental_calibration_python:/home/orangepi/Desktop/SparkCar_ROS2_WS/SparkCar_Tools/install/incremental_calibration:/home/orangepi/Desktop/SparkCar_ROS2_WS/SparkCar_Tools/install/aslam_splines_python:/home/orangepi/Desktop/SparkCar_ROS2_WS/SparkCar_Tools/install/bsplines_python:/home/orangepi/Desktop/SparkCar_ROS2_WS/SparkCar_Tools/install/aslam_cv_backend_python:/home/orangepi/Desktop/SparkCar_ROS2_WS/SparkCar_Tools/install/aslam_cv_python:/home/orangepi/Desktop/SparkCar_ROS2_WS/SparkCar_Tools/install/aslam_cv_error_terms:/home/orangepi/Desktop/SparkCar_ROS2_WS/SparkCar_Tools/install/aslam_cv_backend:/home/orangepi/Desktop/SparkCar_ROS2_WS/SparkCar_Tools/install/aslam_splines:/home/orangepi/Desktop/SparkCar_ROS2_WS/SparkCar_Tools/install/bsplines:/home/orangepi/Desktop/SparkCar_ROS2_WS/SparkCar_Tools/install/aslam_backend_python:/home/orangepi/Desktop/SparkCar_ROS2_WS/SparkCar_Tools/install/aslam_backend_expressions:/home/orangepi/Desktop/SparkCar_ROS2_WS/SparkCar_Tools/install/aslam_backend:/home/orangepi/Desktop/SparkCar_ROS2_WS/SparkCar_Tools/install/sparse_block_matrix:/home/orangepi/Desktop/SparkCar_ROS2_WS/SparkCar_Tools/install/aslam_cameras_april:/home/orangepi/Desktop/SparkCar_ROS2_WS/SparkCar_Tools/install/sm_python:/home/orangepi/Desktop/SparkCar_ROS2_WS/SparkCar_Tools/install/sm_timing:/home/orangepi/Desktop/SparkCar_ROS2_WS/SparkCar_Tools/install/aslam_imgproc:/home/orangepi/Desktop/SparkCar_ROS2_WS/SparkCar_Tools/install/aslam_cv_serialization:/home/orangepi/Desktop/SparkCar_ROS2_WS/SparkCar_Tools/install/aslam_cameras:/home/orangepi/Desktop/SparkCar_ROS2_WS/SparkCar_Tools/install/sm_kinematics:/home/orangepi/Desktop/SparkCar_ROS2_WS/SparkCar_Tools/install/sm_eigen:/home/orangepi/Desktop/SparkCar_ROS2_WS/SparkCar_Tools/install/sm_random:/home/orangepi/Desktop/SparkCar_ROS2_WS/SparkCar_Tools/install/sm_property_tree:/home/orangepi/Desktop/SparkCar_ROS2_WS/SparkCar_Tools/install/sm_opencv:/home/orangepi/Desktop/SparkCar_ROS2_WS/SparkCar_Tools/install/sm_matrix_archive:/home/orangepi/Desktop/SparkCar_ROS2_WS/SparkCar_Tools/install/sm_logging:/home/orangepi/Desktop/SparkCar_ROS2_WS/SparkCar_Tools/install/sm_boost:/home/orangepi/Desktop/SparkCar_ROS2_WS/SparkCar_Tools/install/sm_common:/home/orangepi/Desktop/SparkCar_ROS2_WS/SparkCar_Tools/install/python_module:/home/orangepi/Desktop/SparkCar_ROS2_WS/SparkCar_Tools/install/numpy_eigen:/home/orangepi/Desktop/SparkCar_ROS2_WS/SparkCar_Tools/install/ethz_apriltag2:/home/orangepi/Desktop/SparkCar_ROS2_WS/SparkCar_Tools/install/aslam_time:/home/orangepi/Desktop/SparkCar_ROS2_WS/SparkCar_Perception/install/vins_estimator:/home/orangepi/Desktop/SparkCar_ROS2_WS/SparkCar_Perception/install/realsense2_description:/home/orangepi/Desktop/SparkCar_ROS2_WS/SparkCar_Perception/install/realsense2_camera:/home/orangepi/Desktop/SparkCar_ROS2_WS/SparkCar_Perception/install/realsense2_camera_msgs:/home/orangepi/Desktop/SparkCar_ROS2_WS/SparkCar_Perception/install/pose_graph:/home/orangepi/Desktop/SparkCar_ROS2_WS/SparkCar_Perception/install/feature_tracker:/home/orangepi/Desktop/SparkCar_ROS2_WS/SparkCar_Perception/install/config_pkg:/home/orangepi/Desktop/SparkCar_ROS2_WS/SparkCar_Perception/install/ar_demo:/home/orangepi/Desktop/SparkCar_ROS2_WS/SparkCar_Perception/install/benchmark_publisher:/opt/ros/humble PATH=/home/orangepi/Desktop/SparkCar_ROS2_WS/SparkCar_Perception/install/camera_model/bin:/home/orangepi/.local/bin:/home/orangepi/.local/bin:/home/orangepi/.vscode-server/data/User/globalStorage/github.copilot-chat/debugCommand:/home/orangepi/.vscode-server/data/User/globalStorage/github.copilot-chat/copilotCli:/home/orangepi/.vscode-server/cli/servers/Stable-7e7950df89d055b5a378379db9ee14290772148a/server/bin/remote-cli:/home/orangepi/.local/bin:/home/orangepi/.local/bin:/home/orangepi/.local/bin:/opt/ros/humble/bin:/home/orangepi/.local/bin:/usr/local/sbin:/usr/local/bin:/usr/sbin:/usr/bin:/sbin:/bin:/usr/games:/usr/local/games:/snap/bin /usr/bin/cmake --build /home/orangepi/Desktop/SparkCar_ROS2_WS/SparkCar_Perception/build/pose_graph -- -j8 -l8
[4.511s] DEBUG:colcon.colcon_core.event_handler.log_command:Invoked command in '/home/orangepi/Desktop/SparkCar_ROS2_WS/SparkCar_Perception/build/vins_estimator' returned '0': CMAKE_PREFIX_PATH=/home/orangepi/Desktop/SparkCar_ROS2_WS/SparkCar_Perception/install/camera_model:/home/orangepi/Desktop/SparkCar_ROS2_WS/SparkCar_Controller/install/target_follower:/home/orangepi/Desktop/SparkCar_ROS2_WS/SparkCar_Tools/install/kalibr:/home/orangepi/Desktop/SparkCar_ROS2_WS/SparkCar_Tools/install/incremental_calibration_python:/home/orangepi/Desktop/SparkCar_ROS2_WS/SparkCar_Tools/install/incremental_calibration:/home/orangepi/Desktop/SparkCar_ROS2_WS/SparkCar_Tools/install/aslam_splines_python:/home/orangepi/Desktop/SparkCar_ROS2_WS/SparkCar_Tools/install/bsplines_python:/home/orangepi/Desktop/SparkCar_ROS2_WS/SparkCar_Tools/install/aslam_cv_backend_python:/home/orangepi/Desktop/SparkCar_ROS2_WS/SparkCar_Tools/install/aslam_cv_python:/home/orangepi/Desktop/SparkCar_ROS2_WS/SparkCar_Tools/install/aslam_cv_error_terms:/home/orangepi/Desktop/SparkCar_ROS2_WS/SparkCar_Tools/install/aslam_cv_backend:/home/orangepi/Desktop/SparkCar_ROS2_WS/SparkCar_Tools/install/aslam_splines:/home/orangepi/Desktop/SparkCar_ROS2_WS/SparkCar_Tools/install/bsplines:/home/orangepi/Desktop/SparkCar_ROS2_WS/SparkCar_Tools/install/aslam_backend_python:/home/orangepi/Desktop/SparkCar_ROS2_WS/SparkCar_Tools/install/aslam_backend_expressions:/home/orangepi/Desktop/SparkCar_ROS2_WS/SparkCar_Tools/install/aslam_backend:/home/orangepi/Desktop/SparkCar_ROS2_WS/SparkCar_Tools/install/sparse_block_matrix:/home/orangepi/Desktop/SparkCar_ROS2_WS/SparkCar_Tools/install/aslam_cameras_april:/home/orangepi/Desktop/SparkCar_ROS2_WS/SparkCar_Tools/install/sm_python:/home/orangepi/Desktop/SparkCar_ROS2_WS/SparkCar_Tools/install/sm_timing:/home/orangepi/Desktop/SparkCar_ROS2_WS/SparkCar_Tools/install/aslam_imgproc:/home/orangepi/Desktop/SparkCar_ROS2_WS/SparkCar_Tools/install/aslam_cv_serialization:/home/orangepi/Desktop/SparkCar_ROS2_WS/SparkCar_Tools/install/aslam_cameras:/home/orangepi/Desktop/SparkCar_ROS2_WS/SparkCar_Tools/install/sm_kinematics:/home/orangepi/Desktop/SparkCar_ROS2_WS/SparkCar_Tools/install/sm_eigen:/home/orangepi/Desktop/SparkCar_ROS2_WS/SparkCar_Tools/install/sm_random:/home/orangepi/Desktop/SparkCar_ROS2_WS/SparkCar_Tools/install/sm_property_tree:/home/orangepi/Desktop/SparkCar_ROS2_WS/SparkCar_Tools/install/sm_opencv:/home/orangepi/Desktop/SparkCar_ROS2_WS/SparkCar_Tools/install/sm_matrix_archive:/home/orangepi/Desktop/SparkCar_ROS2_WS/SparkCar_Tools/install/sm_logging:/home/orangepi/Desktop/SparkCar_ROS2_WS/SparkCar_Tools/install/sm_boost:/home/orangepi/Desktop/SparkCar_ROS2_WS/SparkCar_Tools/install/sm_common:/home/orangepi/Desktop/SparkCar_ROS2_WS/SparkCar_Tools/install/python_module:/home/orangepi/Desktop/SparkCar_ROS2_WS/SparkCar_Tools/install/numpy_eigen:/home/orangepi/Desktop/SparkCar_ROS2_WS/SparkCar_Tools/install/ethz_apriltag2:/home/orangepi/Desktop/SparkCar_ROS2_WS/SparkCar_Tools/install/aslam_time:/home/orangepi/Desktop/SparkCar_ROS2_WS/SparkCar_Perception/install/vins_estimator:/home/orangepi/Desktop/SparkCar_ROS2_WS/SparkCar_Perception/install/realsense2_description:/home/orangepi/Desktop/SparkCar_ROS2_WS/SparkCar_Perception/install/realsense2_camera:/home/orangepi/Desktop/SparkCar_ROS2_WS/SparkCar_Perception/install/realsense2_camera_msgs:/home/orangepi/Desktop/SparkCar_ROS2_WS/SparkCar_Perception/install/pose_graph:/home/orangepi/Desktop/SparkCar_ROS2_WS/SparkCar_Perception/install/feature_tracker:/home/orangepi/Desktop/SparkCar_ROS2_WS/SparkCar_Perception/install/config_pkg:/home/orangepi/Desktop/SparkCar_ROS2_WS/SparkCar_Perception/install/ar_demo:/home/orangepi/Desktop/SparkCar_ROS2_WS/SparkCar_Perception/install/benchmark_publisher:/opt/ros/humble PATH=/home/orangepi/Desktop/SparkCar_ROS2_WS/SparkCar_Perception/install/camera_model/bin:/home/orangepi/.local/bin:/home/orangepi/.local/bin:/home/orangepi/.vscode-server/data/User/globalStorage/github.copilot-chat/debugCommand:/home/orangepi/.vscode-server/data/User/globalStorage/github.copilot-chat/copilotCli:/home/orangepi/.vscode-server/cli/servers/Stable-7e7950df89d055b5a378379db9ee14290772148a/server/bin/remote-cli:/home/orangepi/.local/bin:/home/orangepi/.local/bin:/home/orangepi/.local/bin:/opt/ros/humble/bin:/home/orangepi/.local/bin:/usr/local/sbin:/usr/local/bin:/usr/sbin:/usr/bin:/sbin:/bin:/usr/games:/usr/local/games:/snap/bin /usr/bin/cmake /home/orangepi/Desktop/SparkCar_ROS2_WS/SparkCar_Perception/src/VINS-MONO-ROS2/vins_estimator -DAMENT_CMAKE_SYMLINK_INSTALL=1 -DCMAKE_INSTALL_PREFIX=/home/orangepi/Desktop/SparkCar_ROS2_WS/SparkCar_Perception/install/vins_estimator
[4.512s] DEBUG:colcon.colcon_core.event_handler.log_command:Invoking command in '/home/orangepi/Desktop/SparkCar_ROS2_WS/SparkCar_Perception/build/vins_estimator': CMAKE_PREFIX_PATH=/home/orangepi/Desktop/SparkCar_ROS2_WS/SparkCar_Perception/install/camera_model:/home/orangepi/Desktop/SparkCar_ROS2_WS/SparkCar_Controller/install/target_follower:/home/orangepi/Desktop/SparkCar_ROS2_WS/SparkCar_Tools/install/kalibr:/home/orangepi/Desktop/SparkCar_ROS2_WS/SparkCar_Tools/install/incremental_calibration_python:/home/orangepi/Desktop/SparkCar_ROS2_WS/SparkCar_Tools/install/incremental_calibration:/home/orangepi/Desktop/SparkCar_ROS2_WS/SparkCar_Tools/install/aslam_splines_python:/home/orangepi/Desktop/SparkCar_ROS2_WS/SparkCar_Tools/install/bsplines_python:/home/orangepi/Desktop/SparkCar_ROS2_WS/SparkCar_Tools/install/aslam_cv_backend_python:/home/orangepi/Desktop/SparkCar_ROS2_WS/SparkCar_Tools/install/aslam_cv_python:/home/orangepi/Desktop/SparkCar_ROS2_WS/SparkCar_Tools/install/aslam_cv_error_terms:/home/orangepi/Desktop/SparkCar_ROS2_WS/SparkCar_Tools/install/aslam_cv_backend:/home/orangepi/Desktop/SparkCar_ROS2_WS/SparkCar_Tools/install/aslam_splines:/home/orangepi/Desktop/SparkCar_ROS2_WS/SparkCar_Tools/install/bsplines:/home/orangepi/Desktop/SparkCar_ROS2_WS/SparkCar_Tools/install/aslam_backend_python:/home/orangepi/Desktop/SparkCar_ROS2_WS/SparkCar_Tools/install/aslam_backend_expressions:/home/orangepi/Desktop/SparkCar_ROS2_WS/SparkCar_Tools/install/aslam_backend:/home/orangepi/Desktop/SparkCar_ROS2_WS/SparkCar_Tools/install/sparse_block_matrix:/home/orangepi/Desktop/SparkCar_ROS2_WS/SparkCar_Tools/install/aslam_cameras_april:/home/orangepi/Desktop/SparkCar_ROS2_WS/SparkCar_Tools/install/sm_python:/home/orangepi/Desktop/SparkCar_ROS2_WS/SparkCar_Tools/install/sm_timing:/home/orangepi/Desktop/SparkCar_ROS2_WS/SparkCar_Tools/install/aslam_imgproc:/home/orangepi/Desktop/SparkCar_ROS2_WS/SparkCar_Tools/install/aslam_cv_serialization:/home/orangepi/Desktop/SparkCar_ROS2_WS/SparkCar_Tools/install/aslam_cameras:/home/orangepi/Desktop/SparkCar_ROS2_WS/SparkCar_Tools/install/sm_kinematics:/home/orangepi/Desktop/SparkCar_ROS2_WS/SparkCar_Tools/install/sm_eigen:/home/orangepi/Desktop/SparkCar_ROS2_WS/SparkCar_Tools/install/sm_random:/home/orangepi/Desktop/SparkCar_ROS2_WS/SparkCar_Tools/install/sm_property_tree:/home/orangepi/Desktop/SparkCar_ROS2_WS/SparkCar_Tools/install/sm_opencv:/home/orangepi/Desktop/SparkCar_ROS2_WS/SparkCar_Tools/install/sm_matrix_archive:/home/orangepi/Desktop/SparkCar_ROS2_WS/SparkCar_Tools/install/sm_logging:/home/orangepi/Desktop/SparkCar_ROS2_WS/SparkCar_Tools/install/sm_boost:/home/orangepi/Desktop/SparkCar_ROS2_WS/SparkCar_Tools/install/sm_common:/home/orangepi/Desktop/SparkCar_ROS2_WS/SparkCar_Tools/install/python_module:/home/orangepi/Desktop/SparkCar_ROS2_WS/SparkCar_Tools/install/numpy_eigen:/home/orangepi/Desktop/SparkCar_ROS2_WS/SparkCar_Tools/install/ethz_apriltag2:/home/orangepi/Desktop/SparkCar_ROS2_WS/SparkCar_Tools/install/aslam_time:/home/orangepi/Desktop/SparkCar_ROS2_WS/SparkCar_Perception/install/vins_estimator:/home/orangepi/Desktop/SparkCar_ROS2_WS/SparkCar_Perception/install/realsense2_description:/home/orangepi/Desktop/SparkCar_ROS2_WS/SparkCar_Perception/install/realsense2_camera:/home/orangepi/Desktop/SparkCar_ROS2_WS/SparkCar_Perception/install/realsense2_camera_msgs:/home/orangepi/Desktop/SparkCar_ROS2_WS/SparkCar_Perception/install/pose_graph:/home/orangepi/Desktop/SparkCar_ROS2_WS/SparkCar_Perception/install/feature_tracker:/home/orangepi/Desktop/SparkCar_ROS2_WS/SparkCar_Perception/install/config_pkg:/home/orangepi/Desktop/SparkCar_ROS2_WS/SparkCar_Perception/install/ar_demo:/home/orangepi/Desktop/SparkCar_ROS2_WS/SparkCar_Perception/install/benchmark_publisher:/opt/ros/humble PATH=/home/orangepi/Desktop/SparkCar_ROS2_WS/SparkCar_Perception/install/camera_model/bin:/home/orangepi/.local/bin:/home/orangepi/.local/bin:/home/orangepi/.vscode-server/data/User/globalStorage/github.copilot-chat/debugCommand:/home/orangepi/.vscode-server/data/User/globalStorage/github.copilot-chat/copilotCli:/home/orangepi/.vscode-server/cli/servers/Stable-7e7950df89d055b5a378379db9ee14290772148a/server/bin/remote-cli:/home/orangepi/.local/bin:/home/orangepi/.local/bin:/home/orangepi/.local/bin:/opt/ros/humble/bin:/home/orangepi/.local/bin:/usr/local/sbin:/usr/local/bin:/usr/sbin:/usr/bin:/sbin:/bin:/usr/games:/usr/local/games:/snap/bin /usr/bin/cmake --build /home/orangepi/Desktop/SparkCar_ROS2_WS/SparkCar_Perception/build/vins_estimator -- -j8 -l8
[5.025s] DEBUG:colcon.colcon_core.event_handler.log_command:Invoked command in '/home/orangepi/Desktop/SparkCar_ROS2_WS/SparkCar_Perception/build/pose_graph' returned '0': CMAKE_PREFIX_PATH=/home/orangepi/Desktop/SparkCar_ROS2_WS/SparkCar_Perception/install/camera_model:/home/orangepi/Desktop/SparkCar_ROS2_WS/SparkCar_Controller/install/target_follower:/home/orangepi/Desktop/SparkCar_ROS2_WS/SparkCar_Tools/install/kalibr:/home/orangepi/Desktop/SparkCar_ROS2_WS/SparkCar_Tools/install/incremental_calibration_python:/home/orangepi/Desktop/SparkCar_ROS2_WS/SparkCar_Tools/install/incremental_calibration:/home/orangepi/Desktop/SparkCar_ROS2_WS/SparkCar_Tools/install/aslam_splines_python:/home/orangepi/Desktop/SparkCar_ROS2_WS/SparkCar_Tools/install/bsplines_python:/home/orangepi/Desktop/SparkCar_ROS2_WS/SparkCar_Tools/install/aslam_cv_backend_python:/home/orangepi/Desktop/SparkCar_ROS2_WS/SparkCar_Tools/install/aslam_cv_python:/home/orangepi/Desktop/SparkCar_ROS2_WS/SparkCar_Tools/install/aslam_cv_error_terms:/home/orangepi/Desktop/SparkCar_ROS2_WS/SparkCar_Tools/install/aslam_cv_backend:/home/orangepi/Desktop/SparkCar_ROS2_WS/SparkCar_Tools/install/aslam_splines:/home/orangepi/Desktop/SparkCar_ROS2_WS/SparkCar_Tools/install/bsplines:/home/orangepi/Desktop/SparkCar_ROS2_WS/SparkCar_Tools/install/aslam_backend_python:/home/orangepi/Desktop/SparkCar_ROS2_WS/SparkCar_Tools/install/aslam_backend_expressions:/home/orangepi/Desktop/SparkCar_ROS2_WS/SparkCar_Tools/install/aslam_backend:/home/orangepi/Desktop/SparkCar_ROS2_WS/SparkCar_Tools/install/sparse_block_matrix:/home/orangepi/Desktop/SparkCar_ROS2_WS/SparkCar_Tools/install/aslam_cameras_april:/home/orangepi/Desktop/SparkCar_ROS2_WS/SparkCar_Tools/install/sm_python:/home/orangepi/Desktop/SparkCar_ROS2_WS/SparkCar_Tools/install/sm_timing:/home/orangepi/Desktop/SparkCar_ROS2_WS/SparkCar_Tools/install/aslam_imgproc:/home/orangepi/Desktop/SparkCar_ROS2_WS/SparkCar_Tools/install/aslam_cv_serialization:/home/orangepi/Desktop/SparkCar_ROS2_WS/SparkCar_Tools/install/aslam_cameras:/home/orangepi/Desktop/SparkCar_ROS2_WS/SparkCar_Tools/install/sm_kinematics:/home/orangepi/Desktop/SparkCar_ROS2_WS/SparkCar_Tools/install/sm_eigen:/home/orangepi/Desktop/SparkCar_ROS2_WS/SparkCar_Tools/install/sm_random:/home/orangepi/Desktop/SparkCar_ROS2_WS/SparkCar_Tools/install/sm_property_tree:/home/orangepi/Desktop/SparkCar_ROS2_WS/SparkCar_Tools/install/sm_opencv:/home/orangepi/Desktop/SparkCar_ROS2_WS/SparkCar_Tools/install/sm_matrix_archive:/home/orangepi/Desktop/SparkCar_ROS2_WS/SparkCar_Tools/install/sm_logging:/home/orangepi/Desktop/SparkCar_ROS2_WS/SparkCar_Tools/install/sm_boost:/home/orangepi/Desktop/SparkCar_ROS2_WS/SparkCar_Tools/install/sm_common:/home/orangepi/Desktop/SparkCar_ROS2_WS/SparkCar_Tools/install/python_module:/home/orangepi/Desktop/SparkCar_ROS2_WS/SparkCar_Tools/install/numpy_eigen:/home/orangepi/Desktop/SparkCar_ROS2_WS/SparkCar_Tools/install/ethz_apriltag2:/home/orangepi/Desktop/SparkCar_ROS2_WS/SparkCar_Tools/install/aslam_time:/home/orangepi/Desktop/SparkCar_ROS2_WS/SparkCar_Perception/install/vins_estimator:/home/orangepi/Desktop/SparkCar_ROS2_WS/SparkCar_Perception/install/realsense2_description:/home/orangepi/Desktop/SparkCar_ROS2_WS/SparkCar_Perception/install/realsense2_camera:/home/orangepi/Desktop/SparkCar_ROS2_WS/SparkCar_Perception/install/realsense2_camera_msgs:/home/orangepi/Desktop/SparkCar_ROS2_WS/SparkCar_Perception/install/pose_graph:/home/orangepi/Desktop/SparkCar_ROS2_WS/SparkCar_Perception/install/feature_tracker:/home/orangepi/Desktop/SparkCar_ROS2_WS/SparkCar_Perception/install/config_pkg:/home/orangepi/Desktop/SparkCar_ROS2_WS/SparkCar_Perception/install/ar_demo:/home/orangepi/Desktop/SparkCar_ROS2_WS/SparkCar_Perception/install/benchmark_publisher:/opt/ros/humble PATH=/home/orangepi/Desktop/SparkCar_ROS2_WS/SparkCar_Perception/install/camera_model/bin:/home/orangepi/.local/bin:/home/orangepi/.local/bin:/home/orangepi/.vscode-server/data/User/globalStorage/github.copilot-chat/debugCommand:/home/orangepi/.vscode-server/data/User/globalStorage/github.copilot-chat/copilotCli:/home/orangepi/.vscode-server/cli/servers/Stable-7e7950df89d055b5a378379db9ee14290772148a/server/bin/remote-cli:/home/orangepi/.local/bin:/home/orangepi/.local/bin:/home/orangepi/.local/bin:/opt/ros/humble/bin:/home/orangepi/.local/bin:/usr/local/sbin:/usr/local/bin:/usr/sbin:/usr/bin:/sbin:/bin:/usr/games:/usr/local/games:/snap/bin /usr/bin/cmake --build /home/orangepi/Desktop/SparkCar_ROS2_WS/SparkCar_Perception/build/pose_graph -- -j8 -l8
[5.029s] DEBUG:colcon.colcon_core.event_handler.log_command:Invoking command in '/home/orangepi/Desktop/SparkCar_ROS2_WS/SparkCar_Perception/build/pose_graph': CMAKE_PREFIX_PATH=/home/orangepi/Desktop/SparkCar_ROS2_WS/SparkCar_Perception/install/camera_model:/home/orangepi/Desktop/SparkCar_ROS2_WS/SparkCar_Controller/install/target_follower:/home/orangepi/Desktop/SparkCar_ROS2_WS/SparkCar_Tools/install/kalibr:/home/orangepi/Desktop/SparkCar_ROS2_WS/SparkCar_Tools/install/incremental_calibration_python:/home/orangepi/Desktop/SparkCar_ROS2_WS/SparkCar_Tools/install/incremental_calibration:/home/orangepi/Desktop/SparkCar_ROS2_WS/SparkCar_Tools/install/aslam_splines_python:/home/orangepi/Desktop/SparkCar_ROS2_WS/SparkCar_Tools/install/bsplines_python:/home/orangepi/Desktop/SparkCar_ROS2_WS/SparkCar_Tools/install/aslam_cv_backend_python:/home/orangepi/Desktop/SparkCar_ROS2_WS/SparkCar_Tools/install/aslam_cv_python:/home/orangepi/Desktop/SparkCar_ROS2_WS/SparkCar_Tools/install/aslam_cv_error_terms:/home/orangepi/Desktop/SparkCar_ROS2_WS/SparkCar_Tools/install/aslam_cv_backend:/home/orangepi/Desktop/SparkCar_ROS2_WS/SparkCar_Tools/install/aslam_splines:/home/orangepi/Desktop/SparkCar_ROS2_WS/SparkCar_Tools/install/bsplines:/home/orangepi/Desktop/SparkCar_ROS2_WS/SparkCar_Tools/install/aslam_backend_python:/home/orangepi/Desktop/SparkCar_ROS2_WS/SparkCar_Tools/install/aslam_backend_expressions:/home/orangepi/Desktop/SparkCar_ROS2_WS/SparkCar_Tools/install/aslam_backend:/home/orangepi/Desktop/SparkCar_ROS2_WS/SparkCar_Tools/install/sparse_block_matrix:/home/orangepi/Desktop/SparkCar_ROS2_WS/SparkCar_Tools/install/aslam_cameras_april:/home/orangepi/Desktop/SparkCar_ROS2_WS/SparkCar_Tools/install/sm_python:/home/orangepi/Desktop/SparkCar_ROS2_WS/SparkCar_Tools/install/sm_timing:/home/orangepi/Desktop/SparkCar_ROS2_WS/SparkCar_Tools/install/aslam_imgproc:/home/orangepi/Desktop/SparkCar_ROS2_WS/SparkCar_Tools/install/aslam_cv_serialization:/home/orangepi/Desktop/SparkCar_ROS2_WS/SparkCar_Tools/install/aslam_cameras:/home/orangepi/Desktop/SparkCar_ROS2_WS/SparkCar_Tools/install/sm_kinematics:/home/orangepi/Desktop/SparkCar_ROS2_WS/SparkCar_Tools/install/sm_eigen:/home/orangepi/Desktop/SparkCar_ROS2_WS/SparkCar_Tools/install/sm_random:/home/orangepi/Desktop/SparkCar_ROS2_WS/SparkCar_Tools/install/sm_property_tree:/home/orangepi/Desktop/SparkCar_ROS2_WS/SparkCar_Tools/install/sm_opencv:/home/orangepi/Desktop/SparkCar_ROS2_WS/SparkCar_Tools/install/sm_matrix_archive:/home/orangepi/Desktop/SparkCar_ROS2_WS/SparkCar_Tools/install/sm_logging:/home/orangepi/Desktop/SparkCar_ROS2_WS/SparkCar_Tools/install/sm_boost:/home/orangepi/Desktop/SparkCar_ROS2_WS/SparkCar_Tools/install/sm_common:/home/orangepi/Desktop/SparkCar_ROS2_WS/SparkCar_Tools/install/python_module:/home/orangepi/Desktop/SparkCar_ROS2_WS/SparkCar_Tools/install/numpy_eigen:/home/orangepi/Desktop/SparkCar_ROS2_WS/SparkCar_Tools/install/ethz_apriltag2:/home/orangepi/Desktop/SparkCar_ROS2_WS/SparkCar_Tools/install/aslam_time:/home/orangepi/Desktop/SparkCar_ROS2_WS/SparkCar_Perception/install/vins_estimator:/home/orangepi/Desktop/SparkCar_ROS2_WS/SparkCar_Perception/install/realsense2_description:/home/orangepi/Desktop/SparkCar_ROS2_WS/SparkCar_Perception/install/realsense2_camera:/home/orangepi/Desktop/SparkCar_ROS2_WS/SparkCar_Perception/install/realsense2_camera_msgs:/home/orangepi/Desktop/SparkCar_ROS2_WS/SparkCar_Perception/install/pose_graph:/home/orangepi/Desktop/SparkCar_ROS2_WS/SparkCar_Perception/install/feature_tracker:/home/orangepi/Desktop/SparkCar_ROS2_WS/SparkCar_Perception/install/config_pkg:/home/orangepi/Desktop/SparkCar_ROS2_WS/SparkCar_Perception/install/ar_demo:/home/orangepi/Desktop/SparkCar_ROS2_WS/SparkCar_Perception/install/benchmark_publisher:/opt/ros/humble PATH=/home/orangepi/Desktop/SparkCar_ROS2_WS/SparkCar_Perception/install/camera_model/bin:/home/orangepi/.local/bin:/home/orangepi/.local/bin:/home/orangepi/.vscode-server/data/User/globalStorage/github.copilot-chat/debugCommand:/home/orangepi/.vscode-server/data/User/globalStorage/github.copilot-chat/copilotCli:/home/orangepi/.vscode-server/cli/servers/Stable-7e7950df89d055b5a378379db9ee14290772148a/server/bin/remote-cli:/home/orangepi/.local/bin:/home/orangepi/.local/bin:/home/orangepi/.local/bin:/opt/ros/humble/bin:/home/orangepi/.local/bin:/usr/local/sbin:/usr/local/bin:/usr/sbin:/usr/bin:/sbin:/bin:/usr/games:/usr/local/games:/snap/bin /usr/bin/cmake --install /home/orangepi/Desktop/SparkCar_ROS2_WS/SparkCar_Perception/build/pose_graph
[5.100s] Level 1:colcon.colcon_core.environment:create_environment_scripts_only(pose_graph)
[5.101s] Level 1:colcon.colcon_core.environment:checking '/home/orangepi/Desktop/SparkCar_ROS2_WS/SparkCar_Perception/install/pose_graph' for CMake module files
[5.103s] DEBUG:colcon.colcon_core.event_handler.log_command:Invoked command in '/home/orangepi/Desktop/SparkCar_ROS2_WS/SparkCar_Perception/build/pose_graph' returned '0': CMAKE_PREFIX_PATH=/home/orangepi/Desktop/SparkCar_ROS2_WS/SparkCar_Perception/install/camera_model:/home/orangepi/Desktop/SparkCar_ROS2_WS/SparkCar_Controller/install/target_follower:/home/orangepi/Desktop/SparkCar_ROS2_WS/SparkCar_Tools/install/kalibr:/home/orangepi/Desktop/SparkCar_ROS2_WS/SparkCar_Tools/install/incremental_calibration_python:/home/orangepi/Desktop/SparkCar_ROS2_WS/SparkCar_Tools/install/incremental_calibration:/home/orangepi/Desktop/SparkCar_ROS2_WS/SparkCar_Tools/install/aslam_splines_python:/home/orangepi/Desktop/SparkCar_ROS2_WS/SparkCar_Tools/install/bsplines_python:/home/orangepi/Desktop/SparkCar_ROS2_WS/SparkCar_Tools/install/aslam_cv_backend_python:/home/orangepi/Desktop/SparkCar_ROS2_WS/SparkCar_Tools/install/aslam_cv_python:/home/orangepi/Desktop/SparkCar_ROS2_WS/SparkCar_Tools/install/aslam_cv_error_terms:/home/orangepi/Desktop/SparkCar_ROS2_WS/SparkCar_Tools/install/aslam_cv_backend:/home/orangepi/Desktop/SparkCar_ROS2_WS/SparkCar_Tools/install/aslam_splines:/home/orangepi/Desktop/SparkCar_ROS2_WS/SparkCar_Tools/install/bsplines:/home/orangepi/Desktop/SparkCar_ROS2_WS/SparkCar_Tools/install/aslam_backend_python:/home/orangepi/Desktop/SparkCar_ROS2_WS/SparkCar_Tools/install/aslam_backend_expressions:/home/orangepi/Desktop/SparkCar_ROS2_WS/SparkCar_Tools/install/aslam_backend:/home/orangepi/Desktop/SparkCar_ROS2_WS/SparkCar_Tools/install/sparse_block_matrix:/home/orangepi/Desktop/SparkCar_ROS2_WS/SparkCar_Tools/install/aslam_cameras_april:/home/orangepi/Desktop/SparkCar_ROS2_WS/SparkCar_Tools/install/sm_python:/home/orangepi/Desktop/SparkCar_ROS2_WS/SparkCar_Tools/install/sm_timing:/home/orangepi/Desktop/SparkCar_ROS2_WS/SparkCar_Tools/install/aslam_imgproc:/home/orangepi/Desktop/SparkCar_ROS2_WS/SparkCar_Tools/install/aslam_cv_serialization:/home/orangepi/Desktop/SparkCar_ROS2_WS/SparkCar_Tools/install/aslam_cameras:/home/orangepi/Desktop/SparkCar_ROS2_WS/SparkCar_Tools/install/sm_kinematics:/home/orangepi/Desktop/SparkCar_ROS2_WS/SparkCar_Tools/install/sm_eigen:/home/orangepi/Desktop/SparkCar_ROS2_WS/SparkCar_Tools/install/sm_random:/home/orangepi/Desktop/SparkCar_ROS2_WS/SparkCar_Tools/install/sm_property_tree:/home/orangepi/Desktop/SparkCar_ROS2_WS/SparkCar_Tools/install/sm_opencv:/home/orangepi/Desktop/SparkCar_ROS2_WS/SparkCar_Tools/install/sm_matrix_archive:/home/orangepi/Desktop/SparkCar_ROS2_WS/SparkCar_Tools/install/sm_logging:/home/orangepi/Desktop/SparkCar_ROS2_WS/SparkCar_Tools/install/sm_boost:/home/orangepi/Desktop/SparkCar_ROS2_WS/SparkCar_Tools/install/sm_common:/home/orangepi/Desktop/SparkCar_ROS2_WS/SparkCar_Tools/install/python_module:/home/orangepi/Desktop/SparkCar_ROS2_WS/SparkCar_Tools/install/numpy_eigen:/home/orangepi/Desktop/SparkCar_ROS2_WS/SparkCar_Tools/install/ethz_apriltag2:/home/orangepi/Desktop/SparkCar_ROS2_WS/SparkCar_Tools/install/aslam_time:/home/orangepi/Desktop/SparkCar_ROS2_WS/SparkCar_Perception/install/vins_estimator:/home/orangepi/Desktop/SparkCar_ROS2_WS/SparkCar_Perception/install/realsense2_description:/home/orangepi/Desktop/SparkCar_ROS2_WS/SparkCar_Perception/install/realsense2_camera:/home/orangepi/Desktop/SparkCar_ROS2_WS/SparkCar_Perception/install/realsense2_camera_msgs:/home/orangepi/Desktop/SparkCar_ROS2_WS/SparkCar_Perception/install/pose_graph:/home/orangepi/Desktop/SparkCar_ROS2_WS/SparkCar_Perception/install/feature_tracker:/home/orangepi/Desktop/SparkCar_ROS2_WS/SparkCar_Perception/install/config_pkg:/home/orangepi/Desktop/SparkCar_ROS2_WS/SparkCar_Perception/install/ar_demo:/home/orangepi/Desktop/SparkCar_ROS2_WS/SparkCar_Perception/install/benchmark_publisher:/opt/ros/humble PATH=/home/orangepi/Desktop/SparkCar_ROS2_WS/SparkCar_Perception/install/camera_model/bin:/home/orangepi/.local/bin:/home/orangepi/.local/bin:/home/orangepi/.vscode-server/data/User/globalStorage/github.copilot-chat/debugCommand:/home/orangepi/.vscode-server/data/User/globalStorage/github.copilot-chat/copilotCli:/home/orangepi/.vscode-server/cli/servers/Stable-7e7950df89d055b5a378379db9ee14290772148a/server/bin/remote-cli:/home/orangepi/.local/bin:/home/orangepi/.local/bin:/home/orangepi/.local/bin:/opt/ros/humble/bin:/home/orangepi/.local/bin:/usr/local/sbin:/usr/local/bin:/usr/sbin:/usr/bin:/sbin:/bin:/usr/games:/usr/local/games:/snap/bin /usr/bin/cmake --install /home/orangepi/Desktop/SparkCar_ROS2_WS/SparkCar_Perception/build/pose_graph
[5.104s] Level 1:colcon.colcon_core.environment:checking '/home/orangepi/Desktop/SparkCar_ROS2_WS/SparkCar_Perception/install/pose_graph' for CMake config files
[5.105s] Level 1:colcon.colcon_core.shell:create_environment_hook('pose_graph', 'cmake_prefix_path')
[5.106s] INFO:colcon.colcon_core.shell:Creating environment hook '/home/orangepi/Desktop/SparkCar_ROS2_WS/SparkCar_Perception/install/pose_graph/share/pose_graph/hook/cmake_prefix_path.ps1'
[5.118s] INFO:colcon.colcon_core.shell:Creating environment descriptor '/home/orangepi/Desktop/SparkCar_ROS2_WS/SparkCar_Perception/install/pose_graph/share/pose_graph/hook/cmake_prefix_path.dsv'
[5.124s] INFO:colcon.colcon_core.shell:Creating environment hook '/home/orangepi/Desktop/SparkCar_ROS2_WS/SparkCar_Perception/install/pose_graph/share/pose_graph/hook/cmake_prefix_path.sh'
[5.128s] Level 1:colcon.colcon_core.environment:checking '/home/orangepi/Desktop/SparkCar_ROS2_WS/SparkCar_Perception/install/pose_graph/lib'
[5.129s] Level 1:colcon.colcon_core.environment:checking '/home/orangepi/Desktop/SparkCar_ROS2_WS/SparkCar_Perception/install/pose_graph/bin'
[5.130s] Level 1:colcon.colcon_core.environment:checking '/home/orangepi/Desktop/SparkCar_ROS2_WS/SparkCar_Perception/install/pose_graph/lib/pkgconfig/pose_graph.pc'
[5.130s] Level 1:colcon.colcon_core.environment:checking '/home/orangepi/Desktop/SparkCar_ROS2_WS/SparkCar_Perception/install/pose_graph/lib/python3.10/site-packages'
[5.131s] Level 1:colcon.colcon_core.environment:checking '/home/orangepi/Desktop/SparkCar_ROS2_WS/SparkCar_Perception/install/pose_graph/bin'
[5.132s] INFO:colcon.colcon_core.shell:Creating package script '/home/orangepi/Desktop/SparkCar_ROS2_WS/SparkCar_Perception/install/pose_graph/share/pose_graph/package.ps1'
[5.136s] INFO:colcon.colcon_core.shell:Creating package descriptor '/home/orangepi/Desktop/SparkCar_ROS2_WS/SparkCar_Perception/install/pose_graph/share/pose_graph/package.dsv'
[5.139s] INFO:colcon.colcon_core.shell:Creating package script '/home/orangepi/Desktop/SparkCar_ROS2_WS/SparkCar_Perception/install/pose_graph/share/pose_graph/package.sh'
[5.144s] INFO:colcon.colcon_core.shell:Creating package script '/home/orangepi/Desktop/SparkCar_ROS2_WS/SparkCar_Perception/install/pose_graph/share/pose_graph/package.bash'
[5.149s] INFO:colcon.colcon_core.shell:Creating package script '/home/orangepi/Desktop/SparkCar_ROS2_WS/SparkCar_Perception/install/pose_graph/share/pose_graph/package.zsh'
[5.154s] Level 1:colcon.colcon_core.environment:create_file_with_runtime_dependencies(/home/orangepi/Desktop/SparkCar_ROS2_WS/SparkCar_Perception/install/pose_graph/share/colcon-core/packages/pose_graph)
[5.159s] Level 1:colcon.colcon_core.environment:create_environment_scripts_only(pose_graph)
[5.161s] Level 1:colcon.colcon_core.environment:checking '/home/orangepi/Desktop/SparkCar_ROS2_WS/SparkCar_Perception/install/pose_graph' for CMake module files
[5.165s] Level 1:colcon.colcon_core.environment:checking '/home/orangepi/Desktop/SparkCar_ROS2_WS/SparkCar_Perception/install/pose_graph' for CMake config files
[5.167s] Level 1:colcon.colcon_core.shell:create_environment_hook('pose_graph', 'cmake_prefix_path')
[5.170s] INFO:colcon.colcon_core.shell:Creating environment hook '/home/orangepi/Desktop/SparkCar_ROS2_WS/SparkCar_Perception/install/pose_graph/share/pose_graph/hook/cmake_prefix_path.ps1'
[5.174s] INFO:colcon.colcon_core.shell:Creating environment descriptor '/home/orangepi/Desktop/SparkCar_ROS2_WS/SparkCar_Perception/install/pose_graph/share/pose_graph/hook/cmake_prefix_path.dsv'
[5.178s] INFO:colcon.colcon_core.shell:Creating environment hook '/home/orangepi/Desktop/SparkCar_ROS2_WS/SparkCar_Perception/install/pose_graph/share/pose_graph/hook/cmake_prefix_path.sh'
[5.185s] Level 1:colcon.colcon_core.environment:checking '/home/orangepi/Desktop/SparkCar_ROS2_WS/SparkCar_Perception/install/pose_graph/lib'
[5.187s] Level 1:colcon.colcon_core.environment:checking '/home/orangepi/Desktop/SparkCar_ROS2_WS/SparkCar_Perception/install/pose_graph/bin'
[5.188s] Level 1:colcon.colcon_core.environment:checking '/home/orangepi/Desktop/SparkCar_ROS2_WS/SparkCar_Perception/install/pose_graph/lib/pkgconfig/pose_graph.pc'
[5.190s] Level 1:colcon.colcon_core.environment:checking '/home/orangepi/Desktop/SparkCar_ROS2_WS/SparkCar_Perception/install/pose_graph/lib/python3.10/site-packages'
[5.194s] Level 1:colcon.colcon_core.environment:checking '/home/orangepi/Desktop/SparkCar_ROS2_WS/SparkCar_Perception/install/pose_graph/bin'
[5.196s] INFO:colcon.colcon_core.shell:Creating package script '/home/orangepi/Desktop/SparkCar_ROS2_WS/SparkCar_Perception/install/pose_graph/share/pose_graph/package.ps1'
[5.199s] INFO:colcon.colcon_core.shell:Creating package descriptor '/home/orangepi/Desktop/SparkCar_ROS2_WS/SparkCar_Perception/install/pose_graph/share/pose_graph/package.dsv'
[5.201s] INFO:colcon.colcon_core.shell:Creating package script '/home/orangepi/Desktop/SparkCar_ROS2_WS/SparkCar_Perception/install/pose_graph/share/pose_graph/package.sh'
[5.203s] INFO:colcon.colcon_core.shell:Creating package script '/home/orangepi/Desktop/SparkCar_ROS2_WS/SparkCar_Perception/install/pose_graph/share/pose_graph/package.bash'
[5.205s] INFO:colcon.colcon_core.shell:Creating package script '/home/orangepi/Desktop/SparkCar_ROS2_WS/SparkCar_Perception/install/pose_graph/share/pose_graph/package.zsh'
[5.206s] Level 1:colcon.colcon_core.environment:create_file_with_runtime_dependencies(/home/orangepi/Desktop/SparkCar_ROS2_WS/SparkCar_Perception/install/pose_graph/share/colcon-core/packages/pose_graph)
[5.232s] DEBUG:colcon.colcon_core.event_handler.log_command:Invoked command in '/home/orangepi/Desktop/SparkCar_ROS2_WS/SparkCar_Perception/build/vins_estimator' returned '0': CMAKE_PREFIX_PATH=/home/orangepi/Desktop/SparkCar_ROS2_WS/SparkCar_Perception/install/camera_model:/home/orangepi/Desktop/SparkCar_ROS2_WS/SparkCar_Controller/install/target_follower:/home/orangepi/Desktop/SparkCar_ROS2_WS/SparkCar_Tools/install/kalibr:/home/orangepi/Desktop/SparkCar_ROS2_WS/SparkCar_Tools/install/incremental_calibration_python:/home/orangepi/Desktop/SparkCar_ROS2_WS/SparkCar_Tools/install/incremental_calibration:/home/orangepi/Desktop/SparkCar_ROS2_WS/SparkCar_Tools/install/aslam_splines_python:/home/orangepi/Desktop/SparkCar_ROS2_WS/SparkCar_Tools/install/bsplines_python:/home/orangepi/Desktop/SparkCar_ROS2_WS/SparkCar_Tools/install/aslam_cv_backend_python:/home/orangepi/Desktop/SparkCar_ROS2_WS/SparkCar_Tools/install/aslam_cv_python:/home/orangepi/Desktop/SparkCar_ROS2_WS/SparkCar_Tools/install/aslam_cv_error_terms:/home/orangepi/Desktop/SparkCar_ROS2_WS/SparkCar_Tools/install/aslam_cv_backend:/home/orangepi/Desktop/SparkCar_ROS2_WS/SparkCar_Tools/install/aslam_splines:/home/orangepi/Desktop/SparkCar_ROS2_WS/SparkCar_Tools/install/bsplines:/home/orangepi/Desktop/SparkCar_ROS2_WS/SparkCar_Tools/install/aslam_backend_python:/home/orangepi/Desktop/SparkCar_ROS2_WS/SparkCar_Tools/install/aslam_backend_expressions:/home/orangepi/Desktop/SparkCar_ROS2_WS/SparkCar_Tools/install/aslam_backend:/home/orangepi/Desktop/SparkCar_ROS2_WS/SparkCar_Tools/install/sparse_block_matrix:/home/orangepi/Desktop/SparkCar_ROS2_WS/SparkCar_Tools/install/aslam_cameras_april:/home/orangepi/Desktop/SparkCar_ROS2_WS/SparkCar_Tools/install/sm_python:/home/orangepi/Desktop/SparkCar_ROS2_WS/SparkCar_Tools/install/sm_timing:/home/orangepi/Desktop/SparkCar_ROS2_WS/SparkCar_Tools/install/aslam_imgproc:/home/orangepi/Desktop/SparkCar_ROS2_WS/SparkCar_Tools/install/aslam_cv_serialization:/home/orangepi/Desktop/SparkCar_ROS2_WS/SparkCar_Tools/install/aslam_cameras:/home/orangepi/Desktop/SparkCar_ROS2_WS/SparkCar_Tools/install/sm_kinematics:/home/orangepi/Desktop/SparkCar_ROS2_WS/SparkCar_Tools/install/sm_eigen:/home/orangepi/Desktop/SparkCar_ROS2_WS/SparkCar_Tools/install/sm_random:/home/orangepi/Desktop/SparkCar_ROS2_WS/SparkCar_Tools/install/sm_property_tree:/home/orangepi/Desktop/SparkCar_ROS2_WS/SparkCar_Tools/install/sm_opencv:/home/orangepi/Desktop/SparkCar_ROS2_WS/SparkCar_Tools/install/sm_matrix_archive:/home/orangepi/Desktop/SparkCar_ROS2_WS/SparkCar_Tools/install/sm_logging:/home/orangepi/Desktop/SparkCar_ROS2_WS/SparkCar_Tools/install/sm_boost:/home/orangepi/Desktop/SparkCar_ROS2_WS/SparkCar_Tools/install/sm_common:/home/orangepi/Desktop/SparkCar_ROS2_WS/SparkCar_Tools/install/python_module:/home/orangepi/Desktop/SparkCar_ROS2_WS/SparkCar_Tools/install/numpy_eigen:/home/orangepi/Desktop/SparkCar_ROS2_WS/SparkCar_Tools/install/ethz_apriltag2:/home/orangepi/Desktop/SparkCar_ROS2_WS/SparkCar_Tools/install/aslam_time:/home/orangepi/Desktop/SparkCar_ROS2_WS/SparkCar_Perception/install/vins_estimator:/home/orangepi/Desktop/SparkCar_ROS2_WS/SparkCar_Perception/install/realsense2_description:/home/orangepi/Desktop/SparkCar_ROS2_WS/SparkCar_Perception/install/realsense2_camera:/home/orangepi/Desktop/SparkCar_ROS2_WS/SparkCar_Perception/install/realsense2_camera_msgs:/home/orangepi/Desktop/SparkCar_ROS2_WS/SparkCar_Perception/install/pose_graph:/home/orangepi/Desktop/SparkCar_ROS2_WS/SparkCar_Perception/install/feature_tracker:/home/orangepi/Desktop/SparkCar_ROS2_WS/SparkCar_Perception/install/config_pkg:/home/orangepi/Desktop/SparkCar_ROS2_WS/SparkCar_Perception/install/ar_demo:/home/orangepi/Desktop/SparkCar_ROS2_WS/SparkCar_Perception/install/benchmark_publisher:/opt/ros/humble PATH=/home/orangepi/Desktop/SparkCar_ROS2_WS/SparkCar_Perception/install/camera_model/bin:/home/orangepi/.local/bin:/home/orangepi/.local/bin:/home/orangepi/.vscode-server/data/User/globalStorage/github.copilot-chat/debugCommand:/home/orangepi/.vscode-server/data/User/globalStorage/github.copilot-chat/copilotCli:/home/orangepi/.vscode-server/cli/servers/Stable-7e7950df89d055b5a378379db9ee14290772148a/server/bin/remote-cli:/home/orangepi/.local/bin:/home/orangepi/.local/bin:/home/orangepi/.local/bin:/opt/ros/humble/bin:/home/orangepi/.local/bin:/usr/local/sbin:/usr/local/bin:/usr/sbin:/usr/bin:/sbin:/bin:/usr/games:/usr/local/games:/snap/bin /usr/bin/cmake --build /home/orangepi/Desktop/SparkCar_ROS2_WS/SparkCar_Perception/build/vins_estimator -- -j8 -l8
[5.238s] DEBUG:colcon.colcon_core.event_handler.log_command:Invoking command in '/home/orangepi/Desktop/SparkCar_ROS2_WS/SparkCar_Perception/build/vins_estimator': CMAKE_PREFIX_PATH=/home/orangepi/Desktop/SparkCar_ROS2_WS/SparkCar_Perception/install/camera_model:/home/orangepi/Desktop/SparkCar_ROS2_WS/SparkCar_Controller/install/target_follower:/home/orangepi/Desktop/SparkCar_ROS2_WS/SparkCar_Tools/install/kalibr:/home/orangepi/Desktop/SparkCar_ROS2_WS/SparkCar_Tools/install/incremental_calibration_python:/home/orangepi/Desktop/SparkCar_ROS2_WS/SparkCar_Tools/install/incremental_calibration:/home/orangepi/Desktop/SparkCar_ROS2_WS/SparkCar_Tools/install/aslam_splines_python:/home/orangepi/Desktop/SparkCar_ROS2_WS/SparkCar_Tools/install/bsplines_python:/home/orangepi/Desktop/SparkCar_ROS2_WS/SparkCar_Tools/install/aslam_cv_backend_python:/home/orangepi/Desktop/SparkCar_ROS2_WS/SparkCar_Tools/install/aslam_cv_python:/home/orangepi/Desktop/SparkCar_ROS2_WS/SparkCar_Tools/install/aslam_cv_error_terms:/home/orangepi/Desktop/SparkCar_ROS2_WS/SparkCar_Tools/install/aslam_cv_backend:/home/orangepi/Desktop/SparkCar_ROS2_WS/SparkCar_Tools/install/aslam_splines:/home/orangepi/Desktop/SparkCar_ROS2_WS/SparkCar_Tools/install/bsplines:/home/orangepi/Desktop/SparkCar_ROS2_WS/SparkCar_Tools/install/aslam_backend_python:/home/orangepi/Desktop/SparkCar_ROS2_WS/SparkCar_Tools/install/aslam_backend_expressions:/home/orangepi/Desktop/SparkCar_ROS2_WS/SparkCar_Tools/install/aslam_backend:/home/orangepi/Desktop/SparkCar_ROS2_WS/SparkCar_Tools/install/sparse_block_matrix:/home/orangepi/Desktop/SparkCar_ROS2_WS/SparkCar_Tools/install/aslam_cameras_april:/home/orangepi/Desktop/SparkCar_ROS2_WS/SparkCar_Tools/install/sm_python:/home/orangepi/Desktop/SparkCar_ROS2_WS/SparkCar_Tools/install/sm_timing:/home/orangepi/Desktop/SparkCar_ROS2_WS/SparkCar_Tools/install/aslam_imgproc:/home/orangepi/Desktop/SparkCar_ROS2_WS/SparkCar_Tools/install/aslam_cv_serialization:/home/orangepi/Desktop/SparkCar_ROS2_WS/SparkCar_Tools/install/aslam_cameras:/home/orangepi/Desktop/SparkCar_ROS2_WS/SparkCar_Tools/install/sm_kinematics:/home/orangepi/Desktop/SparkCar_ROS2_WS/SparkCar_Tools/install/sm_eigen:/home/orangepi/Desktop/SparkCar_ROS2_WS/SparkCar_Tools/install/sm_random:/home/orangepi/Desktop/SparkCar_ROS2_WS/SparkCar_Tools/install/sm_property_tree:/home/orangepi/Desktop/SparkCar_ROS2_WS/SparkCar_Tools/install/sm_opencv:/home/orangepi/Desktop/SparkCar_ROS2_WS/SparkCar_Tools/install/sm_matrix_archive:/home/orangepi/Desktop/SparkCar_ROS2_WS/SparkCar_Tools/install/sm_logging:/home/orangepi/Desktop/SparkCar_ROS2_WS/SparkCar_Tools/install/sm_boost:/home/orangepi/Desktop/SparkCar_ROS2_WS/SparkCar_Tools/install/sm_common:/home/orangepi/Desktop/SparkCar_ROS2_WS/SparkCar_Tools/install/python_module:/home/orangepi/Desktop/SparkCar_ROS2_WS/SparkCar_Tools/install/numpy_eigen:/home/orangepi/Desktop/SparkCar_ROS2_WS/SparkCar_Tools/install/ethz_apriltag2:/home/orangepi/Desktop/SparkCar_ROS2_WS/SparkCar_Tools/install/aslam_time:/home/orangepi/Desktop/SparkCar_ROS2_WS/SparkCar_Perception/install/vins_estimator:/home/orangepi/Desktop/SparkCar_ROS2_WS/SparkCar_Perception/install/realsense2_description:/home/orangepi/Desktop/SparkCar_ROS2_WS/SparkCar_Perception/install/realsense2_camera:/home/orangepi/Desktop/SparkCar_ROS2_WS/SparkCar_Perception/install/realsense2_camera_msgs:/home/orangepi/Desktop/SparkCar_ROS2_WS/SparkCar_Perception/install/pose_graph:/home/orangepi/Desktop/SparkCar_ROS2_WS/SparkCar_Perception/install/feature_tracker:/home/orangepi/Desktop/SparkCar_ROS2_WS/SparkCar_Perception/install/config_pkg:/home/orangepi/Desktop/SparkCar_ROS2_WS/SparkCar_Perception/install/ar_demo:/home/orangepi/Desktop/SparkCar_ROS2_WS/SparkCar_Perception/install/benchmark_publisher:/opt/ros/humble PATH=/home/orangepi/Desktop/SparkCar_ROS2_WS/SparkCar_Perception/install/camera_model/bin:/home/orangepi/.local/bin:/home/orangepi/.local/bin:/home/orangepi/.vscode-server/data/User/globalStorage/github.copilot-chat/debugCommand:/home/orangepi/.vscode-server/data/User/globalStorage/github.copilot-chat/copilotCli:/home/orangepi/.vscode-server/cli/servers/Stable-7e7950df89d055b5a378379db9ee14290772148a/server/bin/remote-cli:/home/orangepi/.local/bin:/home/orangepi/.local/bin:/home/orangepi/.local/bin:/opt/ros/humble/bin:/home/orangepi/.local/bin:/usr/local/sbin:/usr/local/bin:/usr/sbin:/usr/bin:/sbin:/bin:/usr/games:/usr/local/games:/snap/bin /usr/bin/cmake --install /home/orangepi/Desktop/SparkCar_ROS2_WS/SparkCar_Perception/build/vins_estimator
[5.296s] Level 1:colcon.colcon_core.environment:create_environment_scripts_only(vins_estimator)
[5.297s] Level 1:colcon.colcon_core.environment:checking '/home/orangepi/Desktop/SparkCar_ROS2_WS/SparkCar_Perception/install/vins_estimator' for CMake module files
[5.298s] Level 1:colcon.colcon_core.environment:checking '/home/orangepi/Desktop/SparkCar_ROS2_WS/SparkCar_Perception/install/vins_estimator' for CMake config files
[5.299s] DEBUG:colcon.colcon_core.event_handler.log_command:Invoked command in '/home/orangepi/Desktop/SparkCar_ROS2_WS/SparkCar_Perception/build/vins_estimator' returned '0': CMAKE_PREFIX_PATH=/home/orangepi/Desktop/SparkCar_ROS2_WS/SparkCar_Perception/install/camera_model:/home/orangepi/Desktop/SparkCar_ROS2_WS/SparkCar_Controller/install/target_follower:/home/orangepi/Desktop/SparkCar_ROS2_WS/SparkCar_Tools/install/kalibr:/home/orangepi/Desktop/SparkCar_ROS2_WS/SparkCar_Tools/install/incremental_calibration_python:/home/orangepi/Desktop/SparkCar_ROS2_WS/SparkCar_Tools/install/incremental_calibration:/home/orangepi/Desktop/SparkCar_ROS2_WS/SparkCar_Tools/install/aslam_splines_python:/home/orangepi/Desktop/SparkCar_ROS2_WS/SparkCar_Tools/install/bsplines_python:/home/orangepi/Desktop/SparkCar_ROS2_WS/SparkCar_Tools/install/aslam_cv_backend_python:/home/orangepi/Desktop/SparkCar_ROS2_WS/SparkCar_Tools/install/aslam_cv_python:/home/orangepi/Desktop/SparkCar_ROS2_WS/SparkCar_Tools/install/aslam_cv_error_terms:/home/orangepi/Desktop/SparkCar_ROS2_WS/SparkCar_Tools/install/aslam_cv_backend:/home/orangepi/Desktop/SparkCar_ROS2_WS/SparkCar_Tools/install/aslam_splines:/home/orangepi/Desktop/SparkCar_ROS2_WS/SparkCar_Tools/install/bsplines:/home/orangepi/Desktop/SparkCar_ROS2_WS/SparkCar_Tools/install/aslam_backend_python:/home/orangepi/Desktop/SparkCar_ROS2_WS/SparkCar_Tools/install/aslam_backend_expressions:/home/orangepi/Desktop/SparkCar_ROS2_WS/SparkCar_Tools/install/aslam_backend:/home/orangepi/Desktop/SparkCar_ROS2_WS/SparkCar_Tools/install/sparse_block_matrix:/home/orangepi/Desktop/SparkCar_ROS2_WS/SparkCar_Tools/install/aslam_cameras_april:/home/orangepi/Desktop/SparkCar_ROS2_WS/SparkCar_Tools/install/sm_python:/home/orangepi/Desktop/SparkCar_ROS2_WS/SparkCar_Tools/install/sm_timing:/home/orangepi/Desktop/SparkCar_ROS2_WS/SparkCar_Tools/install/aslam_imgproc:/home/orangepi/Desktop/SparkCar_ROS2_WS/SparkCar_Tools/install/aslam_cv_serialization:/home/orangepi/Desktop/SparkCar_ROS2_WS/SparkCar_Tools/install/aslam_cameras:/home/orangepi/Desktop/SparkCar_ROS2_WS/SparkCar_Tools/install/sm_kinematics:/home/orangepi/Desktop/SparkCar_ROS2_WS/SparkCar_Tools/install/sm_eigen:/home/orangepi/Desktop/SparkCar_ROS2_WS/SparkCar_Tools/install/sm_random:/home/orangepi/Desktop/SparkCar_ROS2_WS/SparkCar_Tools/install/sm_property_tree:/home/orangepi/Desktop/SparkCar_ROS2_WS/SparkCar_Tools/install/sm_opencv:/home/orangepi/Desktop/SparkCar_ROS2_WS/SparkCar_Tools/install/sm_matrix_archive:/home/orangepi/Desktop/SparkCar_ROS2_WS/SparkCar_Tools/install/sm_logging:/home/orangepi/Desktop/SparkCar_ROS2_WS/SparkCar_Tools/install/sm_boost:/home/orangepi/Desktop/SparkCar_ROS2_WS/SparkCar_Tools/install/sm_common:/home/orangepi/Desktop/SparkCar_ROS2_WS/SparkCar_Tools/install/python_module:/home/orangepi/Desktop/SparkCar_ROS2_WS/SparkCar_Tools/install/numpy_eigen:/home/orangepi/Desktop/SparkCar_ROS2_WS/SparkCar_Tools/install/ethz_apriltag2:/home/orangepi/Desktop/SparkCar_ROS2_WS/SparkCar_Tools/install/aslam_time:/home/orangepi/Desktop/SparkCar_ROS2_WS/SparkCar_Perception/install/vins_estimator:/home/orangepi/Desktop/SparkCar_ROS2_WS/SparkCar_Perception/install/realsense2_description:/home/orangepi/Desktop/SparkCar_ROS2_WS/SparkCar_Perception/install/realsense2_camera:/home/orangepi/Desktop/SparkCar_ROS2_WS/SparkCar_Perception/install/realsense2_camera_msgs:/home/orangepi/Desktop/SparkCar_ROS2_WS/SparkCar_Perception/install/pose_graph:/home/orangepi/Desktop/SparkCar_ROS2_WS/SparkCar_Perception/install/feature_tracker:/home/orangepi/Desktop/SparkCar_ROS2_WS/SparkCar_Perception/install/config_pkg:/home/orangepi/Desktop/SparkCar_ROS2_WS/SparkCar_Perception/install/ar_demo:/home/orangepi/Desktop/SparkCar_ROS2_WS/SparkCar_Perception/install/benchmark_publisher:/opt/ros/humble PATH=/home/orangepi/Desktop/SparkCar_ROS2_WS/SparkCar_Perception/install/camera_model/bin:/home/orangepi/.local/bin:/home/orangepi/.local/bin:/home/orangepi/.vscode-server/data/User/globalStorage/github.copilot-chat/debugCommand:/home/orangepi/.vscode-server/data/User/globalStorage/github.copilot-chat/copilotCli:/home/orangepi/.vscode-server/cli/servers/Stable-7e7950df89d055b5a378379db9ee14290772148a/server/bin/remote-cli:/home/orangepi/.local/bin:/home/orangepi/.local/bin:/home/orangepi/.local/bin:/opt/ros/humble/bin:/home/orangepi/.local/bin:/usr/local/sbin:/usr/local/bin:/usr/sbin:/usr/bin:/sbin:/bin:/usr/games:/usr/local/games:/snap/bin /usr/bin/cmake --install /home/orangepi/Desktop/SparkCar_ROS2_WS/SparkCar_Perception/build/vins_estimator
[5.308s] Level 1:colcon.colcon_core.shell:create_environment_hook('vins_estimator', 'cmake_prefix_path')
[5.308s] INFO:colcon.colcon_core.shell:Creating environment hook '/home/orangepi/Desktop/SparkCar_ROS2_WS/SparkCar_Perception/install/vins_estimator/share/vins_estimator/hook/cmake_prefix_path.ps1'
[5.313s] INFO:colcon.colcon_core.shell:Creating environment descriptor '/home/orangepi/Desktop/SparkCar_ROS2_WS/SparkCar_Perception/install/vins_estimator/share/vins_estimator/hook/cmake_prefix_path.dsv'
[5.316s] INFO:colcon.colcon_core.shell:Creating environment hook '/home/orangepi/Desktop/SparkCar_ROS2_WS/SparkCar_Perception/install/vins_estimator/share/vins_estimator/hook/cmake_prefix_path.sh'
[5.318s] Level 1:colcon.colcon_core.environment:checking '/home/orangepi/Desktop/SparkCar_ROS2_WS/SparkCar_Perception/install/vins_estimator/lib'
[5.319s] Level 1:colcon.colcon_core.environment:checking '/home/orangepi/Desktop/SparkCar_ROS2_WS/SparkCar_Perception/install/vins_estimator/bin'
[5.319s] Level 1:colcon.colcon_core.environment:checking '/home/orangepi/Desktop/SparkCar_ROS2_WS/SparkCar_Perception/install/vins_estimator/lib/pkgconfig/vins_estimator.pc'
[5.320s] Level 1:colcon.colcon_core.environment:checking '/home/orangepi/Desktop/SparkCar_ROS2_WS/SparkCar_Perception/install/vins_estimator/lib/python3.10/site-packages'
[5.320s] Level 1:colcon.colcon_core.environment:checking '/home/orangepi/Desktop/SparkCar_ROS2_WS/SparkCar_Perception/install/vins_estimator/bin'
[5.325s] INFO:colcon.colcon_core.shell:Creating package script '/home/orangepi/Desktop/SparkCar_ROS2_WS/SparkCar_Perception/install/vins_estimator/share/vins_estimator/package.ps1'
[5.333s] INFO:colcon.colcon_core.shell:Creating package descriptor '/home/orangepi/Desktop/SparkCar_ROS2_WS/SparkCar_Perception/install/vins_estimator/share/vins_estimator/package.dsv'
[5.336s] INFO:colcon.colcon_core.shell:Creating package script '/home/orangepi/Desktop/SparkCar_ROS2_WS/SparkCar_Perception/install/vins_estimator/share/vins_estimator/package.sh'
[5.340s] INFO:colcon.colcon_core.shell:Creating package script '/home/orangepi/Desktop/SparkCar_ROS2_WS/SparkCar_Perception/install/vins_estimator/share/vins_estimator/package.bash'
[5.344s] INFO:colcon.colcon_core.shell:Creating package script '/home/orangepi/Desktop/SparkCar_ROS2_WS/SparkCar_Perception/install/vins_estimator/share/vins_estimator/package.zsh'
[5.349s] Level 1:colcon.colcon_core.environment:create_file_with_runtime_dependencies(/home/orangepi/Desktop/SparkCar_ROS2_WS/SparkCar_Perception/install/vins_estimator/share/colcon-core/packages/vins_estimator)
[5.353s] Level 1:colcon.colcon_core.environment:create_environment_scripts_only(vins_estimator)
[5.355s] Level 1:colcon.colcon_core.environment:checking '/home/orangepi/Desktop/SparkCar_ROS2_WS/SparkCar_Perception/install/vins_estimator' for CMake module files
[5.363s] Level 1:colcon.colcon_core.environment:checking '/home/orangepi/Desktop/SparkCar_ROS2_WS/SparkCar_Perception/install/vins_estimator' for CMake config files
[5.366s] Level 1:colcon.colcon_core.shell:create_environment_hook('vins_estimator', 'cmake_prefix_path')
[5.368s] INFO:colcon.colcon_core.shell:Creating environment hook '/home/orangepi/Desktop/SparkCar_ROS2_WS/SparkCar_Perception/install/vins_estimator/share/vins_estimator/hook/cmake_prefix_path.ps1'
[5.369s] INFO:colcon.colcon_core.shell:Creating environment descriptor '/home/orangepi/Desktop/SparkCar_ROS2_WS/SparkCar_Perception/install/vins_estimator/share/vins_estimator/hook/cmake_prefix_path.dsv'
[5.377s] INFO:colcon.colcon_core.shell:Creating environment hook '/home/orangepi/Desktop/SparkCar_ROS2_WS/SparkCar_Perception/install/vins_estimator/share/vins_estimator/hook/cmake_prefix_path.sh'
[5.382s] Level 1:colcon.colcon_core.environment:checking '/home/orangepi/Desktop/SparkCar_ROS2_WS/SparkCar_Perception/install/vins_estimator/lib'
[5.385s] Level 1:colcon.colcon_core.environment:checking '/home/orangepi/Desktop/SparkCar_ROS2_WS/SparkCar_Perception/install/vins_estimator/bin'
[5.386s] Level 1:colcon.colcon_core.environment:checking '/home/orangepi/Desktop/SparkCar_ROS2_WS/SparkCar_Perception/install/vins_estimator/lib/pkgconfig/vins_estimator.pc'
[5.386s] Level 1:colcon.colcon_core.environment:checking '/home/orangepi/Desktop/SparkCar_ROS2_WS/SparkCar_Perception/install/vins_estimator/lib/python3.10/site-packages'
[5.387s] Level 1:colcon.colcon_core.environment:checking '/home/orangepi/Desktop/SparkCar_ROS2_WS/SparkCar_Perception/install/vins_estimator/bin'
[5.391s] INFO:colcon.colcon_core.shell:Creating package script '/home/orangepi/Desktop/SparkCar_ROS2_WS/SparkCar_Perception/install/vins_estimator/share/vins_estimator/package.ps1'
[5.393s] INFO:colcon.colcon_core.shell:Creating package descriptor '/home/orangepi/Desktop/SparkCar_ROS2_WS/SparkCar_Perception/install/vins_estimator/share/vins_estimator/package.dsv'
[5.394s] INFO:colcon.colcon_core.shell:Creating package script '/home/orangepi/Desktop/SparkCar_ROS2_WS/SparkCar_Perception/install/vins_estimator/share/vins_estimator/package.sh'
[5.395s] INFO:colcon.colcon_core.shell:Creating package script '/home/orangepi/Desktop/SparkCar_ROS2_WS/SparkCar_Perception/install/vins_estimator/share/vins_estimator/package.bash'
[5.397s] INFO:colcon.colcon_core.shell:Creating package script '/home/orangepi/Desktop/SparkCar_ROS2_WS/SparkCar_Perception/install/vins_estimator/share/vins_estimator/package.zsh'
[5.400s] Level 1:colcon.colcon_core.environment:create_file_with_runtime_dependencies(/home/orangepi/Desktop/SparkCar_ROS2_WS/SparkCar_Perception/install/vins_estimator/share/colcon-core/packages/vins_estimator)
[5.401s] DEBUG:colcon.colcon_parallel_executor.executor.parallel:closing loop
[5.401s] DEBUG:colcon.colcon_parallel_executor.executor.parallel:loop closed
[5.402s] DEBUG:colcon.colcon_parallel_executor.executor.parallel:run_until_complete finished with '0'
[5.402s] DEBUG:colcon.colcon_core.event_reactor:joining thread
[5.418s] DEBUG:colcon.colcon_core.event_reactor:joined thread
[5.421s] INFO:colcon.colcon_core.shell:Creating prefix script '/home/orangepi/Desktop/SparkCar_ROS2_WS/SparkCar_Perception/install/local_setup.ps1'
[5.422s] INFO:colcon.colcon_core.shell:Creating prefix util module '/home/orangepi/Desktop/SparkCar_ROS2_WS/SparkCar_Perception/install/_local_setup_util_ps1.py'
[5.425s] INFO:colcon.colcon_core.shell:Creating prefix chain script '/home/orangepi/Desktop/SparkCar_ROS2_WS/SparkCar_Perception/install/setup.ps1'
[5.429s] INFO:colcon.colcon_core.shell:Creating prefix script '/home/orangepi/Desktop/SparkCar_ROS2_WS/SparkCar_Perception/install/local_setup.sh'
[5.430s] INFO:colcon.colcon_core.shell:Creating prefix util module '/home/orangepi/Desktop/SparkCar_ROS2_WS/SparkCar_Perception/install/_local_setup_util_sh.py'
[5.434s] INFO:colcon.colcon_core.shell:Creating prefix chain script '/home/orangepi/Desktop/SparkCar_ROS2_WS/SparkCar_Perception/install/setup.sh'
[5.448s] INFO:colcon.colcon_core.shell:Creating prefix script '/home/orangepi/Desktop/SparkCar_ROS2_WS/SparkCar_Perception/install/local_setup.bash'
[5.449s] INFO:colcon.colcon_core.shell:Creating prefix chain script '/home/orangepi/Desktop/SparkCar_ROS2_WS/SparkCar_Perception/install/setup.bash'
[5.453s] INFO:colcon.colcon_core.shell:Creating prefix script '/home/orangepi/Desktop/SparkCar_ROS2_WS/SparkCar_Perception/install/local_setup.zsh'
[5.455s] INFO:colcon.colcon_core.shell:Creating prefix chain script '/home/orangepi/Desktop/SparkCar_ROS2_WS/SparkCar_Perception/install/setup.zsh'
