[0.139s] DEBUG:colcon:Command line arguments: ['/usr/bin/colcon', 'build']
[0.139s] DEBUG:colcon:Parsed command line arguments: Namespace(log_base=None, log_level=None, verb_name='build', build_base='build', install_base='install', merge_install=False, symlink_install=False, test_result_base=None, continue_on_error=False, executor='parallel', parallel_workers=8, event_handlers=None, ignore_user_meta=False, metas=['./colcon.meta'], base_paths=['.'], packages_ignore=None, packages_ignore_regex=None, paths=None, packages_up_to=None, packages_up_to_regex=None, packages_above=None, packages_above_and_dependencies=None, packages_above_depth=None, packages_select_by_dep=None, packages_skip_by_dep=None, packages_skip_up_to=None, packages_select_build_failed=False, packages_skip_build_finished=False, packages_select_test_failures=False, packages_skip_test_passed=False, packages_select=None, packages_skip=None, packages_select_regex=None, packages_skip_regex=None, packages_start=None, packages_end=None, cmake_args=None, cmake_target=None, cmake_target_skip_unavailable=False, cmake_clean_cache=False, cmake_clean_first=False, cmake_force_configure=False, ament_cmake_args=None, catkin_cmake_args=None, catkin_skip_building_tests=False, mixin_files=None, mixin=None, verb_parser=<colcon_mixin.mixin.mixin_argument.MixinArgumentDecorator object at 0x7f9474d930>, verb_extension=<colcon_core.verb.build.BuildVerb object at 0x7f9474d480>, main=<bound method BuildVerb.main of <colcon_core.verb.build.BuildVerb object at 0x7f9474d480>>, mixin_verb=('build',))
[0.335s] Level 1:colcon.colcon_core.package_discovery:discover_packages(colcon_meta) check parameters
[0.335s] Level 1:colcon.colcon_core.package_discovery:discover_packages(recursive) check parameters
[0.335s] Level 1:colcon.colcon_core.package_discovery:discover_packages(ignore) check parameters
[0.335s] Level 1:colcon.colcon_core.package_discovery:discover_packages(path) check parameters
[0.335s] Level 1:colcon.colcon_core.package_discovery:discover_packages(colcon_meta) discover
[0.336s] Level 1:colcon.colcon_core.package_discovery:discover_packages(recursive) discover
[0.336s] INFO:colcon.colcon_core.package_discovery:Crawling recursively for packages in '/home/orangepi/Desktop/SparkCar_ROS2_WS/SparkCar_Perception'
[0.336s] Level 1:colcon.colcon_core.package_identification:_identify(.) by extensions ['ignore', 'ignore_ament_install']
[0.336s] Level 1:colcon.colcon_core.package_identification:_identify(.) by extension 'ignore'
[0.336s] Level 1:colcon.colcon_core.package_identification:_identify(.) by extension 'ignore_ament_install'
[0.336s] Level 1:colcon.colcon_core.package_identification:_identify(.) by extensions ['colcon_pkg']
[0.336s] Level 1:colcon.colcon_core.package_identification:_identify(.) by extension 'colcon_pkg'
[0.336s] Level 1:colcon.colcon_core.package_identification:_identify(.) by extensions ['colcon_meta']
[0.336s] Level 1:colcon.colcon_core.package_identification:_identify(.) by extension 'colcon_meta'
[0.336s] Level 1:colcon.colcon_core.package_identification:_identify(.) by extensions ['ros']
[0.336s] Level 1:colcon.colcon_core.package_identification:_identify(.) by extension 'ros'
[0.351s] Level 1:colcon.colcon_core.package_identification:_identify(.) by extensions ['cmake', 'python']
[0.351s] Level 1:colcon.colcon_core.package_identification:_identify(.) by extension 'cmake'
[0.351s] Level 1:colcon.colcon_core.package_identification:_identify(.) by extension 'python'
[0.351s] Level 1:colcon.colcon_core.package_identification:_identify(.) by extensions ['python_setup_py']
[0.351s] Level 1:colcon.colcon_core.package_identification:_identify(.) by extension 'python_setup_py'
[0.351s] Level 1:colcon.colcon_core.package_identification:_identify(build) by extensions ['ignore', 'ignore_ament_install']
[0.352s] Level 1:colcon.colcon_core.package_identification:_identify(build) by extension 'ignore'
[0.352s] Level 1:colcon.colcon_core.package_identification:_identify(build) ignored
[0.352s] Level 1:colcon.colcon_core.package_identification:_identify(install) by extensions ['ignore', 'ignore_ament_install']
[0.352s] Level 1:colcon.colcon_core.package_identification:_identify(install) by extension 'ignore'
[0.352s] Level 1:colcon.colcon_core.package_identification:_identify(install) ignored
[0.352s] Level 1:colcon.colcon_core.package_identification:_identify(log) by extensions ['ignore', 'ignore_ament_install']
[0.352s] Level 1:colcon.colcon_core.package_identification:_identify(log) by extension 'ignore'
[0.352s] Level 1:colcon.colcon_core.package_identification:_identify(log) ignored
[0.352s] Level 1:colcon.colcon_core.package_identification:_identify(src) by extensions ['ignore', 'ignore_ament_install']
[0.352s] Level 1:colcon.colcon_core.package_identification:_identify(src) by extension 'ignore'
[0.353s] Level 1:colcon.colcon_core.package_identification:_identify(src) by extension 'ignore_ament_install'
[0.353s] Level 1:colcon.colcon_core.package_identification:_identify(src) by extensions ['colcon_pkg']
[0.353s] Level 1:colcon.colcon_core.package_identification:_identify(src) by extension 'colcon_pkg'
[0.353s] Level 1:colcon.colcon_core.package_identification:_identify(src) by extensions ['colcon_meta']
[0.353s] Level 1:colcon.colcon_core.package_identification:_identify(src) by extension 'colcon_meta'
[0.353s] Level 1:colcon.colcon_core.package_identification:_identify(src) by extensions ['ros']
[0.353s] Level 1:colcon.colcon_core.package_identification:_identify(src) by extension 'ros'
[0.353s] Level 1:colcon.colcon_core.package_identification:_identify(src) by extensions ['cmake', 'python']
[0.353s] Level 1:colcon.colcon_core.package_identification:_identify(src) by extension 'cmake'
[0.353s] Level 1:colcon.colcon_core.package_identification:_identify(src) by extension 'python'
[0.353s] Level 1:colcon.colcon_core.package_identification:_identify(src) by extensions ['python_setup_py']
[0.353s] Level 1:colcon.colcon_core.package_identification:_identify(src) by extension 'python_setup_py'
[0.353s] Level 1:colcon.colcon_core.package_identification:_identify(src/VINS-MONO-ROS2) by extensions ['ignore', 'ignore_ament_install']
[0.353s] Level 1:colcon.colcon_core.package_identification:_identify(src/VINS-MONO-ROS2) by extension 'ignore'
[0.353s] Level 1:colcon.colcon_core.package_identification:_identify(src/VINS-MONO-ROS2) by extension 'ignore_ament_install'
[0.353s] Level 1:colcon.colcon_core.package_identification:_identify(src/VINS-MONO-ROS2) by extensions ['colcon_pkg']
[0.353s] Level 1:colcon.colcon_core.package_identification:_identify(src/VINS-MONO-ROS2) by extension 'colcon_pkg'
[0.353s] Level 1:colcon.colcon_core.package_identification:_identify(src/VINS-MONO-ROS2) by extensions ['colcon_meta']
[0.353s] Level 1:colcon.colcon_core.package_identification:_identify(src/VINS-MONO-ROS2) by extension 'colcon_meta'
[0.353s] Level 1:colcon.colcon_core.package_identification:_identify(src/VINS-MONO-ROS2) by extensions ['ros']
[0.354s] Level 1:colcon.colcon_core.package_identification:_identify(src/VINS-MONO-ROS2) by extension 'ros'
[0.354s] Level 1:colcon.colcon_core.package_identification:_identify(src/VINS-MONO-ROS2) by extensions ['cmake', 'python']
[0.354s] Level 1:colcon.colcon_core.package_identification:_identify(src/VINS-MONO-ROS2) by extension 'cmake'
[0.354s] Level 1:colcon.colcon_core.package_identification:_identify(src/VINS-MONO-ROS2) by extension 'python'
[0.354s] Level 1:colcon.colcon_core.package_identification:_identify(src/VINS-MONO-ROS2) by extensions ['python_setup_py']
[0.354s] Level 1:colcon.colcon_core.package_identification:_identify(src/VINS-MONO-ROS2) by extension 'python_setup_py'
[0.354s] Level 1:colcon.colcon_core.package_identification:_identify(src/VINS-MONO-ROS2/ar_demo) by extensions ['ignore', 'ignore_ament_install']
[0.354s] Level 1:colcon.colcon_core.package_identification:_identify(src/VINS-MONO-ROS2/ar_demo) by extension 'ignore'
[0.354s] Level 1:colcon.colcon_core.package_identification:_identify(src/VINS-MONO-ROS2/ar_demo) by extension 'ignore_ament_install'
[0.354s] Level 1:colcon.colcon_core.package_identification:_identify(src/VINS-MONO-ROS2/ar_demo) by extensions ['colcon_pkg']
[0.354s] Level 1:colcon.colcon_core.package_identification:_identify(src/VINS-MONO-ROS2/ar_demo) by extension 'colcon_pkg'
[0.354s] Level 1:colcon.colcon_core.package_identification:_identify(src/VINS-MONO-ROS2/ar_demo) by extensions ['colcon_meta']
[0.354s] Level 1:colcon.colcon_core.package_identification:_identify(src/VINS-MONO-ROS2/ar_demo) by extension 'colcon_meta'
[0.354s] Level 1:colcon.colcon_core.package_identification:_identify(src/VINS-MONO-ROS2/ar_demo) by extensions ['ros']
[0.354s] Level 1:colcon.colcon_core.package_identification:_identify(src/VINS-MONO-ROS2/ar_demo) by extension 'ros'
[0.358s] DEBUG:colcon.colcon_core.package_identification:Package 'src/VINS-MONO-ROS2/ar_demo' with type 'ros.ament_cmake' and name 'ar_demo'
[0.358s] Level 1:colcon.colcon_core.package_identification:_identify(src/VINS-MONO-ROS2/benchmark_publisher) by extensions ['ignore', 'ignore_ament_install']
[0.359s] Level 1:colcon.colcon_core.package_identification:_identify(src/VINS-MONO-ROS2/benchmark_publisher) by extension 'ignore'
[0.359s] Level 1:colcon.colcon_core.package_identification:_identify(src/VINS-MONO-ROS2/benchmark_publisher) by extension 'ignore_ament_install'
[0.359s] Level 1:colcon.colcon_core.package_identification:_identify(src/VINS-MONO-ROS2/benchmark_publisher) by extensions ['colcon_pkg']
[0.359s] Level 1:colcon.colcon_core.package_identification:_identify(src/VINS-MONO-ROS2/benchmark_publisher) by extension 'colcon_pkg'
[0.359s] Level 1:colcon.colcon_core.package_identification:_identify(src/VINS-MONO-ROS2/benchmark_publisher) by extensions ['colcon_meta']
[0.359s] Level 1:colcon.colcon_core.package_identification:_identify(src/VINS-MONO-ROS2/benchmark_publisher) by extension 'colcon_meta'
[0.359s] Level 1:colcon.colcon_core.package_identification:_identify(src/VINS-MONO-ROS2/benchmark_publisher) by extensions ['ros']
[0.359s] Level 1:colcon.colcon_core.package_identification:_identify(src/VINS-MONO-ROS2/benchmark_publisher) by extension 'ros'
[0.360s] DEBUG:colcon.colcon_core.package_identification:Package 'src/VINS-MONO-ROS2/benchmark_publisher' with type 'ros.ament_cmake' and name 'benchmark_publisher'
[0.360s] Level 1:colcon.colcon_core.package_identification:_identify(src/VINS-MONO-ROS2/camera_model) by extensions ['ignore', 'ignore_ament_install']
[0.360s] Level 1:colcon.colcon_core.package_identification:_identify(src/VINS-MONO-ROS2/camera_model) by extension 'ignore'
[0.360s] Level 1:colcon.colcon_core.package_identification:_identify(src/VINS-MONO-ROS2/camera_model) by extension 'ignore_ament_install'
[0.361s] Level 1:colcon.colcon_core.package_identification:_identify(src/VINS-MONO-ROS2/camera_model) by extensions ['colcon_pkg']
[0.361s] Level 1:colcon.colcon_core.package_identification:_identify(src/VINS-MONO-ROS2/camera_model) by extension 'colcon_pkg'
[0.361s] Level 1:colcon.colcon_core.package_identification:_identify(src/VINS-MONO-ROS2/camera_model) by extensions ['colcon_meta']
[0.361s] Level 1:colcon.colcon_core.package_identification:_identify(src/VINS-MONO-ROS2/camera_model) by extension 'colcon_meta'
[0.361s] Level 1:colcon.colcon_core.package_identification:_identify(src/VINS-MONO-ROS2/camera_model) by extensions ['ros']
[0.361s] Level 1:colcon.colcon_core.package_identification:_identify(src/VINS-MONO-ROS2/camera_model) by extension 'ros'
[0.362s] DEBUG:colcon.colcon_core.package_identification:Package 'src/VINS-MONO-ROS2/camera_model' with type 'ros.ament_cmake' and name 'camera_model'
[0.362s] Level 1:colcon.colcon_core.package_identification:_identify(src/VINS-MONO-ROS2/config_pkg) by extensions ['ignore', 'ignore_ament_install']
[0.362s] Level 1:colcon.colcon_core.package_identification:_identify(src/VINS-MONO-ROS2/config_pkg) by extension 'ignore'
[0.362s] Level 1:colcon.colcon_core.package_identification:_identify(src/VINS-MONO-ROS2/config_pkg) by extension 'ignore_ament_install'
[0.362s] Level 1:colcon.colcon_core.package_identification:_identify(src/VINS-MONO-ROS2/config_pkg) by extensions ['colcon_pkg']
[0.362s] Level 1:colcon.colcon_core.package_identification:_identify(src/VINS-MONO-ROS2/config_pkg) by extension 'colcon_pkg'
[0.362s] Level 1:colcon.colcon_core.package_identification:_identify(src/VINS-MONO-ROS2/config_pkg) by extensions ['colcon_meta']
[0.362s] Level 1:colcon.colcon_core.package_identification:_identify(src/VINS-MONO-ROS2/config_pkg) by extension 'colcon_meta'
[0.362s] Level 1:colcon.colcon_core.package_identification:_identify(src/VINS-MONO-ROS2/config_pkg) by extensions ['ros']
[0.362s] Level 1:colcon.colcon_core.package_identification:_identify(src/VINS-MONO-ROS2/config_pkg) by extension 'ros'
[0.363s] DEBUG:colcon.colcon_core.package_identification:Package 'src/VINS-MONO-ROS2/config_pkg' with type 'ros.ament_cmake' and name 'config_pkg'
[0.363s] Level 1:colcon.colcon_core.package_identification:_identify(src/VINS-MONO-ROS2/feature_tracker) by extensions ['ignore', 'ignore_ament_install']
[0.363s] Level 1:colcon.colcon_core.package_identification:_identify(src/VINS-MONO-ROS2/feature_tracker) by extension 'ignore'
[0.363s] Level 1:colcon.colcon_core.package_identification:_identify(src/VINS-MONO-ROS2/feature_tracker) by extension 'ignore_ament_install'
[0.363s] Level 1:colcon.colcon_core.package_identification:_identify(src/VINS-MONO-ROS2/feature_tracker) by extensions ['colcon_pkg']
[0.363s] Level 1:colcon.colcon_core.package_identification:_identify(src/VINS-MONO-ROS2/feature_tracker) by extension 'colcon_pkg'
[0.363s] Level 1:colcon.colcon_core.package_identification:_identify(src/VINS-MONO-ROS2/feature_tracker) by extensions ['colcon_meta']
[0.363s] Level 1:colcon.colcon_core.package_identification:_identify(src/VINS-MONO-ROS2/feature_tracker) by extension 'colcon_meta'
[0.363s] Level 1:colcon.colcon_core.package_identification:_identify(src/VINS-MONO-ROS2/feature_tracker) by extensions ['ros']
[0.364s] Level 1:colcon.colcon_core.package_identification:_identify(src/VINS-MONO-ROS2/feature_tracker) by extension 'ros'
[0.365s] DEBUG:colcon.colcon_core.package_identification:Package 'src/VINS-MONO-ROS2/feature_tracker' with type 'ros.ament_cmake' and name 'feature_tracker'
[0.365s] Level 1:colcon.colcon_core.package_identification:_identify(src/VINS-MONO-ROS2/pose_graph) by extensions ['ignore', 'ignore_ament_install']
[0.365s] Level 1:colcon.colcon_core.package_identification:_identify(src/VINS-MONO-ROS2/pose_graph) by extension 'ignore'
[0.365s] Level 1:colcon.colcon_core.package_identification:_identify(src/VINS-MONO-ROS2/pose_graph) by extension 'ignore_ament_install'
[0.365s] Level 1:colcon.colcon_core.package_identification:_identify(src/VINS-MONO-ROS2/pose_graph) by extensions ['colcon_pkg']
[0.365s] Level 1:colcon.colcon_core.package_identification:_identify(src/VINS-MONO-ROS2/pose_graph) by extension 'colcon_pkg'
[0.365s] Level 1:colcon.colcon_core.package_identification:_identify(src/VINS-MONO-ROS2/pose_graph) by extensions ['colcon_meta']
[0.365s] Level 1:colcon.colcon_core.package_identification:_identify(src/VINS-MONO-ROS2/pose_graph) by extension 'colcon_meta'
[0.365s] Level 1:colcon.colcon_core.package_identification:_identify(src/VINS-MONO-ROS2/pose_graph) by extensions ['ros']
[0.365s] Level 1:colcon.colcon_core.package_identification:_identify(src/VINS-MONO-ROS2/pose_graph) by extension 'ros'
[0.366s] DEBUG:colcon.colcon_core.package_identification:Package 'src/VINS-MONO-ROS2/pose_graph' with type 'ros.ament_cmake' and name 'pose_graph'
[0.367s] Level 1:colcon.colcon_core.package_identification:_identify(src/VINS-MONO-ROS2/vins_estimator) by extensions ['ignore', 'ignore_ament_install']
[0.367s] Level 1:colcon.colcon_core.package_identification:_identify(src/VINS-MONO-ROS2/vins_estimator) by extension 'ignore'
[0.367s] Level 1:colcon.colcon_core.package_identification:_identify(src/VINS-MONO-ROS2/vins_estimator) by extension 'ignore_ament_install'
[0.367s] Level 1:colcon.colcon_core.package_identification:_identify(src/VINS-MONO-ROS2/vins_estimator) by extensions ['colcon_pkg']
[0.367s] Level 1:colcon.colcon_core.package_identification:_identify(src/VINS-MONO-ROS2/vins_estimator) by extension 'colcon_pkg'
[0.367s] Level 1:colcon.colcon_core.package_identification:_identify(src/VINS-MONO-ROS2/vins_estimator) by extensions ['colcon_meta']
[0.367s] Level 1:colcon.colcon_core.package_identification:_identify(src/VINS-MONO-ROS2/vins_estimator) by extension 'colcon_meta'
[0.367s] Level 1:colcon.colcon_core.package_identification:_identify(src/VINS-MONO-ROS2/vins_estimator) by extensions ['ros']
[0.367s] Level 1:colcon.colcon_core.package_identification:_identify(src/VINS-MONO-ROS2/vins_estimator) by extension 'ros'
[0.369s] DEBUG:colcon.colcon_core.package_identification:Package 'src/VINS-MONO-ROS2/vins_estimator' with type 'ros.ament_cmake' and name 'vins_estimator'
[0.369s] Level 1:colcon.colcon_core.package_identification:_identify(src/fastlio2_ros2) by extensions ['ignore', 'ignore_ament_install']
[0.369s] Level 1:colcon.colcon_core.package_identification:_identify(src/fastlio2_ros2) by extension 'ignore'
[0.369s] Level 1:colcon.colcon_core.package_identification:_identify(src/fastlio2_ros2) by extension 'ignore_ament_install'
[0.369s] Level 1:colcon.colcon_core.package_identification:_identify(src/fastlio2_ros2) by extensions ['colcon_pkg']
[0.369s] Level 1:colcon.colcon_core.package_identification:_identify(src/fastlio2_ros2) by extension 'colcon_pkg'
[0.369s] Level 1:colcon.colcon_core.package_identification:_identify(src/fastlio2_ros2) by extensions ['colcon_meta']
[0.369s] Level 1:colcon.colcon_core.package_identification:_identify(src/fastlio2_ros2) by extension 'colcon_meta'
[0.369s] Level 1:colcon.colcon_core.package_identification:_identify(src/fastlio2_ros2) by extensions ['ros']
[0.369s] Level 1:colcon.colcon_core.package_identification:_identify(src/fastlio2_ros2) by extension 'ros'
[0.369s] Level 1:colcon.colcon_core.package_identification:_identify(src/fastlio2_ros2) by extensions ['cmake', 'python']
[0.369s] Level 1:colcon.colcon_core.package_identification:_identify(src/fastlio2_ros2) by extension 'cmake'
[0.369s] Level 1:colcon.colcon_core.package_identification:_identify(src/fastlio2_ros2) by extension 'python'
[0.369s] Level 1:colcon.colcon_core.package_identification:_identify(src/fastlio2_ros2) by extensions ['python_setup_py']
[0.369s] Level 1:colcon.colcon_core.package_identification:_identify(src/fastlio2_ros2) by extension 'python_setup_py'
[0.370s] Level 1:colcon.colcon_core.package_identification:_identify(src/livox_ros_driver2) by extensions ['ignore', 'ignore_ament_install']
[0.370s] Level 1:colcon.colcon_core.package_identification:_identify(src/livox_ros_driver2) by extension 'ignore'
[0.370s] Level 1:colcon.colcon_core.package_identification:_identify(src/livox_ros_driver2) by extension 'ignore_ament_install'
[0.370s] Level 1:colcon.colcon_core.package_identification:_identify(src/livox_ros_driver2) by extensions ['colcon_pkg']
[0.370s] Level 1:colcon.colcon_core.package_identification:_identify(src/livox_ros_driver2) by extension 'colcon_pkg'
[0.370s] Level 1:colcon.colcon_core.package_identification:_identify(src/livox_ros_driver2) by extensions ['colcon_meta']
[0.370s] Level 1:colcon.colcon_core.package_identification:_identify(src/livox_ros_driver2) by extension 'colcon_meta'
[0.370s] Level 1:colcon.colcon_core.package_identification:_identify(src/livox_ros_driver2) by extensions ['ros']
[0.370s] Level 1:colcon.colcon_core.package_identification:_identify(src/livox_ros_driver2) by extension 'ros'
[0.370s] Level 1:colcon.colcon_core.package_identification:_identify(src/livox_ros_driver2) by extensions ['cmake', 'python']
[0.370s] Level 1:colcon.colcon_core.package_identification:_identify(src/livox_ros_driver2) by extension 'cmake'
[0.370s] Level 1:colcon.colcon_core.package_identification:_identify(src/livox_ros_driver2) by extension 'python'
[0.370s] Level 1:colcon.colcon_core.package_identification:_identify(src/livox_ros_driver2) by extensions ['python_setup_py']
[0.370s] Level 1:colcon.colcon_core.package_identification:_identify(src/livox_ros_driver2) by extension 'python_setup_py'
[0.370s] Level 1:colcon.colcon_core.package_identification:_identify(src/realsense-ros) by extensions ['ignore', 'ignore_ament_install']
[0.370s] Level 1:colcon.colcon_core.package_identification:_identify(src/realsense-ros) by extension 'ignore'
[0.370s] Level 1:colcon.colcon_core.package_identification:_identify(src/realsense-ros) by extension 'ignore_ament_install'
[0.371s] Level 1:colcon.colcon_core.package_identification:_identify(src/realsense-ros) by extensions ['colcon_pkg']
[0.371s] Level 1:colcon.colcon_core.package_identification:_identify(src/realsense-ros) by extension 'colcon_pkg'
[0.371s] Level 1:colcon.colcon_core.package_identification:_identify(src/realsense-ros) by extensions ['colcon_meta']
[0.371s] Level 1:colcon.colcon_core.package_identification:_identify(src/realsense-ros) by extension 'colcon_meta'
[0.371s] Level 1:colcon.colcon_core.package_identification:_identify(src/realsense-ros) by extensions ['ros']
[0.371s] Level 1:colcon.colcon_core.package_identification:_identify(src/realsense-ros) by extension 'ros'
[0.371s] Level 1:colcon.colcon_core.package_identification:_identify(src/realsense-ros) by extensions ['cmake', 'python']
[0.371s] Level 1:colcon.colcon_core.package_identification:_identify(src/realsense-ros) by extension 'cmake'
[0.371s] Level 1:colcon.colcon_core.package_identification:_identify(src/realsense-ros) by extension 'python'
[0.371s] Level 1:colcon.colcon_core.package_identification:_identify(src/realsense-ros) by extensions ['python_setup_py']
[0.371s] Level 1:colcon.colcon_core.package_identification:_identify(src/realsense-ros) by extension 'python_setup_py'
[0.371s] Level 1:colcon.colcon_core.package_identification:_identify(src/realsense-ros/realsense2_camera) by extensions ['ignore', 'ignore_ament_install']
[0.371s] Level 1:colcon.colcon_core.package_identification:_identify(src/realsense-ros/realsense2_camera) by extension 'ignore'
[0.371s] Level 1:colcon.colcon_core.package_identification:_identify(src/realsense-ros/realsense2_camera) by extension 'ignore_ament_install'
[0.371s] Level 1:colcon.colcon_core.package_identification:_identify(src/realsense-ros/realsense2_camera) by extensions ['colcon_pkg']
[0.371s] Level 1:colcon.colcon_core.package_identification:_identify(src/realsense-ros/realsense2_camera) by extension 'colcon_pkg'
[0.371s] Level 1:colcon.colcon_core.package_identification:_identify(src/realsense-ros/realsense2_camera) by extensions ['colcon_meta']
[0.371s] Level 1:colcon.colcon_core.package_identification:_identify(src/realsense-ros/realsense2_camera) by extension 'colcon_meta'
[0.371s] Level 1:colcon.colcon_core.package_identification:_identify(src/realsense-ros/realsense2_camera) by extensions ['ros']
[0.371s] Level 1:colcon.colcon_core.package_identification:_identify(src/realsense-ros/realsense2_camera) by extension 'ros'
[0.381s] DEBUG:colcon.colcon_core.package_identification:Package 'src/realsense-ros/realsense2_camera' with type 'ros.ament_cmake' and name 'realsense2_camera'
[0.381s] Level 1:colcon.colcon_core.package_identification:_identify(src/realsense-ros/realsense2_camera_msgs) by extensions ['ignore', 'ignore_ament_install']
[0.381s] Level 1:colcon.colcon_core.package_identification:_identify(src/realsense-ros/realsense2_camera_msgs) by extension 'ignore'
[0.381s] Level 1:colcon.colcon_core.package_identification:_identify(src/realsense-ros/realsense2_camera_msgs) by extension 'ignore_ament_install'
[0.381s] Level 1:colcon.colcon_core.package_identification:_identify(src/realsense-ros/realsense2_camera_msgs) by extensions ['colcon_pkg']
[0.381s] Level 1:colcon.colcon_core.package_identification:_identify(src/realsense-ros/realsense2_camera_msgs) by extension 'colcon_pkg'
[0.381s] Level 1:colcon.colcon_core.package_identification:_identify(src/realsense-ros/realsense2_camera_msgs) by extensions ['colcon_meta']
[0.381s] Level 1:colcon.colcon_core.package_identification:_identify(src/realsense-ros/realsense2_camera_msgs) by extension 'colcon_meta'
[0.381s] Level 1:colcon.colcon_core.package_identification:_identify(src/realsense-ros/realsense2_camera_msgs) by extensions ['ros']
[0.381s] Level 1:colcon.colcon_core.package_identification:_identify(src/realsense-ros/realsense2_camera_msgs) by extension 'ros'
[0.383s] DEBUG:colcon.colcon_core.package_identification:Package 'src/realsense-ros/realsense2_camera_msgs' with type 'ros.ament_cmake' and name 'realsense2_camera_msgs'
[0.383s] Level 1:colcon.colcon_core.package_identification:_identify(src/realsense-ros/realsense2_description) by extensions ['ignore', 'ignore_ament_install']
[0.383s] Level 1:colcon.colcon_core.package_identification:_identify(src/realsense-ros/realsense2_description) by extension 'ignore'
[0.383s] Level 1:colcon.colcon_core.package_identification:_identify(src/realsense-ros/realsense2_description) by extension 'ignore_ament_install'
[0.383s] Level 1:colcon.colcon_core.package_identification:_identify(src/realsense-ros/realsense2_description) by extensions ['colcon_pkg']
[0.383s] Level 1:colcon.colcon_core.package_identification:_identify(src/realsense-ros/realsense2_description) by extension 'colcon_pkg'
[0.383s] Level 1:colcon.colcon_core.package_identification:_identify(src/realsense-ros/realsense2_description) by extensions ['colcon_meta']
[0.383s] Level 1:colcon.colcon_core.package_identification:_identify(src/realsense-ros/realsense2_description) by extension 'colcon_meta'
[0.383s] Level 1:colcon.colcon_core.package_identification:_identify(src/realsense-ros/realsense2_description) by extensions ['ros']
[0.383s] Level 1:colcon.colcon_core.package_identification:_identify(src/realsense-ros/realsense2_description) by extension 'ros'
[0.385s] DEBUG:colcon.colcon_core.package_identification:Package 'src/realsense-ros/realsense2_description' with type 'ros.ament_cmake' and name 'realsense2_description'
[0.385s] Level 1:colcon.colcon_core.package_identification:_identify(src/realsense-ros/realsense2_rgbd_plugin) by extensions ['ignore', 'ignore_ament_install']
[0.385s] Level 1:colcon.colcon_core.package_identification:_identify(src/realsense-ros/realsense2_rgbd_plugin) by extension 'ignore'
[0.385s] Level 1:colcon.colcon_core.package_identification:_identify(src/realsense-ros/realsense2_rgbd_plugin) by extension 'ignore_ament_install'
[0.385s] Level 1:colcon.colcon_core.package_identification:_identify(src/realsense-ros/realsense2_rgbd_plugin) by extensions ['colcon_pkg']
[0.385s] Level 1:colcon.colcon_core.package_identification:_identify(src/realsense-ros/realsense2_rgbd_plugin) by extension 'colcon_pkg'
[0.385s] Level 1:colcon.colcon_core.package_identification:_identify(src/realsense-ros/realsense2_rgbd_plugin) by extensions ['colcon_meta']
[0.385s] Level 1:colcon.colcon_core.package_identification:_identify(src/realsense-ros/realsense2_rgbd_plugin) by extension 'colcon_meta'
[0.386s] Level 1:colcon.colcon_core.package_identification:_identify(src/realsense-ros/realsense2_rgbd_plugin) by extensions ['ros']
[0.386s] Level 1:colcon.colcon_core.package_identification:_identify(src/realsense-ros/realsense2_rgbd_plugin) by extension 'ros'
[0.386s] Level 1:colcon.colcon_core.package_identification:_identify(src/realsense-ros/realsense2_rgbd_plugin) ignored
[0.386s] Level 1:colcon.colcon_core.package_identification:_identify(src/realsense-ros/realsense2_ros_mqtt_bridge) by extensions ['ignore', 'ignore_ament_install']
[0.386s] Level 1:colcon.colcon_core.package_identification:_identify(src/realsense-ros/realsense2_ros_mqtt_bridge) by extension 'ignore'
[0.386s] Level 1:colcon.colcon_core.package_identification:_identify(src/realsense-ros/realsense2_ros_mqtt_bridge) by extension 'ignore_ament_install'
[0.386s] Level 1:colcon.colcon_core.package_identification:_identify(src/realsense-ros/realsense2_ros_mqtt_bridge) by extensions ['colcon_pkg']
[0.386s] Level 1:colcon.colcon_core.package_identification:_identify(src/realsense-ros/realsense2_ros_mqtt_bridge) by extension 'colcon_pkg'
[0.386s] Level 1:colcon.colcon_core.package_identification:_identify(src/realsense-ros/realsense2_ros_mqtt_bridge) by extensions ['colcon_meta']
[0.386s] Level 1:colcon.colcon_core.package_identification:_identify(src/realsense-ros/realsense2_ros_mqtt_bridge) by extension 'colcon_meta'
[0.386s] Level 1:colcon.colcon_core.package_identification:_identify(src/realsense-ros/realsense2_ros_mqtt_bridge) by extensions ['ros']
[0.387s] Level 1:colcon.colcon_core.package_identification:_identify(src/realsense-ros/realsense2_ros_mqtt_bridge) by extension 'ros'
[0.387s] Level 1:colcon.colcon_core.package_identification:_identify(src/realsense-ros/realsense2_ros_mqtt_bridge) ignored
[0.387s] Level 1:colcon.colcon_core.package_identification:_identify(src/realsense-ros/res) by extensions ['ignore', 'ignore_ament_install']
[0.387s] Level 1:colcon.colcon_core.package_identification:_identify(src/realsense-ros/res) by extension 'ignore'
[0.387s] Level 1:colcon.colcon_core.package_identification:_identify(src/realsense-ros/res) by extension 'ignore_ament_install'
[0.387s] Level 1:colcon.colcon_core.package_identification:_identify(src/realsense-ros/res) by extensions ['colcon_pkg']
[0.387s] Level 1:colcon.colcon_core.package_identification:_identify(src/realsense-ros/res) by extension 'colcon_pkg'
[0.387s] Level 1:colcon.colcon_core.package_identification:_identify(src/realsense-ros/res) by extensions ['colcon_meta']
[0.387s] Level 1:colcon.colcon_core.package_identification:_identify(src/realsense-ros/res) by extension 'colcon_meta'
[0.387s] Level 1:colcon.colcon_core.package_identification:_identify(src/realsense-ros/res) by extensions ['ros']
[0.387s] Level 1:colcon.colcon_core.package_identification:_identify(src/realsense-ros/res) by extension 'ros'
[0.387s] Level 1:colcon.colcon_core.package_identification:_identify(src/realsense-ros/res) by extensions ['cmake', 'python']
[0.387s] Level 1:colcon.colcon_core.package_identification:_identify(src/realsense-ros/res) by extension 'cmake'
[0.387s] Level 1:colcon.colcon_core.package_identification:_identify(src/realsense-ros/res) by extension 'python'
[0.387s] Level 1:colcon.colcon_core.package_identification:_identify(src/realsense-ros/res) by extensions ['python_setup_py']
[0.387s] Level 1:colcon.colcon_core.package_identification:_identify(src/realsense-ros/res) by extension 'python_setup_py'
[0.387s] Level 1:colcon.colcon_core.package_identification:_identify(src/realsense-ros/scripts) by extensions ['ignore', 'ignore_ament_install']
[0.388s] Level 1:colcon.colcon_core.package_identification:_identify(src/realsense-ros/scripts) by extension 'ignore'
[0.388s] Level 1:colcon.colcon_core.package_identification:_identify(src/realsense-ros/scripts) by extension 'ignore_ament_install'
[0.388s] Level 1:colcon.colcon_core.package_identification:_identify(src/realsense-ros/scripts) by extensions ['colcon_pkg']
[0.388s] Level 1:colcon.colcon_core.package_identification:_identify(src/realsense-ros/scripts) by extension 'colcon_pkg'
[0.388s] Level 1:colcon.colcon_core.package_identification:_identify(src/realsense-ros/scripts) by extensions ['colcon_meta']
[0.388s] Level 1:colcon.colcon_core.package_identification:_identify(src/realsense-ros/scripts) by extension 'colcon_meta'
[0.388s] Level 1:colcon.colcon_core.package_identification:_identify(src/realsense-ros/scripts) by extensions ['ros']
[0.388s] Level 1:colcon.colcon_core.package_identification:_identify(src/realsense-ros/scripts) by extension 'ros'
[0.388s] Level 1:colcon.colcon_core.package_identification:_identify(src/realsense-ros/scripts) by extensions ['cmake', 'python']
[0.388s] Level 1:colcon.colcon_core.package_identification:_identify(src/realsense-ros/scripts) by extension 'cmake'
[0.388s] Level 1:colcon.colcon_core.package_identification:_identify(src/realsense-ros/scripts) by extension 'python'
[0.388s] Level 1:colcon.colcon_core.package_identification:_identify(src/realsense-ros/scripts) by extensions ['python_setup_py']
[0.388s] Level 1:colcon.colcon_core.package_identification:_identify(src/realsense-ros/scripts) by extension 'python_setup_py'
[0.388s] Level 1:colcon.colcon_core.package_discovery:discover_packages(recursive) using defaults
[0.388s] Level 1:colcon.colcon_core.package_discovery:discover_packages(ignore) discover
[0.388s] Level 1:colcon.colcon_core.package_discovery:discover_packages(ignore) using defaults
[0.388s] Level 1:colcon.colcon_core.package_discovery:discover_packages(path) discover
[0.388s] Level 1:colcon.colcon_core.package_discovery:discover_packages(path) using defaults
[0.438s] Level 5:colcon.colcon_core.verb:set package 'benchmark_publisher' build argument 'cmake_args' from command line to 'None'
[0.438s] Level 5:colcon.colcon_core.verb:set package 'benchmark_publisher' build argument 'cmake_target' from command line to 'None'
[0.438s] Level 5:colcon.colcon_core.verb:set package 'benchmark_publisher' build argument 'cmake_target_skip_unavailable' from command line to 'False'
[0.438s] Level 5:colcon.colcon_core.verb:set package 'benchmark_publisher' build argument 'cmake_clean_cache' from command line to 'False'
[0.438s] Level 5:colcon.colcon_core.verb:set package 'benchmark_publisher' build argument 'cmake_clean_first' from command line to 'False'
[0.438s] Level 5:colcon.colcon_core.verb:set package 'benchmark_publisher' build argument 'cmake_force_configure' from command line to 'False'
[0.438s] Level 5:colcon.colcon_core.verb:set package 'benchmark_publisher' build argument 'ament_cmake_args' from command line to 'None'
[0.438s] Level 5:colcon.colcon_core.verb:set package 'benchmark_publisher' build argument 'catkin_cmake_args' from command line to 'None'
[0.438s] Level 5:colcon.colcon_core.verb:set package 'benchmark_publisher' build argument 'catkin_skip_building_tests' from command line to 'False'
[0.439s] DEBUG:colcon.colcon_core.verb:Building package 'benchmark_publisher' with the following arguments: {'ament_cmake_args': None, 'build_base': '/home/orangepi/Desktop/SparkCar_ROS2_WS/SparkCar_Perception/build/benchmark_publisher', 'catkin_cmake_args': None, 'catkin_skip_building_tests': False, 'cmake_args': None, 'cmake_clean_cache': False, 'cmake_clean_first': False, 'cmake_force_configure': False, 'cmake_target': None, 'cmake_target_skip_unavailable': False, 'install_base': '/home/orangepi/Desktop/SparkCar_ROS2_WS/SparkCar_Perception/install/benchmark_publisher', 'merge_install': False, 'path': '/home/orangepi/Desktop/SparkCar_ROS2_WS/SparkCar_Perception/src/VINS-MONO-ROS2/benchmark_publisher', 'symlink_install': False, 'test_result_base': None}
[0.439s] Level 5:colcon.colcon_core.verb:set package 'camera_model' build argument 'cmake_args' from command line to 'None'
[0.439s] Level 5:colcon.colcon_core.verb:set package 'camera_model' build argument 'cmake_target' from command line to 'None'
[0.439s] Level 5:colcon.colcon_core.verb:set package 'camera_model' build argument 'cmake_target_skip_unavailable' from command line to 'False'
[0.439s] Level 5:colcon.colcon_core.verb:set package 'camera_model' build argument 'cmake_clean_cache' from command line to 'False'
[0.439s] Level 5:colcon.colcon_core.verb:set package 'camera_model' build argument 'cmake_clean_first' from command line to 'False'
[0.439s] Level 5:colcon.colcon_core.verb:set package 'camera_model' build argument 'cmake_force_configure' from command line to 'False'
[0.439s] Level 5:colcon.colcon_core.verb:set package 'camera_model' build argument 'ament_cmake_args' from command line to 'None'
[0.439s] Level 5:colcon.colcon_core.verb:set package 'camera_model' build argument 'catkin_cmake_args' from command line to 'None'
[0.439s] Level 5:colcon.colcon_core.verb:set package 'camera_model' build argument 'catkin_skip_building_tests' from command line to 'False'
[0.439s] DEBUG:colcon.colcon_core.verb:Building package 'camera_model' with the following arguments: {'ament_cmake_args': None, 'build_base': '/home/orangepi/Desktop/SparkCar_ROS2_WS/SparkCar_Perception/build/camera_model', 'catkin_cmake_args': None, 'catkin_skip_building_tests': False, 'cmake_args': None, 'cmake_clean_cache': False, 'cmake_clean_first': False, 'cmake_force_configure': False, 'cmake_target': None, 'cmake_target_skip_unavailable': False, 'install_base': '/home/orangepi/Desktop/SparkCar_ROS2_WS/SparkCar_Perception/install/camera_model', 'merge_install': False, 'path': '/home/orangepi/Desktop/SparkCar_ROS2_WS/SparkCar_Perception/src/VINS-MONO-ROS2/camera_model', 'symlink_install': False, 'test_result_base': None}
[0.440s] Level 5:colcon.colcon_core.verb:set package 'config_pkg' build argument 'cmake_args' from command line to 'None'
[0.440s] Level 5:colcon.colcon_core.verb:set package 'config_pkg' build argument 'cmake_target' from command line to 'None'
[0.440s] Level 5:colcon.colcon_core.verb:set package 'config_pkg' build argument 'cmake_target_skip_unavailable' from command line to 'False'
[0.440s] Level 5:colcon.colcon_core.verb:set package 'config_pkg' build argument 'cmake_clean_cache' from command line to 'False'
[0.440s] Level 5:colcon.colcon_core.verb:set package 'config_pkg' build argument 'cmake_clean_first' from command line to 'False'
[0.440s] Level 5:colcon.colcon_core.verb:set package 'config_pkg' build argument 'cmake_force_configure' from command line to 'False'
[0.440s] Level 5:colcon.colcon_core.verb:set package 'config_pkg' build argument 'ament_cmake_args' from command line to 'None'
[0.440s] Level 5:colcon.colcon_core.verb:set package 'config_pkg' build argument 'catkin_cmake_args' from command line to 'None'
[0.440s] Level 5:colcon.colcon_core.verb:set package 'config_pkg' build argument 'catkin_skip_building_tests' from command line to 'False'
[0.440s] DEBUG:colcon.colcon_core.verb:Building package 'config_pkg' with the following arguments: {'ament_cmake_args': None, 'build_base': '/home/orangepi/Desktop/SparkCar_ROS2_WS/SparkCar_Perception/build/config_pkg', 'catkin_cmake_args': None, 'catkin_skip_building_tests': False, 'cmake_args': None, 'cmake_clean_cache': False, 'cmake_clean_first': False, 'cmake_force_configure': False, 'cmake_target': None, 'cmake_target_skip_unavailable': False, 'install_base': '/home/orangepi/Desktop/SparkCar_ROS2_WS/SparkCar_Perception/install/config_pkg', 'merge_install': False, 'path': '/home/orangepi/Desktop/SparkCar_ROS2_WS/SparkCar_Perception/src/VINS-MONO-ROS2/config_pkg', 'symlink_install': False, 'test_result_base': None}
[0.440s] Level 5:colcon.colcon_core.verb:set package 'realsense2_camera_msgs' build argument 'cmake_args' from command line to 'None'
[0.440s] Level 5:colcon.colcon_core.verb:set package 'realsense2_camera_msgs' build argument 'cmake_target' from command line to 'None'
[0.440s] Level 5:colcon.colcon_core.verb:set package 'realsense2_camera_msgs' build argument 'cmake_target_skip_unavailable' from command line to 'False'
[0.440s] Level 5:colcon.colcon_core.verb:set package 'realsense2_camera_msgs' build argument 'cmake_clean_cache' from command line to 'False'
[0.440s] Level 5:colcon.colcon_core.verb:set package 'realsense2_camera_msgs' build argument 'cmake_clean_first' from command line to 'False'
[0.440s] Level 5:colcon.colcon_core.verb:set package 'realsense2_camera_msgs' build argument 'cmake_force_configure' from command line to 'False'
[0.440s] Level 5:colcon.colcon_core.verb:set package 'realsense2_camera_msgs' build argument 'ament_cmake_args' from command line to 'None'
[0.440s] Level 5:colcon.colcon_core.verb:set package 'realsense2_camera_msgs' build argument 'catkin_cmake_args' from command line to 'None'
[0.440s] Level 5:colcon.colcon_core.verb:set package 'realsense2_camera_msgs' build argument 'catkin_skip_building_tests' from command line to 'False'
[0.441s] DEBUG:colcon.colcon_core.verb:Building package 'realsense2_camera_msgs' with the following arguments: {'ament_cmake_args': None, 'build_base': '/home/orangepi/Desktop/SparkCar_ROS2_WS/SparkCar_Perception/build/realsense2_camera_msgs', 'catkin_cmake_args': None, 'catkin_skip_building_tests': False, 'cmake_args': None, 'cmake_clean_cache': False, 'cmake_clean_first': False, 'cmake_force_configure': False, 'cmake_target': None, 'cmake_target_skip_unavailable': False, 'install_base': '/home/orangepi/Desktop/SparkCar_ROS2_WS/SparkCar_Perception/install/realsense2_camera_msgs', 'merge_install': False, 'path': '/home/orangepi/Desktop/SparkCar_ROS2_WS/SparkCar_Perception/src/realsense-ros/realsense2_camera_msgs', 'symlink_install': False, 'test_result_base': None}
[0.441s] Level 5:colcon.colcon_core.verb:set package 'ar_demo' build argument 'cmake_args' from command line to 'None'
[0.441s] Level 5:colcon.colcon_core.verb:set package 'ar_demo' build argument 'cmake_target' from command line to 'None'
[0.441s] Level 5:colcon.colcon_core.verb:set package 'ar_demo' build argument 'cmake_target_skip_unavailable' from command line to 'False'
[0.441s] Level 5:colcon.colcon_core.verb:set package 'ar_demo' build argument 'cmake_clean_cache' from command line to 'False'
[0.441s] Level 5:colcon.colcon_core.verb:set package 'ar_demo' build argument 'cmake_clean_first' from command line to 'False'
[0.441s] Level 5:colcon.colcon_core.verb:set package 'ar_demo' build argument 'cmake_force_configure' from command line to 'False'
[0.441s] Level 5:colcon.colcon_core.verb:set package 'ar_demo' build argument 'ament_cmake_args' from command line to 'None'
[0.441s] Level 5:colcon.colcon_core.verb:set package 'ar_demo' build argument 'catkin_cmake_args' from command line to 'None'
[0.441s] Level 5:colcon.colcon_core.verb:set package 'ar_demo' build argument 'catkin_skip_building_tests' from command line to 'False'
[0.441s] DEBUG:colcon.colcon_core.verb:Building package 'ar_demo' with the following arguments: {'ament_cmake_args': None, 'build_base': '/home/orangepi/Desktop/SparkCar_ROS2_WS/SparkCar_Perception/build/ar_demo', 'catkin_cmake_args': None, 'catkin_skip_building_tests': False, 'cmake_args': None, 'cmake_clean_cache': False, 'cmake_clean_first': False, 'cmake_force_configure': False, 'cmake_target': None, 'cmake_target_skip_unavailable': False, 'install_base': '/home/orangepi/Desktop/SparkCar_ROS2_WS/SparkCar_Perception/install/ar_demo', 'merge_install': False, 'path': '/home/orangepi/Desktop/SparkCar_ROS2_WS/SparkCar_Perception/src/VINS-MONO-ROS2/ar_demo', 'symlink_install': False, 'test_result_base': None}
[0.442s] Level 5:colcon.colcon_core.verb:set package 'feature_tracker' build argument 'cmake_args' from command line to 'None'
[0.442s] Level 5:colcon.colcon_core.verb:set package 'feature_tracker' build argument 'cmake_target' from command line to 'None'
[0.442s] Level 5:colcon.colcon_core.verb:set package 'feature_tracker' build argument 'cmake_target_skip_unavailable' from command line to 'False'
[0.442s] Level 5:colcon.colcon_core.verb:set package 'feature_tracker' build argument 'cmake_clean_cache' from command line to 'False'
[0.442s] Level 5:colcon.colcon_core.verb:set package 'feature_tracker' build argument 'cmake_clean_first' from command line to 'False'
[0.442s] Level 5:colcon.colcon_core.verb:set package 'feature_tracker' build argument 'cmake_force_configure' from command line to 'False'
[0.442s] Level 5:colcon.colcon_core.verb:set package 'feature_tracker' build argument 'ament_cmake_args' from command line to 'None'
[0.442s] Level 5:colcon.colcon_core.verb:set package 'feature_tracker' build argument 'catkin_cmake_args' from command line to 'None'
[0.442s] Level 5:colcon.colcon_core.verb:set package 'feature_tracker' build argument 'catkin_skip_building_tests' from command line to 'False'
[0.442s] DEBUG:colcon.colcon_core.verb:Building package 'feature_tracker' with the following arguments: {'ament_cmake_args': None, 'build_base': '/home/orangepi/Desktop/SparkCar_ROS2_WS/SparkCar_Perception/build/feature_tracker', 'catkin_cmake_args': None, 'catkin_skip_building_tests': False, 'cmake_args': None, 'cmake_clean_cache': False, 'cmake_clean_first': False, 'cmake_force_configure': False, 'cmake_target': None, 'cmake_target_skip_unavailable': False, 'install_base': '/home/orangepi/Desktop/SparkCar_ROS2_WS/SparkCar_Perception/install/feature_tracker', 'merge_install': False, 'path': '/home/orangepi/Desktop/SparkCar_ROS2_WS/SparkCar_Perception/src/VINS-MONO-ROS2/feature_tracker', 'symlink_install': False, 'test_result_base': None}
[0.442s] Level 5:colcon.colcon_core.verb:set package 'pose_graph' build argument 'cmake_args' from command line to 'None'
[0.442s] Level 5:colcon.colcon_core.verb:set package 'pose_graph' build argument 'cmake_target' from command line to 'None'
[0.442s] Level 5:colcon.colcon_core.verb:set package 'pose_graph' build argument 'cmake_target_skip_unavailable' from command line to 'False'
[0.442s] Level 5:colcon.colcon_core.verb:set package 'pose_graph' build argument 'cmake_clean_cache' from command line to 'False'
[0.442s] Level 5:colcon.colcon_core.verb:set package 'pose_graph' build argument 'cmake_clean_first' from command line to 'False'
[0.442s] Level 5:colcon.colcon_core.verb:set package 'pose_graph' build argument 'cmake_force_configure' from command line to 'False'
[0.442s] Level 5:colcon.colcon_core.verb:set package 'pose_graph' build argument 'ament_cmake_args' from command line to 'None'
[0.442s] Level 5:colcon.colcon_core.verb:set package 'pose_graph' build argument 'catkin_cmake_args' from command line to 'None'
[0.442s] Level 5:colcon.colcon_core.verb:set package 'pose_graph' build argument 'catkin_skip_building_tests' from command line to 'False'
[0.443s] DEBUG:colcon.colcon_core.verb:Building package 'pose_graph' with the following arguments: {'ament_cmake_args': None, 'build_base': '/home/orangepi/Desktop/SparkCar_ROS2_WS/SparkCar_Perception/build/pose_graph', 'catkin_cmake_args': None, 'catkin_skip_building_tests': False, 'cmake_args': None, 'cmake_clean_cache': False, 'cmake_clean_first': False, 'cmake_force_configure': False, 'cmake_target': None, 'cmake_target_skip_unavailable': False, 'install_base': '/home/orangepi/Desktop/SparkCar_ROS2_WS/SparkCar_Perception/install/pose_graph', 'merge_install': False, 'path': '/home/orangepi/Desktop/SparkCar_ROS2_WS/SparkCar_Perception/src/VINS-MONO-ROS2/pose_graph', 'symlink_install': False, 'test_result_base': None}
[0.443s] Level 5:colcon.colcon_core.verb:set package 'realsense2_camera' build argument 'cmake_args' from command line to 'None'
[0.443s] Level 5:colcon.colcon_core.verb:set package 'realsense2_camera' build argument 'cmake_target' from command line to 'None'
[0.443s] Level 5:colcon.colcon_core.verb:set package 'realsense2_camera' build argument 'cmake_target_skip_unavailable' from command line to 'False'
[0.443s] Level 5:colcon.colcon_core.verb:set package 'realsense2_camera' build argument 'cmake_clean_cache' from command line to 'False'
[0.443s] Level 5:colcon.colcon_core.verb:set package 'realsense2_camera' build argument 'cmake_clean_first' from command line to 'False'
[0.443s] Level 5:colcon.colcon_core.verb:set package 'realsense2_camera' build argument 'cmake_force_configure' from command line to 'False'
[0.443s] Level 5:colcon.colcon_core.verb:set package 'realsense2_camera' build argument 'ament_cmake_args' from command line to 'None'
[0.443s] Level 5:colcon.colcon_core.verb:set package 'realsense2_camera' build argument 'catkin_cmake_args' from command line to 'None'
[0.443s] Level 5:colcon.colcon_core.verb:set package 'realsense2_camera' build argument 'catkin_skip_building_tests' from command line to 'False'
[0.443s] DEBUG:colcon.colcon_core.verb:Building package 'realsense2_camera' with the following arguments: {'ament_cmake_args': None, 'build_base': '/home/orangepi/Desktop/SparkCar_ROS2_WS/SparkCar_Perception/build/realsense2_camera', 'catkin_cmake_args': None, 'catkin_skip_building_tests': False, 'cmake_args': None, 'cmake_clean_cache': False, 'cmake_clean_first': False, 'cmake_force_configure': False, 'cmake_target': None, 'cmake_target_skip_unavailable': False, 'install_base': '/home/orangepi/Desktop/SparkCar_ROS2_WS/SparkCar_Perception/install/realsense2_camera', 'merge_install': False, 'path': '/home/orangepi/Desktop/SparkCar_ROS2_WS/SparkCar_Perception/src/realsense-ros/realsense2_camera', 'symlink_install': False, 'test_result_base': None}
[0.444s] Level 5:colcon.colcon_core.verb:set package 'realsense2_description' build argument 'cmake_args' from command line to 'None'
[0.444s] Level 5:colcon.colcon_core.verb:set package 'realsense2_description' build argument 'cmake_target' from command line to 'None'
[0.444s] Level 5:colcon.colcon_core.verb:set package 'realsense2_description' build argument 'cmake_target_skip_unavailable' from command line to 'False'
[0.444s] Level 5:colcon.colcon_core.verb:set package 'realsense2_description' build argument 'cmake_clean_cache' from command line to 'False'
[0.444s] Level 5:colcon.colcon_core.verb:set package 'realsense2_description' build argument 'cmake_clean_first' from command line to 'False'
[0.444s] Level 5:colcon.colcon_core.verb:set package 'realsense2_description' build argument 'cmake_force_configure' from command line to 'False'
[0.444s] Level 5:colcon.colcon_core.verb:set package 'realsense2_description' build argument 'ament_cmake_args' from command line to 'None'
[0.444s] Level 5:colcon.colcon_core.verb:set package 'realsense2_description' build argument 'catkin_cmake_args' from command line to 'None'
[0.444s] Level 5:colcon.colcon_core.verb:set package 'realsense2_description' build argument 'catkin_skip_building_tests' from command line to 'False'
[0.444s] DEBUG:colcon.colcon_core.verb:Building package 'realsense2_description' with the following arguments: {'ament_cmake_args': None, 'build_base': '/home/orangepi/Desktop/SparkCar_ROS2_WS/SparkCar_Perception/build/realsense2_description', 'catkin_cmake_args': None, 'catkin_skip_building_tests': False, 'cmake_args': None, 'cmake_clean_cache': False, 'cmake_clean_first': False, 'cmake_force_configure': False, 'cmake_target': None, 'cmake_target_skip_unavailable': False, 'install_base': '/home/orangepi/Desktop/SparkCar_ROS2_WS/SparkCar_Perception/install/realsense2_description', 'merge_install': False, 'path': '/home/orangepi/Desktop/SparkCar_ROS2_WS/SparkCar_Perception/src/realsense-ros/realsense2_description', 'symlink_install': False, 'test_result_base': None}
[0.444s] Level 5:colcon.colcon_core.verb:set package 'vins_estimator' build argument 'cmake_args' from command line to 'None'
[0.444s] Level 5:colcon.colcon_core.verb:set package 'vins_estimator' build argument 'cmake_target' from command line to 'None'
[0.444s] Level 5:colcon.colcon_core.verb:set package 'vins_estimator' build argument 'cmake_target_skip_unavailable' from command line to 'False'
[0.444s] Level 5:colcon.colcon_core.verb:set package 'vins_estimator' build argument 'cmake_clean_cache' from command line to 'False'
[0.444s] Level 5:colcon.colcon_core.verb:set package 'vins_estimator' build argument 'cmake_clean_first' from command line to 'False'
[0.444s] Level 5:colcon.colcon_core.verb:set package 'vins_estimator' build argument 'cmake_force_configure' from command line to 'False'
[0.444s] Level 5:colcon.colcon_core.verb:set package 'vins_estimator' build argument 'ament_cmake_args' from command line to 'None'
[0.444s] Level 5:colcon.colcon_core.verb:set package 'vins_estimator' build argument 'catkin_cmake_args' from command line to 'None'
[0.444s] Level 5:colcon.colcon_core.verb:set package 'vins_estimator' build argument 'catkin_skip_building_tests' from command line to 'False'
[0.444s] DEBUG:colcon.colcon_core.verb:Building package 'vins_estimator' with the following arguments: {'ament_cmake_args': None, 'build_base': '/home/orangepi/Desktop/SparkCar_ROS2_WS/SparkCar_Perception/build/vins_estimator', 'catkin_cmake_args': None, 'catkin_skip_building_tests': False, 'cmake_args': None, 'cmake_clean_cache': False, 'cmake_clean_first': False, 'cmake_force_configure': False, 'cmake_target': None, 'cmake_target_skip_unavailable': False, 'install_base': '/home/orangepi/Desktop/SparkCar_ROS2_WS/SparkCar_Perception/install/vins_estimator', 'merge_install': False, 'path': '/home/orangepi/Desktop/SparkCar_ROS2_WS/SparkCar_Perception/src/VINS-MONO-ROS2/vins_estimator', 'symlink_install': False, 'test_result_base': None}
[0.445s] INFO:colcon.colcon_core.executor:Executing jobs using 'parallel' executor
[0.448s] DEBUG:colcon.colcon_parallel_executor.executor.parallel:run_until_complete
[0.450s] INFO:colcon.colcon_ros.task.ament_cmake.build:Building ROS package in '/home/orangepi/Desktop/SparkCar_ROS2_WS/SparkCar_Perception/src/VINS-MONO-ROS2/camera_model' with build type 'ament_cmake'
[0.450s] INFO:colcon.colcon_cmake.task.cmake.build:Building CMake package in '/home/orangepi/Desktop/SparkCar_ROS2_WS/SparkCar_Perception/src/VINS-MONO-ROS2/camera_model'
[0.455s] INFO:colcon.colcon_core.plugin_system:Skipping extension 'colcon_core.shell.bat': Not used on non-Windows systems
[0.456s] INFO:colcon.colcon_core.shell:Skip shell extension 'powershell' for command environment: Not usable outside of PowerShell
[0.456s] DEBUG:colcon.colcon_core.shell:Skip shell extension 'dsv' for command environment
[0.465s] INFO:colcon.colcon_ros.task.ament_cmake.build:Building ROS package in '/home/orangepi/Desktop/SparkCar_ROS2_WS/SparkCar_Perception/src/realsense-ros/realsense2_camera_msgs' with build type 'ament_cmake'
[0.466s] INFO:colcon.colcon_cmake.task.cmake.build:Building CMake package in '/home/orangepi/Desktop/SparkCar_ROS2_WS/SparkCar_Perception/src/realsense-ros/realsense2_camera_msgs'
[0.466s] INFO:colcon.colcon_core.shell:Skip shell extension 'powershell' for command environment: Not usable outside of PowerShell
[0.466s] DEBUG:colcon.colcon_core.shell:Skip shell extension 'dsv' for command environment
[0.470s] INFO:colcon.colcon_ros.task.ament_cmake.build:Building ROS package in '/home/orangepi/Desktop/SparkCar_ROS2_WS/SparkCar_Perception/src/VINS-MONO-ROS2/benchmark_publisher' with build type 'ament_cmake'
[0.471s] INFO:colcon.colcon_cmake.task.cmake.build:Building CMake package in '/home/orangepi/Desktop/SparkCar_ROS2_WS/SparkCar_Perception/src/VINS-MONO-ROS2/benchmark_publisher'
[0.471s] INFO:colcon.colcon_core.shell:Skip shell extension 'powershell' for command environment: Not usable outside of PowerShell
[0.471s] DEBUG:colcon.colcon_core.shell:Skip shell extension 'dsv' for command environment
[0.475s] INFO:colcon.colcon_ros.task.ament_cmake.build:Building ROS package in '/home/orangepi/Desktop/SparkCar_ROS2_WS/SparkCar_Perception/src/VINS-MONO-ROS2/config_pkg' with build type 'ament_cmake'
[0.475s] INFO:colcon.colcon_cmake.task.cmake.build:Building CMake package in '/home/orangepi/Desktop/SparkCar_ROS2_WS/SparkCar_Perception/src/VINS-MONO-ROS2/config_pkg'
[0.476s] INFO:colcon.colcon_core.shell:Skip shell extension 'powershell' for command environment: Not usable outside of PowerShell
[0.476s] DEBUG:colcon.colcon_core.shell:Skip shell extension 'dsv' for command environment
[0.487s] DEBUG:colcon.colcon_core.event_handler.log_command:Invoking command in '/home/orangepi/Desktop/SparkCar_ROS2_WS/SparkCar_Perception/build/camera_model': CMAKE_PREFIX_PATH=/opt/ros/humble /usr/bin/cmake --build /home/orangepi/Desktop/SparkCar_ROS2_WS/SparkCar_Perception/build/camera_model -- -j8 -l8
[0.498s] DEBUG:colcon.colcon_core.event_handler.log_command:Invoking command in '/home/orangepi/Desktop/SparkCar_ROS2_WS/SparkCar_Perception/build/realsense2_camera_msgs': CMAKE_PREFIX_PATH=/opt/ros/humble /usr/bin/cmake --build /home/orangepi/Desktop/SparkCar_ROS2_WS/SparkCar_Perception/build/realsense2_camera_msgs -- -j8 -l8
[0.503s] DEBUG:colcon.colcon_core.event_handler.log_command:Invoking command in '/home/orangepi/Desktop/SparkCar_ROS2_WS/SparkCar_Perception/build/benchmark_publisher': CMAKE_PREFIX_PATH=/opt/ros/humble /usr/bin/cmake --build /home/orangepi/Desktop/SparkCar_ROS2_WS/SparkCar_Perception/build/benchmark_publisher -- -j8 -l8
[0.509s] DEBUG:colcon.colcon_core.event_handler.log_command:Invoking command in '/home/orangepi/Desktop/SparkCar_ROS2_WS/SparkCar_Perception/build/config_pkg': CMAKE_PREFIX_PATH=/opt/ros/humble /usr/bin/cmake --build /home/orangepi/Desktop/SparkCar_ROS2_WS/SparkCar_Perception/build/config_pkg -- -j8 -l8
[0.639s] DEBUG:colcon.colcon_core.event_handler.log_command:Invoked command in '/home/orangepi/Desktop/SparkCar_ROS2_WS/SparkCar_Perception/build/config_pkg' returned '0': CMAKE_PREFIX_PATH=/opt/ros/humble /usr/bin/cmake --build /home/orangepi/Desktop/SparkCar_ROS2_WS/SparkCar_Perception/build/config_pkg -- -j8 -l8
[0.668s] DEBUG:colcon.colcon_core.event_handler.log_command:Invoking command in '/home/orangepi/Desktop/SparkCar_ROS2_WS/SparkCar_Perception/build/config_pkg': CMAKE_PREFIX_PATH=/opt/ros/humble /usr/bin/cmake --install /home/orangepi/Desktop/SparkCar_ROS2_WS/SparkCar_Perception/build/config_pkg
[0.703s] DEBUG:colcon.colcon_core.event_handler.log_command:Invoked command in '/home/orangepi/Desktop/SparkCar_ROS2_WS/SparkCar_Perception/build/benchmark_publisher' returned '0': CMAKE_PREFIX_PATH=/opt/ros/humble /usr/bin/cmake --build /home/orangepi/Desktop/SparkCar_ROS2_WS/SparkCar_Perception/build/benchmark_publisher -- -j8 -l8
[0.703s] DEBUG:colcon.colcon_core.event_handler.log_command:Invoking command in '/home/orangepi/Desktop/SparkCar_ROS2_WS/SparkCar_Perception/build/benchmark_publisher': CMAKE_PREFIX_PATH=/opt/ros/humble /usr/bin/cmake --install /home/orangepi/Desktop/SparkCar_ROS2_WS/SparkCar_Perception/build/benchmark_publisher
[0.731s] Level 1:colcon.colcon_core.environment:create_environment_scripts_only(config_pkg)
[0.734s] Level 1:colcon.colcon_core.environment:checking '/home/orangepi/Desktop/SparkCar_ROS2_WS/SparkCar_Perception/install/config_pkg' for CMake module files
[0.735s] Level 1:colcon.colcon_core.environment:checking '/home/orangepi/Desktop/SparkCar_ROS2_WS/SparkCar_Perception/install/config_pkg' for CMake config files
[0.735s] Level 1:colcon.colcon_core.shell:create_environment_hook('config_pkg', 'cmake_prefix_path')
[0.736s] INFO:colcon.colcon_core.shell:Creating environment hook '/home/orangepi/Desktop/SparkCar_ROS2_WS/SparkCar_Perception/install/config_pkg/share/config_pkg/hook/cmake_prefix_path.ps1'
[0.736s] DEBUG:colcon.colcon_core.event_handler.log_command:Invoked command in '/home/orangepi/Desktop/SparkCar_ROS2_WS/SparkCar_Perception/build/config_pkg' returned '0': CMAKE_PREFIX_PATH=/opt/ros/humble /usr/bin/cmake --install /home/orangepi/Desktop/SparkCar_ROS2_WS/SparkCar_Perception/build/config_pkg
[0.738s] INFO:colcon.colcon_core.shell:Creating environment descriptor '/home/orangepi/Desktop/SparkCar_ROS2_WS/SparkCar_Perception/install/config_pkg/share/config_pkg/hook/cmake_prefix_path.dsv'
[0.739s] INFO:colcon.colcon_core.shell:Creating environment hook '/home/orangepi/Desktop/SparkCar_ROS2_WS/SparkCar_Perception/install/config_pkg/share/config_pkg/hook/cmake_prefix_path.sh'
[0.743s] Level 1:colcon.colcon_core.environment:checking '/home/orangepi/Desktop/SparkCar_ROS2_WS/SparkCar_Perception/install/config_pkg/bin'
[0.743s] Level 1:colcon.colcon_core.environment:checking '/home/orangepi/Desktop/SparkCar_ROS2_WS/SparkCar_Perception/install/config_pkg/lib/pkgconfig/config_pkg.pc'
[0.748s] Level 1:colcon.colcon_core.environment:checking '/home/orangepi/Desktop/SparkCar_ROS2_WS/SparkCar_Perception/install/config_pkg/lib/python3.10/site-packages'
[0.749s] Level 1:colcon.colcon_core.environment:checking '/home/orangepi/Desktop/SparkCar_ROS2_WS/SparkCar_Perception/install/config_pkg/bin'
[0.750s] INFO:colcon.colcon_core.shell:Creating package script '/home/orangepi/Desktop/SparkCar_ROS2_WS/SparkCar_Perception/install/config_pkg/share/config_pkg/package.ps1'
[0.752s] INFO:colcon.colcon_core.shell:Creating package descriptor '/home/orangepi/Desktop/SparkCar_ROS2_WS/SparkCar_Perception/install/config_pkg/share/config_pkg/package.dsv'
[0.757s] INFO:colcon.colcon_core.shell:Creating package script '/home/orangepi/Desktop/SparkCar_ROS2_WS/SparkCar_Perception/install/config_pkg/share/config_pkg/package.sh'
[0.758s] INFO:colcon.colcon_core.shell:Creating package script '/home/orangepi/Desktop/SparkCar_ROS2_WS/SparkCar_Perception/install/config_pkg/share/config_pkg/package.bash'
[0.768s] INFO:colcon.colcon_core.shell:Creating package script '/home/orangepi/Desktop/SparkCar_ROS2_WS/SparkCar_Perception/install/config_pkg/share/config_pkg/package.zsh'
[0.772s] Level 1:colcon.colcon_core.environment:create_file_with_runtime_dependencies(/home/orangepi/Desktop/SparkCar_ROS2_WS/SparkCar_Perception/install/config_pkg/share/colcon-core/packages/config_pkg)
[0.773s] Level 1:colcon.colcon_core.environment:create_environment_scripts_only(config_pkg)
[0.773s] Level 1:colcon.colcon_core.environment:checking '/home/orangepi/Desktop/SparkCar_ROS2_WS/SparkCar_Perception/install/config_pkg' for CMake module files
[0.774s] Level 1:colcon.colcon_core.environment:checking '/home/orangepi/Desktop/SparkCar_ROS2_WS/SparkCar_Perception/install/config_pkg' for CMake config files
[0.774s] Level 1:colcon.colcon_core.shell:create_environment_hook('config_pkg', 'cmake_prefix_path')
[0.774s] INFO:colcon.colcon_core.shell:Creating environment hook '/home/orangepi/Desktop/SparkCar_ROS2_WS/SparkCar_Perception/install/config_pkg/share/config_pkg/hook/cmake_prefix_path.ps1'
[0.775s] INFO:colcon.colcon_core.shell:Creating environment descriptor '/home/orangepi/Desktop/SparkCar_ROS2_WS/SparkCar_Perception/install/config_pkg/share/config_pkg/hook/cmake_prefix_path.dsv'
[0.776s] INFO:colcon.colcon_core.shell:Creating environment hook '/home/orangepi/Desktop/SparkCar_ROS2_WS/SparkCar_Perception/install/config_pkg/share/config_pkg/hook/cmake_prefix_path.sh'
[0.777s] Level 1:colcon.colcon_core.environment:checking '/home/orangepi/Desktop/SparkCar_ROS2_WS/SparkCar_Perception/install/config_pkg/bin'
[0.777s] Level 1:colcon.colcon_core.environment:checking '/home/orangepi/Desktop/SparkCar_ROS2_WS/SparkCar_Perception/install/config_pkg/lib/pkgconfig/config_pkg.pc'
[0.777s] Level 1:colcon.colcon_core.environment:checking '/home/orangepi/Desktop/SparkCar_ROS2_WS/SparkCar_Perception/install/config_pkg/lib/python3.10/site-packages'
[0.777s] Level 1:colcon.colcon_core.environment:checking '/home/orangepi/Desktop/SparkCar_ROS2_WS/SparkCar_Perception/install/config_pkg/bin'
[0.778s] INFO:colcon.colcon_core.shell:Creating package script '/home/orangepi/Desktop/SparkCar_ROS2_WS/SparkCar_Perception/install/config_pkg/share/config_pkg/package.ps1'
[0.779s] INFO:colcon.colcon_core.shell:Creating package descriptor '/home/orangepi/Desktop/SparkCar_ROS2_WS/SparkCar_Perception/install/config_pkg/share/config_pkg/package.dsv'
[0.780s] INFO:colcon.colcon_core.shell:Creating package script '/home/orangepi/Desktop/SparkCar_ROS2_WS/SparkCar_Perception/install/config_pkg/share/config_pkg/package.sh'
[0.781s] INFO:colcon.colcon_core.shell:Creating package script '/home/orangepi/Desktop/SparkCar_ROS2_WS/SparkCar_Perception/install/config_pkg/share/config_pkg/package.bash'
[0.781s] INFO:colcon.colcon_core.shell:Creating package script '/home/orangepi/Desktop/SparkCar_ROS2_WS/SparkCar_Perception/install/config_pkg/share/config_pkg/package.zsh'
[0.782s] Level 1:colcon.colcon_core.environment:create_file_with_runtime_dependencies(/home/orangepi/Desktop/SparkCar_ROS2_WS/SparkCar_Perception/install/config_pkg/share/colcon-core/packages/config_pkg)
[0.788s] Level 1:colcon.colcon_core.environment:create_environment_scripts_only(benchmark_publisher)
[0.788s] DEBUG:colcon.colcon_core.event_handler.log_command:Invoked command in '/home/orangepi/Desktop/SparkCar_ROS2_WS/SparkCar_Perception/build/camera_model' returned '0': CMAKE_PREFIX_PATH=/opt/ros/humble /usr/bin/cmake --build /home/orangepi/Desktop/SparkCar_ROS2_WS/SparkCar_Perception/build/camera_model -- -j8 -l8
[0.789s] Level 1:colcon.colcon_core.environment:checking '/home/orangepi/Desktop/SparkCar_ROS2_WS/SparkCar_Perception/install/benchmark_publisher' for CMake module files
[0.791s] DEBUG:colcon.colcon_core.event_handler.log_command:Invoking command in '/home/orangepi/Desktop/SparkCar_ROS2_WS/SparkCar_Perception/build/camera_model': CMAKE_PREFIX_PATH=/opt/ros/humble /usr/bin/cmake --install /home/orangepi/Desktop/SparkCar_ROS2_WS/SparkCar_Perception/build/camera_model
[0.793s] DEBUG:colcon.colcon_core.event_handler.log_command:Invoked command in '/home/orangepi/Desktop/SparkCar_ROS2_WS/SparkCar_Perception/build/benchmark_publisher' returned '0': CMAKE_PREFIX_PATH=/opt/ros/humble /usr/bin/cmake --install /home/orangepi/Desktop/SparkCar_ROS2_WS/SparkCar_Perception/build/benchmark_publisher
[0.794s] Level 1:colcon.colcon_core.environment:checking '/home/orangepi/Desktop/SparkCar_ROS2_WS/SparkCar_Perception/install/benchmark_publisher' for CMake config files
[0.794s] Level 1:colcon.colcon_core.shell:create_environment_hook('benchmark_publisher', 'cmake_prefix_path')
[0.795s] INFO:colcon.colcon_core.shell:Creating environment hook '/home/orangepi/Desktop/SparkCar_ROS2_WS/SparkCar_Perception/install/benchmark_publisher/share/benchmark_publisher/hook/cmake_prefix_path.ps1'
[0.796s] INFO:colcon.colcon_core.shell:Creating environment descriptor '/home/orangepi/Desktop/SparkCar_ROS2_WS/SparkCar_Perception/install/benchmark_publisher/share/benchmark_publisher/hook/cmake_prefix_path.dsv'
[0.797s] INFO:colcon.colcon_core.shell:Creating environment hook '/home/orangepi/Desktop/SparkCar_ROS2_WS/SparkCar_Perception/install/benchmark_publisher/share/benchmark_publisher/hook/cmake_prefix_path.sh'
[0.798s] Level 1:colcon.colcon_core.environment:checking '/home/orangepi/Desktop/SparkCar_ROS2_WS/SparkCar_Perception/install/benchmark_publisher/lib'
[0.798s] Level 1:colcon.colcon_core.environment:checking '/home/orangepi/Desktop/SparkCar_ROS2_WS/SparkCar_Perception/install/benchmark_publisher/bin'
[0.799s] Level 1:colcon.colcon_core.environment:checking '/home/orangepi/Desktop/SparkCar_ROS2_WS/SparkCar_Perception/install/benchmark_publisher/lib/pkgconfig/benchmark_publisher.pc'
[0.799s] Level 1:colcon.colcon_core.environment:checking '/home/orangepi/Desktop/SparkCar_ROS2_WS/SparkCar_Perception/install/benchmark_publisher/lib/python3.10/site-packages'
[0.799s] Level 1:colcon.colcon_core.environment:checking '/home/orangepi/Desktop/SparkCar_ROS2_WS/SparkCar_Perception/install/benchmark_publisher/bin'
[0.800s] INFO:colcon.colcon_core.shell:Creating package script '/home/orangepi/Desktop/SparkCar_ROS2_WS/SparkCar_Perception/install/benchmark_publisher/share/benchmark_publisher/package.ps1'
[0.801s] INFO:colcon.colcon_core.shell:Creating package descriptor '/home/orangepi/Desktop/SparkCar_ROS2_WS/SparkCar_Perception/install/benchmark_publisher/share/benchmark_publisher/package.dsv'
[0.802s] INFO:colcon.colcon_core.shell:Creating package script '/home/orangepi/Desktop/SparkCar_ROS2_WS/SparkCar_Perception/install/benchmark_publisher/share/benchmark_publisher/package.sh'
[0.802s] INFO:colcon.colcon_core.shell:Creating package script '/home/orangepi/Desktop/SparkCar_ROS2_WS/SparkCar_Perception/install/benchmark_publisher/share/benchmark_publisher/package.bash'
[0.803s] INFO:colcon.colcon_core.shell:Creating package script '/home/orangepi/Desktop/SparkCar_ROS2_WS/SparkCar_Perception/install/benchmark_publisher/share/benchmark_publisher/package.zsh'
[0.804s] Level 1:colcon.colcon_core.environment:create_file_with_runtime_dependencies(/home/orangepi/Desktop/SparkCar_ROS2_WS/SparkCar_Perception/install/benchmark_publisher/share/colcon-core/packages/benchmark_publisher)
[0.805s] Level 1:colcon.colcon_core.environment:create_environment_scripts_only(benchmark_publisher)
[0.805s] Level 1:colcon.colcon_core.environment:checking '/home/orangepi/Desktop/SparkCar_ROS2_WS/SparkCar_Perception/install/benchmark_publisher' for CMake module files
[0.806s] Level 1:colcon.colcon_core.environment:checking '/home/orangepi/Desktop/SparkCar_ROS2_WS/SparkCar_Perception/install/benchmark_publisher' for CMake config files
[0.806s] Level 1:colcon.colcon_core.shell:create_environment_hook('benchmark_publisher', 'cmake_prefix_path')
[0.806s] INFO:colcon.colcon_core.shell:Creating environment hook '/home/orangepi/Desktop/SparkCar_ROS2_WS/SparkCar_Perception/install/benchmark_publisher/share/benchmark_publisher/hook/cmake_prefix_path.ps1'
[0.807s] INFO:colcon.colcon_core.shell:Creating environment descriptor '/home/orangepi/Desktop/SparkCar_ROS2_WS/SparkCar_Perception/install/benchmark_publisher/share/benchmark_publisher/hook/cmake_prefix_path.dsv'
[0.808s] INFO:colcon.colcon_core.shell:Creating environment hook '/home/orangepi/Desktop/SparkCar_ROS2_WS/SparkCar_Perception/install/benchmark_publisher/share/benchmark_publisher/hook/cmake_prefix_path.sh'
[0.809s] Level 1:colcon.colcon_core.environment:checking '/home/orangepi/Desktop/SparkCar_ROS2_WS/SparkCar_Perception/install/benchmark_publisher/lib'
[0.809s] Level 1:colcon.colcon_core.environment:checking '/home/orangepi/Desktop/SparkCar_ROS2_WS/SparkCar_Perception/install/benchmark_publisher/bin'
[0.809s] Level 1:colcon.colcon_core.environment:checking '/home/orangepi/Desktop/SparkCar_ROS2_WS/SparkCar_Perception/install/benchmark_publisher/lib/pkgconfig/benchmark_publisher.pc'
[0.809s] Level 1:colcon.colcon_core.environment:checking '/home/orangepi/Desktop/SparkCar_ROS2_WS/SparkCar_Perception/install/benchmark_publisher/lib/python3.10/site-packages'
[0.810s] Level 1:colcon.colcon_core.environment:checking '/home/orangepi/Desktop/SparkCar_ROS2_WS/SparkCar_Perception/install/benchmark_publisher/bin'
[0.811s] INFO:colcon.colcon_core.shell:Creating package script '/home/orangepi/Desktop/SparkCar_ROS2_WS/SparkCar_Perception/install/benchmark_publisher/share/benchmark_publisher/package.ps1'
[0.813s] INFO:colcon.colcon_core.shell:Creating package descriptor '/home/orangepi/Desktop/SparkCar_ROS2_WS/SparkCar_Perception/install/benchmark_publisher/share/benchmark_publisher/package.dsv'
[0.814s] INFO:colcon.colcon_core.shell:Creating package script '/home/orangepi/Desktop/SparkCar_ROS2_WS/SparkCar_Perception/install/benchmark_publisher/share/benchmark_publisher/package.sh'
[0.816s] INFO:colcon.colcon_core.shell:Creating package script '/home/orangepi/Desktop/SparkCar_ROS2_WS/SparkCar_Perception/install/benchmark_publisher/share/benchmark_publisher/package.bash'
[0.818s] INFO:colcon.colcon_core.shell:Creating package script '/home/orangepi/Desktop/SparkCar_ROS2_WS/SparkCar_Perception/install/benchmark_publisher/share/benchmark_publisher/package.zsh'
[0.819s] Level 1:colcon.colcon_core.environment:create_file_with_runtime_dependencies(/home/orangepi/Desktop/SparkCar_ROS2_WS/SparkCar_Perception/install/benchmark_publisher/share/colcon-core/packages/benchmark_publisher)
[0.848s] Level 1:colcon.colcon_core.environment:create_environment_scripts_only(camera_model)
[0.849s] Level 1:colcon.colcon_core.environment:checking '/home/orangepi/Desktop/SparkCar_ROS2_WS/SparkCar_Perception/install/camera_model' for CMake module files
[0.849s] DEBUG:colcon.colcon_core.event_handler.log_command:Invoked command in '/home/orangepi/Desktop/SparkCar_ROS2_WS/SparkCar_Perception/build/camera_model' returned '0': CMAKE_PREFIX_PATH=/opt/ros/humble /usr/bin/cmake --install /home/orangepi/Desktop/SparkCar_ROS2_WS/SparkCar_Perception/build/camera_model
[0.850s] Level 1:colcon.colcon_core.environment:checking '/home/orangepi/Desktop/SparkCar_ROS2_WS/SparkCar_Perception/install/camera_model' for CMake config files
[0.851s] Level 1:colcon.colcon_core.shell:create_environment_hook('camera_model', 'cmake_prefix_path')
[0.851s] INFO:colcon.colcon_core.shell:Creating environment hook '/home/orangepi/Desktop/SparkCar_ROS2_WS/SparkCar_Perception/install/camera_model/share/camera_model/hook/cmake_prefix_path.ps1'
[0.852s] INFO:colcon.colcon_core.shell:Creating environment descriptor '/home/orangepi/Desktop/SparkCar_ROS2_WS/SparkCar_Perception/install/camera_model/share/camera_model/hook/cmake_prefix_path.dsv'
[0.854s] INFO:colcon.colcon_core.shell:Creating environment hook '/home/orangepi/Desktop/SparkCar_ROS2_WS/SparkCar_Perception/install/camera_model/share/camera_model/hook/cmake_prefix_path.sh'
[0.855s] Level 1:colcon.colcon_core.environment:checking '/home/orangepi/Desktop/SparkCar_ROS2_WS/SparkCar_Perception/install/camera_model/lib'
[0.855s] Level 1:colcon.colcon_core.environment:checking '/home/orangepi/Desktop/SparkCar_ROS2_WS/SparkCar_Perception/install/camera_model/bin'
[0.855s] Level 1:colcon.colcon_core.shell:create_environment_hook('camera_model', 'path')
[0.856s] INFO:colcon.colcon_core.shell:Creating environment hook '/home/orangepi/Desktop/SparkCar_ROS2_WS/SparkCar_Perception/install/camera_model/share/camera_model/hook/path.ps1'
[0.857s] INFO:colcon.colcon_core.shell:Creating environment descriptor '/home/orangepi/Desktop/SparkCar_ROS2_WS/SparkCar_Perception/install/camera_model/share/camera_model/hook/path.dsv'
[0.857s] INFO:colcon.colcon_core.shell:Creating environment hook '/home/orangepi/Desktop/SparkCar_ROS2_WS/SparkCar_Perception/install/camera_model/share/camera_model/hook/path.sh'
[0.858s] Level 1:colcon.colcon_core.environment:checking '/home/orangepi/Desktop/SparkCar_ROS2_WS/SparkCar_Perception/install/camera_model/lib/pkgconfig/camera_model.pc'
[0.858s] Level 1:colcon.colcon_core.environment:checking '/home/orangepi/Desktop/SparkCar_ROS2_WS/SparkCar_Perception/install/camera_model/lib/python3.10/site-packages'
[0.859s] Level 1:colcon.colcon_core.environment:checking '/home/orangepi/Desktop/SparkCar_ROS2_WS/SparkCar_Perception/install/camera_model/bin'
[0.859s] Level 1:colcon.colcon_core.shell:create_environment_hook('camera_model', 'pythonscriptspath')
[0.859s] INFO:colcon.colcon_core.shell:Creating environment hook '/home/orangepi/Desktop/SparkCar_ROS2_WS/SparkCar_Perception/install/camera_model/share/camera_model/hook/pythonscriptspath.ps1'
[0.860s] INFO:colcon.colcon_core.shell:Creating environment descriptor '/home/orangepi/Desktop/SparkCar_ROS2_WS/SparkCar_Perception/install/camera_model/share/camera_model/hook/pythonscriptspath.dsv'
[0.861s] INFO:colcon.colcon_core.shell:Creating environment hook '/home/orangepi/Desktop/SparkCar_ROS2_WS/SparkCar_Perception/install/camera_model/share/camera_model/hook/pythonscriptspath.sh'
[0.862s] INFO:colcon.colcon_core.shell:Creating package script '/home/orangepi/Desktop/SparkCar_ROS2_WS/SparkCar_Perception/install/camera_model/share/camera_model/package.ps1'
[0.863s] INFO:colcon.colcon_core.shell:Creating package descriptor '/home/orangepi/Desktop/SparkCar_ROS2_WS/SparkCar_Perception/install/camera_model/share/camera_model/package.dsv'
[0.864s] INFO:colcon.colcon_core.shell:Creating package script '/home/orangepi/Desktop/SparkCar_ROS2_WS/SparkCar_Perception/install/camera_model/share/camera_model/package.sh'
[0.864s] INFO:colcon.colcon_core.shell:Creating package script '/home/orangepi/Desktop/SparkCar_ROS2_WS/SparkCar_Perception/install/camera_model/share/camera_model/package.bash'
[0.865s] INFO:colcon.colcon_core.shell:Creating package script '/home/orangepi/Desktop/SparkCar_ROS2_WS/SparkCar_Perception/install/camera_model/share/camera_model/package.zsh'
[0.865s] Level 1:colcon.colcon_core.environment:create_file_with_runtime_dependencies(/home/orangepi/Desktop/SparkCar_ROS2_WS/SparkCar_Perception/install/camera_model/share/colcon-core/packages/camera_model)
[0.866s] Level 1:colcon.colcon_core.environment:create_environment_scripts_only(camera_model)
[0.867s] Level 1:colcon.colcon_core.environment:checking '/home/orangepi/Desktop/SparkCar_ROS2_WS/SparkCar_Perception/install/camera_model' for CMake module files
[0.867s] Level 1:colcon.colcon_core.environment:checking '/home/orangepi/Desktop/SparkCar_ROS2_WS/SparkCar_Perception/install/camera_model' for CMake config files
[0.868s] Level 1:colcon.colcon_core.shell:create_environment_hook('camera_model', 'cmake_prefix_path')
[0.868s] INFO:colcon.colcon_core.shell:Creating environment hook '/home/orangepi/Desktop/SparkCar_ROS2_WS/SparkCar_Perception/install/camera_model/share/camera_model/hook/cmake_prefix_path.ps1'
[0.869s] INFO:colcon.colcon_core.shell:Creating environment descriptor '/home/orangepi/Desktop/SparkCar_ROS2_WS/SparkCar_Perception/install/camera_model/share/camera_model/hook/cmake_prefix_path.dsv'
[0.869s] INFO:colcon.colcon_core.shell:Creating environment hook '/home/orangepi/Desktop/SparkCar_ROS2_WS/SparkCar_Perception/install/camera_model/share/camera_model/hook/cmake_prefix_path.sh'
[0.871s] Level 1:colcon.colcon_core.environment:checking '/home/orangepi/Desktop/SparkCar_ROS2_WS/SparkCar_Perception/install/camera_model/lib'
[0.871s] Level 1:colcon.colcon_core.environment:checking '/home/orangepi/Desktop/SparkCar_ROS2_WS/SparkCar_Perception/install/camera_model/bin'
[0.871s] Level 1:colcon.colcon_core.shell:create_environment_hook('camera_model', 'path')
[0.871s] INFO:colcon.colcon_core.shell:Creating environment hook '/home/orangepi/Desktop/SparkCar_ROS2_WS/SparkCar_Perception/install/camera_model/share/camera_model/hook/path.ps1'
[0.872s] INFO:colcon.colcon_core.shell:Creating environment descriptor '/home/orangepi/Desktop/SparkCar_ROS2_WS/SparkCar_Perception/install/camera_model/share/camera_model/hook/path.dsv'
[0.872s] INFO:colcon.colcon_core.shell:Creating environment hook '/home/orangepi/Desktop/SparkCar_ROS2_WS/SparkCar_Perception/install/camera_model/share/camera_model/hook/path.sh'
[0.873s] Level 1:colcon.colcon_core.environment:checking '/home/orangepi/Desktop/SparkCar_ROS2_WS/SparkCar_Perception/install/camera_model/lib/pkgconfig/camera_model.pc'
[0.873s] Level 1:colcon.colcon_core.environment:checking '/home/orangepi/Desktop/SparkCar_ROS2_WS/SparkCar_Perception/install/camera_model/lib/python3.10/site-packages'
[0.874s] Level 1:colcon.colcon_core.environment:checking '/home/orangepi/Desktop/SparkCar_ROS2_WS/SparkCar_Perception/install/camera_model/bin'
[0.874s] Level 1:colcon.colcon_core.shell:create_environment_hook('camera_model', 'pythonscriptspath')
[0.874s] INFO:colcon.colcon_core.shell:Creating environment hook '/home/orangepi/Desktop/SparkCar_ROS2_WS/SparkCar_Perception/install/camera_model/share/camera_model/hook/pythonscriptspath.ps1'
[0.875s] INFO:colcon.colcon_core.shell:Creating environment descriptor '/home/orangepi/Desktop/SparkCar_ROS2_WS/SparkCar_Perception/install/camera_model/share/camera_model/hook/pythonscriptspath.dsv'
[0.876s] INFO:colcon.colcon_core.shell:Creating environment hook '/home/orangepi/Desktop/SparkCar_ROS2_WS/SparkCar_Perception/install/camera_model/share/camera_model/hook/pythonscriptspath.sh'
[0.877s] INFO:colcon.colcon_core.shell:Creating package script '/home/orangepi/Desktop/SparkCar_ROS2_WS/SparkCar_Perception/install/camera_model/share/camera_model/package.ps1'
[0.878s] INFO:colcon.colcon_core.shell:Creating package descriptor '/home/orangepi/Desktop/SparkCar_ROS2_WS/SparkCar_Perception/install/camera_model/share/camera_model/package.dsv'
[0.878s] INFO:colcon.colcon_core.shell:Creating package script '/home/orangepi/Desktop/SparkCar_ROS2_WS/SparkCar_Perception/install/camera_model/share/camera_model/package.sh'
[0.879s] INFO:colcon.colcon_core.shell:Creating package script '/home/orangepi/Desktop/SparkCar_ROS2_WS/SparkCar_Perception/install/camera_model/share/camera_model/package.bash'
[0.880s] INFO:colcon.colcon_core.shell:Creating package script '/home/orangepi/Desktop/SparkCar_ROS2_WS/SparkCar_Perception/install/camera_model/share/camera_model/package.zsh'
[0.880s] Level 1:colcon.colcon_core.environment:create_file_with_runtime_dependencies(/home/orangepi/Desktop/SparkCar_ROS2_WS/SparkCar_Perception/install/camera_model/share/colcon-core/packages/camera_model)
[0.881s] INFO:colcon.colcon_ros.task.ament_cmake.build:Building ROS package in '/home/orangepi/Desktop/SparkCar_ROS2_WS/SparkCar_Perception/src/VINS-MONO-ROS2/ar_demo' with build type 'ament_cmake'
[0.881s] INFO:colcon.colcon_cmake.task.cmake.build:Building CMake package in '/home/orangepi/Desktop/SparkCar_ROS2_WS/SparkCar_Perception/src/VINS-MONO-ROS2/ar_demo'
[0.882s] INFO:colcon.colcon_core.shell:Skip shell extension 'powershell' for command environment: Not usable outside of PowerShell
[0.882s] DEBUG:colcon.colcon_core.shell:Skip shell extension 'dsv' for command environment
[0.886s] INFO:colcon.colcon_ros.task.ament_cmake.build:Building ROS package in '/home/orangepi/Desktop/SparkCar_ROS2_WS/SparkCar_Perception/src/VINS-MONO-ROS2/feature_tracker' with build type 'ament_cmake'
[0.886s] INFO:colcon.colcon_cmake.task.cmake.build:Building CMake package in '/home/orangepi/Desktop/SparkCar_ROS2_WS/SparkCar_Perception/src/VINS-MONO-ROS2/feature_tracker'
[0.887s] INFO:colcon.colcon_core.shell:Skip shell extension 'powershell' for command environment: Not usable outside of PowerShell
[0.887s] DEBUG:colcon.colcon_core.shell:Skip shell extension 'dsv' for command environment
[0.890s] INFO:colcon.colcon_ros.task.ament_cmake.build:Building ROS package in '/home/orangepi/Desktop/SparkCar_ROS2_WS/SparkCar_Perception/src/VINS-MONO-ROS2/pose_graph' with build type 'ament_cmake'
[0.890s] INFO:colcon.colcon_cmake.task.cmake.build:Building CMake package in '/home/orangepi/Desktop/SparkCar_ROS2_WS/SparkCar_Perception/src/VINS-MONO-ROS2/pose_graph'
[0.891s] INFO:colcon.colcon_core.shell:Skip shell extension 'powershell' for command environment: Not usable outside of PowerShell
[0.891s] DEBUG:colcon.colcon_core.shell:Skip shell extension 'dsv' for command environment
[0.895s] INFO:colcon.colcon_ros.task.ament_cmake.build:Building ROS package in '/home/orangepi/Desktop/SparkCar_ROS2_WS/SparkCar_Perception/src/VINS-MONO-ROS2/vins_estimator' with build type 'ament_cmake'
[0.896s] INFO:colcon.colcon_cmake.task.cmake.build:Building CMake package in '/home/orangepi/Desktop/SparkCar_ROS2_WS/SparkCar_Perception/src/VINS-MONO-ROS2/vins_estimator'
[0.897s] INFO:colcon.colcon_core.shell:Skip shell extension 'powershell' for command environment: Not usable outside of PowerShell
[0.897s] DEBUG:colcon.colcon_core.shell:Skip shell extension 'dsv' for command environment
[0.908s] DEBUG:colcon.colcon_core.event_handler.log_command:Invoking command in '/home/orangepi/Desktop/SparkCar_ROS2_WS/SparkCar_Perception/build/ar_demo': AMENT_PREFIX_PATH=/home/orangepi/Desktop/SparkCar_ROS2_WS/SparkCar_Perception/install/camera_model:${AMENT_PREFIX_PATH} CMAKE_PREFIX_PATH=/home/orangepi/Desktop/SparkCar_ROS2_WS/SparkCar_Perception/install/camera_model:/opt/ros/humble LD_LIBRARY_PATH=/home/orangepi/Desktop/SparkCar_ROS2_WS/SparkCar_Perception/install/camera_model/lib:${LD_LIBRARY_PATH} PATH=/home/orangepi/Desktop/SparkCar_ROS2_WS/SparkCar_Perception/install/camera_model/bin:${PATH} /usr/bin/cmake --build /home/orangepi/Desktop/SparkCar_ROS2_WS/SparkCar_Perception/build/ar_demo -- -j8 -l8
[0.915s] DEBUG:colcon.colcon_core.event_handler.log_command:Invoking command in '/home/orangepi/Desktop/SparkCar_ROS2_WS/SparkCar_Perception/build/feature_tracker': AMENT_PREFIX_PATH=/home/orangepi/Desktop/SparkCar_ROS2_WS/SparkCar_Perception/install/camera_model:${AMENT_PREFIX_PATH} CMAKE_PREFIX_PATH=/home/orangepi/Desktop/SparkCar_ROS2_WS/SparkCar_Perception/install/camera_model:/opt/ros/humble LD_LIBRARY_PATH=/home/orangepi/Desktop/SparkCar_ROS2_WS/SparkCar_Perception/install/camera_model/lib:${LD_LIBRARY_PATH} PATH=/home/orangepi/Desktop/SparkCar_ROS2_WS/SparkCar_Perception/install/camera_model/bin:${PATH} /usr/bin/cmake --build /home/orangepi/Desktop/SparkCar_ROS2_WS/SparkCar_Perception/build/feature_tracker -- -j8 -l8
[0.917s] DEBUG:colcon.colcon_core.event_handler.log_command:Invoking command in '/home/orangepi/Desktop/SparkCar_ROS2_WS/SparkCar_Perception/build/pose_graph': AMENT_PREFIX_PATH=/home/orangepi/Desktop/SparkCar_ROS2_WS/SparkCar_Perception/install/camera_model:${AMENT_PREFIX_PATH} CMAKE_PREFIX_PATH=/home/orangepi/Desktop/SparkCar_ROS2_WS/SparkCar_Perception/install/camera_model:/opt/ros/humble LD_LIBRARY_PATH=/home/orangepi/Desktop/SparkCar_ROS2_WS/SparkCar_Perception/install/camera_model/lib:${LD_LIBRARY_PATH} PATH=/home/orangepi/Desktop/SparkCar_ROS2_WS/SparkCar_Perception/install/camera_model/bin:${PATH} /usr/bin/cmake --build /home/orangepi/Desktop/SparkCar_ROS2_WS/SparkCar_Perception/build/pose_graph -- -j8 -l8
[0.936s] DEBUG:colcon.colcon_core.event_handler.log_command:Invoking command in '/home/orangepi/Desktop/SparkCar_ROS2_WS/SparkCar_Perception/build/vins_estimator': AMENT_PREFIX_PATH=/home/orangepi/Desktop/SparkCar_ROS2_WS/SparkCar_Perception/install/camera_model:${AMENT_PREFIX_PATH} CMAKE_PREFIX_PATH=/home/orangepi/Desktop/SparkCar_ROS2_WS/SparkCar_Perception/install/camera_model:/opt/ros/humble LD_LIBRARY_PATH=/home/orangepi/Desktop/SparkCar_ROS2_WS/SparkCar_Perception/install/camera_model/lib:${LD_LIBRARY_PATH} PATH=/home/orangepi/Desktop/SparkCar_ROS2_WS/SparkCar_Perception/install/camera_model/bin:${PATH} /usr/bin/cmake --build /home/orangepi/Desktop/SparkCar_ROS2_WS/SparkCar_Perception/build/vins_estimator -- -j8 -l8
[1.061s] DEBUG:colcon.colcon_core.event_handler.log_command:Invoked command in '/home/orangepi/Desktop/SparkCar_ROS2_WS/SparkCar_Perception/build/ar_demo' returned '0': AMENT_PREFIX_PATH=/home/orangepi/Desktop/SparkCar_ROS2_WS/SparkCar_Perception/install/camera_model:${AMENT_PREFIX_PATH} CMAKE_PREFIX_PATH=/home/orangepi/Desktop/SparkCar_ROS2_WS/SparkCar_Perception/install/camera_model:/opt/ros/humble LD_LIBRARY_PATH=/home/orangepi/Desktop/SparkCar_ROS2_WS/SparkCar_Perception/install/camera_model/lib:${LD_LIBRARY_PATH} PATH=/home/orangepi/Desktop/SparkCar_ROS2_WS/SparkCar_Perception/install/camera_model/bin:${PATH} /usr/bin/cmake --build /home/orangepi/Desktop/SparkCar_ROS2_WS/SparkCar_Perception/build/ar_demo -- -j8 -l8
[1.062s] DEBUG:colcon.colcon_core.event_handler.log_command:Invoking command in '/home/orangepi/Desktop/SparkCar_ROS2_WS/SparkCar_Perception/build/ar_demo': AMENT_PREFIX_PATH=/home/orangepi/Desktop/SparkCar_ROS2_WS/SparkCar_Perception/install/camera_model:${AMENT_PREFIX_PATH} CMAKE_PREFIX_PATH=/home/orangepi/Desktop/SparkCar_ROS2_WS/SparkCar_Perception/install/camera_model:/opt/ros/humble LD_LIBRARY_PATH=/home/orangepi/Desktop/SparkCar_ROS2_WS/SparkCar_Perception/install/camera_model/lib:${LD_LIBRARY_PATH} PATH=/home/orangepi/Desktop/SparkCar_ROS2_WS/SparkCar_Perception/install/camera_model/bin:${PATH} /usr/bin/cmake --install /home/orangepi/Desktop/SparkCar_ROS2_WS/SparkCar_Perception/build/ar_demo
[1.077s] DEBUG:colcon.colcon_core.event_handler.log_command:Invoked command in '/home/orangepi/Desktop/SparkCar_ROS2_WS/SparkCar_Perception/build/feature_tracker' returned '0': AMENT_PREFIX_PATH=/home/orangepi/Desktop/SparkCar_ROS2_WS/SparkCar_Perception/install/camera_model:${AMENT_PREFIX_PATH} CMAKE_PREFIX_PATH=/home/orangepi/Desktop/SparkCar_ROS2_WS/SparkCar_Perception/install/camera_model:/opt/ros/humble LD_LIBRARY_PATH=/home/orangepi/Desktop/SparkCar_ROS2_WS/SparkCar_Perception/install/camera_model/lib:${LD_LIBRARY_PATH} PATH=/home/orangepi/Desktop/SparkCar_ROS2_WS/SparkCar_Perception/install/camera_model/bin:${PATH} /usr/bin/cmake --build /home/orangepi/Desktop/SparkCar_ROS2_WS/SparkCar_Perception/build/feature_tracker -- -j8 -l8
[1.080s] DEBUG:colcon.colcon_core.event_handler.log_command:Invoking command in '/home/orangepi/Desktop/SparkCar_ROS2_WS/SparkCar_Perception/build/feature_tracker': AMENT_PREFIX_PATH=/home/orangepi/Desktop/SparkCar_ROS2_WS/SparkCar_Perception/install/camera_model:${AMENT_PREFIX_PATH} CMAKE_PREFIX_PATH=/home/orangepi/Desktop/SparkCar_ROS2_WS/SparkCar_Perception/install/camera_model:/opt/ros/humble LD_LIBRARY_PATH=/home/orangepi/Desktop/SparkCar_ROS2_WS/SparkCar_Perception/install/camera_model/lib:${LD_LIBRARY_PATH} PATH=/home/orangepi/Desktop/SparkCar_ROS2_WS/SparkCar_Perception/install/camera_model/bin:${PATH} /usr/bin/cmake --install /home/orangepi/Desktop/SparkCar_ROS2_WS/SparkCar_Perception/build/feature_tracker
[1.116s] DEBUG:colcon.colcon_core.event_handler.log_command:Invoked command in '/home/orangepi/Desktop/SparkCar_ROS2_WS/SparkCar_Perception/build/realsense2_camera_msgs' returned '0': CMAKE_PREFIX_PATH=/opt/ros/humble /usr/bin/cmake --build /home/orangepi/Desktop/SparkCar_ROS2_WS/SparkCar_Perception/build/realsense2_camera_msgs -- -j8 -l8
[1.123s] DEBUG:colcon.colcon_core.event_handler.log_command:Invoking command in '/home/orangepi/Desktop/SparkCar_ROS2_WS/SparkCar_Perception/build/realsense2_camera_msgs': CMAKE_PREFIX_PATH=/opt/ros/humble /usr/bin/cmake --install /home/orangepi/Desktop/SparkCar_ROS2_WS/SparkCar_Perception/build/realsense2_camera_msgs
[1.125s] Level 1:colcon.colcon_core.environment:create_environment_scripts_only(ar_demo)
[1.127s] Level 1:colcon.colcon_core.environment:checking '/home/orangepi/Desktop/SparkCar_ROS2_WS/SparkCar_Perception/install/ar_demo' for CMake module files
[1.129s] DEBUG:colcon.colcon_core.event_handler.log_command:Invoked command in '/home/orangepi/Desktop/SparkCar_ROS2_WS/SparkCar_Perception/build/vins_estimator' returned '0': AMENT_PREFIX_PATH=/home/orangepi/Desktop/SparkCar_ROS2_WS/SparkCar_Perception/install/camera_model:${AMENT_PREFIX_PATH} CMAKE_PREFIX_PATH=/home/orangepi/Desktop/SparkCar_ROS2_WS/SparkCar_Perception/install/camera_model:/opt/ros/humble LD_LIBRARY_PATH=/home/orangepi/Desktop/SparkCar_ROS2_WS/SparkCar_Perception/install/camera_model/lib:${LD_LIBRARY_PATH} PATH=/home/orangepi/Desktop/SparkCar_ROS2_WS/SparkCar_Perception/install/camera_model/bin:${PATH} /usr/bin/cmake --build /home/orangepi/Desktop/SparkCar_ROS2_WS/SparkCar_Perception/build/vins_estimator -- -j8 -l8
[1.129s] DEBUG:colcon.colcon_core.event_handler.log_command:Invoking command in '/home/orangepi/Desktop/SparkCar_ROS2_WS/SparkCar_Perception/build/vins_estimator': AMENT_PREFIX_PATH=/home/orangepi/Desktop/SparkCar_ROS2_WS/SparkCar_Perception/install/camera_model:${AMENT_PREFIX_PATH} CMAKE_PREFIX_PATH=/home/orangepi/Desktop/SparkCar_ROS2_WS/SparkCar_Perception/install/camera_model:/opt/ros/humble LD_LIBRARY_PATH=/home/orangepi/Desktop/SparkCar_ROS2_WS/SparkCar_Perception/install/camera_model/lib:${LD_LIBRARY_PATH} PATH=/home/orangepi/Desktop/SparkCar_ROS2_WS/SparkCar_Perception/install/camera_model/bin:${PATH} /usr/bin/cmake --install /home/orangepi/Desktop/SparkCar_ROS2_WS/SparkCar_Perception/build/vins_estimator
[1.132s] DEBUG:colcon.colcon_core.event_handler.log_command:Invoked command in '/home/orangepi/Desktop/SparkCar_ROS2_WS/SparkCar_Perception/build/ar_demo' returned '0': AMENT_PREFIX_PATH=/home/orangepi/Desktop/SparkCar_ROS2_WS/SparkCar_Perception/install/camera_model:${AMENT_PREFIX_PATH} CMAKE_PREFIX_PATH=/home/orangepi/Desktop/SparkCar_ROS2_WS/SparkCar_Perception/install/camera_model:/opt/ros/humble LD_LIBRARY_PATH=/home/orangepi/Desktop/SparkCar_ROS2_WS/SparkCar_Perception/install/camera_model/lib:${LD_LIBRARY_PATH} PATH=/home/orangepi/Desktop/SparkCar_ROS2_WS/SparkCar_Perception/install/camera_model/bin:${PATH} /usr/bin/cmake --install /home/orangepi/Desktop/SparkCar_ROS2_WS/SparkCar_Perception/build/ar_demo
[1.134s] Level 1:colcon.colcon_core.environment:checking '/home/orangepi/Desktop/SparkCar_ROS2_WS/SparkCar_Perception/install/ar_demo' for CMake config files
[1.135s] Level 1:colcon.colcon_core.shell:create_environment_hook('ar_demo', 'cmake_prefix_path')
[1.136s] INFO:colcon.colcon_core.shell:Creating environment hook '/home/orangepi/Desktop/SparkCar_ROS2_WS/SparkCar_Perception/install/ar_demo/share/ar_demo/hook/cmake_prefix_path.ps1'
[1.137s] INFO:colcon.colcon_core.shell:Creating environment descriptor '/home/orangepi/Desktop/SparkCar_ROS2_WS/SparkCar_Perception/install/ar_demo/share/ar_demo/hook/cmake_prefix_path.dsv'
[1.139s] INFO:colcon.colcon_core.shell:Creating environment hook '/home/orangepi/Desktop/SparkCar_ROS2_WS/SparkCar_Perception/install/ar_demo/share/ar_demo/hook/cmake_prefix_path.sh'
[1.141s] Level 1:colcon.colcon_core.environment:checking '/home/orangepi/Desktop/SparkCar_ROS2_WS/SparkCar_Perception/install/ar_demo/lib'
[1.141s] Level 1:colcon.colcon_core.environment:checking '/home/orangepi/Desktop/SparkCar_ROS2_WS/SparkCar_Perception/install/ar_demo/bin'
[1.141s] Level 1:colcon.colcon_core.environment:checking '/home/orangepi/Desktop/SparkCar_ROS2_WS/SparkCar_Perception/install/ar_demo/lib/pkgconfig/ar_demo.pc'
[1.142s] Level 1:colcon.colcon_core.environment:checking '/home/orangepi/Desktop/SparkCar_ROS2_WS/SparkCar_Perception/install/ar_demo/lib/python3.10/site-packages'
[1.143s] Level 1:colcon.colcon_core.environment:checking '/home/orangepi/Desktop/SparkCar_ROS2_WS/SparkCar_Perception/install/ar_demo/bin'
[1.144s] INFO:colcon.colcon_core.shell:Creating package script '/home/orangepi/Desktop/SparkCar_ROS2_WS/SparkCar_Perception/install/ar_demo/share/ar_demo/package.ps1'
[1.146s] INFO:colcon.colcon_core.shell:Creating package descriptor '/home/orangepi/Desktop/SparkCar_ROS2_WS/SparkCar_Perception/install/ar_demo/share/ar_demo/package.dsv'
[1.148s] INFO:colcon.colcon_core.shell:Creating package script '/home/orangepi/Desktop/SparkCar_ROS2_WS/SparkCar_Perception/install/ar_demo/share/ar_demo/package.sh'
[1.150s] INFO:colcon.colcon_core.shell:Creating package script '/home/orangepi/Desktop/SparkCar_ROS2_WS/SparkCar_Perception/install/ar_demo/share/ar_demo/package.bash'
[1.156s] INFO:colcon.colcon_core.shell:Creating package script '/home/orangepi/Desktop/SparkCar_ROS2_WS/SparkCar_Perception/install/ar_demo/share/ar_demo/package.zsh'
[1.158s] Level 1:colcon.colcon_core.environment:create_file_with_runtime_dependencies(/home/orangepi/Desktop/SparkCar_ROS2_WS/SparkCar_Perception/install/ar_demo/share/colcon-core/packages/ar_demo)
[1.159s] Level 1:colcon.colcon_core.environment:create_environment_scripts_only(ar_demo)
[1.160s] Level 1:colcon.colcon_core.environment:checking '/home/orangepi/Desktop/SparkCar_ROS2_WS/SparkCar_Perception/install/ar_demo' for CMake module files
[1.165s] Level 1:colcon.colcon_core.environment:checking '/home/orangepi/Desktop/SparkCar_ROS2_WS/SparkCar_Perception/install/ar_demo' for CMake config files
[1.168s] Level 1:colcon.colcon_core.shell:create_environment_hook('ar_demo', 'cmake_prefix_path')
[1.169s] INFO:colcon.colcon_core.shell:Creating environment hook '/home/orangepi/Desktop/SparkCar_ROS2_WS/SparkCar_Perception/install/ar_demo/share/ar_demo/hook/cmake_prefix_path.ps1'
[1.170s] INFO:colcon.colcon_core.shell:Creating environment descriptor '/home/orangepi/Desktop/SparkCar_ROS2_WS/SparkCar_Perception/install/ar_demo/share/ar_demo/hook/cmake_prefix_path.dsv'
[1.171s] INFO:colcon.colcon_core.shell:Creating environment hook '/home/orangepi/Desktop/SparkCar_ROS2_WS/SparkCar_Perception/install/ar_demo/share/ar_demo/hook/cmake_prefix_path.sh'
[1.172s] Level 1:colcon.colcon_core.environment:checking '/home/orangepi/Desktop/SparkCar_ROS2_WS/SparkCar_Perception/install/ar_demo/lib'
[1.172s] Level 1:colcon.colcon_core.environment:checking '/home/orangepi/Desktop/SparkCar_ROS2_WS/SparkCar_Perception/install/ar_demo/bin'
[1.172s] Level 1:colcon.colcon_core.environment:checking '/home/orangepi/Desktop/SparkCar_ROS2_WS/SparkCar_Perception/install/ar_demo/lib/pkgconfig/ar_demo.pc'
[1.173s] Level 1:colcon.colcon_core.environment:checking '/home/orangepi/Desktop/SparkCar_ROS2_WS/SparkCar_Perception/install/ar_demo/lib/python3.10/site-packages'
[1.173s] Level 1:colcon.colcon_core.environment:checking '/home/orangepi/Desktop/SparkCar_ROS2_WS/SparkCar_Perception/install/ar_demo/bin'
[1.174s] INFO:colcon.colcon_core.shell:Creating package script '/home/orangepi/Desktop/SparkCar_ROS2_WS/SparkCar_Perception/install/ar_demo/share/ar_demo/package.ps1'
[1.175s] INFO:colcon.colcon_core.shell:Creating package descriptor '/home/orangepi/Desktop/SparkCar_ROS2_WS/SparkCar_Perception/install/ar_demo/share/ar_demo/package.dsv'
[1.179s] INFO:colcon.colcon_core.shell:Creating package script '/home/orangepi/Desktop/SparkCar_ROS2_WS/SparkCar_Perception/install/ar_demo/share/ar_demo/package.sh'
[1.190s] INFO:colcon.colcon_core.shell:Creating package script '/home/orangepi/Desktop/SparkCar_ROS2_WS/SparkCar_Perception/install/ar_demo/share/ar_demo/package.bash'
[1.197s] INFO:colcon.colcon_core.shell:Creating package script '/home/orangepi/Desktop/SparkCar_ROS2_WS/SparkCar_Perception/install/ar_demo/share/ar_demo/package.zsh'
[1.205s] Level 1:colcon.colcon_core.environment:create_file_with_runtime_dependencies(/home/orangepi/Desktop/SparkCar_ROS2_WS/SparkCar_Perception/install/ar_demo/share/colcon-core/packages/ar_demo)
[1.207s] Level 1:colcon.colcon_core.environment:create_environment_scripts_only(feature_tracker)
[1.208s] Level 1:colcon.colcon_core.environment:checking '/home/orangepi/Desktop/SparkCar_ROS2_WS/SparkCar_Perception/install/feature_tracker' for CMake module files
[1.210s] DEBUG:colcon.colcon_core.event_handler.log_command:Invoked command in '/home/orangepi/Desktop/SparkCar_ROS2_WS/SparkCar_Perception/build/feature_tracker' returned '0': AMENT_PREFIX_PATH=/home/orangepi/Desktop/SparkCar_ROS2_WS/SparkCar_Perception/install/camera_model:${AMENT_PREFIX_PATH} CMAKE_PREFIX_PATH=/home/orangepi/Desktop/SparkCar_ROS2_WS/SparkCar_Perception/install/camera_model:/opt/ros/humble LD_LIBRARY_PATH=/home/orangepi/Desktop/SparkCar_ROS2_WS/SparkCar_Perception/install/camera_model/lib:${LD_LIBRARY_PATH} PATH=/home/orangepi/Desktop/SparkCar_ROS2_WS/SparkCar_Perception/install/camera_model/bin:${PATH} /usr/bin/cmake --install /home/orangepi/Desktop/SparkCar_ROS2_WS/SparkCar_Perception/build/feature_tracker
[1.212s] Level 1:colcon.colcon_core.environment:checking '/home/orangepi/Desktop/SparkCar_ROS2_WS/SparkCar_Perception/install/feature_tracker' for CMake config files
[1.212s] Level 1:colcon.colcon_core.shell:create_environment_hook('feature_tracker', 'cmake_prefix_path')
[1.213s] INFO:colcon.colcon_core.shell:Creating environment hook '/home/orangepi/Desktop/SparkCar_ROS2_WS/SparkCar_Perception/install/feature_tracker/share/feature_tracker/hook/cmake_prefix_path.ps1'
[1.215s] INFO:colcon.colcon_core.shell:Creating environment descriptor '/home/orangepi/Desktop/SparkCar_ROS2_WS/SparkCar_Perception/install/feature_tracker/share/feature_tracker/hook/cmake_prefix_path.dsv'
[1.217s] INFO:colcon.colcon_core.shell:Creating environment hook '/home/orangepi/Desktop/SparkCar_ROS2_WS/SparkCar_Perception/install/feature_tracker/share/feature_tracker/hook/cmake_prefix_path.sh'
[1.220s] Level 1:colcon.colcon_core.environment:checking '/home/orangepi/Desktop/SparkCar_ROS2_WS/SparkCar_Perception/install/feature_tracker/lib'
[1.221s] Level 1:colcon.colcon_core.environment:checking '/home/orangepi/Desktop/SparkCar_ROS2_WS/SparkCar_Perception/install/feature_tracker/bin'
[1.221s] Level 1:colcon.colcon_core.environment:checking '/home/orangepi/Desktop/SparkCar_ROS2_WS/SparkCar_Perception/install/feature_tracker/lib/pkgconfig/feature_tracker.pc'
[1.222s] Level 1:colcon.colcon_core.environment:checking '/home/orangepi/Desktop/SparkCar_ROS2_WS/SparkCar_Perception/install/feature_tracker/lib/python3.10/site-packages'
[1.224s] Level 1:colcon.colcon_core.environment:checking '/home/orangepi/Desktop/SparkCar_ROS2_WS/SparkCar_Perception/install/feature_tracker/bin'
[1.226s] INFO:colcon.colcon_core.shell:Creating package script '/home/orangepi/Desktop/SparkCar_ROS2_WS/SparkCar_Perception/install/feature_tracker/share/feature_tracker/package.ps1'
[1.229s] INFO:colcon.colcon_core.shell:Creating package descriptor '/home/orangepi/Desktop/SparkCar_ROS2_WS/SparkCar_Perception/install/feature_tracker/share/feature_tracker/package.dsv'
[1.231s] INFO:colcon.colcon_core.shell:Creating package script '/home/orangepi/Desktop/SparkCar_ROS2_WS/SparkCar_Perception/install/feature_tracker/share/feature_tracker/package.sh'
[1.233s] INFO:colcon.colcon_core.shell:Creating package script '/home/orangepi/Desktop/SparkCar_ROS2_WS/SparkCar_Perception/install/feature_tracker/share/feature_tracker/package.bash'
[1.235s] INFO:colcon.colcon_core.shell:Creating package script '/home/orangepi/Desktop/SparkCar_ROS2_WS/SparkCar_Perception/install/feature_tracker/share/feature_tracker/package.zsh'
[1.236s] Level 1:colcon.colcon_core.environment:create_file_with_runtime_dependencies(/home/orangepi/Desktop/SparkCar_ROS2_WS/SparkCar_Perception/install/feature_tracker/share/colcon-core/packages/feature_tracker)
[1.237s] Level 1:colcon.colcon_core.environment:create_environment_scripts_only(feature_tracker)
[1.237s] Level 1:colcon.colcon_core.environment:checking '/home/orangepi/Desktop/SparkCar_ROS2_WS/SparkCar_Perception/install/feature_tracker' for CMake module files
[1.238s] Level 1:colcon.colcon_core.environment:checking '/home/orangepi/Desktop/SparkCar_ROS2_WS/SparkCar_Perception/install/feature_tracker' for CMake config files
[1.238s] Level 1:colcon.colcon_core.shell:create_environment_hook('feature_tracker', 'cmake_prefix_path')
[1.239s] INFO:colcon.colcon_core.shell:Creating environment hook '/home/orangepi/Desktop/SparkCar_ROS2_WS/SparkCar_Perception/install/feature_tracker/share/feature_tracker/hook/cmake_prefix_path.ps1'
[1.240s] INFO:colcon.colcon_core.shell:Creating environment descriptor '/home/orangepi/Desktop/SparkCar_ROS2_WS/SparkCar_Perception/install/feature_tracker/share/feature_tracker/hook/cmake_prefix_path.dsv'
[1.240s] INFO:colcon.colcon_core.shell:Creating environment hook '/home/orangepi/Desktop/SparkCar_ROS2_WS/SparkCar_Perception/install/feature_tracker/share/feature_tracker/hook/cmake_prefix_path.sh'
[1.241s] Level 1:colcon.colcon_core.environment:checking '/home/orangepi/Desktop/SparkCar_ROS2_WS/SparkCar_Perception/install/feature_tracker/lib'
[1.242s] Level 1:colcon.colcon_core.environment:checking '/home/orangepi/Desktop/SparkCar_ROS2_WS/SparkCar_Perception/install/feature_tracker/bin'
[1.242s] Level 1:colcon.colcon_core.environment:checking '/home/orangepi/Desktop/SparkCar_ROS2_WS/SparkCar_Perception/install/feature_tracker/lib/pkgconfig/feature_tracker.pc'
[1.242s] Level 1:colcon.colcon_core.environment:checking '/home/orangepi/Desktop/SparkCar_ROS2_WS/SparkCar_Perception/install/feature_tracker/lib/python3.10/site-packages'
[1.242s] Level 1:colcon.colcon_core.environment:checking '/home/orangepi/Desktop/SparkCar_ROS2_WS/SparkCar_Perception/install/feature_tracker/bin'
[1.243s] INFO:colcon.colcon_core.shell:Creating package script '/home/orangepi/Desktop/SparkCar_ROS2_WS/SparkCar_Perception/install/feature_tracker/share/feature_tracker/package.ps1'
[1.245s] INFO:colcon.colcon_core.shell:Creating package descriptor '/home/orangepi/Desktop/SparkCar_ROS2_WS/SparkCar_Perception/install/feature_tracker/share/feature_tracker/package.dsv'
[1.246s] INFO:colcon.colcon_core.shell:Creating package script '/home/orangepi/Desktop/SparkCar_ROS2_WS/SparkCar_Perception/install/feature_tracker/share/feature_tracker/package.sh'
[1.247s] INFO:colcon.colcon_core.shell:Creating package script '/home/orangepi/Desktop/SparkCar_ROS2_WS/SparkCar_Perception/install/feature_tracker/share/feature_tracker/package.bash'
[1.248s] INFO:colcon.colcon_core.shell:Creating package script '/home/orangepi/Desktop/SparkCar_ROS2_WS/SparkCar_Perception/install/feature_tracker/share/feature_tracker/package.zsh'
[1.249s] Level 1:colcon.colcon_core.environment:create_file_with_runtime_dependencies(/home/orangepi/Desktop/SparkCar_ROS2_WS/SparkCar_Perception/install/feature_tracker/share/colcon-core/packages/feature_tracker)
[1.254s] Level 1:colcon.colcon_core.environment:create_environment_scripts_only(vins_estimator)
[1.254s] Level 1:colcon.colcon_core.environment:checking '/home/orangepi/Desktop/SparkCar_ROS2_WS/SparkCar_Perception/install/vins_estimator' for CMake module files
[1.256s] Level 1:colcon.colcon_core.environment:checking '/home/orangepi/Desktop/SparkCar_ROS2_WS/SparkCar_Perception/install/vins_estimator' for CMake config files
[1.257s] Level 1:colcon.colcon_core.shell:create_environment_hook('vins_estimator', 'cmake_prefix_path')
[1.258s] INFO:colcon.colcon_core.shell:Creating environment hook '/home/orangepi/Desktop/SparkCar_ROS2_WS/SparkCar_Perception/install/vins_estimator/share/vins_estimator/hook/cmake_prefix_path.ps1'
[1.259s] INFO:colcon.colcon_core.shell:Creating environment descriptor '/home/orangepi/Desktop/SparkCar_ROS2_WS/SparkCar_Perception/install/vins_estimator/share/vins_estimator/hook/cmake_prefix_path.dsv'
[1.260s] INFO:colcon.colcon_core.shell:Creating environment hook '/home/orangepi/Desktop/SparkCar_ROS2_WS/SparkCar_Perception/install/vins_estimator/share/vins_estimator/hook/cmake_prefix_path.sh'
[1.262s] Level 1:colcon.colcon_core.environment:checking '/home/orangepi/Desktop/SparkCar_ROS2_WS/SparkCar_Perception/install/vins_estimator/lib'
[1.262s] Level 1:colcon.colcon_core.environment:checking '/home/orangepi/Desktop/SparkCar_ROS2_WS/SparkCar_Perception/install/vins_estimator/bin'
[1.262s] Level 1:colcon.colcon_core.environment:checking '/home/orangepi/Desktop/SparkCar_ROS2_WS/SparkCar_Perception/install/vins_estimator/lib/pkgconfig/vins_estimator.pc'
[1.263s] Level 1:colcon.colcon_core.environment:checking '/home/orangepi/Desktop/SparkCar_ROS2_WS/SparkCar_Perception/install/vins_estimator/lib/python3.10/site-packages'
[1.263s] Level 1:colcon.colcon_core.environment:checking '/home/orangepi/Desktop/SparkCar_ROS2_WS/SparkCar_Perception/install/vins_estimator/bin'
[1.264s] INFO:colcon.colcon_core.shell:Creating package script '/home/orangepi/Desktop/SparkCar_ROS2_WS/SparkCar_Perception/install/vins_estimator/share/vins_estimator/package.ps1'
[1.265s] INFO:colcon.colcon_core.shell:Creating package descriptor '/home/orangepi/Desktop/SparkCar_ROS2_WS/SparkCar_Perception/install/vins_estimator/share/vins_estimator/package.dsv'
[1.266s] INFO:colcon.colcon_core.shell:Creating package script '/home/orangepi/Desktop/SparkCar_ROS2_WS/SparkCar_Perception/install/vins_estimator/share/vins_estimator/package.sh'
[1.267s] INFO:colcon.colcon_core.shell:Creating package script '/home/orangepi/Desktop/SparkCar_ROS2_WS/SparkCar_Perception/install/vins_estimator/share/vins_estimator/package.bash'
[1.268s] INFO:colcon.colcon_core.shell:Creating package script '/home/orangepi/Desktop/SparkCar_ROS2_WS/SparkCar_Perception/install/vins_estimator/share/vins_estimator/package.zsh'
[1.269s] Level 1:colcon.colcon_core.environment:create_file_with_runtime_dependencies(/home/orangepi/Desktop/SparkCar_ROS2_WS/SparkCar_Perception/install/vins_estimator/share/colcon-core/packages/vins_estimator)
[1.271s] Level 1:colcon.colcon_core.environment:create_environment_scripts_only(vins_estimator)
[1.272s] Level 1:colcon.colcon_core.environment:checking '/home/orangepi/Desktop/SparkCar_ROS2_WS/SparkCar_Perception/install/vins_estimator' for CMake module files
[1.273s] Level 1:colcon.colcon_core.environment:checking '/home/orangepi/Desktop/SparkCar_ROS2_WS/SparkCar_Perception/install/vins_estimator' for CMake config files
[1.275s] Level 1:colcon.colcon_core.shell:create_environment_hook('vins_estimator', 'cmake_prefix_path')
[1.276s] INFO:colcon.colcon_core.shell:Creating environment hook '/home/orangepi/Desktop/SparkCar_ROS2_WS/SparkCar_Perception/install/vins_estimator/share/vins_estimator/hook/cmake_prefix_path.ps1'
[1.277s] INFO:colcon.colcon_core.shell:Creating environment descriptor '/home/orangepi/Desktop/SparkCar_ROS2_WS/SparkCar_Perception/install/vins_estimator/share/vins_estimator/hook/cmake_prefix_path.dsv'
[1.279s] INFO:colcon.colcon_core.shell:Creating environment hook '/home/orangepi/Desktop/SparkCar_ROS2_WS/SparkCar_Perception/install/vins_estimator/share/vins_estimator/hook/cmake_prefix_path.sh'
[1.281s] Level 1:colcon.colcon_core.environment:checking '/home/orangepi/Desktop/SparkCar_ROS2_WS/SparkCar_Perception/install/vins_estimator/lib'
[1.281s] Level 1:colcon.colcon_core.environment:checking '/home/orangepi/Desktop/SparkCar_ROS2_WS/SparkCar_Perception/install/vins_estimator/bin'
[1.281s] Level 1:colcon.colcon_core.environment:checking '/home/orangepi/Desktop/SparkCar_ROS2_WS/SparkCar_Perception/install/vins_estimator/lib/pkgconfig/vins_estimator.pc'
[1.282s] Level 1:colcon.colcon_core.environment:checking '/home/orangepi/Desktop/SparkCar_ROS2_WS/SparkCar_Perception/install/vins_estimator/lib/python3.10/site-packages'
[1.283s] Level 1:colcon.colcon_core.environment:checking '/home/orangepi/Desktop/SparkCar_ROS2_WS/SparkCar_Perception/install/vins_estimator/bin'
[1.283s] INFO:colcon.colcon_core.shell:Creating package script '/home/orangepi/Desktop/SparkCar_ROS2_WS/SparkCar_Perception/install/vins_estimator/share/vins_estimator/package.ps1'
[1.287s] INFO:colcon.colcon_core.shell:Creating package descriptor '/home/orangepi/Desktop/SparkCar_ROS2_WS/SparkCar_Perception/install/vins_estimator/share/vins_estimator/package.dsv'
[1.290s] INFO:colcon.colcon_core.shell:Creating package script '/home/orangepi/Desktop/SparkCar_ROS2_WS/SparkCar_Perception/install/vins_estimator/share/vins_estimator/package.sh'
[1.292s] INFO:colcon.colcon_core.shell:Creating package script '/home/orangepi/Desktop/SparkCar_ROS2_WS/SparkCar_Perception/install/vins_estimator/share/vins_estimator/package.bash'
[1.295s] INFO:colcon.colcon_core.shell:Creating package script '/home/orangepi/Desktop/SparkCar_ROS2_WS/SparkCar_Perception/install/vins_estimator/share/vins_estimator/package.zsh'
[1.297s] Level 1:colcon.colcon_core.environment:create_file_with_runtime_dependencies(/home/orangepi/Desktop/SparkCar_ROS2_WS/SparkCar_Perception/install/vins_estimator/share/colcon-core/packages/vins_estimator)
[1.298s] DEBUG:colcon.colcon_core.event_handler.log_command:Invoked command in '/home/orangepi/Desktop/SparkCar_ROS2_WS/SparkCar_Perception/build/vins_estimator' returned '0': AMENT_PREFIX_PATH=/home/orangepi/Desktop/SparkCar_ROS2_WS/SparkCar_Perception/install/camera_model:${AMENT_PREFIX_PATH} CMAKE_PREFIX_PATH=/home/orangepi/Desktop/SparkCar_ROS2_WS/SparkCar_Perception/install/camera_model:/opt/ros/humble LD_LIBRARY_PATH=/home/orangepi/Desktop/SparkCar_ROS2_WS/SparkCar_Perception/install/camera_model/lib:${LD_LIBRARY_PATH} PATH=/home/orangepi/Desktop/SparkCar_ROS2_WS/SparkCar_Perception/install/camera_model/bin:${PATH} /usr/bin/cmake --install /home/orangepi/Desktop/SparkCar_ROS2_WS/SparkCar_Perception/build/vins_estimator
[1.300s] DEBUG:colcon.colcon_core.event_handler.log_command:Invoked command in '/home/orangepi/Desktop/SparkCar_ROS2_WS/SparkCar_Perception/build/pose_graph' returned '0': AMENT_PREFIX_PATH=/home/orangepi/Desktop/SparkCar_ROS2_WS/SparkCar_Perception/install/camera_model:${AMENT_PREFIX_PATH} CMAKE_PREFIX_PATH=/home/orangepi/Desktop/SparkCar_ROS2_WS/SparkCar_Perception/install/camera_model:/opt/ros/humble LD_LIBRARY_PATH=/home/orangepi/Desktop/SparkCar_ROS2_WS/SparkCar_Perception/install/camera_model/lib:${LD_LIBRARY_PATH} PATH=/home/orangepi/Desktop/SparkCar_ROS2_WS/SparkCar_Perception/install/camera_model/bin:${PATH} /usr/bin/cmake --build /home/orangepi/Desktop/SparkCar_ROS2_WS/SparkCar_Perception/build/pose_graph -- -j8 -l8
[1.302s] DEBUG:colcon.colcon_core.event_handler.log_command:Invoking command in '/home/orangepi/Desktop/SparkCar_ROS2_WS/SparkCar_Perception/build/pose_graph': AMENT_PREFIX_PATH=/home/orangepi/Desktop/SparkCar_ROS2_WS/SparkCar_Perception/install/camera_model:${AMENT_PREFIX_PATH} CMAKE_PREFIX_PATH=/home/orangepi/Desktop/SparkCar_ROS2_WS/SparkCar_Perception/install/camera_model:/opt/ros/humble LD_LIBRARY_PATH=/home/orangepi/Desktop/SparkCar_ROS2_WS/SparkCar_Perception/install/camera_model/lib:${LD_LIBRARY_PATH} PATH=/home/orangepi/Desktop/SparkCar_ROS2_WS/SparkCar_Perception/install/camera_model/bin:${PATH} /usr/bin/cmake --install /home/orangepi/Desktop/SparkCar_ROS2_WS/SparkCar_Perception/build/pose_graph
[1.304s] Level 1:colcon.colcon_core.environment:create_environment_scripts_only(realsense2_camera_msgs)
[1.305s] Level 1:colcon.colcon_core.environment:checking '/home/orangepi/Desktop/SparkCar_ROS2_WS/SparkCar_Perception/install/realsense2_camera_msgs' for CMake module files
[1.306s] DEBUG:colcon.colcon_core.event_handler.log_command:Invoked command in '/home/orangepi/Desktop/SparkCar_ROS2_WS/SparkCar_Perception/build/realsense2_camera_msgs' returned '0': CMAKE_PREFIX_PATH=/opt/ros/humble /usr/bin/cmake --install /home/orangepi/Desktop/SparkCar_ROS2_WS/SparkCar_Perception/build/realsense2_camera_msgs
[1.307s] Level 1:colcon.colcon_core.environment:checking '/home/orangepi/Desktop/SparkCar_ROS2_WS/SparkCar_Perception/install/realsense2_camera_msgs' for CMake config files
[1.308s] Level 1:colcon.colcon_core.shell:create_environment_hook('realsense2_camera_msgs', 'cmake_prefix_path')
[1.309s] INFO:colcon.colcon_core.shell:Creating environment hook '/home/orangepi/Desktop/SparkCar_ROS2_WS/SparkCar_Perception/install/realsense2_camera_msgs/share/realsense2_camera_msgs/hook/cmake_prefix_path.ps1'
[1.310s] INFO:colcon.colcon_core.shell:Creating environment descriptor '/home/orangepi/Desktop/SparkCar_ROS2_WS/SparkCar_Perception/install/realsense2_camera_msgs/share/realsense2_camera_msgs/hook/cmake_prefix_path.dsv'
[1.310s] INFO:colcon.colcon_core.shell:Creating environment hook '/home/orangepi/Desktop/SparkCar_ROS2_WS/SparkCar_Perception/install/realsense2_camera_msgs/share/realsense2_camera_msgs/hook/cmake_prefix_path.sh'
[1.311s] Level 1:colcon.colcon_core.environment:checking '/home/orangepi/Desktop/SparkCar_ROS2_WS/SparkCar_Perception/install/realsense2_camera_msgs/lib'
[1.311s] Level 1:colcon.colcon_core.shell:create_environment_hook('realsense2_camera_msgs', 'ld_library_path_lib')
[1.312s] INFO:colcon.colcon_core.shell:Creating environment hook '/home/orangepi/Desktop/SparkCar_ROS2_WS/SparkCar_Perception/install/realsense2_camera_msgs/share/realsense2_camera_msgs/hook/ld_library_path_lib.ps1'
[1.312s] INFO:colcon.colcon_core.shell:Creating environment descriptor '/home/orangepi/Desktop/SparkCar_ROS2_WS/SparkCar_Perception/install/realsense2_camera_msgs/share/realsense2_camera_msgs/hook/ld_library_path_lib.dsv'
[1.313s] INFO:colcon.colcon_core.shell:Creating environment hook '/home/orangepi/Desktop/SparkCar_ROS2_WS/SparkCar_Perception/install/realsense2_camera_msgs/share/realsense2_camera_msgs/hook/ld_library_path_lib.sh'
[1.314s] Level 1:colcon.colcon_core.environment:checking '/home/orangepi/Desktop/SparkCar_ROS2_WS/SparkCar_Perception/install/realsense2_camera_msgs/bin'
[1.314s] Level 1:colcon.colcon_core.environment:checking '/home/orangepi/Desktop/SparkCar_ROS2_WS/SparkCar_Perception/install/realsense2_camera_msgs/lib/pkgconfig/realsense2_camera_msgs.pc'
[1.314s] Level 1:colcon.colcon_core.environment:checking '/home/orangepi/Desktop/SparkCar_ROS2_WS/SparkCar_Perception/install/realsense2_camera_msgs/lib/python3.10/site-packages'
[1.315s] Level 1:colcon.colcon_core.environment:checking '/home/orangepi/Desktop/SparkCar_ROS2_WS/SparkCar_Perception/install/realsense2_camera_msgs/bin'
[1.315s] INFO:colcon.colcon_core.shell:Creating package script '/home/orangepi/Desktop/SparkCar_ROS2_WS/SparkCar_Perception/install/realsense2_camera_msgs/share/realsense2_camera_msgs/package.ps1'
[1.319s] INFO:colcon.colcon_core.shell:Creating package descriptor '/home/orangepi/Desktop/SparkCar_ROS2_WS/SparkCar_Perception/install/realsense2_camera_msgs/share/realsense2_camera_msgs/package.dsv'
[1.319s] INFO:colcon.colcon_core.shell:Creating package script '/home/orangepi/Desktop/SparkCar_ROS2_WS/SparkCar_Perception/install/realsense2_camera_msgs/share/realsense2_camera_msgs/package.sh'
[1.321s] INFO:colcon.colcon_core.shell:Creating package script '/home/orangepi/Desktop/SparkCar_ROS2_WS/SparkCar_Perception/install/realsense2_camera_msgs/share/realsense2_camera_msgs/package.bash'
[1.321s] INFO:colcon.colcon_core.shell:Creating package script '/home/orangepi/Desktop/SparkCar_ROS2_WS/SparkCar_Perception/install/realsense2_camera_msgs/share/realsense2_camera_msgs/package.zsh'
[1.322s] Level 1:colcon.colcon_core.environment:create_file_with_runtime_dependencies(/home/orangepi/Desktop/SparkCar_ROS2_WS/SparkCar_Perception/install/realsense2_camera_msgs/share/colcon-core/packages/realsense2_camera_msgs)
[1.323s] Level 1:colcon.colcon_core.environment:create_environment_scripts_only(realsense2_camera_msgs)
[1.324s] Level 1:colcon.colcon_core.environment:checking '/home/orangepi/Desktop/SparkCar_ROS2_WS/SparkCar_Perception/install/realsense2_camera_msgs' for CMake module files
[1.325s] Level 1:colcon.colcon_core.environment:checking '/home/orangepi/Desktop/SparkCar_ROS2_WS/SparkCar_Perception/install/realsense2_camera_msgs' for CMake config files
[1.326s] Level 1:colcon.colcon_core.shell:create_environment_hook('realsense2_camera_msgs', 'cmake_prefix_path')
[1.326s] INFO:colcon.colcon_core.shell:Creating environment hook '/home/orangepi/Desktop/SparkCar_ROS2_WS/SparkCar_Perception/install/realsense2_camera_msgs/share/realsense2_camera_msgs/hook/cmake_prefix_path.ps1'
[1.328s] INFO:colcon.colcon_core.shell:Creating environment descriptor '/home/orangepi/Desktop/SparkCar_ROS2_WS/SparkCar_Perception/install/realsense2_camera_msgs/share/realsense2_camera_msgs/hook/cmake_prefix_path.dsv'
[1.329s] INFO:colcon.colcon_core.shell:Creating environment hook '/home/orangepi/Desktop/SparkCar_ROS2_WS/SparkCar_Perception/install/realsense2_camera_msgs/share/realsense2_camera_msgs/hook/cmake_prefix_path.sh'
[1.332s] Level 1:colcon.colcon_core.environment:checking '/home/orangepi/Desktop/SparkCar_ROS2_WS/SparkCar_Perception/install/realsense2_camera_msgs/lib'
[1.332s] Level 1:colcon.colcon_core.shell:create_environment_hook('realsense2_camera_msgs', 'ld_library_path_lib')
[1.333s] INFO:colcon.colcon_core.shell:Creating environment hook '/home/orangepi/Desktop/SparkCar_ROS2_WS/SparkCar_Perception/install/realsense2_camera_msgs/share/realsense2_camera_msgs/hook/ld_library_path_lib.ps1'
[1.334s] INFO:colcon.colcon_core.shell:Creating environment descriptor '/home/orangepi/Desktop/SparkCar_ROS2_WS/SparkCar_Perception/install/realsense2_camera_msgs/share/realsense2_camera_msgs/hook/ld_library_path_lib.dsv'
[1.334s] INFO:colcon.colcon_core.shell:Creating environment hook '/home/orangepi/Desktop/SparkCar_ROS2_WS/SparkCar_Perception/install/realsense2_camera_msgs/share/realsense2_camera_msgs/hook/ld_library_path_lib.sh'
[1.335s] Level 1:colcon.colcon_core.environment:checking '/home/orangepi/Desktop/SparkCar_ROS2_WS/SparkCar_Perception/install/realsense2_camera_msgs/bin'
[1.335s] Level 1:colcon.colcon_core.environment:checking '/home/orangepi/Desktop/SparkCar_ROS2_WS/SparkCar_Perception/install/realsense2_camera_msgs/lib/pkgconfig/realsense2_camera_msgs.pc'
[1.335s] Level 1:colcon.colcon_core.environment:checking '/home/orangepi/Desktop/SparkCar_ROS2_WS/SparkCar_Perception/install/realsense2_camera_msgs/lib/python3.10/site-packages'
[1.336s] Level 1:colcon.colcon_core.environment:checking '/home/orangepi/Desktop/SparkCar_ROS2_WS/SparkCar_Perception/install/realsense2_camera_msgs/bin'
[1.336s] INFO:colcon.colcon_core.shell:Creating package script '/home/orangepi/Desktop/SparkCar_ROS2_WS/SparkCar_Perception/install/realsense2_camera_msgs/share/realsense2_camera_msgs/package.ps1'
[1.337s] INFO:colcon.colcon_core.shell:Creating package descriptor '/home/orangepi/Desktop/SparkCar_ROS2_WS/SparkCar_Perception/install/realsense2_camera_msgs/share/realsense2_camera_msgs/package.dsv'
[1.338s] INFO:colcon.colcon_core.shell:Creating package script '/home/orangepi/Desktop/SparkCar_ROS2_WS/SparkCar_Perception/install/realsense2_camera_msgs/share/realsense2_camera_msgs/package.sh'
[1.338s] INFO:colcon.colcon_core.shell:Creating package script '/home/orangepi/Desktop/SparkCar_ROS2_WS/SparkCar_Perception/install/realsense2_camera_msgs/share/realsense2_camera_msgs/package.bash'
[1.339s] INFO:colcon.colcon_core.shell:Creating package script '/home/orangepi/Desktop/SparkCar_ROS2_WS/SparkCar_Perception/install/realsense2_camera_msgs/share/realsense2_camera_msgs/package.zsh'
[1.339s] Level 1:colcon.colcon_core.environment:create_file_with_runtime_dependencies(/home/orangepi/Desktop/SparkCar_ROS2_WS/SparkCar_Perception/install/realsense2_camera_msgs/share/colcon-core/packages/realsense2_camera_msgs)
[1.340s] INFO:colcon.colcon_ros.task.ament_cmake.build:Building ROS package in '/home/orangepi/Desktop/SparkCar_ROS2_WS/SparkCar_Perception/src/realsense-ros/realsense2_camera' with build type 'ament_cmake'
[1.340s] INFO:colcon.colcon_cmake.task.cmake.build:Building CMake package in '/home/orangepi/Desktop/SparkCar_ROS2_WS/SparkCar_Perception/src/realsense-ros/realsense2_camera'
[1.341s] INFO:colcon.colcon_core.shell:Skip shell extension 'powershell' for command environment: Not usable outside of PowerShell
[1.341s] DEBUG:colcon.colcon_core.shell:Skip shell extension 'dsv' for command environment
[1.345s] INFO:colcon.colcon_ros.task.ament_cmake.build:Building ROS package in '/home/orangepi/Desktop/SparkCar_ROS2_WS/SparkCar_Perception/src/realsense-ros/realsense2_description' with build type 'ament_cmake'
[1.345s] INFO:colcon.colcon_cmake.task.cmake.build:Building CMake package in '/home/orangepi/Desktop/SparkCar_ROS2_WS/SparkCar_Perception/src/realsense-ros/realsense2_description'
[1.345s] INFO:colcon.colcon_core.shell:Skip shell extension 'powershell' for command environment: Not usable outside of PowerShell
[1.345s] DEBUG:colcon.colcon_core.shell:Skip shell extension 'dsv' for command environment
[1.352s] Level 1:colcon.colcon_core.environment:create_environment_scripts_only(pose_graph)
[1.353s] DEBUG:colcon.colcon_core.event_handler.log_command:Invoked command in '/home/orangepi/Desktop/SparkCar_ROS2_WS/SparkCar_Perception/build/pose_graph' returned '0': AMENT_PREFIX_PATH=/home/orangepi/Desktop/SparkCar_ROS2_WS/SparkCar_Perception/install/camera_model:${AMENT_PREFIX_PATH} CMAKE_PREFIX_PATH=/home/orangepi/Desktop/SparkCar_ROS2_WS/SparkCar_Perception/install/camera_model:/opt/ros/humble LD_LIBRARY_PATH=/home/orangepi/Desktop/SparkCar_ROS2_WS/SparkCar_Perception/install/camera_model/lib:${LD_LIBRARY_PATH} PATH=/home/orangepi/Desktop/SparkCar_ROS2_WS/SparkCar_Perception/install/camera_model/bin:${PATH} /usr/bin/cmake --install /home/orangepi/Desktop/SparkCar_ROS2_WS/SparkCar_Perception/build/pose_graph
[1.354s] Level 1:colcon.colcon_core.environment:checking '/home/orangepi/Desktop/SparkCar_ROS2_WS/SparkCar_Perception/install/pose_graph' for CMake module files
[1.355s] Level 1:colcon.colcon_core.environment:checking '/home/orangepi/Desktop/SparkCar_ROS2_WS/SparkCar_Perception/install/pose_graph' for CMake config files
[1.355s] Level 1:colcon.colcon_core.shell:create_environment_hook('pose_graph', 'cmake_prefix_path')
[1.355s] INFO:colcon.colcon_core.shell:Creating environment hook '/home/orangepi/Desktop/SparkCar_ROS2_WS/SparkCar_Perception/install/pose_graph/share/pose_graph/hook/cmake_prefix_path.ps1'
[1.356s] INFO:colcon.colcon_core.shell:Creating environment descriptor '/home/orangepi/Desktop/SparkCar_ROS2_WS/SparkCar_Perception/install/pose_graph/share/pose_graph/hook/cmake_prefix_path.dsv'
[1.357s] INFO:colcon.colcon_core.shell:Creating environment hook '/home/orangepi/Desktop/SparkCar_ROS2_WS/SparkCar_Perception/install/pose_graph/share/pose_graph/hook/cmake_prefix_path.sh'
[1.358s] Level 1:colcon.colcon_core.environment:checking '/home/orangepi/Desktop/SparkCar_ROS2_WS/SparkCar_Perception/install/pose_graph/lib'
[1.358s] Level 1:colcon.colcon_core.environment:checking '/home/orangepi/Desktop/SparkCar_ROS2_WS/SparkCar_Perception/install/pose_graph/bin'
[1.358s] Level 1:colcon.colcon_core.environment:checking '/home/orangepi/Desktop/SparkCar_ROS2_WS/SparkCar_Perception/install/pose_graph/lib/pkgconfig/pose_graph.pc'
[1.358s] Level 1:colcon.colcon_core.environment:checking '/home/orangepi/Desktop/SparkCar_ROS2_WS/SparkCar_Perception/install/pose_graph/lib/python3.10/site-packages'
[1.359s] Level 1:colcon.colcon_core.environment:checking '/home/orangepi/Desktop/SparkCar_ROS2_WS/SparkCar_Perception/install/pose_graph/bin'
[1.359s] INFO:colcon.colcon_core.shell:Creating package script '/home/orangepi/Desktop/SparkCar_ROS2_WS/SparkCar_Perception/install/pose_graph/share/pose_graph/package.ps1'
[1.360s] INFO:colcon.colcon_core.shell:Creating package descriptor '/home/orangepi/Desktop/SparkCar_ROS2_WS/SparkCar_Perception/install/pose_graph/share/pose_graph/package.dsv'
[1.360s] INFO:colcon.colcon_core.shell:Creating package script '/home/orangepi/Desktop/SparkCar_ROS2_WS/SparkCar_Perception/install/pose_graph/share/pose_graph/package.sh'
[1.361s] INFO:colcon.colcon_core.shell:Creating package script '/home/orangepi/Desktop/SparkCar_ROS2_WS/SparkCar_Perception/install/pose_graph/share/pose_graph/package.bash'
[1.362s] INFO:colcon.colcon_core.shell:Creating package script '/home/orangepi/Desktop/SparkCar_ROS2_WS/SparkCar_Perception/install/pose_graph/share/pose_graph/package.zsh'
[1.362s] Level 1:colcon.colcon_core.environment:create_file_with_runtime_dependencies(/home/orangepi/Desktop/SparkCar_ROS2_WS/SparkCar_Perception/install/pose_graph/share/colcon-core/packages/pose_graph)
[1.363s] Level 1:colcon.colcon_core.environment:create_environment_scripts_only(pose_graph)
[1.363s] Level 1:colcon.colcon_core.environment:checking '/home/orangepi/Desktop/SparkCar_ROS2_WS/SparkCar_Perception/install/pose_graph' for CMake module files
[1.364s] Level 1:colcon.colcon_core.environment:checking '/home/orangepi/Desktop/SparkCar_ROS2_WS/SparkCar_Perception/install/pose_graph' for CMake config files
[1.364s] Level 1:colcon.colcon_core.shell:create_environment_hook('pose_graph', 'cmake_prefix_path')
[1.365s] INFO:colcon.colcon_core.shell:Creating environment hook '/home/orangepi/Desktop/SparkCar_ROS2_WS/SparkCar_Perception/install/pose_graph/share/pose_graph/hook/cmake_prefix_path.ps1'
[1.365s] INFO:colcon.colcon_core.shell:Creating environment descriptor '/home/orangepi/Desktop/SparkCar_ROS2_WS/SparkCar_Perception/install/pose_graph/share/pose_graph/hook/cmake_prefix_path.dsv'
[1.366s] INFO:colcon.colcon_core.shell:Creating environment hook '/home/orangepi/Desktop/SparkCar_ROS2_WS/SparkCar_Perception/install/pose_graph/share/pose_graph/hook/cmake_prefix_path.sh'
[1.367s] Level 1:colcon.colcon_core.environment:checking '/home/orangepi/Desktop/SparkCar_ROS2_WS/SparkCar_Perception/install/pose_graph/lib'
[1.367s] Level 1:colcon.colcon_core.environment:checking '/home/orangepi/Desktop/SparkCar_ROS2_WS/SparkCar_Perception/install/pose_graph/bin'
[1.367s] Level 1:colcon.colcon_core.environment:checking '/home/orangepi/Desktop/SparkCar_ROS2_WS/SparkCar_Perception/install/pose_graph/lib/pkgconfig/pose_graph.pc'
[1.367s] Level 1:colcon.colcon_core.environment:checking '/home/orangepi/Desktop/SparkCar_ROS2_WS/SparkCar_Perception/install/pose_graph/lib/python3.10/site-packages'
[1.368s] Level 1:colcon.colcon_core.environment:checking '/home/orangepi/Desktop/SparkCar_ROS2_WS/SparkCar_Perception/install/pose_graph/bin'
[1.368s] INFO:colcon.colcon_core.shell:Creating package script '/home/orangepi/Desktop/SparkCar_ROS2_WS/SparkCar_Perception/install/pose_graph/share/pose_graph/package.ps1'
[1.369s] INFO:colcon.colcon_core.shell:Creating package descriptor '/home/orangepi/Desktop/SparkCar_ROS2_WS/SparkCar_Perception/install/pose_graph/share/pose_graph/package.dsv'
[1.369s] INFO:colcon.colcon_core.shell:Creating package script '/home/orangepi/Desktop/SparkCar_ROS2_WS/SparkCar_Perception/install/pose_graph/share/pose_graph/package.sh'
[1.370s] INFO:colcon.colcon_core.shell:Creating package script '/home/orangepi/Desktop/SparkCar_ROS2_WS/SparkCar_Perception/install/pose_graph/share/pose_graph/package.bash'
[1.370s] INFO:colcon.colcon_core.shell:Creating package script '/home/orangepi/Desktop/SparkCar_ROS2_WS/SparkCar_Perception/install/pose_graph/share/pose_graph/package.zsh'
[1.371s] Level 1:colcon.colcon_core.environment:create_file_with_runtime_dependencies(/home/orangepi/Desktop/SparkCar_ROS2_WS/SparkCar_Perception/install/pose_graph/share/colcon-core/packages/pose_graph)
[1.376s] DEBUG:colcon.colcon_core.event_handler.log_command:Invoking command in '/home/orangepi/Desktop/SparkCar_ROS2_WS/SparkCar_Perception/build/realsense2_camera': AMENT_PREFIX_PATH=/home/orangepi/Desktop/SparkCar_ROS2_WS/SparkCar_Perception/install/realsense2_camera_msgs:${AMENT_PREFIX_PATH} CMAKE_PREFIX_PATH=/home/orangepi/Desktop/SparkCar_ROS2_WS/SparkCar_Perception/install/realsense2_camera_msgs:/opt/ros/humble LD_LIBRARY_PATH=/home/orangepi/Desktop/SparkCar_ROS2_WS/SparkCar_Perception/install/realsense2_camera_msgs/lib:${LD_LIBRARY_PATH} PYTHONPATH=/home/orangepi/Desktop/SparkCar_ROS2_WS/SparkCar_Perception/install/realsense2_camera_msgs/local/lib/python3.10/dist-packages:${PYTHONPATH} /usr/bin/cmake --build /home/orangepi/Desktop/SparkCar_ROS2_WS/SparkCar_Perception/build/realsense2_camera -- -j8 -l8
[1.379s] DEBUG:colcon.colcon_core.event_handler.log_command:Invoking command in '/home/orangepi/Desktop/SparkCar_ROS2_WS/SparkCar_Perception/build/realsense2_description': AMENT_PREFIX_PATH=/home/orangepi/Desktop/SparkCar_ROS2_WS/SparkCar_Perception/install/realsense2_camera_msgs:${AMENT_PREFIX_PATH} CMAKE_PREFIX_PATH=/home/orangepi/Desktop/SparkCar_ROS2_WS/SparkCar_Perception/install/realsense2_camera_msgs:/opt/ros/humble LD_LIBRARY_PATH=/home/orangepi/Desktop/SparkCar_ROS2_WS/SparkCar_Perception/install/realsense2_camera_msgs/lib:${LD_LIBRARY_PATH} PYTHONPATH=/home/orangepi/Desktop/SparkCar_ROS2_WS/SparkCar_Perception/install/realsense2_camera_msgs/local/lib/python3.10/dist-packages:${PYTHONPATH} /usr/bin/cmake --build /home/orangepi/Desktop/SparkCar_ROS2_WS/SparkCar_Perception/build/realsense2_description -- -j8 -l8
[1.495s] DEBUG:colcon.colcon_core.event_handler.log_command:Invoked command in '/home/orangepi/Desktop/SparkCar_ROS2_WS/SparkCar_Perception/build/realsense2_description' returned '0': AMENT_PREFIX_PATH=/home/orangepi/Desktop/SparkCar_ROS2_WS/SparkCar_Perception/install/realsense2_camera_msgs:${AMENT_PREFIX_PATH} CMAKE_PREFIX_PATH=/home/orangepi/Desktop/SparkCar_ROS2_WS/SparkCar_Perception/install/realsense2_camera_msgs:/opt/ros/humble LD_LIBRARY_PATH=/home/orangepi/Desktop/SparkCar_ROS2_WS/SparkCar_Perception/install/realsense2_camera_msgs/lib:${LD_LIBRARY_PATH} PYTHONPATH=/home/orangepi/Desktop/SparkCar_ROS2_WS/SparkCar_Perception/install/realsense2_camera_msgs/local/lib/python3.10/dist-packages:${PYTHONPATH} /usr/bin/cmake --build /home/orangepi/Desktop/SparkCar_ROS2_WS/SparkCar_Perception/build/realsense2_description -- -j8 -l8
[1.498s] DEBUG:colcon.colcon_core.event_handler.log_command:Invoking command in '/home/orangepi/Desktop/SparkCar_ROS2_WS/SparkCar_Perception/build/realsense2_description': AMENT_PREFIX_PATH=/home/orangepi/Desktop/SparkCar_ROS2_WS/SparkCar_Perception/install/realsense2_camera_msgs:${AMENT_PREFIX_PATH} CMAKE_PREFIX_PATH=/home/orangepi/Desktop/SparkCar_ROS2_WS/SparkCar_Perception/install/realsense2_camera_msgs:/opt/ros/humble LD_LIBRARY_PATH=/home/orangepi/Desktop/SparkCar_ROS2_WS/SparkCar_Perception/install/realsense2_camera_msgs/lib:${LD_LIBRARY_PATH} PYTHONPATH=/home/orangepi/Desktop/SparkCar_ROS2_WS/SparkCar_Perception/install/realsense2_camera_msgs/local/lib/python3.10/dist-packages:${PYTHONPATH} /usr/bin/cmake --install /home/orangepi/Desktop/SparkCar_ROS2_WS/SparkCar_Perception/build/realsense2_description
[1.514s] Level 1:colcon.colcon_core.environment:create_environment_scripts_only(realsense2_description)
[1.515s] Level 1:colcon.colcon_core.environment:checking '/home/orangepi/Desktop/SparkCar_ROS2_WS/SparkCar_Perception/install/realsense2_description' for CMake module files
[1.516s] DEBUG:colcon.colcon_core.event_handler.log_command:Invoked command in '/home/orangepi/Desktop/SparkCar_ROS2_WS/SparkCar_Perception/build/realsense2_description' returned '0': AMENT_PREFIX_PATH=/home/orangepi/Desktop/SparkCar_ROS2_WS/SparkCar_Perception/install/realsense2_camera_msgs:${AMENT_PREFIX_PATH} CMAKE_PREFIX_PATH=/home/orangepi/Desktop/SparkCar_ROS2_WS/SparkCar_Perception/install/realsense2_camera_msgs:/opt/ros/humble LD_LIBRARY_PATH=/home/orangepi/Desktop/SparkCar_ROS2_WS/SparkCar_Perception/install/realsense2_camera_msgs/lib:${LD_LIBRARY_PATH} PYTHONPATH=/home/orangepi/Desktop/SparkCar_ROS2_WS/SparkCar_Perception/install/realsense2_camera_msgs/local/lib/python3.10/dist-packages:${PYTHONPATH} /usr/bin/cmake --install /home/orangepi/Desktop/SparkCar_ROS2_WS/SparkCar_Perception/build/realsense2_description
[1.518s] Level 1:colcon.colcon_core.environment:checking '/home/orangepi/Desktop/SparkCar_ROS2_WS/SparkCar_Perception/install/realsense2_description' for CMake config files
[1.520s] Level 1:colcon.colcon_core.shell:create_environment_hook('realsense2_description', 'cmake_prefix_path')
[1.521s] INFO:colcon.colcon_core.shell:Creating environment hook '/home/orangepi/Desktop/SparkCar_ROS2_WS/SparkCar_Perception/install/realsense2_description/share/realsense2_description/hook/cmake_prefix_path.ps1'
[1.523s] INFO:colcon.colcon_core.shell:Creating environment descriptor '/home/orangepi/Desktop/SparkCar_ROS2_WS/SparkCar_Perception/install/realsense2_description/share/realsense2_description/hook/cmake_prefix_path.dsv'
[1.525s] INFO:colcon.colcon_core.shell:Creating environment hook '/home/orangepi/Desktop/SparkCar_ROS2_WS/SparkCar_Perception/install/realsense2_description/share/realsense2_description/hook/cmake_prefix_path.sh'
[1.527s] Level 1:colcon.colcon_core.environment:checking '/home/orangepi/Desktop/SparkCar_ROS2_WS/SparkCar_Perception/install/realsense2_description/bin'
[1.527s] Level 1:colcon.colcon_core.environment:checking '/home/orangepi/Desktop/SparkCar_ROS2_WS/SparkCar_Perception/install/realsense2_description/lib/pkgconfig/realsense2_description.pc'
[1.528s] Level 1:colcon.colcon_core.environment:checking '/home/orangepi/Desktop/SparkCar_ROS2_WS/SparkCar_Perception/install/realsense2_description/lib/python3.10/site-packages'
[1.529s] Level 1:colcon.colcon_core.environment:checking '/home/orangepi/Desktop/SparkCar_ROS2_WS/SparkCar_Perception/install/realsense2_description/bin'
[1.529s] INFO:colcon.colcon_core.shell:Creating package script '/home/orangepi/Desktop/SparkCar_ROS2_WS/SparkCar_Perception/install/realsense2_description/share/realsense2_description/package.ps1'
[1.531s] INFO:colcon.colcon_core.shell:Creating package descriptor '/home/orangepi/Desktop/SparkCar_ROS2_WS/SparkCar_Perception/install/realsense2_description/share/realsense2_description/package.dsv'
[1.532s] INFO:colcon.colcon_core.shell:Creating package script '/home/orangepi/Desktop/SparkCar_ROS2_WS/SparkCar_Perception/install/realsense2_description/share/realsense2_description/package.sh'
[1.533s] INFO:colcon.colcon_core.shell:Creating package script '/home/orangepi/Desktop/SparkCar_ROS2_WS/SparkCar_Perception/install/realsense2_description/share/realsense2_description/package.bash'
[1.534s] INFO:colcon.colcon_core.shell:Creating package script '/home/orangepi/Desktop/SparkCar_ROS2_WS/SparkCar_Perception/install/realsense2_description/share/realsense2_description/package.zsh'
[1.535s] Level 1:colcon.colcon_core.environment:create_file_with_runtime_dependencies(/home/orangepi/Desktop/SparkCar_ROS2_WS/SparkCar_Perception/install/realsense2_description/share/colcon-core/packages/realsense2_description)
[1.536s] Level 1:colcon.colcon_core.environment:create_environment_scripts_only(realsense2_description)
[1.536s] Level 1:colcon.colcon_core.environment:checking '/home/orangepi/Desktop/SparkCar_ROS2_WS/SparkCar_Perception/install/realsense2_description' for CMake module files
[1.537s] Level 1:colcon.colcon_core.environment:checking '/home/orangepi/Desktop/SparkCar_ROS2_WS/SparkCar_Perception/install/realsense2_description' for CMake config files
[1.537s] Level 1:colcon.colcon_core.shell:create_environment_hook('realsense2_description', 'cmake_prefix_path')
[1.538s] INFO:colcon.colcon_core.shell:Creating environment hook '/home/orangepi/Desktop/SparkCar_ROS2_WS/SparkCar_Perception/install/realsense2_description/share/realsense2_description/hook/cmake_prefix_path.ps1'
[1.538s] INFO:colcon.colcon_core.shell:Creating environment descriptor '/home/orangepi/Desktop/SparkCar_ROS2_WS/SparkCar_Perception/install/realsense2_description/share/realsense2_description/hook/cmake_prefix_path.dsv'
[1.539s] INFO:colcon.colcon_core.shell:Creating environment hook '/home/orangepi/Desktop/SparkCar_ROS2_WS/SparkCar_Perception/install/realsense2_description/share/realsense2_description/hook/cmake_prefix_path.sh'
[1.540s] Level 1:colcon.colcon_core.environment:checking '/home/orangepi/Desktop/SparkCar_ROS2_WS/SparkCar_Perception/install/realsense2_description/bin'
[1.540s] Level 1:colcon.colcon_core.environment:checking '/home/orangepi/Desktop/SparkCar_ROS2_WS/SparkCar_Perception/install/realsense2_description/lib/pkgconfig/realsense2_description.pc'
[1.540s] Level 1:colcon.colcon_core.environment:checking '/home/orangepi/Desktop/SparkCar_ROS2_WS/SparkCar_Perception/install/realsense2_description/lib/python3.10/site-packages'
[1.541s] Level 1:colcon.colcon_core.environment:checking '/home/orangepi/Desktop/SparkCar_ROS2_WS/SparkCar_Perception/install/realsense2_description/bin'
[1.542s] INFO:colcon.colcon_core.shell:Creating package script '/home/orangepi/Desktop/SparkCar_ROS2_WS/SparkCar_Perception/install/realsense2_description/share/realsense2_description/package.ps1'
[1.543s] INFO:colcon.colcon_core.shell:Creating package descriptor '/home/orangepi/Desktop/SparkCar_ROS2_WS/SparkCar_Perception/install/realsense2_description/share/realsense2_description/package.dsv'
[1.545s] INFO:colcon.colcon_core.shell:Creating package script '/home/orangepi/Desktop/SparkCar_ROS2_WS/SparkCar_Perception/install/realsense2_description/share/realsense2_description/package.sh'
[1.546s] INFO:colcon.colcon_core.shell:Creating package script '/home/orangepi/Desktop/SparkCar_ROS2_WS/SparkCar_Perception/install/realsense2_description/share/realsense2_description/package.bash'
[1.546s] INFO:colcon.colcon_core.shell:Creating package script '/home/orangepi/Desktop/SparkCar_ROS2_WS/SparkCar_Perception/install/realsense2_description/share/realsense2_description/package.zsh'
[1.547s] Level 1:colcon.colcon_core.environment:create_file_with_runtime_dependencies(/home/orangepi/Desktop/SparkCar_ROS2_WS/SparkCar_Perception/install/realsense2_description/share/colcon-core/packages/realsense2_description)
[1.586s] DEBUG:colcon.colcon_core.event_handler.log_command:Invoked command in '/home/orangepi/Desktop/SparkCar_ROS2_WS/SparkCar_Perception/build/realsense2_camera' returned '0': AMENT_PREFIX_PATH=/home/orangepi/Desktop/SparkCar_ROS2_WS/SparkCar_Perception/install/realsense2_camera_msgs:${AMENT_PREFIX_PATH} CMAKE_PREFIX_PATH=/home/orangepi/Desktop/SparkCar_ROS2_WS/SparkCar_Perception/install/realsense2_camera_msgs:/opt/ros/humble LD_LIBRARY_PATH=/home/orangepi/Desktop/SparkCar_ROS2_WS/SparkCar_Perception/install/realsense2_camera_msgs/lib:${LD_LIBRARY_PATH} PYTHONPATH=/home/orangepi/Desktop/SparkCar_ROS2_WS/SparkCar_Perception/install/realsense2_camera_msgs/local/lib/python3.10/dist-packages:${PYTHONPATH} /usr/bin/cmake --build /home/orangepi/Desktop/SparkCar_ROS2_WS/SparkCar_Perception/build/realsense2_camera -- -j8 -l8
[1.592s] DEBUG:colcon.colcon_core.event_handler.log_command:Invoking command in '/home/orangepi/Desktop/SparkCar_ROS2_WS/SparkCar_Perception/build/realsense2_camera': AMENT_PREFIX_PATH=/home/orangepi/Desktop/SparkCar_ROS2_WS/SparkCar_Perception/install/realsense2_camera_msgs:${AMENT_PREFIX_PATH} CMAKE_PREFIX_PATH=/home/orangepi/Desktop/SparkCar_ROS2_WS/SparkCar_Perception/install/realsense2_camera_msgs:/opt/ros/humble LD_LIBRARY_PATH=/home/orangepi/Desktop/SparkCar_ROS2_WS/SparkCar_Perception/install/realsense2_camera_msgs/lib:${LD_LIBRARY_PATH} PYTHONPATH=/home/orangepi/Desktop/SparkCar_ROS2_WS/SparkCar_Perception/install/realsense2_camera_msgs/local/lib/python3.10/dist-packages:${PYTHONPATH} /usr/bin/cmake --install /home/orangepi/Desktop/SparkCar_ROS2_WS/SparkCar_Perception/build/realsense2_camera
[1.636s] Level 1:colcon.colcon_core.environment:create_environment_scripts_only(realsense2_camera)
[1.638s] Level 1:colcon.colcon_core.environment:checking '/home/orangepi/Desktop/SparkCar_ROS2_WS/SparkCar_Perception/install/realsense2_camera' for CMake module files
[1.639s] DEBUG:colcon.colcon_core.event_handler.log_command:Invoked command in '/home/orangepi/Desktop/SparkCar_ROS2_WS/SparkCar_Perception/build/realsense2_camera' returned '0': AMENT_PREFIX_PATH=/home/orangepi/Desktop/SparkCar_ROS2_WS/SparkCar_Perception/install/realsense2_camera_msgs:${AMENT_PREFIX_PATH} CMAKE_PREFIX_PATH=/home/orangepi/Desktop/SparkCar_ROS2_WS/SparkCar_Perception/install/realsense2_camera_msgs:/opt/ros/humble LD_LIBRARY_PATH=/home/orangepi/Desktop/SparkCar_ROS2_WS/SparkCar_Perception/install/realsense2_camera_msgs/lib:${LD_LIBRARY_PATH} PYTHONPATH=/home/orangepi/Desktop/SparkCar_ROS2_WS/SparkCar_Perception/install/realsense2_camera_msgs/local/lib/python3.10/dist-packages:${PYTHONPATH} /usr/bin/cmake --install /home/orangepi/Desktop/SparkCar_ROS2_WS/SparkCar_Perception/build/realsense2_camera
[1.641s] Level 1:colcon.colcon_core.environment:checking '/home/orangepi/Desktop/SparkCar_ROS2_WS/SparkCar_Perception/install/realsense2_camera' for CMake config files
[1.642s] Level 1:colcon.colcon_core.shell:create_environment_hook('realsense2_camera', 'cmake_prefix_path')
[1.643s] INFO:colcon.colcon_core.shell:Creating environment hook '/home/orangepi/Desktop/SparkCar_ROS2_WS/SparkCar_Perception/install/realsense2_camera/share/realsense2_camera/hook/cmake_prefix_path.ps1'
[1.645s] INFO:colcon.colcon_core.shell:Creating environment descriptor '/home/orangepi/Desktop/SparkCar_ROS2_WS/SparkCar_Perception/install/realsense2_camera/share/realsense2_camera/hook/cmake_prefix_path.dsv'
[1.646s] INFO:colcon.colcon_core.shell:Creating environment hook '/home/orangepi/Desktop/SparkCar_ROS2_WS/SparkCar_Perception/install/realsense2_camera/share/realsense2_camera/hook/cmake_prefix_path.sh'
[1.648s] Level 1:colcon.colcon_core.environment:checking '/home/orangepi/Desktop/SparkCar_ROS2_WS/SparkCar_Perception/install/realsense2_camera/lib'
[1.649s] Level 1:colcon.colcon_core.shell:create_environment_hook('realsense2_camera', 'ld_library_path_lib')
[1.650s] INFO:colcon.colcon_core.shell:Creating environment hook '/home/orangepi/Desktop/SparkCar_ROS2_WS/SparkCar_Perception/install/realsense2_camera/share/realsense2_camera/hook/ld_library_path_lib.ps1'
[1.653s] INFO:colcon.colcon_core.shell:Creating environment descriptor '/home/orangepi/Desktop/SparkCar_ROS2_WS/SparkCar_Perception/install/realsense2_camera/share/realsense2_camera/hook/ld_library_path_lib.dsv'
[1.656s] INFO:colcon.colcon_core.shell:Creating environment hook '/home/orangepi/Desktop/SparkCar_ROS2_WS/SparkCar_Perception/install/realsense2_camera/share/realsense2_camera/hook/ld_library_path_lib.sh'
[1.658s] Level 1:colcon.colcon_core.environment:checking '/home/orangepi/Desktop/SparkCar_ROS2_WS/SparkCar_Perception/install/realsense2_camera/bin'
[1.658s] Level 1:colcon.colcon_core.environment:checking '/home/orangepi/Desktop/SparkCar_ROS2_WS/SparkCar_Perception/install/realsense2_camera/lib/pkgconfig/realsense2_camera.pc'
[1.659s] Level 1:colcon.colcon_core.environment:checking '/home/orangepi/Desktop/SparkCar_ROS2_WS/SparkCar_Perception/install/realsense2_camera/lib/python3.10/site-packages'
[1.661s] Level 1:colcon.colcon_core.environment:checking '/home/orangepi/Desktop/SparkCar_ROS2_WS/SparkCar_Perception/install/realsense2_camera/bin'
[1.663s] INFO:colcon.colcon_core.shell:Creating package script '/home/orangepi/Desktop/SparkCar_ROS2_WS/SparkCar_Perception/install/realsense2_camera/share/realsense2_camera/package.ps1'
[1.666s] INFO:colcon.colcon_core.shell:Creating package descriptor '/home/orangepi/Desktop/SparkCar_ROS2_WS/SparkCar_Perception/install/realsense2_camera/share/realsense2_camera/package.dsv'
[1.668s] INFO:colcon.colcon_core.shell:Creating package script '/home/orangepi/Desktop/SparkCar_ROS2_WS/SparkCar_Perception/install/realsense2_camera/share/realsense2_camera/package.sh'
[1.670s] INFO:colcon.colcon_core.shell:Creating package script '/home/orangepi/Desktop/SparkCar_ROS2_WS/SparkCar_Perception/install/realsense2_camera/share/realsense2_camera/package.bash'
[1.671s] INFO:colcon.colcon_core.shell:Creating package script '/home/orangepi/Desktop/SparkCar_ROS2_WS/SparkCar_Perception/install/realsense2_camera/share/realsense2_camera/package.zsh'
[1.673s] Level 1:colcon.colcon_core.environment:create_file_with_runtime_dependencies(/home/orangepi/Desktop/SparkCar_ROS2_WS/SparkCar_Perception/install/realsense2_camera/share/colcon-core/packages/realsense2_camera)
[1.675s] Level 1:colcon.colcon_core.environment:create_environment_scripts_only(realsense2_camera)
[1.676s] Level 1:colcon.colcon_core.environment:checking '/home/orangepi/Desktop/SparkCar_ROS2_WS/SparkCar_Perception/install/realsense2_camera' for CMake module files
[1.678s] Level 1:colcon.colcon_core.environment:checking '/home/orangepi/Desktop/SparkCar_ROS2_WS/SparkCar_Perception/install/realsense2_camera' for CMake config files
[1.679s] Level 1:colcon.colcon_core.shell:create_environment_hook('realsense2_camera', 'cmake_prefix_path')
[1.680s] INFO:colcon.colcon_core.shell:Creating environment hook '/home/orangepi/Desktop/SparkCar_ROS2_WS/SparkCar_Perception/install/realsense2_camera/share/realsense2_camera/hook/cmake_prefix_path.ps1'
[1.682s] INFO:colcon.colcon_core.shell:Creating environment descriptor '/home/orangepi/Desktop/SparkCar_ROS2_WS/SparkCar_Perception/install/realsense2_camera/share/realsense2_camera/hook/cmake_prefix_path.dsv'
[1.684s] INFO:colcon.colcon_core.shell:Creating environment hook '/home/orangepi/Desktop/SparkCar_ROS2_WS/SparkCar_Perception/install/realsense2_camera/share/realsense2_camera/hook/cmake_prefix_path.sh'
[1.687s] Level 1:colcon.colcon_core.environment:checking '/home/orangepi/Desktop/SparkCar_ROS2_WS/SparkCar_Perception/install/realsense2_camera/lib'
[1.688s] Level 1:colcon.colcon_core.shell:create_environment_hook('realsense2_camera', 'ld_library_path_lib')
[1.689s] INFO:colcon.colcon_core.shell:Creating environment hook '/home/orangepi/Desktop/SparkCar_ROS2_WS/SparkCar_Perception/install/realsense2_camera/share/realsense2_camera/hook/ld_library_path_lib.ps1'
[1.691s] INFO:colcon.colcon_core.shell:Creating environment descriptor '/home/orangepi/Desktop/SparkCar_ROS2_WS/SparkCar_Perception/install/realsense2_camera/share/realsense2_camera/hook/ld_library_path_lib.dsv'
[1.693s] INFO:colcon.colcon_core.shell:Creating environment hook '/home/orangepi/Desktop/SparkCar_ROS2_WS/SparkCar_Perception/install/realsense2_camera/share/realsense2_camera/hook/ld_library_path_lib.sh'
[1.695s] Level 1:colcon.colcon_core.environment:checking '/home/orangepi/Desktop/SparkCar_ROS2_WS/SparkCar_Perception/install/realsense2_camera/bin'
[1.696s] Level 1:colcon.colcon_core.environment:checking '/home/orangepi/Desktop/SparkCar_ROS2_WS/SparkCar_Perception/install/realsense2_camera/lib/pkgconfig/realsense2_camera.pc'
[1.697s] Level 1:colcon.colcon_core.environment:checking '/home/orangepi/Desktop/SparkCar_ROS2_WS/SparkCar_Perception/install/realsense2_camera/lib/python3.10/site-packages'
[1.699s] Level 1:colcon.colcon_core.environment:checking '/home/orangepi/Desktop/SparkCar_ROS2_WS/SparkCar_Perception/install/realsense2_camera/bin'
[1.701s] INFO:colcon.colcon_core.shell:Creating package script '/home/orangepi/Desktop/SparkCar_ROS2_WS/SparkCar_Perception/install/realsense2_camera/share/realsense2_camera/package.ps1'
[1.705s] INFO:colcon.colcon_core.shell:Creating package descriptor '/home/orangepi/Desktop/SparkCar_ROS2_WS/SparkCar_Perception/install/realsense2_camera/share/realsense2_camera/package.dsv'
[1.707s] INFO:colcon.colcon_core.shell:Creating package script '/home/orangepi/Desktop/SparkCar_ROS2_WS/SparkCar_Perception/install/realsense2_camera/share/realsense2_camera/package.sh'
[1.708s] INFO:colcon.colcon_core.shell:Creating package script '/home/orangepi/Desktop/SparkCar_ROS2_WS/SparkCar_Perception/install/realsense2_camera/share/realsense2_camera/package.bash'
[1.709s] INFO:colcon.colcon_core.shell:Creating package script '/home/orangepi/Desktop/SparkCar_ROS2_WS/SparkCar_Perception/install/realsense2_camera/share/realsense2_camera/package.zsh'
[1.709s] Level 1:colcon.colcon_core.environment:create_file_with_runtime_dependencies(/home/orangepi/Desktop/SparkCar_ROS2_WS/SparkCar_Perception/install/realsense2_camera/share/colcon-core/packages/realsense2_camera)
[1.710s] DEBUG:colcon.colcon_parallel_executor.executor.parallel:closing loop
[1.710s] DEBUG:colcon.colcon_parallel_executor.executor.parallel:loop closed
[1.710s] DEBUG:colcon.colcon_parallel_executor.executor.parallel:run_until_complete finished with '0'
[1.711s] DEBUG:colcon.colcon_core.event_reactor:joining thread
[1.711s] DEBUG:colcon.colcon_core.event_reactor:joined thread
[1.712s] INFO:colcon.colcon_core.shell:Creating prefix script '/home/orangepi/Desktop/SparkCar_ROS2_WS/SparkCar_Perception/install/local_setup.ps1'
[1.713s] INFO:colcon.colcon_core.shell:Creating prefix util module '/home/orangepi/Desktop/SparkCar_ROS2_WS/SparkCar_Perception/install/_local_setup_util_ps1.py'
[1.715s] INFO:colcon.colcon_core.shell:Creating prefix chain script '/home/orangepi/Desktop/SparkCar_ROS2_WS/SparkCar_Perception/install/setup.ps1'
[1.718s] INFO:colcon.colcon_core.shell:Creating prefix script '/home/orangepi/Desktop/SparkCar_ROS2_WS/SparkCar_Perception/install/local_setup.sh'
[1.719s] INFO:colcon.colcon_core.shell:Creating prefix util module '/home/orangepi/Desktop/SparkCar_ROS2_WS/SparkCar_Perception/install/_local_setup_util_sh.py'
[1.721s] INFO:colcon.colcon_core.shell:Creating prefix chain script '/home/orangepi/Desktop/SparkCar_ROS2_WS/SparkCar_Perception/install/setup.sh'
[1.724s] INFO:colcon.colcon_core.shell:Creating prefix script '/home/orangepi/Desktop/SparkCar_ROS2_WS/SparkCar_Perception/install/local_setup.bash'
[1.725s] INFO:colcon.colcon_core.shell:Creating prefix chain script '/home/orangepi/Desktop/SparkCar_ROS2_WS/SparkCar_Perception/install/setup.bash'
[1.727s] INFO:colcon.colcon_core.shell:Creating prefix script '/home/orangepi/Desktop/SparkCar_ROS2_WS/SparkCar_Perception/install/local_setup.zsh'
[1.728s] INFO:colcon.colcon_core.shell:Creating prefix chain script '/home/orangepi/Desktop/SparkCar_ROS2_WS/SparkCar_Perception/install/setup.zsh'
