[0.155s] DEBUG:colcon:Command line arguments: ['/usr/bin/colcon', 'build']
[0.155s] DEBUG:colcon:Parsed command line arguments: Namespace(log_base=None, log_level=None, verb_name='build', build_base='build', install_base='install', merge_install=False, symlink_install=False, test_result_base=None, continue_on_error=False, executor='parallel', parallel_workers=8, event_handlers=None, ignore_user_meta=False, metas=['./colcon.meta'], base_paths=['.'], packages_ignore=None, packages_ignore_regex=None, paths=None, packages_up_to=None, packages_up_to_regex=None, packages_above=None, packages_above_and_dependencies=None, packages_above_depth=None, packages_select_by_dep=None, packages_skip_by_dep=None, packages_skip_up_to=None, packages_select_build_failed=False, packages_skip_build_finished=False, packages_select_test_failures=False, packages_skip_test_passed=False, packages_select=None, packages_skip=None, packages_select_regex=None, packages_skip_regex=None, packages_start=None, packages_end=None, cmake_args=None, cmake_target=None, cmake_target_skip_unavailable=False, cmake_clean_cache=False, cmake_clean_first=False, cmake_force_configure=False, ament_cmake_args=None, catkin_cmake_args=None, catkin_skip_building_tests=False, mixin_files=None, mixin=None, verb_parser=<colcon_mixin.mixin.mixin_argument.MixinArgumentDecorator object at 0x7f8d897b50>, verb_extension=<colcon_core.verb.build.BuildVerb object at 0x7f8d8976a0>, main=<bound method BuildVerb.main of <colcon_core.verb.build.BuildVerb object at 0x7f8d8976a0>>, mixin_verb=('build',))
[0.371s] Level 1:colcon.colcon_core.package_discovery:discover_packages(colcon_meta) check parameters
[0.371s] Level 1:colcon.colcon_core.package_discovery:discover_packages(recursive) check parameters
[0.371s] Level 1:colcon.colcon_core.package_discovery:discover_packages(ignore) check parameters
[0.371s] Level 1:colcon.colcon_core.package_discovery:discover_packages(path) check parameters
[0.371s] Level 1:colcon.colcon_core.package_discovery:discover_packages(colcon_meta) discover
[0.372s] Level 1:colcon.colcon_core.package_discovery:discover_packages(recursive) discover
[0.372s] INFO:colcon.colcon_core.package_discovery:Crawling recursively for packages in '/home/orangepi/Desktop/SparkCar_ROS2_WS/SparkCar_Perception'
[0.372s] Level 1:colcon.colcon_core.package_identification:_identify(.) by extensions ['ignore', 'ignore_ament_install']
[0.372s] Level 1:colcon.colcon_core.package_identification:_identify(.) by extension 'ignore'
[0.372s] Level 1:colcon.colcon_core.package_identification:_identify(.) by extension 'ignore_ament_install'
[0.372s] Level 1:colcon.colcon_core.package_identification:_identify(.) by extensions ['colcon_pkg']
[0.372s] Level 1:colcon.colcon_core.package_identification:_identify(.) by extension 'colcon_pkg'
[0.372s] Level 1:colcon.colcon_core.package_identification:_identify(.) by extensions ['colcon_meta']
[0.372s] Level 1:colcon.colcon_core.package_identification:_identify(.) by extension 'colcon_meta'
[0.372s] Level 1:colcon.colcon_core.package_identification:_identify(.) by extensions ['ros']
[0.372s] Level 1:colcon.colcon_core.package_identification:_identify(.) by extension 'ros'
[0.391s] Level 1:colcon.colcon_core.package_identification:_identify(.) by extensions ['cmake', 'python']
[0.391s] Level 1:colcon.colcon_core.package_identification:_identify(.) by extension 'cmake'
[0.391s] Level 1:colcon.colcon_core.package_identification:_identify(.) by extension 'python'
[0.391s] Level 1:colcon.colcon_core.package_identification:_identify(.) by extensions ['python_setup_py']
[0.391s] Level 1:colcon.colcon_core.package_identification:_identify(.) by extension 'python_setup_py'
[0.392s] Level 1:colcon.colcon_core.package_identification:_identify(build) by extensions ['ignore', 'ignore_ament_install']
[0.392s] Level 1:colcon.colcon_core.package_identification:_identify(build) by extension 'ignore'
[0.392s] Level 1:colcon.colcon_core.package_identification:_identify(build) ignored
[0.392s] Level 1:colcon.colcon_core.package_identification:_identify(install) by extensions ['ignore', 'ignore_ament_install']
[0.392s] Level 1:colcon.colcon_core.package_identification:_identify(install) by extension 'ignore'
[0.392s] Level 1:colcon.colcon_core.package_identification:_identify(install) ignored
[0.392s] Level 1:colcon.colcon_core.package_identification:_identify(log) by extensions ['ignore', 'ignore_ament_install']
[0.392s] Level 1:colcon.colcon_core.package_identification:_identify(log) by extension 'ignore'
[0.392s] Level 1:colcon.colcon_core.package_identification:_identify(log) ignored
[0.393s] Level 1:colcon.colcon_core.package_identification:_identify(src) by extensions ['ignore', 'ignore_ament_install']
[0.393s] Level 1:colcon.colcon_core.package_identification:_identify(src) by extension 'ignore'
[0.393s] Level 1:colcon.colcon_core.package_identification:_identify(src) by extension 'ignore_ament_install'
[0.393s] Level 1:colcon.colcon_core.package_identification:_identify(src) by extensions ['colcon_pkg']
[0.393s] Level 1:colcon.colcon_core.package_identification:_identify(src) by extension 'colcon_pkg'
[0.393s] Level 1:colcon.colcon_core.package_identification:_identify(src) by extensions ['colcon_meta']
[0.393s] Level 1:colcon.colcon_core.package_identification:_identify(src) by extension 'colcon_meta'
[0.393s] Level 1:colcon.colcon_core.package_identification:_identify(src) by extensions ['ros']
[0.393s] Level 1:colcon.colcon_core.package_identification:_identify(src) by extension 'ros'
[0.393s] Level 1:colcon.colcon_core.package_identification:_identify(src) by extensions ['cmake', 'python']
[0.393s] Level 1:colcon.colcon_core.package_identification:_identify(src) by extension 'cmake'
[0.393s] Level 1:colcon.colcon_core.package_identification:_identify(src) by extension 'python'
[0.393s] Level 1:colcon.colcon_core.package_identification:_identify(src) by extensions ['python_setup_py']
[0.393s] Level 1:colcon.colcon_core.package_identification:_identify(src) by extension 'python_setup_py'
[0.393s] Level 1:colcon.colcon_core.package_identification:_identify(src/VINS-Fusion-ROS2) by extensions ['ignore', 'ignore_ament_install']
[0.393s] Level 1:colcon.colcon_core.package_identification:_identify(src/VINS-Fusion-ROS2) by extension 'ignore'
[0.394s] Level 1:colcon.colcon_core.package_identification:_identify(src/VINS-Fusion-ROS2) by extension 'ignore_ament_install'
[0.394s] Level 1:colcon.colcon_core.package_identification:_identify(src/VINS-Fusion-ROS2) by extensions ['colcon_pkg']
[0.394s] Level 1:colcon.colcon_core.package_identification:_identify(src/VINS-Fusion-ROS2) by extension 'colcon_pkg'
[0.394s] Level 1:colcon.colcon_core.package_identification:_identify(src/VINS-Fusion-ROS2) by extensions ['colcon_meta']
[0.394s] Level 1:colcon.colcon_core.package_identification:_identify(src/VINS-Fusion-ROS2) by extension 'colcon_meta'
[0.394s] Level 1:colcon.colcon_core.package_identification:_identify(src/VINS-Fusion-ROS2) by extensions ['ros']
[0.394s] Level 1:colcon.colcon_core.package_identification:_identify(src/VINS-Fusion-ROS2) by extension 'ros'
[0.394s] Level 1:colcon.colcon_core.package_identification:_identify(src/VINS-Fusion-ROS2) by extensions ['cmake', 'python']
[0.394s] Level 1:colcon.colcon_core.package_identification:_identify(src/VINS-Fusion-ROS2) by extension 'cmake'
[0.394s] Level 1:colcon.colcon_core.package_identification:_identify(src/VINS-Fusion-ROS2) by extension 'python'
[0.394s] Level 1:colcon.colcon_core.package_identification:_identify(src/VINS-Fusion-ROS2) by extensions ['python_setup_py']
[0.394s] Level 1:colcon.colcon_core.package_identification:_identify(src/VINS-Fusion-ROS2) by extension 'python_setup_py'
[0.394s] Level 1:colcon.colcon_core.package_identification:_identify(src/VINS-Fusion-ROS2/camera_models) by extensions ['ignore', 'ignore_ament_install']
[0.394s] Level 1:colcon.colcon_core.package_identification:_identify(src/VINS-Fusion-ROS2/camera_models) by extension 'ignore'
[0.394s] Level 1:colcon.colcon_core.package_identification:_identify(src/VINS-Fusion-ROS2/camera_models) by extension 'ignore_ament_install'
[0.394s] Level 1:colcon.colcon_core.package_identification:_identify(src/VINS-Fusion-ROS2/camera_models) by extensions ['colcon_pkg']
[0.394s] Level 1:colcon.colcon_core.package_identification:_identify(src/VINS-Fusion-ROS2/camera_models) by extension 'colcon_pkg'
[0.394s] Level 1:colcon.colcon_core.package_identification:_identify(src/VINS-Fusion-ROS2/camera_models) by extensions ['colcon_meta']
[0.394s] Level 1:colcon.colcon_core.package_identification:_identify(src/VINS-Fusion-ROS2/camera_models) by extension 'colcon_meta'
[0.394s] Level 1:colcon.colcon_core.package_identification:_identify(src/VINS-Fusion-ROS2/camera_models) by extensions ['ros']
[0.394s] Level 1:colcon.colcon_core.package_identification:_identify(src/VINS-Fusion-ROS2/camera_models) by extension 'ros'
[0.399s] DEBUG:colcon.colcon_core.package_identification:Package 'src/VINS-Fusion-ROS2/camera_models' with type 'ros.ament_cmake' and name 'camera_models'
[0.399s] Level 1:colcon.colcon_core.package_identification:_identify(src/VINS-Fusion-ROS2/config) by extensions ['ignore', 'ignore_ament_install']
[0.399s] Level 1:colcon.colcon_core.package_identification:_identify(src/VINS-Fusion-ROS2/config) by extension 'ignore'
[0.399s] Level 1:colcon.colcon_core.package_identification:_identify(src/VINS-Fusion-ROS2/config) by extension 'ignore_ament_install'
[0.400s] Level 1:colcon.colcon_core.package_identification:_identify(src/VINS-Fusion-ROS2/config) by extensions ['colcon_pkg']
[0.400s] Level 1:colcon.colcon_core.package_identification:_identify(src/VINS-Fusion-ROS2/config) by extension 'colcon_pkg'
[0.400s] Level 1:colcon.colcon_core.package_identification:_identify(src/VINS-Fusion-ROS2/config) by extensions ['colcon_meta']
[0.400s] Level 1:colcon.colcon_core.package_identification:_identify(src/VINS-Fusion-ROS2/config) by extension 'colcon_meta'
[0.400s] Level 1:colcon.colcon_core.package_identification:_identify(src/VINS-Fusion-ROS2/config) by extensions ['ros']
[0.400s] Level 1:colcon.colcon_core.package_identification:_identify(src/VINS-Fusion-ROS2/config) by extension 'ros'
[0.400s] Level 1:colcon.colcon_core.package_identification:_identify(src/VINS-Fusion-ROS2/config) by extensions ['cmake', 'python']
[0.400s] Level 1:colcon.colcon_core.package_identification:_identify(src/VINS-Fusion-ROS2/config) by extension 'cmake'
[0.400s] Level 1:colcon.colcon_core.package_identification:_identify(src/VINS-Fusion-ROS2/config) by extension 'python'
[0.400s] Level 1:colcon.colcon_core.package_identification:_identify(src/VINS-Fusion-ROS2/config) by extensions ['python_setup_py']
[0.400s] Level 1:colcon.colcon_core.package_identification:_identify(src/VINS-Fusion-ROS2/config) by extension 'python_setup_py'
[0.400s] Level 1:colcon.colcon_core.package_identification:_identify(src/VINS-Fusion-ROS2/config/A3_ptgrey) by extensions ['ignore', 'ignore_ament_install']
[0.400s] Level 1:colcon.colcon_core.package_identification:_identify(src/VINS-Fusion-ROS2/config/A3_ptgrey) by extension 'ignore'
[0.400s] Level 1:colcon.colcon_core.package_identification:_identify(src/VINS-Fusion-ROS2/config/A3_ptgrey) by extension 'ignore_ament_install'
[0.400s] Level 1:colcon.colcon_core.package_identification:_identify(src/VINS-Fusion-ROS2/config/A3_ptgrey) by extensions ['colcon_pkg']
[0.400s] Level 1:colcon.colcon_core.package_identification:_identify(src/VINS-Fusion-ROS2/config/A3_ptgrey) by extension 'colcon_pkg'
[0.400s] Level 1:colcon.colcon_core.package_identification:_identify(src/VINS-Fusion-ROS2/config/A3_ptgrey) by extensions ['colcon_meta']
[0.400s] Level 1:colcon.colcon_core.package_identification:_identify(src/VINS-Fusion-ROS2/config/A3_ptgrey) by extension 'colcon_meta'
[0.400s] Level 1:colcon.colcon_core.package_identification:_identify(src/VINS-Fusion-ROS2/config/A3_ptgrey) by extensions ['ros']
[0.401s] Level 1:colcon.colcon_core.package_identification:_identify(src/VINS-Fusion-ROS2/config/A3_ptgrey) by extension 'ros'
[0.401s] Level 1:colcon.colcon_core.package_identification:_identify(src/VINS-Fusion-ROS2/config/A3_ptgrey) by extensions ['cmake', 'python']
[0.401s] Level 1:colcon.colcon_core.package_identification:_identify(src/VINS-Fusion-ROS2/config/A3_ptgrey) by extension 'cmake'
[0.401s] Level 1:colcon.colcon_core.package_identification:_identify(src/VINS-Fusion-ROS2/config/A3_ptgrey) by extension 'python'
[0.401s] Level 1:colcon.colcon_core.package_identification:_identify(src/VINS-Fusion-ROS2/config/A3_ptgrey) by extensions ['python_setup_py']
[0.401s] Level 1:colcon.colcon_core.package_identification:_identify(src/VINS-Fusion-ROS2/config/A3_ptgrey) by extension 'python_setup_py'
[0.401s] Level 1:colcon.colcon_core.package_identification:_identify(src/VINS-Fusion-ROS2/config/euroc) by extensions ['ignore', 'ignore_ament_install']
[0.401s] Level 1:colcon.colcon_core.package_identification:_identify(src/VINS-Fusion-ROS2/config/euroc) by extension 'ignore'
[0.401s] Level 1:colcon.colcon_core.package_identification:_identify(src/VINS-Fusion-ROS2/config/euroc) by extension 'ignore_ament_install'
[0.401s] Level 1:colcon.colcon_core.package_identification:_identify(src/VINS-Fusion-ROS2/config/euroc) by extensions ['colcon_pkg']
[0.401s] Level 1:colcon.colcon_core.package_identification:_identify(src/VINS-Fusion-ROS2/config/euroc) by extension 'colcon_pkg'
[0.401s] Level 1:colcon.colcon_core.package_identification:_identify(src/VINS-Fusion-ROS2/config/euroc) by extensions ['colcon_meta']
[0.401s] Level 1:colcon.colcon_core.package_identification:_identify(src/VINS-Fusion-ROS2/config/euroc) by extension 'colcon_meta'
[0.401s] Level 1:colcon.colcon_core.package_identification:_identify(src/VINS-Fusion-ROS2/config/euroc) by extensions ['ros']
[0.401s] Level 1:colcon.colcon_core.package_identification:_identify(src/VINS-Fusion-ROS2/config/euroc) by extension 'ros'
[0.401s] Level 1:colcon.colcon_core.package_identification:_identify(src/VINS-Fusion-ROS2/config/euroc) by extensions ['cmake', 'python']
[0.401s] Level 1:colcon.colcon_core.package_identification:_identify(src/VINS-Fusion-ROS2/config/euroc) by extension 'cmake'
[0.401s] Level 1:colcon.colcon_core.package_identification:_identify(src/VINS-Fusion-ROS2/config/euroc) by extension 'python'
[0.401s] Level 1:colcon.colcon_core.package_identification:_identify(src/VINS-Fusion-ROS2/config/euroc) by extensions ['python_setup_py']
[0.401s] Level 1:colcon.colcon_core.package_identification:_identify(src/VINS-Fusion-ROS2/config/euroc) by extension 'python_setup_py'
[0.402s] Level 1:colcon.colcon_core.package_identification:_identify(src/VINS-Fusion-ROS2/config/kitti_odom) by extensions ['ignore', 'ignore_ament_install']
[0.402s] Level 1:colcon.colcon_core.package_identification:_identify(src/VINS-Fusion-ROS2/config/kitti_odom) by extension 'ignore'
[0.402s] Level 1:colcon.colcon_core.package_identification:_identify(src/VINS-Fusion-ROS2/config/kitti_odom) by extension 'ignore_ament_install'
[0.402s] Level 1:colcon.colcon_core.package_identification:_identify(src/VINS-Fusion-ROS2/config/kitti_odom) by extensions ['colcon_pkg']
[0.402s] Level 1:colcon.colcon_core.package_identification:_identify(src/VINS-Fusion-ROS2/config/kitti_odom) by extension 'colcon_pkg'
[0.402s] Level 1:colcon.colcon_core.package_identification:_identify(src/VINS-Fusion-ROS2/config/kitti_odom) by extensions ['colcon_meta']
[0.402s] Level 1:colcon.colcon_core.package_identification:_identify(src/VINS-Fusion-ROS2/config/kitti_odom) by extension 'colcon_meta'
[0.402s] Level 1:colcon.colcon_core.package_identification:_identify(src/VINS-Fusion-ROS2/config/kitti_odom) by extensions ['ros']
[0.402s] Level 1:colcon.colcon_core.package_identification:_identify(src/VINS-Fusion-ROS2/config/kitti_odom) by extension 'ros'
[0.402s] Level 1:colcon.colcon_core.package_identification:_identify(src/VINS-Fusion-ROS2/config/kitti_odom) by extensions ['cmake', 'python']
[0.402s] Level 1:colcon.colcon_core.package_identification:_identify(src/VINS-Fusion-ROS2/config/kitti_odom) by extension 'cmake'
[0.402s] Level 1:colcon.colcon_core.package_identification:_identify(src/VINS-Fusion-ROS2/config/kitti_odom) by extension 'python'
[0.402s] Level 1:colcon.colcon_core.package_identification:_identify(src/VINS-Fusion-ROS2/config/kitti_odom) by extensions ['python_setup_py']
[0.402s] Level 1:colcon.colcon_core.package_identification:_identify(src/VINS-Fusion-ROS2/config/kitti_odom) by extension 'python_setup_py'
[0.402s] Level 1:colcon.colcon_core.package_identification:_identify(src/VINS-Fusion-ROS2/config/kitti_raw) by extensions ['ignore', 'ignore_ament_install']
[0.402s] Level 1:colcon.colcon_core.package_identification:_identify(src/VINS-Fusion-ROS2/config/kitti_raw) by extension 'ignore'
[0.402s] Level 1:colcon.colcon_core.package_identification:_identify(src/VINS-Fusion-ROS2/config/kitti_raw) by extension 'ignore_ament_install'
[0.403s] Level 1:colcon.colcon_core.package_identification:_identify(src/VINS-Fusion-ROS2/config/kitti_raw) by extensions ['colcon_pkg']
[0.403s] Level 1:colcon.colcon_core.package_identification:_identify(src/VINS-Fusion-ROS2/config/kitti_raw) by extension 'colcon_pkg'
[0.403s] Level 1:colcon.colcon_core.package_identification:_identify(src/VINS-Fusion-ROS2/config/kitti_raw) by extensions ['colcon_meta']
[0.403s] Level 1:colcon.colcon_core.package_identification:_identify(src/VINS-Fusion-ROS2/config/kitti_raw) by extension 'colcon_meta'
[0.403s] Level 1:colcon.colcon_core.package_identification:_identify(src/VINS-Fusion-ROS2/config/kitti_raw) by extensions ['ros']
[0.403s] Level 1:colcon.colcon_core.package_identification:_identify(src/VINS-Fusion-ROS2/config/kitti_raw) by extension 'ros'
[0.403s] Level 1:colcon.colcon_core.package_identification:_identify(src/VINS-Fusion-ROS2/config/kitti_raw) by extensions ['cmake', 'python']
[0.403s] Level 1:colcon.colcon_core.package_identification:_identify(src/VINS-Fusion-ROS2/config/kitti_raw) by extension 'cmake'
[0.403s] Level 1:colcon.colcon_core.package_identification:_identify(src/VINS-Fusion-ROS2/config/kitti_raw) by extension 'python'
[0.403s] Level 1:colcon.colcon_core.package_identification:_identify(src/VINS-Fusion-ROS2/config/kitti_raw) by extensions ['python_setup_py']
[0.403s] Level 1:colcon.colcon_core.package_identification:_identify(src/VINS-Fusion-ROS2/config/kitti_raw) by extension 'python_setup_py'
[0.403s] Level 1:colcon.colcon_core.package_identification:_identify(src/VINS-Fusion-ROS2/config/mynteye) by extensions ['ignore', 'ignore_ament_install']
[0.403s] Level 1:colcon.colcon_core.package_identification:_identify(src/VINS-Fusion-ROS2/config/mynteye) by extension 'ignore'
[0.403s] Level 1:colcon.colcon_core.package_identification:_identify(src/VINS-Fusion-ROS2/config/mynteye) by extension 'ignore_ament_install'
[0.403s] Level 1:colcon.colcon_core.package_identification:_identify(src/VINS-Fusion-ROS2/config/mynteye) by extensions ['colcon_pkg']
[0.403s] Level 1:colcon.colcon_core.package_identification:_identify(src/VINS-Fusion-ROS2/config/mynteye) by extension 'colcon_pkg'
[0.403s] Level 1:colcon.colcon_core.package_identification:_identify(src/VINS-Fusion-ROS2/config/mynteye) by extensions ['colcon_meta']
[0.403s] Level 1:colcon.colcon_core.package_identification:_identify(src/VINS-Fusion-ROS2/config/mynteye) by extension 'colcon_meta'
[0.403s] Level 1:colcon.colcon_core.package_identification:_identify(src/VINS-Fusion-ROS2/config/mynteye) by extensions ['ros']
[0.403s] Level 1:colcon.colcon_core.package_identification:_identify(src/VINS-Fusion-ROS2/config/mynteye) by extension 'ros'
[0.404s] Level 1:colcon.colcon_core.package_identification:_identify(src/VINS-Fusion-ROS2/config/mynteye) by extensions ['cmake', 'python']
[0.404s] Level 1:colcon.colcon_core.package_identification:_identify(src/VINS-Fusion-ROS2/config/mynteye) by extension 'cmake'
[0.404s] Level 1:colcon.colcon_core.package_identification:_identify(src/VINS-Fusion-ROS2/config/mynteye) by extension 'python'
[0.404s] Level 1:colcon.colcon_core.package_identification:_identify(src/VINS-Fusion-ROS2/config/mynteye) by extensions ['python_setup_py']
[0.404s] Level 1:colcon.colcon_core.package_identification:_identify(src/VINS-Fusion-ROS2/config/mynteye) by extension 'python_setup_py'
[0.404s] Level 1:colcon.colcon_core.package_identification:_identify(src/VINS-Fusion-ROS2/config/realsense_d435) by extensions ['ignore', 'ignore_ament_install']
[0.404s] Level 1:colcon.colcon_core.package_identification:_identify(src/VINS-Fusion-ROS2/config/realsense_d435) by extension 'ignore'
[0.404s] Level 1:colcon.colcon_core.package_identification:_identify(src/VINS-Fusion-ROS2/config/realsense_d435) by extension 'ignore_ament_install'
[0.404s] Level 1:colcon.colcon_core.package_identification:_identify(src/VINS-Fusion-ROS2/config/realsense_d435) by extensions ['colcon_pkg']
[0.404s] Level 1:colcon.colcon_core.package_identification:_identify(src/VINS-Fusion-ROS2/config/realsense_d435) by extension 'colcon_pkg'
[0.404s] Level 1:colcon.colcon_core.package_identification:_identify(src/VINS-Fusion-ROS2/config/realsense_d435) by extensions ['colcon_meta']
[0.404s] Level 1:colcon.colcon_core.package_identification:_identify(src/VINS-Fusion-ROS2/config/realsense_d435) by extension 'colcon_meta'
[0.404s] Level 1:colcon.colcon_core.package_identification:_identify(src/VINS-Fusion-ROS2/config/realsense_d435) by extensions ['ros']
[0.404s] Level 1:colcon.colcon_core.package_identification:_identify(src/VINS-Fusion-ROS2/config/realsense_d435) by extension 'ros'
[0.404s] Level 1:colcon.colcon_core.package_identification:_identify(src/VINS-Fusion-ROS2/config/realsense_d435) by extensions ['cmake', 'python']
[0.404s] Level 1:colcon.colcon_core.package_identification:_identify(src/VINS-Fusion-ROS2/config/realsense_d435) by extension 'cmake'
[0.404s] Level 1:colcon.colcon_core.package_identification:_identify(src/VINS-Fusion-ROS2/config/realsense_d435) by extension 'python'
[0.404s] Level 1:colcon.colcon_core.package_identification:_identify(src/VINS-Fusion-ROS2/config/realsense_d435) by extensions ['python_setup_py']
[0.404s] Level 1:colcon.colcon_core.package_identification:_identify(src/VINS-Fusion-ROS2/config/realsense_d435) by extension 'python_setup_py'
[0.404s] Level 1:colcon.colcon_core.package_identification:_identify(src/VINS-Fusion-ROS2/config/realsense_d435i) by extensions ['ignore', 'ignore_ament_install']
[0.405s] Level 1:colcon.colcon_core.package_identification:_identify(src/VINS-Fusion-ROS2/config/realsense_d435i) by extension 'ignore'
[0.405s] Level 1:colcon.colcon_core.package_identification:_identify(src/VINS-Fusion-ROS2/config/realsense_d435i) by extension 'ignore_ament_install'
[0.405s] Level 1:colcon.colcon_core.package_identification:_identify(src/VINS-Fusion-ROS2/config/realsense_d435i) by extensions ['colcon_pkg']
[0.405s] Level 1:colcon.colcon_core.package_identification:_identify(src/VINS-Fusion-ROS2/config/realsense_d435i) by extension 'colcon_pkg'
[0.405s] Level 1:colcon.colcon_core.package_identification:_identify(src/VINS-Fusion-ROS2/config/realsense_d435i) by extensions ['colcon_meta']
[0.405s] Level 1:colcon.colcon_core.package_identification:_identify(src/VINS-Fusion-ROS2/config/realsense_d435i) by extension 'colcon_meta'
[0.405s] Level 1:colcon.colcon_core.package_identification:_identify(src/VINS-Fusion-ROS2/config/realsense_d435i) by extensions ['ros']
[0.405s] Level 1:colcon.colcon_core.package_identification:_identify(src/VINS-Fusion-ROS2/config/realsense_d435i) by extension 'ros'
[0.405s] Level 1:colcon.colcon_core.package_identification:_identify(src/VINS-Fusion-ROS2/config/realsense_d435i) by extensions ['cmake', 'python']
[0.405s] Level 1:colcon.colcon_core.package_identification:_identify(src/VINS-Fusion-ROS2/config/realsense_d435i) by extension 'cmake'
[0.405s] Level 1:colcon.colcon_core.package_identification:_identify(src/VINS-Fusion-ROS2/config/realsense_d435i) by extension 'python'
[0.405s] Level 1:colcon.colcon_core.package_identification:_identify(src/VINS-Fusion-ROS2/config/realsense_d435i) by extensions ['python_setup_py']
[0.405s] Level 1:colcon.colcon_core.package_identification:_identify(src/VINS-Fusion-ROS2/config/realsense_d435i) by extension 'python_setup_py'
[0.405s] Level 1:colcon.colcon_core.package_identification:_identify(src/VINS-Fusion-ROS2/config/simulation) by extensions ['ignore', 'ignore_ament_install']
[0.405s] Level 1:colcon.colcon_core.package_identification:_identify(src/VINS-Fusion-ROS2/config/simulation) by extension 'ignore'
[0.405s] Level 1:colcon.colcon_core.package_identification:_identify(src/VINS-Fusion-ROS2/config/simulation) by extension 'ignore_ament_install'
[0.405s] Level 1:colcon.colcon_core.package_identification:_identify(src/VINS-Fusion-ROS2/config/simulation) by extensions ['colcon_pkg']
[0.405s] Level 1:colcon.colcon_core.package_identification:_identify(src/VINS-Fusion-ROS2/config/simulation) by extension 'colcon_pkg'
[0.405s] Level 1:colcon.colcon_core.package_identification:_identify(src/VINS-Fusion-ROS2/config/simulation) by extensions ['colcon_meta']
[0.405s] Level 1:colcon.colcon_core.package_identification:_identify(src/VINS-Fusion-ROS2/config/simulation) by extension 'colcon_meta'
[0.405s] Level 1:colcon.colcon_core.package_identification:_identify(src/VINS-Fusion-ROS2/config/simulation) by extensions ['ros']
[0.406s] Level 1:colcon.colcon_core.package_identification:_identify(src/VINS-Fusion-ROS2/config/simulation) by extension 'ros'
[0.406s] Level 1:colcon.colcon_core.package_identification:_identify(src/VINS-Fusion-ROS2/config/simulation) by extensions ['cmake', 'python']
[0.406s] Level 1:colcon.colcon_core.package_identification:_identify(src/VINS-Fusion-ROS2/config/simulation) by extension 'cmake'
[0.406s] Level 1:colcon.colcon_core.package_identification:_identify(src/VINS-Fusion-ROS2/config/simulation) by extension 'python'
[0.406s] Level 1:colcon.colcon_core.package_identification:_identify(src/VINS-Fusion-ROS2/config/simulation) by extensions ['python_setup_py']
[0.406s] Level 1:colcon.colcon_core.package_identification:_identify(src/VINS-Fusion-ROS2/config/simulation) by extension 'python_setup_py'
[0.406s] Level 1:colcon.colcon_core.package_identification:_identify(src/VINS-Fusion-ROS2/config/vi_car) by extensions ['ignore', 'ignore_ament_install']
[0.406s] Level 1:colcon.colcon_core.package_identification:_identify(src/VINS-Fusion-ROS2/config/vi_car) by extension 'ignore'
[0.406s] Level 1:colcon.colcon_core.package_identification:_identify(src/VINS-Fusion-ROS2/config/vi_car) by extension 'ignore_ament_install'
[0.406s] Level 1:colcon.colcon_core.package_identification:_identify(src/VINS-Fusion-ROS2/config/vi_car) by extensions ['colcon_pkg']
[0.406s] Level 1:colcon.colcon_core.package_identification:_identify(src/VINS-Fusion-ROS2/config/vi_car) by extension 'colcon_pkg'
[0.406s] Level 1:colcon.colcon_core.package_identification:_identify(src/VINS-Fusion-ROS2/config/vi_car) by extensions ['colcon_meta']
[0.406s] Level 1:colcon.colcon_core.package_identification:_identify(src/VINS-Fusion-ROS2/config/vi_car) by extension 'colcon_meta'
[0.406s] Level 1:colcon.colcon_core.package_identification:_identify(src/VINS-Fusion-ROS2/config/vi_car) by extensions ['ros']
[0.406s] Level 1:colcon.colcon_core.package_identification:_identify(src/VINS-Fusion-ROS2/config/vi_car) by extension 'ros'
[0.406s] Level 1:colcon.colcon_core.package_identification:_identify(src/VINS-Fusion-ROS2/config/vi_car) by extensions ['cmake', 'python']
[0.406s] Level 1:colcon.colcon_core.package_identification:_identify(src/VINS-Fusion-ROS2/config/vi_car) by extension 'cmake'
[0.406s] Level 1:colcon.colcon_core.package_identification:_identify(src/VINS-Fusion-ROS2/config/vi_car) by extension 'python'
[0.406s] Level 1:colcon.colcon_core.package_identification:_identify(src/VINS-Fusion-ROS2/config/vi_car) by extensions ['python_setup_py']
[0.406s] Level 1:colcon.colcon_core.package_identification:_identify(src/VINS-Fusion-ROS2/config/vi_car) by extension 'python_setup_py'
[0.407s] Level 1:colcon.colcon_core.package_identification:_identify(src/VINS-Fusion-ROS2/docker) by extensions ['ignore', 'ignore_ament_install']
[0.407s] Level 1:colcon.colcon_core.package_identification:_identify(src/VINS-Fusion-ROS2/docker) by extension 'ignore'
[0.407s] Level 1:colcon.colcon_core.package_identification:_identify(src/VINS-Fusion-ROS2/docker) by extension 'ignore_ament_install'
[0.407s] Level 1:colcon.colcon_core.package_identification:_identify(src/VINS-Fusion-ROS2/docker) by extensions ['colcon_pkg']
[0.407s] Level 1:colcon.colcon_core.package_identification:_identify(src/VINS-Fusion-ROS2/docker) by extension 'colcon_pkg'
[0.407s] Level 1:colcon.colcon_core.package_identification:_identify(src/VINS-Fusion-ROS2/docker) by extensions ['colcon_meta']
[0.407s] Level 1:colcon.colcon_core.package_identification:_identify(src/VINS-Fusion-ROS2/docker) by extension 'colcon_meta'
[0.407s] Level 1:colcon.colcon_core.package_identification:_identify(src/VINS-Fusion-ROS2/docker) by extensions ['ros']
[0.407s] Level 1:colcon.colcon_core.package_identification:_identify(src/VINS-Fusion-ROS2/docker) by extension 'ros'
[0.407s] Level 1:colcon.colcon_core.package_identification:_identify(src/VINS-Fusion-ROS2/docker) by extensions ['cmake', 'python']
[0.407s] Level 1:colcon.colcon_core.package_identification:_identify(src/VINS-Fusion-ROS2/docker) by extension 'cmake'
[0.407s] Level 1:colcon.colcon_core.package_identification:_identify(src/VINS-Fusion-ROS2/docker) by extension 'python'
[0.407s] Level 1:colcon.colcon_core.package_identification:_identify(src/VINS-Fusion-ROS2/docker) by extensions ['python_setup_py']
[0.407s] Level 1:colcon.colcon_core.package_identification:_identify(src/VINS-Fusion-ROS2/docker) by extension 'python_setup_py'
[0.407s] Level 1:colcon.colcon_core.package_identification:_identify(src/VINS-Fusion-ROS2/global_fusion) by extensions ['ignore', 'ignore_ament_install']
[0.407s] Level 1:colcon.colcon_core.package_identification:_identify(src/VINS-Fusion-ROS2/global_fusion) by extension 'ignore'
[0.407s] Level 1:colcon.colcon_core.package_identification:_identify(src/VINS-Fusion-ROS2/global_fusion) by extension 'ignore_ament_install'
[0.407s] Level 1:colcon.colcon_core.package_identification:_identify(src/VINS-Fusion-ROS2/global_fusion) by extensions ['colcon_pkg']
[0.407s] Level 1:colcon.colcon_core.package_identification:_identify(src/VINS-Fusion-ROS2/global_fusion) by extension 'colcon_pkg'
[0.408s] Level 1:colcon.colcon_core.package_identification:_identify(src/VINS-Fusion-ROS2/global_fusion) by extensions ['colcon_meta']
[0.408s] Level 1:colcon.colcon_core.package_identification:_identify(src/VINS-Fusion-ROS2/global_fusion) by extension 'colcon_meta'
[0.408s] Level 1:colcon.colcon_core.package_identification:_identify(src/VINS-Fusion-ROS2/global_fusion) by extensions ['ros']
[0.408s] Level 1:colcon.colcon_core.package_identification:_identify(src/VINS-Fusion-ROS2/global_fusion) by extension 'ros'
[0.409s] DEBUG:colcon.colcon_core.package_identification:Package 'src/VINS-Fusion-ROS2/global_fusion' with type 'ros.ament_cmake' and name 'global_fusion'
[0.409s] Level 1:colcon.colcon_core.package_identification:_identify(src/VINS-Fusion-ROS2/loop_fusion) by extensions ['ignore', 'ignore_ament_install']
[0.409s] Level 1:colcon.colcon_core.package_identification:_identify(src/VINS-Fusion-ROS2/loop_fusion) by extension 'ignore'
[0.410s] Level 1:colcon.colcon_core.package_identification:_identify(src/VINS-Fusion-ROS2/loop_fusion) by extension 'ignore_ament_install'
[0.410s] Level 1:colcon.colcon_core.package_identification:_identify(src/VINS-Fusion-ROS2/loop_fusion) by extensions ['colcon_pkg']
[0.410s] Level 1:colcon.colcon_core.package_identification:_identify(src/VINS-Fusion-ROS2/loop_fusion) by extension 'colcon_pkg'
[0.410s] Level 1:colcon.colcon_core.package_identification:_identify(src/VINS-Fusion-ROS2/loop_fusion) by extensions ['colcon_meta']
[0.410s] Level 1:colcon.colcon_core.package_identification:_identify(src/VINS-Fusion-ROS2/loop_fusion) by extension 'colcon_meta'
[0.410s] Level 1:colcon.colcon_core.package_identification:_identify(src/VINS-Fusion-ROS2/loop_fusion) by extensions ['ros']
[0.410s] Level 1:colcon.colcon_core.package_identification:_identify(src/VINS-Fusion-ROS2/loop_fusion) by extension 'ros'
[0.411s] DEBUG:colcon.colcon_core.package_identification:Package 'src/VINS-Fusion-ROS2/loop_fusion' with type 'ros.ament_cmake' and name 'loop_fusion'
[0.411s] Level 1:colcon.colcon_core.package_identification:_identify(src/VINS-Fusion-ROS2/support_files) by extensions ['ignore', 'ignore_ament_install']
[0.411s] Level 1:colcon.colcon_core.package_identification:_identify(src/VINS-Fusion-ROS2/support_files) by extension 'ignore'
[0.411s] Level 1:colcon.colcon_core.package_identification:_identify(src/VINS-Fusion-ROS2/support_files) by extension 'ignore_ament_install'
[0.411s] Level 1:colcon.colcon_core.package_identification:_identify(src/VINS-Fusion-ROS2/support_files) by extensions ['colcon_pkg']
[0.411s] Level 1:colcon.colcon_core.package_identification:_identify(src/VINS-Fusion-ROS2/support_files) by extension 'colcon_pkg'
[0.411s] Level 1:colcon.colcon_core.package_identification:_identify(src/VINS-Fusion-ROS2/support_files) by extensions ['colcon_meta']
[0.412s] Level 1:colcon.colcon_core.package_identification:_identify(src/VINS-Fusion-ROS2/support_files) by extension 'colcon_meta'
[0.412s] Level 1:colcon.colcon_core.package_identification:_identify(src/VINS-Fusion-ROS2/support_files) by extensions ['ros']
[0.412s] Level 1:colcon.colcon_core.package_identification:_identify(src/VINS-Fusion-ROS2/support_files) by extension 'ros'
[0.412s] Level 1:colcon.colcon_core.package_identification:_identify(src/VINS-Fusion-ROS2/support_files) by extensions ['cmake', 'python']
[0.412s] Level 1:colcon.colcon_core.package_identification:_identify(src/VINS-Fusion-ROS2/support_files) by extension 'cmake'
[0.412s] Level 1:colcon.colcon_core.package_identification:_identify(src/VINS-Fusion-ROS2/support_files) by extension 'python'
[0.412s] Level 1:colcon.colcon_core.package_identification:_identify(src/VINS-Fusion-ROS2/support_files) by extensions ['python_setup_py']
[0.412s] Level 1:colcon.colcon_core.package_identification:_identify(src/VINS-Fusion-ROS2/support_files) by extension 'python_setup_py'
[0.412s] Level 1:colcon.colcon_core.package_identification:_identify(src/VINS-Fusion-ROS2/support_files/image) by extensions ['ignore', 'ignore_ament_install']
[0.412s] Level 1:colcon.colcon_core.package_identification:_identify(src/VINS-Fusion-ROS2/support_files/image) by extension 'ignore'
[0.412s] Level 1:colcon.colcon_core.package_identification:_identify(src/VINS-Fusion-ROS2/support_files/image) by extension 'ignore_ament_install'
[0.412s] Level 1:colcon.colcon_core.package_identification:_identify(src/VINS-Fusion-ROS2/support_files/image) by extensions ['colcon_pkg']
[0.412s] Level 1:colcon.colcon_core.package_identification:_identify(src/VINS-Fusion-ROS2/support_files/image) by extension 'colcon_pkg'
[0.412s] Level 1:colcon.colcon_core.package_identification:_identify(src/VINS-Fusion-ROS2/support_files/image) by extensions ['colcon_meta']
[0.412s] Level 1:colcon.colcon_core.package_identification:_identify(src/VINS-Fusion-ROS2/support_files/image) by extension 'colcon_meta'
[0.412s] Level 1:colcon.colcon_core.package_identification:_identify(src/VINS-Fusion-ROS2/support_files/image) by extensions ['ros']
[0.412s] Level 1:colcon.colcon_core.package_identification:_identify(src/VINS-Fusion-ROS2/support_files/image) by extension 'ros'
[0.412s] Level 1:colcon.colcon_core.package_identification:_identify(src/VINS-Fusion-ROS2/support_files/image) by extensions ['cmake', 'python']
[0.412s] Level 1:colcon.colcon_core.package_identification:_identify(src/VINS-Fusion-ROS2/support_files/image) by extension 'cmake'
[0.412s] Level 1:colcon.colcon_core.package_identification:_identify(src/VINS-Fusion-ROS2/support_files/image) by extension 'python'
[0.413s] Level 1:colcon.colcon_core.package_identification:_identify(src/VINS-Fusion-ROS2/support_files/image) by extensions ['python_setup_py']
[0.413s] Level 1:colcon.colcon_core.package_identification:_identify(src/VINS-Fusion-ROS2/support_files/image) by extension 'python_setup_py'
[0.413s] Level 1:colcon.colcon_core.package_identification:_identify(src/VINS-Fusion-ROS2/vins) by extensions ['ignore', 'ignore_ament_install']
[0.413s] Level 1:colcon.colcon_core.package_identification:_identify(src/VINS-Fusion-ROS2/vins) by extension 'ignore'
[0.413s] Level 1:colcon.colcon_core.package_identification:_identify(src/VINS-Fusion-ROS2/vins) by extension 'ignore_ament_install'
[0.413s] Level 1:colcon.colcon_core.package_identification:_identify(src/VINS-Fusion-ROS2/vins) by extensions ['colcon_pkg']
[0.413s] Level 1:colcon.colcon_core.package_identification:_identify(src/VINS-Fusion-ROS2/vins) by extension 'colcon_pkg'
[0.413s] Level 1:colcon.colcon_core.package_identification:_identify(src/VINS-Fusion-ROS2/vins) by extensions ['colcon_meta']
[0.413s] Level 1:colcon.colcon_core.package_identification:_identify(src/VINS-Fusion-ROS2/vins) by extension 'colcon_meta'
[0.413s] Level 1:colcon.colcon_core.package_identification:_identify(src/VINS-Fusion-ROS2/vins) by extensions ['ros']
[0.413s] Level 1:colcon.colcon_core.package_identification:_identify(src/VINS-Fusion-ROS2/vins) by extension 'ros'
[0.415s] DEBUG:colcon.colcon_core.package_identification:Package 'src/VINS-Fusion-ROS2/vins' with type 'ros.ament_cmake' and name 'vins'
[0.415s] Level 1:colcon.colcon_core.package_identification:_identify(src/fastlio2_ros2) by extensions ['ignore', 'ignore_ament_install']
[0.415s] Level 1:colcon.colcon_core.package_identification:_identify(src/fastlio2_ros2) by extension 'ignore'
[0.415s] Level 1:colcon.colcon_core.package_identification:_identify(src/fastlio2_ros2) by extension 'ignore_ament_install'
[0.415s] Level 1:colcon.colcon_core.package_identification:_identify(src/fastlio2_ros2) by extensions ['colcon_pkg']
[0.415s] Level 1:colcon.colcon_core.package_identification:_identify(src/fastlio2_ros2) by extension 'colcon_pkg'
[0.415s] Level 1:colcon.colcon_core.package_identification:_identify(src/fastlio2_ros2) by extensions ['colcon_meta']
[0.415s] Level 1:colcon.colcon_core.package_identification:_identify(src/fastlio2_ros2) by extension 'colcon_meta'
[0.415s] Level 1:colcon.colcon_core.package_identification:_identify(src/fastlio2_ros2) by extensions ['ros']
[0.415s] Level 1:colcon.colcon_core.package_identification:_identify(src/fastlio2_ros2) by extension 'ros'
[0.415s] Level 1:colcon.colcon_core.package_identification:_identify(src/fastlio2_ros2) by extensions ['cmake', 'python']
[0.415s] Level 1:colcon.colcon_core.package_identification:_identify(src/fastlio2_ros2) by extension 'cmake'
[0.415s] Level 1:colcon.colcon_core.package_identification:_identify(src/fastlio2_ros2) by extension 'python'
[0.415s] Level 1:colcon.colcon_core.package_identification:_identify(src/fastlio2_ros2) by extensions ['python_setup_py']
[0.415s] Level 1:colcon.colcon_core.package_identification:_identify(src/fastlio2_ros2) by extension 'python_setup_py'
[0.416s] Level 1:colcon.colcon_core.package_identification:_identify(src/livox_ros_driver2) by extensions ['ignore', 'ignore_ament_install']
[0.416s] Level 1:colcon.colcon_core.package_identification:_identify(src/livox_ros_driver2) by extension 'ignore'
[0.416s] Level 1:colcon.colcon_core.package_identification:_identify(src/livox_ros_driver2) by extension 'ignore_ament_install'
[0.416s] Level 1:colcon.colcon_core.package_identification:_identify(src/livox_ros_driver2) by extensions ['colcon_pkg']
[0.416s] Level 1:colcon.colcon_core.package_identification:_identify(src/livox_ros_driver2) by extension 'colcon_pkg'
[0.416s] Level 1:colcon.colcon_core.package_identification:_identify(src/livox_ros_driver2) by extensions ['colcon_meta']
[0.416s] Level 1:colcon.colcon_core.package_identification:_identify(src/livox_ros_driver2) by extension 'colcon_meta'
[0.416s] Level 1:colcon.colcon_core.package_identification:_identify(src/livox_ros_driver2) by extensions ['ros']
[0.416s] Level 1:colcon.colcon_core.package_identification:_identify(src/livox_ros_driver2) by extension 'ros'
[0.416s] Level 1:colcon.colcon_core.package_identification:_identify(src/livox_ros_driver2) by extensions ['cmake', 'python']
[0.416s] Level 1:colcon.colcon_core.package_identification:_identify(src/livox_ros_driver2) by extension 'cmake'
[0.416s] Level 1:colcon.colcon_core.package_identification:_identify(src/livox_ros_driver2) by extension 'python'
[0.416s] Level 1:colcon.colcon_core.package_identification:_identify(src/livox_ros_driver2) by extensions ['python_setup_py']
[0.416s] Level 1:colcon.colcon_core.package_identification:_identify(src/livox_ros_driver2) by extension 'python_setup_py'
[0.416s] Level 1:colcon.colcon_core.package_identification:_identify(src/realsense-ros) by extensions ['ignore', 'ignore_ament_install']
[0.416s] Level 1:colcon.colcon_core.package_identification:_identify(src/realsense-ros) by extension 'ignore'
[0.416s] Level 1:colcon.colcon_core.package_identification:_identify(src/realsense-ros) by extension 'ignore_ament_install'
[0.416s] Level 1:colcon.colcon_core.package_identification:_identify(src/realsense-ros) by extensions ['colcon_pkg']
[0.416s] Level 1:colcon.colcon_core.package_identification:_identify(src/realsense-ros) by extension 'colcon_pkg'
[0.417s] Level 1:colcon.colcon_core.package_identification:_identify(src/realsense-ros) by extensions ['colcon_meta']
[0.417s] Level 1:colcon.colcon_core.package_identification:_identify(src/realsense-ros) by extension 'colcon_meta'
[0.417s] Level 1:colcon.colcon_core.package_identification:_identify(src/realsense-ros) by extensions ['ros']
[0.417s] Level 1:colcon.colcon_core.package_identification:_identify(src/realsense-ros) by extension 'ros'
[0.417s] Level 1:colcon.colcon_core.package_identification:_identify(src/realsense-ros) by extensions ['cmake', 'python']
[0.417s] Level 1:colcon.colcon_core.package_identification:_identify(src/realsense-ros) by extension 'cmake'
[0.417s] Level 1:colcon.colcon_core.package_identification:_identify(src/realsense-ros) by extension 'python'
[0.417s] Level 1:colcon.colcon_core.package_identification:_identify(src/realsense-ros) by extensions ['python_setup_py']
[0.417s] Level 1:colcon.colcon_core.package_identification:_identify(src/realsense-ros) by extension 'python_setup_py'
[0.417s] Level 1:colcon.colcon_core.package_identification:_identify(src/realsense-ros/realsense2_camera) by extensions ['ignore', 'ignore_ament_install']
[0.417s] Level 1:colcon.colcon_core.package_identification:_identify(src/realsense-ros/realsense2_camera) by extension 'ignore'
[0.417s] Level 1:colcon.colcon_core.package_identification:_identify(src/realsense-ros/realsense2_camera) by extension 'ignore_ament_install'
[0.417s] Level 1:colcon.colcon_core.package_identification:_identify(src/realsense-ros/realsense2_camera) by extensions ['colcon_pkg']
[0.417s] Level 1:colcon.colcon_core.package_identification:_identify(src/realsense-ros/realsense2_camera) by extension 'colcon_pkg'
[0.417s] Level 1:colcon.colcon_core.package_identification:_identify(src/realsense-ros/realsense2_camera) by extensions ['colcon_meta']
[0.417s] Level 1:colcon.colcon_core.package_identification:_identify(src/realsense-ros/realsense2_camera) by extension 'colcon_meta'
[0.417s] Level 1:colcon.colcon_core.package_identification:_identify(src/realsense-ros/realsense2_camera) by extensions ['ros']
[0.417s] Level 1:colcon.colcon_core.package_identification:_identify(src/realsense-ros/realsense2_camera) by extension 'ros'
[0.428s] DEBUG:colcon.colcon_core.package_identification:Package 'src/realsense-ros/realsense2_camera' with type 'ros.ament_cmake' and name 'realsense2_camera'
[0.429s] Level 1:colcon.colcon_core.package_identification:_identify(src/realsense-ros/realsense2_camera_msgs) by extensions ['ignore', 'ignore_ament_install']
[0.429s] Level 1:colcon.colcon_core.package_identification:_identify(src/realsense-ros/realsense2_camera_msgs) by extension 'ignore'
[0.429s] Level 1:colcon.colcon_core.package_identification:_identify(src/realsense-ros/realsense2_camera_msgs) by extension 'ignore_ament_install'
[0.429s] Level 1:colcon.colcon_core.package_identification:_identify(src/realsense-ros/realsense2_camera_msgs) by extensions ['colcon_pkg']
[0.429s] Level 1:colcon.colcon_core.package_identification:_identify(src/realsense-ros/realsense2_camera_msgs) by extension 'colcon_pkg'
[0.429s] Level 1:colcon.colcon_core.package_identification:_identify(src/realsense-ros/realsense2_camera_msgs) by extensions ['colcon_meta']
[0.429s] Level 1:colcon.colcon_core.package_identification:_identify(src/realsense-ros/realsense2_camera_msgs) by extension 'colcon_meta'
[0.429s] Level 1:colcon.colcon_core.package_identification:_identify(src/realsense-ros/realsense2_camera_msgs) by extensions ['ros']
[0.429s] Level 1:colcon.colcon_core.package_identification:_identify(src/realsense-ros/realsense2_camera_msgs) by extension 'ros'
[0.431s] DEBUG:colcon.colcon_core.package_identification:Package 'src/realsense-ros/realsense2_camera_msgs' with type 'ros.ament_cmake' and name 'realsense2_camera_msgs'
[0.431s] Level 1:colcon.colcon_core.package_identification:_identify(src/realsense-ros/realsense2_description) by extensions ['ignore', 'ignore_ament_install']
[0.431s] Level 1:colcon.colcon_core.package_identification:_identify(src/realsense-ros/realsense2_description) by extension 'ignore'
[0.431s] Level 1:colcon.colcon_core.package_identification:_identify(src/realsense-ros/realsense2_description) by extension 'ignore_ament_install'
[0.431s] Level 1:colcon.colcon_core.package_identification:_identify(src/realsense-ros/realsense2_description) by extensions ['colcon_pkg']
[0.431s] Level 1:colcon.colcon_core.package_identification:_identify(src/realsense-ros/realsense2_description) by extension 'colcon_pkg'
[0.431s] Level 1:colcon.colcon_core.package_identification:_identify(src/realsense-ros/realsense2_description) by extensions ['colcon_meta']
[0.431s] Level 1:colcon.colcon_core.package_identification:_identify(src/realsense-ros/realsense2_description) by extension 'colcon_meta'
[0.431s] Level 1:colcon.colcon_core.package_identification:_identify(src/realsense-ros/realsense2_description) by extensions ['ros']
[0.431s] Level 1:colcon.colcon_core.package_identification:_identify(src/realsense-ros/realsense2_description) by extension 'ros'
[0.432s] DEBUG:colcon.colcon_core.package_identification:Package 'src/realsense-ros/realsense2_description' with type 'ros.ament_cmake' and name 'realsense2_description'
[0.432s] Level 1:colcon.colcon_core.package_identification:_identify(src/realsense-ros/realsense2_rgbd_plugin) by extensions ['ignore', 'ignore_ament_install']
[0.432s] Level 1:colcon.colcon_core.package_identification:_identify(src/realsense-ros/realsense2_rgbd_plugin) by extension 'ignore'
[0.432s] Level 1:colcon.colcon_core.package_identification:_identify(src/realsense-ros/realsense2_rgbd_plugin) by extension 'ignore_ament_install'
[0.432s] Level 1:colcon.colcon_core.package_identification:_identify(src/realsense-ros/realsense2_rgbd_plugin) by extensions ['colcon_pkg']
[0.433s] Level 1:colcon.colcon_core.package_identification:_identify(src/realsense-ros/realsense2_rgbd_plugin) by extension 'colcon_pkg'
[0.433s] Level 1:colcon.colcon_core.package_identification:_identify(src/realsense-ros/realsense2_rgbd_plugin) by extensions ['colcon_meta']
[0.433s] Level 1:colcon.colcon_core.package_identification:_identify(src/realsense-ros/realsense2_rgbd_plugin) by extension 'colcon_meta'
[0.433s] Level 1:colcon.colcon_core.package_identification:_identify(src/realsense-ros/realsense2_rgbd_plugin) by extensions ['ros']
[0.433s] Level 1:colcon.colcon_core.package_identification:_identify(src/realsense-ros/realsense2_rgbd_plugin) by extension 'ros'
[0.433s] Level 1:colcon.colcon_core.package_identification:_identify(src/realsense-ros/realsense2_rgbd_plugin) ignored
[0.433s] Level 1:colcon.colcon_core.package_identification:_identify(src/realsense-ros/realsense2_ros_mqtt_bridge) by extensions ['ignore', 'ignore_ament_install']
[0.433s] Level 1:colcon.colcon_core.package_identification:_identify(src/realsense-ros/realsense2_ros_mqtt_bridge) by extension 'ignore'
[0.433s] Level 1:colcon.colcon_core.package_identification:_identify(src/realsense-ros/realsense2_ros_mqtt_bridge) by extension 'ignore_ament_install'
[0.433s] Level 1:colcon.colcon_core.package_identification:_identify(src/realsense-ros/realsense2_ros_mqtt_bridge) by extensions ['colcon_pkg']
[0.433s] Level 1:colcon.colcon_core.package_identification:_identify(src/realsense-ros/realsense2_ros_mqtt_bridge) by extension 'colcon_pkg'
[0.433s] Level 1:colcon.colcon_core.package_identification:_identify(src/realsense-ros/realsense2_ros_mqtt_bridge) by extensions ['colcon_meta']
[0.433s] Level 1:colcon.colcon_core.package_identification:_identify(src/realsense-ros/realsense2_ros_mqtt_bridge) by extension 'colcon_meta'
[0.433s] Level 1:colcon.colcon_core.package_identification:_identify(src/realsense-ros/realsense2_ros_mqtt_bridge) by extensions ['ros']
[0.433s] Level 1:colcon.colcon_core.package_identification:_identify(src/realsense-ros/realsense2_ros_mqtt_bridge) by extension 'ros'
[0.433s] Level 1:colcon.colcon_core.package_identification:_identify(src/realsense-ros/realsense2_ros_mqtt_bridge) ignored
[0.433s] Level 1:colcon.colcon_core.package_identification:_identify(src/realsense-ros/res) by extensions ['ignore', 'ignore_ament_install']
[0.433s] Level 1:colcon.colcon_core.package_identification:_identify(src/realsense-ros/res) by extension 'ignore'
[0.434s] Level 1:colcon.colcon_core.package_identification:_identify(src/realsense-ros/res) by extension 'ignore_ament_install'
[0.434s] Level 1:colcon.colcon_core.package_identification:_identify(src/realsense-ros/res) by extensions ['colcon_pkg']
[0.434s] Level 1:colcon.colcon_core.package_identification:_identify(src/realsense-ros/res) by extension 'colcon_pkg'
[0.434s] Level 1:colcon.colcon_core.package_identification:_identify(src/realsense-ros/res) by extensions ['colcon_meta']
[0.434s] Level 1:colcon.colcon_core.package_identification:_identify(src/realsense-ros/res) by extension 'colcon_meta'
[0.434s] Level 1:colcon.colcon_core.package_identification:_identify(src/realsense-ros/res) by extensions ['ros']
[0.434s] Level 1:colcon.colcon_core.package_identification:_identify(src/realsense-ros/res) by extension 'ros'
[0.434s] Level 1:colcon.colcon_core.package_identification:_identify(src/realsense-ros/res) by extensions ['cmake', 'python']
[0.434s] Level 1:colcon.colcon_core.package_identification:_identify(src/realsense-ros/res) by extension 'cmake'
[0.434s] Level 1:colcon.colcon_core.package_identification:_identify(src/realsense-ros/res) by extension 'python'
[0.434s] Level 1:colcon.colcon_core.package_identification:_identify(src/realsense-ros/res) by extensions ['python_setup_py']
[0.434s] Level 1:colcon.colcon_core.package_identification:_identify(src/realsense-ros/res) by extension 'python_setup_py'
[0.434s] Level 1:colcon.colcon_core.package_identification:_identify(src/realsense-ros/scripts) by extensions ['ignore', 'ignore_ament_install']
[0.434s] Level 1:colcon.colcon_core.package_identification:_identify(src/realsense-ros/scripts) by extension 'ignore'
[0.434s] Level 1:colcon.colcon_core.package_identification:_identify(src/realsense-ros/scripts) by extension 'ignore_ament_install'
[0.434s] Level 1:colcon.colcon_core.package_identification:_identify(src/realsense-ros/scripts) by extensions ['colcon_pkg']
[0.434s] Level 1:colcon.colcon_core.package_identification:_identify(src/realsense-ros/scripts) by extension 'colcon_pkg'
[0.434s] Level 1:colcon.colcon_core.package_identification:_identify(src/realsense-ros/scripts) by extensions ['colcon_meta']
[0.434s] Level 1:colcon.colcon_core.package_identification:_identify(src/realsense-ros/scripts) by extension 'colcon_meta'
[0.434s] Level 1:colcon.colcon_core.package_identification:_identify(src/realsense-ros/scripts) by extensions ['ros']
[0.434s] Level 1:colcon.colcon_core.package_identification:_identify(src/realsense-ros/scripts) by extension 'ros'
[0.435s] Level 1:colcon.colcon_core.package_identification:_identify(src/realsense-ros/scripts) by extensions ['cmake', 'python']
[0.435s] Level 1:colcon.colcon_core.package_identification:_identify(src/realsense-ros/scripts) by extension 'cmake'
[0.435s] Level 1:colcon.colcon_core.package_identification:_identify(src/realsense-ros/scripts) by extension 'python'
[0.435s] Level 1:colcon.colcon_core.package_identification:_identify(src/realsense-ros/scripts) by extensions ['python_setup_py']
[0.435s] Level 1:colcon.colcon_core.package_identification:_identify(src/realsense-ros/scripts) by extension 'python_setup_py'
[0.435s] Level 1:colcon.colcon_core.package_identification:_identify(src/vision_to_mavros) by extensions ['ignore', 'ignore_ament_install']
[0.435s] Level 1:colcon.colcon_core.package_identification:_identify(src/vision_to_mavros) by extension 'ignore'
[0.435s] Level 1:colcon.colcon_core.package_identification:_identify(src/vision_to_mavros) by extension 'ignore_ament_install'
[0.435s] Level 1:colcon.colcon_core.package_identification:_identify(src/vision_to_mavros) by extensions ['colcon_pkg']
[0.435s] Level 1:colcon.colcon_core.package_identification:_identify(src/vision_to_mavros) by extension 'colcon_pkg'
[0.435s] Level 1:colcon.colcon_core.package_identification:_identify(src/vision_to_mavros) by extensions ['colcon_meta']
[0.435s] Level 1:colcon.colcon_core.package_identification:_identify(src/vision_to_mavros) by extension 'colcon_meta'
[0.435s] Level 1:colcon.colcon_core.package_identification:_identify(src/vision_to_mavros) by extensions ['ros']
[0.435s] Level 1:colcon.colcon_core.package_identification:_identify(src/vision_to_mavros) by extension 'ros'
[0.436s] DEBUG:colcon.colcon_core.package_identification:Package 'src/vision_to_mavros' with type 'ros.ament_cmake' and name 'vision_to_mavros'
[0.436s] Level 1:colcon.colcon_core.package_discovery:discover_packages(recursive) using defaults
[0.437s] Level 1:colcon.colcon_core.package_discovery:discover_packages(ignore) discover
[0.437s] Level 1:colcon.colcon_core.package_discovery:discover_packages(ignore) using defaults
[0.437s] Level 1:colcon.colcon_core.package_discovery:discover_packages(path) discover
[0.437s] Level 1:colcon.colcon_core.package_discovery:discover_packages(path) using defaults
[0.511s] Level 5:colcon.colcon_core.verb:set package 'camera_models' build argument 'cmake_args' from command line to 'None'
[0.511s] Level 5:colcon.colcon_core.verb:set package 'camera_models' build argument 'cmake_target' from command line to 'None'
[0.511s] Level 5:colcon.colcon_core.verb:set package 'camera_models' build argument 'cmake_target_skip_unavailable' from command line to 'False'
[0.511s] Level 5:colcon.colcon_core.verb:set package 'camera_models' build argument 'cmake_clean_cache' from command line to 'False'
[0.511s] Level 5:colcon.colcon_core.verb:set package 'camera_models' build argument 'cmake_clean_first' from command line to 'False'
[0.511s] Level 5:colcon.colcon_core.verb:set package 'camera_models' build argument 'cmake_force_configure' from command line to 'False'
[0.511s] Level 5:colcon.colcon_core.verb:set package 'camera_models' build argument 'ament_cmake_args' from command line to 'None'
[0.512s] Level 5:colcon.colcon_core.verb:set package 'camera_models' build argument 'catkin_cmake_args' from command line to 'None'
[0.512s] Level 5:colcon.colcon_core.verb:set package 'camera_models' build argument 'catkin_skip_building_tests' from command line to 'False'
[0.512s] DEBUG:colcon.colcon_core.verb:Building package 'camera_models' with the following arguments: {'ament_cmake_args': None, 'build_base': '/home/orangepi/Desktop/SparkCar_ROS2_WS/SparkCar_Perception/build/camera_models', 'catkin_cmake_args': None, 'catkin_skip_building_tests': False, 'cmake_args': None, 'cmake_clean_cache': False, 'cmake_clean_first': False, 'cmake_force_configure': False, 'cmake_target': None, 'cmake_target_skip_unavailable': False, 'install_base': '/home/orangepi/Desktop/SparkCar_ROS2_WS/SparkCar_Perception/install/camera_models', 'merge_install': False, 'path': '/home/orangepi/Desktop/SparkCar_ROS2_WS/SparkCar_Perception/src/VINS-Fusion-ROS2/camera_models', 'symlink_install': False, 'test_result_base': None}
[0.512s] Level 5:colcon.colcon_core.verb:set package 'global_fusion' build argument 'cmake_args' from command line to 'None'
[0.512s] Level 5:colcon.colcon_core.verb:set package 'global_fusion' build argument 'cmake_target' from command line to 'None'
[0.512s] Level 5:colcon.colcon_core.verb:set package 'global_fusion' build argument 'cmake_target_skip_unavailable' from command line to 'False'
[0.512s] Level 5:colcon.colcon_core.verb:set package 'global_fusion' build argument 'cmake_clean_cache' from command line to 'False'
[0.512s] Level 5:colcon.colcon_core.verb:set package 'global_fusion' build argument 'cmake_clean_first' from command line to 'False'
[0.512s] Level 5:colcon.colcon_core.verb:set package 'global_fusion' build argument 'cmake_force_configure' from command line to 'False'
[0.512s] Level 5:colcon.colcon_core.verb:set package 'global_fusion' build argument 'ament_cmake_args' from command line to 'None'
[0.512s] Level 5:colcon.colcon_core.verb:set package 'global_fusion' build argument 'catkin_cmake_args' from command line to 'None'
[0.512s] Level 5:colcon.colcon_core.verb:set package 'global_fusion' build argument 'catkin_skip_building_tests' from command line to 'False'
[0.512s] DEBUG:colcon.colcon_core.verb:Building package 'global_fusion' with the following arguments: {'ament_cmake_args': None, 'build_base': '/home/orangepi/Desktop/SparkCar_ROS2_WS/SparkCar_Perception/build/global_fusion', 'catkin_cmake_args': None, 'catkin_skip_building_tests': False, 'cmake_args': None, 'cmake_clean_cache': False, 'cmake_clean_first': False, 'cmake_force_configure': False, 'cmake_target': None, 'cmake_target_skip_unavailable': False, 'install_base': '/home/orangepi/Desktop/SparkCar_ROS2_WS/SparkCar_Perception/install/global_fusion', 'merge_install': False, 'path': '/home/orangepi/Desktop/SparkCar_ROS2_WS/SparkCar_Perception/src/VINS-Fusion-ROS2/global_fusion', 'symlink_install': False, 'test_result_base': None}
[0.513s] Level 5:colcon.colcon_core.verb:set package 'realsense2_camera_msgs' build argument 'cmake_args' from command line to 'None'
[0.513s] Level 5:colcon.colcon_core.verb:set package 'realsense2_camera_msgs' build argument 'cmake_target' from command line to 'None'
[0.513s] Level 5:colcon.colcon_core.verb:set package 'realsense2_camera_msgs' build argument 'cmake_target_skip_unavailable' from command line to 'False'
[0.513s] Level 5:colcon.colcon_core.verb:set package 'realsense2_camera_msgs' build argument 'cmake_clean_cache' from command line to 'False'
[0.513s] Level 5:colcon.colcon_core.verb:set package 'realsense2_camera_msgs' build argument 'cmake_clean_first' from command line to 'False'
[0.513s] Level 5:colcon.colcon_core.verb:set package 'realsense2_camera_msgs' build argument 'cmake_force_configure' from command line to 'False'
[0.513s] Level 5:colcon.colcon_core.verb:set package 'realsense2_camera_msgs' build argument 'ament_cmake_args' from command line to 'None'
[0.513s] Level 5:colcon.colcon_core.verb:set package 'realsense2_camera_msgs' build argument 'catkin_cmake_args' from command line to 'None'
[0.513s] Level 5:colcon.colcon_core.verb:set package 'realsense2_camera_msgs' build argument 'catkin_skip_building_tests' from command line to 'False'
[0.513s] DEBUG:colcon.colcon_core.verb:Building package 'realsense2_camera_msgs' with the following arguments: {'ament_cmake_args': None, 'build_base': '/home/orangepi/Desktop/SparkCar_ROS2_WS/SparkCar_Perception/build/realsense2_camera_msgs', 'catkin_cmake_args': None, 'catkin_skip_building_tests': False, 'cmake_args': None, 'cmake_clean_cache': False, 'cmake_clean_first': False, 'cmake_force_configure': False, 'cmake_target': None, 'cmake_target_skip_unavailable': False, 'install_base': '/home/orangepi/Desktop/SparkCar_ROS2_WS/SparkCar_Perception/install/realsense2_camera_msgs', 'merge_install': False, 'path': '/home/orangepi/Desktop/SparkCar_ROS2_WS/SparkCar_Perception/src/realsense-ros/realsense2_camera_msgs', 'symlink_install': False, 'test_result_base': None}
[0.513s] Level 5:colcon.colcon_core.verb:set package 'vision_to_mavros' build argument 'cmake_args' from command line to 'None'
[0.513s] Level 5:colcon.colcon_core.verb:set package 'vision_to_mavros' build argument 'cmake_target' from command line to 'None'
[0.513s] Level 5:colcon.colcon_core.verb:set package 'vision_to_mavros' build argument 'cmake_target_skip_unavailable' from command line to 'False'
[0.513s] Level 5:colcon.colcon_core.verb:set package 'vision_to_mavros' build argument 'cmake_clean_cache' from command line to 'False'
[0.513s] Level 5:colcon.colcon_core.verb:set package 'vision_to_mavros' build argument 'cmake_clean_first' from command line to 'False'
[0.514s] Level 5:colcon.colcon_core.verb:set package 'vision_to_mavros' build argument 'cmake_force_configure' from command line to 'False'
[0.514s] Level 5:colcon.colcon_core.verb:set package 'vision_to_mavros' build argument 'ament_cmake_args' from command line to 'None'
[0.514s] Level 5:colcon.colcon_core.verb:set package 'vision_to_mavros' build argument 'catkin_cmake_args' from command line to 'None'
[0.514s] Level 5:colcon.colcon_core.verb:set package 'vision_to_mavros' build argument 'catkin_skip_building_tests' from command line to 'False'
[0.514s] DEBUG:colcon.colcon_core.verb:Building package 'vision_to_mavros' with the following arguments: {'ament_cmake_args': None, 'build_base': '/home/orangepi/Desktop/SparkCar_ROS2_WS/SparkCar_Perception/build/vision_to_mavros', 'catkin_cmake_args': None, 'catkin_skip_building_tests': False, 'cmake_args': None, 'cmake_clean_cache': False, 'cmake_clean_first': False, 'cmake_force_configure': False, 'cmake_target': None, 'cmake_target_skip_unavailable': False, 'install_base': '/home/orangepi/Desktop/SparkCar_ROS2_WS/SparkCar_Perception/install/vision_to_mavros', 'merge_install': False, 'path': '/home/orangepi/Desktop/SparkCar_ROS2_WS/SparkCar_Perception/src/vision_to_mavros', 'symlink_install': False, 'test_result_base': None}
[0.514s] Level 5:colcon.colcon_core.verb:set package 'loop_fusion' build argument 'cmake_args' from command line to 'None'
[0.514s] Level 5:colcon.colcon_core.verb:set package 'loop_fusion' build argument 'cmake_target' from command line to 'None'
[0.514s] Level 5:colcon.colcon_core.verb:set package 'loop_fusion' build argument 'cmake_target_skip_unavailable' from command line to 'False'
[0.514s] Level 5:colcon.colcon_core.verb:set package 'loop_fusion' build argument 'cmake_clean_cache' from command line to 'False'
[0.514s] Level 5:colcon.colcon_core.verb:set package 'loop_fusion' build argument 'cmake_clean_first' from command line to 'False'
[0.514s] Level 5:colcon.colcon_core.verb:set package 'loop_fusion' build argument 'cmake_force_configure' from command line to 'False'
[0.514s] Level 5:colcon.colcon_core.verb:set package 'loop_fusion' build argument 'ament_cmake_args' from command line to 'None'
[0.514s] Level 5:colcon.colcon_core.verb:set package 'loop_fusion' build argument 'catkin_cmake_args' from command line to 'None'
[0.514s] Level 5:colcon.colcon_core.verb:set package 'loop_fusion' build argument 'catkin_skip_building_tests' from command line to 'False'
[0.514s] DEBUG:colcon.colcon_core.verb:Building package 'loop_fusion' with the following arguments: {'ament_cmake_args': None, 'build_base': '/home/orangepi/Desktop/SparkCar_ROS2_WS/SparkCar_Perception/build/loop_fusion', 'catkin_cmake_args': None, 'catkin_skip_building_tests': False, 'cmake_args': None, 'cmake_clean_cache': False, 'cmake_clean_first': False, 'cmake_force_configure': False, 'cmake_target': None, 'cmake_target_skip_unavailable': False, 'install_base': '/home/orangepi/Desktop/SparkCar_ROS2_WS/SparkCar_Perception/install/loop_fusion', 'merge_install': False, 'path': '/home/orangepi/Desktop/SparkCar_ROS2_WS/SparkCar_Perception/src/VINS-Fusion-ROS2/loop_fusion', 'symlink_install': False, 'test_result_base': None}
[0.515s] Level 5:colcon.colcon_core.verb:set package 'realsense2_camera' build argument 'cmake_args' from command line to 'None'
[0.515s] Level 5:colcon.colcon_core.verb:set package 'realsense2_camera' build argument 'cmake_target' from command line to 'None'
[0.515s] Level 5:colcon.colcon_core.verb:set package 'realsense2_camera' build argument 'cmake_target_skip_unavailable' from command line to 'False'
[0.515s] Level 5:colcon.colcon_core.verb:set package 'realsense2_camera' build argument 'cmake_clean_cache' from command line to 'False'
[0.515s] Level 5:colcon.colcon_core.verb:set package 'realsense2_camera' build argument 'cmake_clean_first' from command line to 'False'
[0.515s] Level 5:colcon.colcon_core.verb:set package 'realsense2_camera' build argument 'cmake_force_configure' from command line to 'False'
[0.515s] Level 5:colcon.colcon_core.verb:set package 'realsense2_camera' build argument 'ament_cmake_args' from command line to 'None'
[0.515s] Level 5:colcon.colcon_core.verb:set package 'realsense2_camera' build argument 'catkin_cmake_args' from command line to 'None'
[0.515s] Level 5:colcon.colcon_core.verb:set package 'realsense2_camera' build argument 'catkin_skip_building_tests' from command line to 'False'
[0.515s] DEBUG:colcon.colcon_core.verb:Building package 'realsense2_camera' with the following arguments: {'ament_cmake_args': None, 'build_base': '/home/orangepi/Desktop/SparkCar_ROS2_WS/SparkCar_Perception/build/realsense2_camera', 'catkin_cmake_args': None, 'catkin_skip_building_tests': False, 'cmake_args': None, 'cmake_clean_cache': False, 'cmake_clean_first': False, 'cmake_force_configure': False, 'cmake_target': None, 'cmake_target_skip_unavailable': False, 'install_base': '/home/orangepi/Desktop/SparkCar_ROS2_WS/SparkCar_Perception/install/realsense2_camera', 'merge_install': False, 'path': '/home/orangepi/Desktop/SparkCar_ROS2_WS/SparkCar_Perception/src/realsense-ros/realsense2_camera', 'symlink_install': False, 'test_result_base': None}
[0.515s] Level 5:colcon.colcon_core.verb:set package 'realsense2_description' build argument 'cmake_args' from command line to 'None'
[0.515s] Level 5:colcon.colcon_core.verb:set package 'realsense2_description' build argument 'cmake_target' from command line to 'None'
[0.515s] Level 5:colcon.colcon_core.verb:set package 'realsense2_description' build argument 'cmake_target_skip_unavailable' from command line to 'False'
[0.515s] Level 5:colcon.colcon_core.verb:set package 'realsense2_description' build argument 'cmake_clean_cache' from command line to 'False'
[0.515s] Level 5:colcon.colcon_core.verb:set package 'realsense2_description' build argument 'cmake_clean_first' from command line to 'False'
[0.515s] Level 5:colcon.colcon_core.verb:set package 'realsense2_description' build argument 'cmake_force_configure' from command line to 'False'
[0.515s] Level 5:colcon.colcon_core.verb:set package 'realsense2_description' build argument 'ament_cmake_args' from command line to 'None'
[0.515s] Level 5:colcon.colcon_core.verb:set package 'realsense2_description' build argument 'catkin_cmake_args' from command line to 'None'
[0.516s] Level 5:colcon.colcon_core.verb:set package 'realsense2_description' build argument 'catkin_skip_building_tests' from command line to 'False'
[0.516s] DEBUG:colcon.colcon_core.verb:Building package 'realsense2_description' with the following arguments: {'ament_cmake_args': None, 'build_base': '/home/orangepi/Desktop/SparkCar_ROS2_WS/SparkCar_Perception/build/realsense2_description', 'catkin_cmake_args': None, 'catkin_skip_building_tests': False, 'cmake_args': None, 'cmake_clean_cache': False, 'cmake_clean_first': False, 'cmake_force_configure': False, 'cmake_target': None, 'cmake_target_skip_unavailable': False, 'install_base': '/home/orangepi/Desktop/SparkCar_ROS2_WS/SparkCar_Perception/install/realsense2_description', 'merge_install': False, 'path': '/home/orangepi/Desktop/SparkCar_ROS2_WS/SparkCar_Perception/src/realsense-ros/realsense2_description', 'symlink_install': False, 'test_result_base': None}
[0.516s] Level 5:colcon.colcon_core.verb:set package 'vins' build argument 'cmake_args' from command line to 'None'
[0.516s] Level 5:colcon.colcon_core.verb:set package 'vins' build argument 'cmake_target' from command line to 'None'
[0.516s] Level 5:colcon.colcon_core.verb:set package 'vins' build argument 'cmake_target_skip_unavailable' from command line to 'False'
[0.516s] Level 5:colcon.colcon_core.verb:set package 'vins' build argument 'cmake_clean_cache' from command line to 'False'
[0.516s] Level 5:colcon.colcon_core.verb:set package 'vins' build argument 'cmake_clean_first' from command line to 'False'
[0.516s] Level 5:colcon.colcon_core.verb:set package 'vins' build argument 'cmake_force_configure' from command line to 'False'
[0.516s] Level 5:colcon.colcon_core.verb:set package 'vins' build argument 'ament_cmake_args' from command line to 'None'
[0.516s] Level 5:colcon.colcon_core.verb:set package 'vins' build argument 'catkin_cmake_args' from command line to 'None'
[0.516s] Level 5:colcon.colcon_core.verb:set package 'vins' build argument 'catkin_skip_building_tests' from command line to 'False'
[0.516s] DEBUG:colcon.colcon_core.verb:Building package 'vins' with the following arguments: {'ament_cmake_args': None, 'build_base': '/home/orangepi/Desktop/SparkCar_ROS2_WS/SparkCar_Perception/build/vins', 'catkin_cmake_args': None, 'catkin_skip_building_tests': False, 'cmake_args': None, 'cmake_clean_cache': False, 'cmake_clean_first': False, 'cmake_force_configure': False, 'cmake_target': None, 'cmake_target_skip_unavailable': False, 'install_base': '/home/orangepi/Desktop/SparkCar_ROS2_WS/SparkCar_Perception/install/vins', 'merge_install': False, 'path': '/home/orangepi/Desktop/SparkCar_ROS2_WS/SparkCar_Perception/src/VINS-Fusion-ROS2/vins', 'symlink_install': False, 'test_result_base': None}
[0.516s] INFO:colcon.colcon_core.executor:Executing jobs using 'parallel' executor
[0.518s] DEBUG:colcon.colcon_parallel_executor.executor.parallel:run_until_complete
[0.519s] INFO:colcon.colcon_ros.task.ament_cmake.build:Building ROS package in '/home/orangepi/Desktop/SparkCar_ROS2_WS/SparkCar_Perception/src/VINS-Fusion-ROS2/camera_models' with build type 'ament_cmake'
[0.519s] INFO:colcon.colcon_cmake.task.cmake.build:Building CMake package in '/home/orangepi/Desktop/SparkCar_ROS2_WS/SparkCar_Perception/src/VINS-Fusion-ROS2/camera_models'
[0.524s] INFO:colcon.colcon_core.plugin_system:Skipping extension 'colcon_core.shell.bat': Not used on non-Windows systems
[0.524s] INFO:colcon.colcon_core.shell:Skip shell extension 'powershell' for command environment: Not usable outside of PowerShell
[0.524s] DEBUG:colcon.colcon_core.shell:Skip shell extension 'dsv' for command environment
[0.539s] INFO:colcon.colcon_ros.task.ament_cmake.build:Building ROS package in '/home/orangepi/Desktop/SparkCar_ROS2_WS/SparkCar_Perception/src/realsense-ros/realsense2_camera_msgs' with build type 'ament_cmake'
[0.539s] INFO:colcon.colcon_cmake.task.cmake.build:Building CMake package in '/home/orangepi/Desktop/SparkCar_ROS2_WS/SparkCar_Perception/src/realsense-ros/realsense2_camera_msgs'
[0.540s] INFO:colcon.colcon_core.shell:Skip shell extension 'powershell' for command environment: Not usable outside of PowerShell
[0.540s] DEBUG:colcon.colcon_core.shell:Skip shell extension 'dsv' for command environment
[0.551s] INFO:colcon.colcon_ros.task.ament_cmake.build:Building ROS package in '/home/orangepi/Desktop/SparkCar_ROS2_WS/SparkCar_Perception/src/VINS-Fusion-ROS2/global_fusion' with build type 'ament_cmake'
[0.552s] INFO:colcon.colcon_cmake.task.cmake.build:Building CMake package in '/home/orangepi/Desktop/SparkCar_ROS2_WS/SparkCar_Perception/src/VINS-Fusion-ROS2/global_fusion'
[0.552s] INFO:colcon.colcon_core.shell:Skip shell extension 'powershell' for command environment: Not usable outside of PowerShell
[0.552s] DEBUG:colcon.colcon_core.shell:Skip shell extension 'dsv' for command environment
[0.562s] INFO:colcon.colcon_ros.task.ament_cmake.build:Building ROS package in '/home/orangepi/Desktop/SparkCar_ROS2_WS/SparkCar_Perception/src/vision_to_mavros' with build type 'ament_cmake'
[0.563s] INFO:colcon.colcon_cmake.task.cmake.build:Building CMake package in '/home/orangepi/Desktop/SparkCar_ROS2_WS/SparkCar_Perception/src/vision_to_mavros'
[0.563s] INFO:colcon.colcon_core.shell:Skip shell extension 'powershell' for command environment: Not usable outside of PowerShell
[0.563s] DEBUG:colcon.colcon_core.shell:Skip shell extension 'dsv' for command environment
[0.581s] DEBUG:colcon.colcon_core.event_handler.log_command:Invoking command in '/home/orangepi/Desktop/SparkCar_ROS2_WS/SparkCar_Perception/build/camera_models': CMAKE_PREFIX_PATH=${CMAKE_PREFIX_PATH}:/opt/ros/humble /usr/bin/cmake --build /home/orangepi/Desktop/SparkCar_ROS2_WS/SparkCar_Perception/build/camera_models -- -j8 -l8
[0.592s] DEBUG:colcon.colcon_core.event_handler.log_command:Invoking command in '/home/orangepi/Desktop/SparkCar_ROS2_WS/SparkCar_Perception/build/realsense2_camera_msgs': CMAKE_PREFIX_PATH=${CMAKE_PREFIX_PATH}:/opt/ros/humble /usr/bin/cmake --build /home/orangepi/Desktop/SparkCar_ROS2_WS/SparkCar_Perception/build/realsense2_camera_msgs -- -j8 -l8
[0.604s] DEBUG:colcon.colcon_core.event_handler.log_command:Invoking command in '/home/orangepi/Desktop/SparkCar_ROS2_WS/SparkCar_Perception/build/global_fusion': CMAKE_PREFIX_PATH=${CMAKE_PREFIX_PATH}:/opt/ros/humble /usr/bin/cmake --build /home/orangepi/Desktop/SparkCar_ROS2_WS/SparkCar_Perception/build/global_fusion -- -j8 -l8
[0.622s] DEBUG:colcon.colcon_core.event_handler.log_command:Invoking command in '/home/orangepi/Desktop/SparkCar_ROS2_WS/SparkCar_Perception/build/vision_to_mavros': CMAKE_PREFIX_PATH=${CMAKE_PREFIX_PATH}:/opt/ros/humble /usr/bin/cmake --build /home/orangepi/Desktop/SparkCar_ROS2_WS/SparkCar_Perception/build/vision_to_mavros -- -j8 -l8
[0.856s] DEBUG:colcon.colcon_core.event_handler.log_command:Invoked command in '/home/orangepi/Desktop/SparkCar_ROS2_WS/SparkCar_Perception/build/camera_models' returned '0': CMAKE_PREFIX_PATH=${CMAKE_PREFIX_PATH}:/opt/ros/humble /usr/bin/cmake --build /home/orangepi/Desktop/SparkCar_ROS2_WS/SparkCar_Perception/build/camera_models -- -j8 -l8
[0.874s] DEBUG:colcon.colcon_core.event_handler.log_command:Invoking command in '/home/orangepi/Desktop/SparkCar_ROS2_WS/SparkCar_Perception/build/camera_models': CMAKE_PREFIX_PATH=${CMAKE_PREFIX_PATH}:/opt/ros/humble /usr/bin/cmake --install /home/orangepi/Desktop/SparkCar_ROS2_WS/SparkCar_Perception/build/camera_models
[0.882s] DEBUG:colcon.colcon_core.event_handler.log_command:Invoked command in '/home/orangepi/Desktop/SparkCar_ROS2_WS/SparkCar_Perception/build/global_fusion' returned '0': CMAKE_PREFIX_PATH=${CMAKE_PREFIX_PATH}:/opt/ros/humble /usr/bin/cmake --build /home/orangepi/Desktop/SparkCar_ROS2_WS/SparkCar_Perception/build/global_fusion -- -j8 -l8
[0.883s] DEBUG:colcon.colcon_core.event_handler.log_command:Invoking command in '/home/orangepi/Desktop/SparkCar_ROS2_WS/SparkCar_Perception/build/global_fusion': CMAKE_PREFIX_PATH=${CMAKE_PREFIX_PATH}:/opt/ros/humble /usr/bin/cmake --install /home/orangepi/Desktop/SparkCar_ROS2_WS/SparkCar_Perception/build/global_fusion
[0.933s] Level 1:colcon.colcon_core.environment:create_environment_scripts_only(camera_models)
[0.939s] Level 1:colcon.colcon_core.environment:checking '/home/orangepi/Desktop/SparkCar_ROS2_WS/SparkCar_Perception/install/camera_models' for CMake module files
[0.941s] Level 1:colcon.colcon_core.environment:checking '/home/orangepi/Desktop/SparkCar_ROS2_WS/SparkCar_Perception/install/camera_models' for CMake config files
[0.942s] Level 1:colcon.colcon_core.shell:create_environment_hook('camera_models', 'cmake_prefix_path')
[0.943s] INFO:colcon.colcon_core.shell:Creating environment hook '/home/orangepi/Desktop/SparkCar_ROS2_WS/SparkCar_Perception/install/camera_models/share/camera_models/hook/cmake_prefix_path.ps1'
[0.945s] INFO:colcon.colcon_core.shell:Creating environment descriptor '/home/orangepi/Desktop/SparkCar_ROS2_WS/SparkCar_Perception/install/camera_models/share/camera_models/hook/cmake_prefix_path.dsv'
[0.946s] INFO:colcon.colcon_core.shell:Creating environment hook '/home/orangepi/Desktop/SparkCar_ROS2_WS/SparkCar_Perception/install/camera_models/share/camera_models/hook/cmake_prefix_path.sh'
[0.948s] Level 1:colcon.colcon_core.environment:checking '/home/orangepi/Desktop/SparkCar_ROS2_WS/SparkCar_Perception/install/camera_models/lib'
[0.949s] Level 1:colcon.colcon_core.environment:checking '/home/orangepi/Desktop/SparkCar_ROS2_WS/SparkCar_Perception/install/camera_models/bin'
[0.949s] Level 1:colcon.colcon_core.shell:create_environment_hook('camera_models', 'path')
[0.950s] INFO:colcon.colcon_core.shell:Creating environment hook '/home/orangepi/Desktop/SparkCar_ROS2_WS/SparkCar_Perception/install/camera_models/share/camera_models/hook/path.ps1'
[0.951s] INFO:colcon.colcon_core.shell:Creating environment descriptor '/home/orangepi/Desktop/SparkCar_ROS2_WS/SparkCar_Perception/install/camera_models/share/camera_models/hook/path.dsv'
[0.952s] INFO:colcon.colcon_core.shell:Creating environment hook '/home/orangepi/Desktop/SparkCar_ROS2_WS/SparkCar_Perception/install/camera_models/share/camera_models/hook/path.sh'
[0.954s] DEBUG:colcon.colcon_core.event_handler.log_command:Invoked command in '/home/orangepi/Desktop/SparkCar_ROS2_WS/SparkCar_Perception/build/camera_models' returned '0': CMAKE_PREFIX_PATH=${CMAKE_PREFIX_PATH}:/opt/ros/humble /usr/bin/cmake --install /home/orangepi/Desktop/SparkCar_ROS2_WS/SparkCar_Perception/build/camera_models
[0.954s] Level 1:colcon.colcon_core.environment:checking '/home/orangepi/Desktop/SparkCar_ROS2_WS/SparkCar_Perception/install/camera_models/lib/pkgconfig/camera_models.pc'
[0.955s] Level 1:colcon.colcon_core.environment:checking '/home/orangepi/Desktop/SparkCar_ROS2_WS/SparkCar_Perception/install/camera_models/lib/python3.10/site-packages'
[0.956s] Level 1:colcon.colcon_core.environment:checking '/home/orangepi/Desktop/SparkCar_ROS2_WS/SparkCar_Perception/install/camera_models/bin'
[0.956s] Level 1:colcon.colcon_core.shell:create_environment_hook('camera_models', 'pythonscriptspath')
[0.956s] INFO:colcon.colcon_core.shell:Creating environment hook '/home/orangepi/Desktop/SparkCar_ROS2_WS/SparkCar_Perception/install/camera_models/share/camera_models/hook/pythonscriptspath.ps1'
[0.957s] INFO:colcon.colcon_core.shell:Creating environment descriptor '/home/orangepi/Desktop/SparkCar_ROS2_WS/SparkCar_Perception/install/camera_models/share/camera_models/hook/pythonscriptspath.dsv'
[0.958s] INFO:colcon.colcon_core.shell:Creating environment hook '/home/orangepi/Desktop/SparkCar_ROS2_WS/SparkCar_Perception/install/camera_models/share/camera_models/hook/pythonscriptspath.sh'
[0.959s] INFO:colcon.colcon_core.shell:Creating package script '/home/orangepi/Desktop/SparkCar_ROS2_WS/SparkCar_Perception/install/camera_models/share/camera_models/package.ps1'
[0.961s] INFO:colcon.colcon_core.shell:Creating package descriptor '/home/orangepi/Desktop/SparkCar_ROS2_WS/SparkCar_Perception/install/camera_models/share/camera_models/package.dsv'
[0.962s] INFO:colcon.colcon_core.shell:Creating package script '/home/orangepi/Desktop/SparkCar_ROS2_WS/SparkCar_Perception/install/camera_models/share/camera_models/package.sh'
[0.963s] INFO:colcon.colcon_core.shell:Creating package script '/home/orangepi/Desktop/SparkCar_ROS2_WS/SparkCar_Perception/install/camera_models/share/camera_models/package.bash'
[0.964s] INFO:colcon.colcon_core.shell:Creating package script '/home/orangepi/Desktop/SparkCar_ROS2_WS/SparkCar_Perception/install/camera_models/share/camera_models/package.zsh'
[0.965s] Level 1:colcon.colcon_core.environment:create_file_with_runtime_dependencies(/home/orangepi/Desktop/SparkCar_ROS2_WS/SparkCar_Perception/install/camera_models/share/colcon-core/packages/camera_models)
[0.967s] Level 1:colcon.colcon_core.environment:create_environment_scripts_only(camera_models)
[0.967s] Level 1:colcon.colcon_core.environment:checking '/home/orangepi/Desktop/SparkCar_ROS2_WS/SparkCar_Perception/install/camera_models' for CMake module files
[0.968s] Level 1:colcon.colcon_core.environment:checking '/home/orangepi/Desktop/SparkCar_ROS2_WS/SparkCar_Perception/install/camera_models' for CMake config files
[0.968s] Level 1:colcon.colcon_core.shell:create_environment_hook('camera_models', 'cmake_prefix_path')
[0.969s] INFO:colcon.colcon_core.shell:Creating environment hook '/home/orangepi/Desktop/SparkCar_ROS2_WS/SparkCar_Perception/install/camera_models/share/camera_models/hook/cmake_prefix_path.ps1'
[0.969s] INFO:colcon.colcon_core.shell:Creating environment descriptor '/home/orangepi/Desktop/SparkCar_ROS2_WS/SparkCar_Perception/install/camera_models/share/camera_models/hook/cmake_prefix_path.dsv'
[0.970s] INFO:colcon.colcon_core.shell:Creating environment hook '/home/orangepi/Desktop/SparkCar_ROS2_WS/SparkCar_Perception/install/camera_models/share/camera_models/hook/cmake_prefix_path.sh'
[0.971s] Level 1:colcon.colcon_core.environment:checking '/home/orangepi/Desktop/SparkCar_ROS2_WS/SparkCar_Perception/install/camera_models/lib'
[0.971s] Level 1:colcon.colcon_core.environment:checking '/home/orangepi/Desktop/SparkCar_ROS2_WS/SparkCar_Perception/install/camera_models/bin'
[0.971s] Level 1:colcon.colcon_core.shell:create_environment_hook('camera_models', 'path')
[0.971s] INFO:colcon.colcon_core.shell:Creating environment hook '/home/orangepi/Desktop/SparkCar_ROS2_WS/SparkCar_Perception/install/camera_models/share/camera_models/hook/path.ps1'
[0.972s] INFO:colcon.colcon_core.shell:Creating environment descriptor '/home/orangepi/Desktop/SparkCar_ROS2_WS/SparkCar_Perception/install/camera_models/share/camera_models/hook/path.dsv'
[0.972s] INFO:colcon.colcon_core.shell:Creating environment hook '/home/orangepi/Desktop/SparkCar_ROS2_WS/SparkCar_Perception/install/camera_models/share/camera_models/hook/path.sh'
[0.973s] Level 1:colcon.colcon_core.environment:checking '/home/orangepi/Desktop/SparkCar_ROS2_WS/SparkCar_Perception/install/camera_models/lib/pkgconfig/camera_models.pc'
[0.973s] Level 1:colcon.colcon_core.environment:checking '/home/orangepi/Desktop/SparkCar_ROS2_WS/SparkCar_Perception/install/camera_models/lib/python3.10/site-packages'
[0.974s] Level 1:colcon.colcon_core.environment:checking '/home/orangepi/Desktop/SparkCar_ROS2_WS/SparkCar_Perception/install/camera_models/bin'
[0.974s] Level 1:colcon.colcon_core.shell:create_environment_hook('camera_models', 'pythonscriptspath')
[0.974s] INFO:colcon.colcon_core.shell:Creating environment hook '/home/orangepi/Desktop/SparkCar_ROS2_WS/SparkCar_Perception/install/camera_models/share/camera_models/hook/pythonscriptspath.ps1'
[0.975s] INFO:colcon.colcon_core.shell:Creating environment descriptor '/home/orangepi/Desktop/SparkCar_ROS2_WS/SparkCar_Perception/install/camera_models/share/camera_models/hook/pythonscriptspath.dsv'
[0.976s] INFO:colcon.colcon_core.shell:Creating environment hook '/home/orangepi/Desktop/SparkCar_ROS2_WS/SparkCar_Perception/install/camera_models/share/camera_models/hook/pythonscriptspath.sh'
[0.977s] INFO:colcon.colcon_core.shell:Creating package script '/home/orangepi/Desktop/SparkCar_ROS2_WS/SparkCar_Perception/install/camera_models/share/camera_models/package.ps1'
[0.978s] INFO:colcon.colcon_core.shell:Creating package descriptor '/home/orangepi/Desktop/SparkCar_ROS2_WS/SparkCar_Perception/install/camera_models/share/camera_models/package.dsv'
[0.978s] INFO:colcon.colcon_core.shell:Creating package script '/home/orangepi/Desktop/SparkCar_ROS2_WS/SparkCar_Perception/install/camera_models/share/camera_models/package.sh'
[0.979s] INFO:colcon.colcon_core.shell:Creating package script '/home/orangepi/Desktop/SparkCar_ROS2_WS/SparkCar_Perception/install/camera_models/share/camera_models/package.bash'
[0.979s] INFO:colcon.colcon_core.shell:Creating package script '/home/orangepi/Desktop/SparkCar_ROS2_WS/SparkCar_Perception/install/camera_models/share/camera_models/package.zsh'
[0.980s] Level 1:colcon.colcon_core.environment:create_file_with_runtime_dependencies(/home/orangepi/Desktop/SparkCar_ROS2_WS/SparkCar_Perception/install/camera_models/share/colcon-core/packages/camera_models)
[0.980s] Level 1:colcon.colcon_core.environment:create_environment_scripts_only(global_fusion)
[0.981s] Level 1:colcon.colcon_core.environment:checking '/home/orangepi/Desktop/SparkCar_ROS2_WS/SparkCar_Perception/install/global_fusion' for CMake module files
[0.982s] DEBUG:colcon.colcon_core.event_handler.log_command:Invoked command in '/home/orangepi/Desktop/SparkCar_ROS2_WS/SparkCar_Perception/build/global_fusion' returned '0': CMAKE_PREFIX_PATH=${CMAKE_PREFIX_PATH}:/opt/ros/humble /usr/bin/cmake --install /home/orangepi/Desktop/SparkCar_ROS2_WS/SparkCar_Perception/build/global_fusion
[0.982s] Level 1:colcon.colcon_core.environment:checking '/home/orangepi/Desktop/SparkCar_ROS2_WS/SparkCar_Perception/install/global_fusion' for CMake config files
[0.983s] Level 1:colcon.colcon_core.shell:create_environment_hook('global_fusion', 'cmake_prefix_path')
[0.983s] INFO:colcon.colcon_core.shell:Creating environment hook '/home/orangepi/Desktop/SparkCar_ROS2_WS/SparkCar_Perception/install/global_fusion/share/global_fusion/hook/cmake_prefix_path.ps1'
[0.984s] INFO:colcon.colcon_core.shell:Creating environment descriptor '/home/orangepi/Desktop/SparkCar_ROS2_WS/SparkCar_Perception/install/global_fusion/share/global_fusion/hook/cmake_prefix_path.dsv'
[0.984s] INFO:colcon.colcon_core.shell:Creating environment hook '/home/orangepi/Desktop/SparkCar_ROS2_WS/SparkCar_Perception/install/global_fusion/share/global_fusion/hook/cmake_prefix_path.sh'
[0.985s] Level 1:colcon.colcon_core.environment:checking '/home/orangepi/Desktop/SparkCar_ROS2_WS/SparkCar_Perception/install/global_fusion/lib'
[0.985s] Level 1:colcon.colcon_core.environment:checking '/home/orangepi/Desktop/SparkCar_ROS2_WS/SparkCar_Perception/install/global_fusion/bin'
[0.985s] Level 1:colcon.colcon_core.shell:create_environment_hook('global_fusion', 'path')
[0.986s] INFO:colcon.colcon_core.shell:Creating environment hook '/home/orangepi/Desktop/SparkCar_ROS2_WS/SparkCar_Perception/install/global_fusion/share/global_fusion/hook/path.ps1'
[0.986s] INFO:colcon.colcon_core.shell:Creating environment descriptor '/home/orangepi/Desktop/SparkCar_ROS2_WS/SparkCar_Perception/install/global_fusion/share/global_fusion/hook/path.dsv'
[0.987s] INFO:colcon.colcon_core.shell:Creating environment hook '/home/orangepi/Desktop/SparkCar_ROS2_WS/SparkCar_Perception/install/global_fusion/share/global_fusion/hook/path.sh'
[0.987s] Level 1:colcon.colcon_core.environment:checking '/home/orangepi/Desktop/SparkCar_ROS2_WS/SparkCar_Perception/install/global_fusion/lib/pkgconfig/global_fusion.pc'
[0.988s] Level 1:colcon.colcon_core.environment:checking '/home/orangepi/Desktop/SparkCar_ROS2_WS/SparkCar_Perception/install/global_fusion/lib/python3.10/site-packages'
[0.988s] Level 1:colcon.colcon_core.environment:checking '/home/orangepi/Desktop/SparkCar_ROS2_WS/SparkCar_Perception/install/global_fusion/bin'
[0.988s] Level 1:colcon.colcon_core.shell:create_environment_hook('global_fusion', 'pythonscriptspath')
[0.989s] INFO:colcon.colcon_core.shell:Creating environment hook '/home/orangepi/Desktop/SparkCar_ROS2_WS/SparkCar_Perception/install/global_fusion/share/global_fusion/hook/pythonscriptspath.ps1'
[0.989s] INFO:colcon.colcon_core.shell:Creating environment descriptor '/home/orangepi/Desktop/SparkCar_ROS2_WS/SparkCar_Perception/install/global_fusion/share/global_fusion/hook/pythonscriptspath.dsv'
[0.990s] INFO:colcon.colcon_core.shell:Creating environment hook '/home/orangepi/Desktop/SparkCar_ROS2_WS/SparkCar_Perception/install/global_fusion/share/global_fusion/hook/pythonscriptspath.sh'
[0.991s] INFO:colcon.colcon_core.shell:Creating package script '/home/orangepi/Desktop/SparkCar_ROS2_WS/SparkCar_Perception/install/global_fusion/share/global_fusion/package.ps1'
[0.992s] INFO:colcon.colcon_core.shell:Creating package descriptor '/home/orangepi/Desktop/SparkCar_ROS2_WS/SparkCar_Perception/install/global_fusion/share/global_fusion/package.dsv'
[0.992s] INFO:colcon.colcon_core.shell:Creating package script '/home/orangepi/Desktop/SparkCar_ROS2_WS/SparkCar_Perception/install/global_fusion/share/global_fusion/package.sh'
[0.993s] INFO:colcon.colcon_core.shell:Creating package script '/home/orangepi/Desktop/SparkCar_ROS2_WS/SparkCar_Perception/install/global_fusion/share/global_fusion/package.bash'
[0.994s] INFO:colcon.colcon_core.shell:Creating package script '/home/orangepi/Desktop/SparkCar_ROS2_WS/SparkCar_Perception/install/global_fusion/share/global_fusion/package.zsh'
[0.994s] Level 1:colcon.colcon_core.environment:create_file_with_runtime_dependencies(/home/orangepi/Desktop/SparkCar_ROS2_WS/SparkCar_Perception/install/global_fusion/share/colcon-core/packages/global_fusion)
[0.995s] Level 1:colcon.colcon_core.environment:create_environment_scripts_only(global_fusion)
[0.995s] Level 1:colcon.colcon_core.environment:checking '/home/orangepi/Desktop/SparkCar_ROS2_WS/SparkCar_Perception/install/global_fusion' for CMake module files
[0.996s] Level 1:colcon.colcon_core.environment:checking '/home/orangepi/Desktop/SparkCar_ROS2_WS/SparkCar_Perception/install/global_fusion' for CMake config files
[0.996s] Level 1:colcon.colcon_core.shell:create_environment_hook('global_fusion', 'cmake_prefix_path')
[0.996s] INFO:colcon.colcon_core.shell:Creating environment hook '/home/orangepi/Desktop/SparkCar_ROS2_WS/SparkCar_Perception/install/global_fusion/share/global_fusion/hook/cmake_prefix_path.ps1'
[0.997s] INFO:colcon.colcon_core.shell:Creating environment descriptor '/home/orangepi/Desktop/SparkCar_ROS2_WS/SparkCar_Perception/install/global_fusion/share/global_fusion/hook/cmake_prefix_path.dsv'
[0.998s] INFO:colcon.colcon_core.shell:Creating environment hook '/home/orangepi/Desktop/SparkCar_ROS2_WS/SparkCar_Perception/install/global_fusion/share/global_fusion/hook/cmake_prefix_path.sh'
[0.998s] Level 1:colcon.colcon_core.environment:checking '/home/orangepi/Desktop/SparkCar_ROS2_WS/SparkCar_Perception/install/global_fusion/lib'
[0.999s] Level 1:colcon.colcon_core.environment:checking '/home/orangepi/Desktop/SparkCar_ROS2_WS/SparkCar_Perception/install/global_fusion/bin'
[0.999s] Level 1:colcon.colcon_core.shell:create_environment_hook('global_fusion', 'path')
[0.999s] INFO:colcon.colcon_core.shell:Creating environment hook '/home/orangepi/Desktop/SparkCar_ROS2_WS/SparkCar_Perception/install/global_fusion/share/global_fusion/hook/path.ps1'
[1.000s] INFO:colcon.colcon_core.shell:Creating environment descriptor '/home/orangepi/Desktop/SparkCar_ROS2_WS/SparkCar_Perception/install/global_fusion/share/global_fusion/hook/path.dsv'
[1.000s] INFO:colcon.colcon_core.shell:Creating environment hook '/home/orangepi/Desktop/SparkCar_ROS2_WS/SparkCar_Perception/install/global_fusion/share/global_fusion/hook/path.sh'
[1.001s] Level 1:colcon.colcon_core.environment:checking '/home/orangepi/Desktop/SparkCar_ROS2_WS/SparkCar_Perception/install/global_fusion/lib/pkgconfig/global_fusion.pc'
[1.002s] Level 1:colcon.colcon_core.environment:checking '/home/orangepi/Desktop/SparkCar_ROS2_WS/SparkCar_Perception/install/global_fusion/lib/python3.10/site-packages'
[1.002s] Level 1:colcon.colcon_core.environment:checking '/home/orangepi/Desktop/SparkCar_ROS2_WS/SparkCar_Perception/install/global_fusion/bin'
[1.002s] Level 1:colcon.colcon_core.shell:create_environment_hook('global_fusion', 'pythonscriptspath')
[1.003s] INFO:colcon.colcon_core.shell:Creating environment hook '/home/orangepi/Desktop/SparkCar_ROS2_WS/SparkCar_Perception/install/global_fusion/share/global_fusion/hook/pythonscriptspath.ps1'
[1.004s] INFO:colcon.colcon_core.shell:Creating environment descriptor '/home/orangepi/Desktop/SparkCar_ROS2_WS/SparkCar_Perception/install/global_fusion/share/global_fusion/hook/pythonscriptspath.dsv'
[1.004s] INFO:colcon.colcon_core.shell:Creating environment hook '/home/orangepi/Desktop/SparkCar_ROS2_WS/SparkCar_Perception/install/global_fusion/share/global_fusion/hook/pythonscriptspath.sh'
[1.006s] INFO:colcon.colcon_core.shell:Creating package script '/home/orangepi/Desktop/SparkCar_ROS2_WS/SparkCar_Perception/install/global_fusion/share/global_fusion/package.ps1'
[1.007s] INFO:colcon.colcon_core.shell:Creating package descriptor '/home/orangepi/Desktop/SparkCar_ROS2_WS/SparkCar_Perception/install/global_fusion/share/global_fusion/package.dsv'
[1.008s] INFO:colcon.colcon_core.shell:Creating package script '/home/orangepi/Desktop/SparkCar_ROS2_WS/SparkCar_Perception/install/global_fusion/share/global_fusion/package.sh'
[1.009s] INFO:colcon.colcon_core.shell:Creating package script '/home/orangepi/Desktop/SparkCar_ROS2_WS/SparkCar_Perception/install/global_fusion/share/global_fusion/package.bash'
[1.009s] INFO:colcon.colcon_core.shell:Creating package script '/home/orangepi/Desktop/SparkCar_ROS2_WS/SparkCar_Perception/install/global_fusion/share/global_fusion/package.zsh'
[1.010s] Level 1:colcon.colcon_core.environment:create_file_with_runtime_dependencies(/home/orangepi/Desktop/SparkCar_ROS2_WS/SparkCar_Perception/install/global_fusion/share/colcon-core/packages/global_fusion)
[1.011s] INFO:colcon.colcon_ros.task.ament_cmake.build:Building ROS package in '/home/orangepi/Desktop/SparkCar_ROS2_WS/SparkCar_Perception/src/VINS-Fusion-ROS2/loop_fusion' with build type 'ament_cmake'
[1.012s] INFO:colcon.colcon_cmake.task.cmake.build:Building CMake package in '/home/orangepi/Desktop/SparkCar_ROS2_WS/SparkCar_Perception/src/VINS-Fusion-ROS2/loop_fusion'
[1.012s] INFO:colcon.colcon_core.shell:Skip shell extension 'powershell' for command environment: Not usable outside of PowerShell
[1.013s] DEBUG:colcon.colcon_core.shell:Skip shell extension 'dsv' for command environment
[1.023s] INFO:colcon.colcon_ros.task.ament_cmake.build:Building ROS package in '/home/orangepi/Desktop/SparkCar_ROS2_WS/SparkCar_Perception/src/VINS-Fusion-ROS2/vins' with build type 'ament_cmake'
[1.023s] INFO:colcon.colcon_cmake.task.cmake.build:Building CMake package in '/home/orangepi/Desktop/SparkCar_ROS2_WS/SparkCar_Perception/src/VINS-Fusion-ROS2/vins'
[1.024s] INFO:colcon.colcon_core.shell:Skip shell extension 'powershell' for command environment: Not usable outside of PowerShell
[1.024s] DEBUG:colcon.colcon_core.shell:Skip shell extension 'dsv' for command environment
[1.046s] DEBUG:colcon.colcon_core.event_handler.log_command:Invoking command in '/home/orangepi/Desktop/SparkCar_ROS2_WS/SparkCar_Perception/build/loop_fusion': CMAKE_PREFIX_PATH=/home/orangepi/Desktop/SparkCar_ROS2_WS/SparkCar_Perception/install/camera_models:/home/orangepi/Desktop/SparkCar_ROS2_WS/SparkCar_Perception/install/vins:/home/orangepi/Desktop/SparkCar_ROS2_WS/SparkCar_Perception/install/realsense2_description:/home/orangepi/Desktop/SparkCar_ROS2_WS/SparkCar_Perception/install/realsense2_camera:/home/orangepi/Desktop/SparkCar_ROS2_WS/SparkCar_Perception/install/realsense2_camera_msgs:/home/orangepi/Desktop/SparkCar_ROS2_WS/SparkCar_Perception/install/loop_fusion:/home/orangepi/Desktop/SparkCar_ROS2_WS/SparkCar_Perception/install/global_fusion:/home/orangepi/Desktop/SparkCar_ROS2_WS/SparkCar_Controller/install/target_follower:/home/orangepi/Desktop/SparkCar_ROS2_WS/SparkCar_Tools/install/kalibr:/home/orangepi/Desktop/SparkCar_ROS2_WS/SparkCar_Tools/install/incremental_calibration_python:/home/orangepi/Desktop/SparkCar_ROS2_WS/SparkCar_Tools/install/incremental_calibration:/home/orangepi/Desktop/SparkCar_ROS2_WS/SparkCar_Tools/install/aslam_splines_python:/home/orangepi/Desktop/SparkCar_ROS2_WS/SparkCar_Tools/install/bsplines_python:/home/orangepi/Desktop/SparkCar_ROS2_WS/SparkCar_Tools/install/aslam_cv_backend_python:/home/orangepi/Desktop/SparkCar_ROS2_WS/SparkCar_Tools/install/aslam_cv_python:/home/orangepi/Desktop/SparkCar_ROS2_WS/SparkCar_Tools/install/aslam_cv_error_terms:/home/orangepi/Desktop/SparkCar_ROS2_WS/SparkCar_Tools/install/aslam_cv_backend:/home/orangepi/Desktop/SparkCar_ROS2_WS/SparkCar_Tools/install/aslam_splines:/home/orangepi/Desktop/SparkCar_ROS2_WS/SparkCar_Tools/install/bsplines:/home/orangepi/Desktop/SparkCar_ROS2_WS/SparkCar_Tools/install/aslam_backend_python:/home/orangepi/Desktop/SparkCar_ROS2_WS/SparkCar_Tools/install/aslam_backend_expressions:/home/orangepi/Desktop/SparkCar_ROS2_WS/SparkCar_Tools/install/aslam_backend:/home/orangepi/Desktop/SparkCar_ROS2_WS/SparkCar_Tools/install/sparse_block_matrix:/home/orangepi/Desktop/SparkCar_ROS2_WS/SparkCar_Tools/install/aslam_cameras_april:/home/orangepi/Desktop/SparkCar_ROS2_WS/SparkCar_Tools/install/sm_python:/home/orangepi/Desktop/SparkCar_ROS2_WS/SparkCar_Tools/install/sm_timing:/home/orangepi/Desktop/SparkCar_ROS2_WS/SparkCar_Tools/install/aslam_imgproc:/home/orangepi/Desktop/SparkCar_ROS2_WS/SparkCar_Tools/install/aslam_cv_serialization:/home/orangepi/Desktop/SparkCar_ROS2_WS/SparkCar_Tools/install/aslam_cameras:/home/orangepi/Desktop/SparkCar_ROS2_WS/SparkCar_Tools/install/sm_kinematics:/home/orangepi/Desktop/SparkCar_ROS2_WS/SparkCar_Tools/install/sm_eigen:/home/orangepi/Desktop/SparkCar_ROS2_WS/SparkCar_Tools/install/sm_random:/home/orangepi/Desktop/SparkCar_ROS2_WS/SparkCar_Tools/install/sm_property_tree:/home/orangepi/Desktop/SparkCar_ROS2_WS/SparkCar_Tools/install/sm_opencv:/home/orangepi/Desktop/SparkCar_ROS2_WS/SparkCar_Tools/install/sm_matrix_archive:/home/orangepi/Desktop/SparkCar_ROS2_WS/SparkCar_Tools/install/sm_logging:/home/orangepi/Desktop/SparkCar_ROS2_WS/SparkCar_Tools/install/sm_boost:/home/orangepi/Desktop/SparkCar_ROS2_WS/SparkCar_Tools/install/sm_common:/home/orangepi/Desktop/SparkCar_ROS2_WS/SparkCar_Tools/install/python_module:/home/orangepi/Desktop/SparkCar_ROS2_WS/SparkCar_Tools/install/numpy_eigen:/home/orangepi/Desktop/SparkCar_ROS2_WS/SparkCar_Tools/install/ethz_apriltag2:/home/orangepi/Desktop/SparkCar_ROS2_WS/SparkCar_Tools/install/aslam_time:/opt/ros/humble PATH=/home/orangepi/Desktop/SparkCar_ROS2_WS/SparkCar_Perception/install/camera_models/bin:/home/orangepi/.local/bin:/home/orangepi/.local/bin:/home/orangepi/.vscode-server/data/User/globalStorage/github.copilot-chat/debugCommand:/home/orangepi/.vscode-server/data/User/globalStorage/github.copilot-chat/copilotCli:/home/orangepi/.vscode-server/cli/servers/Stable-7e7950df89d055b5a378379db9ee14290772148a/server/bin/remote-cli:/home/orangepi/.local/bin:/home/orangepi/.local/bin:/home/orangepi/.local/bin:/home/orangepi/Desktop/SparkCar_ROS2_WS/SparkCar_Perception/install/global_fusion/bin:/opt/ros/humble/bin:/home/orangepi/.local/bin:/usr/local/sbin:/usr/local/bin:/usr/sbin:/usr/bin:/sbin:/bin:/usr/games:/usr/local/games:/snap/bin /usr/bin/cmake --build /home/orangepi/Desktop/SparkCar_ROS2_WS/SparkCar_Perception/build/loop_fusion -- -j8 -l8
[1.051s] DEBUG:colcon.colcon_core.event_handler.log_command:Invoking command in '/home/orangepi/Desktop/SparkCar_ROS2_WS/SparkCar_Perception/build/vins': CMAKE_PREFIX_PATH=/home/orangepi/Desktop/SparkCar_ROS2_WS/SparkCar_Perception/install/camera_models:/home/orangepi/Desktop/SparkCar_ROS2_WS/SparkCar_Perception/install/vins:/home/orangepi/Desktop/SparkCar_ROS2_WS/SparkCar_Perception/install/realsense2_description:/home/orangepi/Desktop/SparkCar_ROS2_WS/SparkCar_Perception/install/realsense2_camera:/home/orangepi/Desktop/SparkCar_ROS2_WS/SparkCar_Perception/install/realsense2_camera_msgs:/home/orangepi/Desktop/SparkCar_ROS2_WS/SparkCar_Perception/install/loop_fusion:/home/orangepi/Desktop/SparkCar_ROS2_WS/SparkCar_Perception/install/global_fusion:/home/orangepi/Desktop/SparkCar_ROS2_WS/SparkCar_Controller/install/target_follower:/home/orangepi/Desktop/SparkCar_ROS2_WS/SparkCar_Tools/install/kalibr:/home/orangepi/Desktop/SparkCar_ROS2_WS/SparkCar_Tools/install/incremental_calibration_python:/home/orangepi/Desktop/SparkCar_ROS2_WS/SparkCar_Tools/install/incremental_calibration:/home/orangepi/Desktop/SparkCar_ROS2_WS/SparkCar_Tools/install/aslam_splines_python:/home/orangepi/Desktop/SparkCar_ROS2_WS/SparkCar_Tools/install/bsplines_python:/home/orangepi/Desktop/SparkCar_ROS2_WS/SparkCar_Tools/install/aslam_cv_backend_python:/home/orangepi/Desktop/SparkCar_ROS2_WS/SparkCar_Tools/install/aslam_cv_python:/home/orangepi/Desktop/SparkCar_ROS2_WS/SparkCar_Tools/install/aslam_cv_error_terms:/home/orangepi/Desktop/SparkCar_ROS2_WS/SparkCar_Tools/install/aslam_cv_backend:/home/orangepi/Desktop/SparkCar_ROS2_WS/SparkCar_Tools/install/aslam_splines:/home/orangepi/Desktop/SparkCar_ROS2_WS/SparkCar_Tools/install/bsplines:/home/orangepi/Desktop/SparkCar_ROS2_WS/SparkCar_Tools/install/aslam_backend_python:/home/orangepi/Desktop/SparkCar_ROS2_WS/SparkCar_Tools/install/aslam_backend_expressions:/home/orangepi/Desktop/SparkCar_ROS2_WS/SparkCar_Tools/install/aslam_backend:/home/orangepi/Desktop/SparkCar_ROS2_WS/SparkCar_Tools/install/sparse_block_matrix:/home/orangepi/Desktop/SparkCar_ROS2_WS/SparkCar_Tools/install/aslam_cameras_april:/home/orangepi/Desktop/SparkCar_ROS2_WS/SparkCar_Tools/install/sm_python:/home/orangepi/Desktop/SparkCar_ROS2_WS/SparkCar_Tools/install/sm_timing:/home/orangepi/Desktop/SparkCar_ROS2_WS/SparkCar_Tools/install/aslam_imgproc:/home/orangepi/Desktop/SparkCar_ROS2_WS/SparkCar_Tools/install/aslam_cv_serialization:/home/orangepi/Desktop/SparkCar_ROS2_WS/SparkCar_Tools/install/aslam_cameras:/home/orangepi/Desktop/SparkCar_ROS2_WS/SparkCar_Tools/install/sm_kinematics:/home/orangepi/Desktop/SparkCar_ROS2_WS/SparkCar_Tools/install/sm_eigen:/home/orangepi/Desktop/SparkCar_ROS2_WS/SparkCar_Tools/install/sm_random:/home/orangepi/Desktop/SparkCar_ROS2_WS/SparkCar_Tools/install/sm_property_tree:/home/orangepi/Desktop/SparkCar_ROS2_WS/SparkCar_Tools/install/sm_opencv:/home/orangepi/Desktop/SparkCar_ROS2_WS/SparkCar_Tools/install/sm_matrix_archive:/home/orangepi/Desktop/SparkCar_ROS2_WS/SparkCar_Tools/install/sm_logging:/home/orangepi/Desktop/SparkCar_ROS2_WS/SparkCar_Tools/install/sm_boost:/home/orangepi/Desktop/SparkCar_ROS2_WS/SparkCar_Tools/install/sm_common:/home/orangepi/Desktop/SparkCar_ROS2_WS/SparkCar_Tools/install/python_module:/home/orangepi/Desktop/SparkCar_ROS2_WS/SparkCar_Tools/install/numpy_eigen:/home/orangepi/Desktop/SparkCar_ROS2_WS/SparkCar_Tools/install/ethz_apriltag2:/home/orangepi/Desktop/SparkCar_ROS2_WS/SparkCar_Tools/install/aslam_time:/opt/ros/humble PATH=/home/orangepi/Desktop/SparkCar_ROS2_WS/SparkCar_Perception/install/camera_models/bin:/home/orangepi/.local/bin:/home/orangepi/.local/bin:/home/orangepi/.vscode-server/data/User/globalStorage/github.copilot-chat/debugCommand:/home/orangepi/.vscode-server/data/User/globalStorage/github.copilot-chat/copilotCli:/home/orangepi/.vscode-server/cli/servers/Stable-7e7950df89d055b5a378379db9ee14290772148a/server/bin/remote-cli:/home/orangepi/.local/bin:/home/orangepi/.local/bin:/home/orangepi/.local/bin:/home/orangepi/Desktop/SparkCar_ROS2_WS/SparkCar_Perception/install/global_fusion/bin:/opt/ros/humble/bin:/home/orangepi/.local/bin:/usr/local/sbin:/usr/local/bin:/usr/sbin:/usr/bin:/sbin:/bin:/usr/games:/usr/local/games:/snap/bin /usr/bin/cmake --build /home/orangepi/Desktop/SparkCar_ROS2_WS/SparkCar_Perception/build/vins -- -j8 -l8
[1.279s] DEBUG:colcon.colcon_core.event_handler.log_command:Invoked command in '/home/orangepi/Desktop/SparkCar_ROS2_WS/SparkCar_Perception/build/loop_fusion' returned '0': CMAKE_PREFIX_PATH=/home/orangepi/Desktop/SparkCar_ROS2_WS/SparkCar_Perception/install/camera_models:/home/orangepi/Desktop/SparkCar_ROS2_WS/SparkCar_Perception/install/vins:/home/orangepi/Desktop/SparkCar_ROS2_WS/SparkCar_Perception/install/realsense2_description:/home/orangepi/Desktop/SparkCar_ROS2_WS/SparkCar_Perception/install/realsense2_camera:/home/orangepi/Desktop/SparkCar_ROS2_WS/SparkCar_Perception/install/realsense2_camera_msgs:/home/orangepi/Desktop/SparkCar_ROS2_WS/SparkCar_Perception/install/loop_fusion:/home/orangepi/Desktop/SparkCar_ROS2_WS/SparkCar_Perception/install/global_fusion:/home/orangepi/Desktop/SparkCar_ROS2_WS/SparkCar_Controller/install/target_follower:/home/orangepi/Desktop/SparkCar_ROS2_WS/SparkCar_Tools/install/kalibr:/home/orangepi/Desktop/SparkCar_ROS2_WS/SparkCar_Tools/install/incremental_calibration_python:/home/orangepi/Desktop/SparkCar_ROS2_WS/SparkCar_Tools/install/incremental_calibration:/home/orangepi/Desktop/SparkCar_ROS2_WS/SparkCar_Tools/install/aslam_splines_python:/home/orangepi/Desktop/SparkCar_ROS2_WS/SparkCar_Tools/install/bsplines_python:/home/orangepi/Desktop/SparkCar_ROS2_WS/SparkCar_Tools/install/aslam_cv_backend_python:/home/orangepi/Desktop/SparkCar_ROS2_WS/SparkCar_Tools/install/aslam_cv_python:/home/orangepi/Desktop/SparkCar_ROS2_WS/SparkCar_Tools/install/aslam_cv_error_terms:/home/orangepi/Desktop/SparkCar_ROS2_WS/SparkCar_Tools/install/aslam_cv_backend:/home/orangepi/Desktop/SparkCar_ROS2_WS/SparkCar_Tools/install/aslam_splines:/home/orangepi/Desktop/SparkCar_ROS2_WS/SparkCar_Tools/install/bsplines:/home/orangepi/Desktop/SparkCar_ROS2_WS/SparkCar_Tools/install/aslam_backend_python:/home/orangepi/Desktop/SparkCar_ROS2_WS/SparkCar_Tools/install/aslam_backend_expressions:/home/orangepi/Desktop/SparkCar_ROS2_WS/SparkCar_Tools/install/aslam_backend:/home/orangepi/Desktop/SparkCar_ROS2_WS/SparkCar_Tools/install/sparse_block_matrix:/home/orangepi/Desktop/SparkCar_ROS2_WS/SparkCar_Tools/install/aslam_cameras_april:/home/orangepi/Desktop/SparkCar_ROS2_WS/SparkCar_Tools/install/sm_python:/home/orangepi/Desktop/SparkCar_ROS2_WS/SparkCar_Tools/install/sm_timing:/home/orangepi/Desktop/SparkCar_ROS2_WS/SparkCar_Tools/install/aslam_imgproc:/home/orangepi/Desktop/SparkCar_ROS2_WS/SparkCar_Tools/install/aslam_cv_serialization:/home/orangepi/Desktop/SparkCar_ROS2_WS/SparkCar_Tools/install/aslam_cameras:/home/orangepi/Desktop/SparkCar_ROS2_WS/SparkCar_Tools/install/sm_kinematics:/home/orangepi/Desktop/SparkCar_ROS2_WS/SparkCar_Tools/install/sm_eigen:/home/orangepi/Desktop/SparkCar_ROS2_WS/SparkCar_Tools/install/sm_random:/home/orangepi/Desktop/SparkCar_ROS2_WS/SparkCar_Tools/install/sm_property_tree:/home/orangepi/Desktop/SparkCar_ROS2_WS/SparkCar_Tools/install/sm_opencv:/home/orangepi/Desktop/SparkCar_ROS2_WS/SparkCar_Tools/install/sm_matrix_archive:/home/orangepi/Desktop/SparkCar_ROS2_WS/SparkCar_Tools/install/sm_logging:/home/orangepi/Desktop/SparkCar_ROS2_WS/SparkCar_Tools/install/sm_boost:/home/orangepi/Desktop/SparkCar_ROS2_WS/SparkCar_Tools/install/sm_common:/home/orangepi/Desktop/SparkCar_ROS2_WS/SparkCar_Tools/install/python_module:/home/orangepi/Desktop/SparkCar_ROS2_WS/SparkCar_Tools/install/numpy_eigen:/home/orangepi/Desktop/SparkCar_ROS2_WS/SparkCar_Tools/install/ethz_apriltag2:/home/orangepi/Desktop/SparkCar_ROS2_WS/SparkCar_Tools/install/aslam_time:/opt/ros/humble PATH=/home/orangepi/Desktop/SparkCar_ROS2_WS/SparkCar_Perception/install/camera_models/bin:/home/orangepi/.local/bin:/home/orangepi/.local/bin:/home/orangepi/.vscode-server/data/User/globalStorage/github.copilot-chat/debugCommand:/home/orangepi/.vscode-server/data/User/globalStorage/github.copilot-chat/copilotCli:/home/orangepi/.vscode-server/cli/servers/Stable-7e7950df89d055b5a378379db9ee14290772148a/server/bin/remote-cli:/home/orangepi/.local/bin:/home/orangepi/.local/bin:/home/orangepi/.local/bin:/home/orangepi/Desktop/SparkCar_ROS2_WS/SparkCar_Perception/install/global_fusion/bin:/opt/ros/humble/bin:/home/orangepi/.local/bin:/usr/local/sbin:/usr/local/bin:/usr/sbin:/usr/bin:/sbin:/bin:/usr/games:/usr/local/games:/snap/bin /usr/bin/cmake --build /home/orangepi/Desktop/SparkCar_ROS2_WS/SparkCar_Perception/build/loop_fusion -- -j8 -l8
[1.280s] DEBUG:colcon.colcon_core.event_handler.log_command:Invoking command in '/home/orangepi/Desktop/SparkCar_ROS2_WS/SparkCar_Perception/build/loop_fusion': CMAKE_PREFIX_PATH=/home/orangepi/Desktop/SparkCar_ROS2_WS/SparkCar_Perception/install/camera_models:/home/orangepi/Desktop/SparkCar_ROS2_WS/SparkCar_Perception/install/vins:/home/orangepi/Desktop/SparkCar_ROS2_WS/SparkCar_Perception/install/realsense2_description:/home/orangepi/Desktop/SparkCar_ROS2_WS/SparkCar_Perception/install/realsense2_camera:/home/orangepi/Desktop/SparkCar_ROS2_WS/SparkCar_Perception/install/realsense2_camera_msgs:/home/orangepi/Desktop/SparkCar_ROS2_WS/SparkCar_Perception/install/loop_fusion:/home/orangepi/Desktop/SparkCar_ROS2_WS/SparkCar_Perception/install/global_fusion:/home/orangepi/Desktop/SparkCar_ROS2_WS/SparkCar_Controller/install/target_follower:/home/orangepi/Desktop/SparkCar_ROS2_WS/SparkCar_Tools/install/kalibr:/home/orangepi/Desktop/SparkCar_ROS2_WS/SparkCar_Tools/install/incremental_calibration_python:/home/orangepi/Desktop/SparkCar_ROS2_WS/SparkCar_Tools/install/incremental_calibration:/home/orangepi/Desktop/SparkCar_ROS2_WS/SparkCar_Tools/install/aslam_splines_python:/home/orangepi/Desktop/SparkCar_ROS2_WS/SparkCar_Tools/install/bsplines_python:/home/orangepi/Desktop/SparkCar_ROS2_WS/SparkCar_Tools/install/aslam_cv_backend_python:/home/orangepi/Desktop/SparkCar_ROS2_WS/SparkCar_Tools/install/aslam_cv_python:/home/orangepi/Desktop/SparkCar_ROS2_WS/SparkCar_Tools/install/aslam_cv_error_terms:/home/orangepi/Desktop/SparkCar_ROS2_WS/SparkCar_Tools/install/aslam_cv_backend:/home/orangepi/Desktop/SparkCar_ROS2_WS/SparkCar_Tools/install/aslam_splines:/home/orangepi/Desktop/SparkCar_ROS2_WS/SparkCar_Tools/install/bsplines:/home/orangepi/Desktop/SparkCar_ROS2_WS/SparkCar_Tools/install/aslam_backend_python:/home/orangepi/Desktop/SparkCar_ROS2_WS/SparkCar_Tools/install/aslam_backend_expressions:/home/orangepi/Desktop/SparkCar_ROS2_WS/SparkCar_Tools/install/aslam_backend:/home/orangepi/Desktop/SparkCar_ROS2_WS/SparkCar_Tools/install/sparse_block_matrix:/home/orangepi/Desktop/SparkCar_ROS2_WS/SparkCar_Tools/install/aslam_cameras_april:/home/orangepi/Desktop/SparkCar_ROS2_WS/SparkCar_Tools/install/sm_python:/home/orangepi/Desktop/SparkCar_ROS2_WS/SparkCar_Tools/install/sm_timing:/home/orangepi/Desktop/SparkCar_ROS2_WS/SparkCar_Tools/install/aslam_imgproc:/home/orangepi/Desktop/SparkCar_ROS2_WS/SparkCar_Tools/install/aslam_cv_serialization:/home/orangepi/Desktop/SparkCar_ROS2_WS/SparkCar_Tools/install/aslam_cameras:/home/orangepi/Desktop/SparkCar_ROS2_WS/SparkCar_Tools/install/sm_kinematics:/home/orangepi/Desktop/SparkCar_ROS2_WS/SparkCar_Tools/install/sm_eigen:/home/orangepi/Desktop/SparkCar_ROS2_WS/SparkCar_Tools/install/sm_random:/home/orangepi/Desktop/SparkCar_ROS2_WS/SparkCar_Tools/install/sm_property_tree:/home/orangepi/Desktop/SparkCar_ROS2_WS/SparkCar_Tools/install/sm_opencv:/home/orangepi/Desktop/SparkCar_ROS2_WS/SparkCar_Tools/install/sm_matrix_archive:/home/orangepi/Desktop/SparkCar_ROS2_WS/SparkCar_Tools/install/sm_logging:/home/orangepi/Desktop/SparkCar_ROS2_WS/SparkCar_Tools/install/sm_boost:/home/orangepi/Desktop/SparkCar_ROS2_WS/SparkCar_Tools/install/sm_common:/home/orangepi/Desktop/SparkCar_ROS2_WS/SparkCar_Tools/install/python_module:/home/orangepi/Desktop/SparkCar_ROS2_WS/SparkCar_Tools/install/numpy_eigen:/home/orangepi/Desktop/SparkCar_ROS2_WS/SparkCar_Tools/install/ethz_apriltag2:/home/orangepi/Desktop/SparkCar_ROS2_WS/SparkCar_Tools/install/aslam_time:/opt/ros/humble PATH=/home/orangepi/Desktop/SparkCar_ROS2_WS/SparkCar_Perception/install/camera_models/bin:/home/orangepi/.local/bin:/home/orangepi/.local/bin:/home/orangepi/.vscode-server/data/User/globalStorage/github.copilot-chat/debugCommand:/home/orangepi/.vscode-server/data/User/globalStorage/github.copilot-chat/copilotCli:/home/orangepi/.vscode-server/cli/servers/Stable-7e7950df89d055b5a378379db9ee14290772148a/server/bin/remote-cli:/home/orangepi/.local/bin:/home/orangepi/.local/bin:/home/orangepi/.local/bin:/home/orangepi/Desktop/SparkCar_ROS2_WS/SparkCar_Perception/install/global_fusion/bin:/opt/ros/humble/bin:/home/orangepi/.local/bin:/usr/local/sbin:/usr/local/bin:/usr/sbin:/usr/bin:/sbin:/bin:/usr/games:/usr/local/games:/snap/bin /usr/bin/cmake --install /home/orangepi/Desktop/SparkCar_ROS2_WS/SparkCar_Perception/build/loop_fusion
[1.326s] Level 1:colcon.colcon_core.environment:create_environment_scripts_only(loop_fusion)
[1.328s] Level 1:colcon.colcon_core.environment:checking '/home/orangepi/Desktop/SparkCar_ROS2_WS/SparkCar_Perception/install/loop_fusion' for CMake module files
[1.331s] DEBUG:colcon.colcon_core.event_handler.log_command:Invoked command in '/home/orangepi/Desktop/SparkCar_ROS2_WS/SparkCar_Perception/build/loop_fusion' returned '0': CMAKE_PREFIX_PATH=/home/orangepi/Desktop/SparkCar_ROS2_WS/SparkCar_Perception/install/camera_models:/home/orangepi/Desktop/SparkCar_ROS2_WS/SparkCar_Perception/install/vins:/home/orangepi/Desktop/SparkCar_ROS2_WS/SparkCar_Perception/install/realsense2_description:/home/orangepi/Desktop/SparkCar_ROS2_WS/SparkCar_Perception/install/realsense2_camera:/home/orangepi/Desktop/SparkCar_ROS2_WS/SparkCar_Perception/install/realsense2_camera_msgs:/home/orangepi/Desktop/SparkCar_ROS2_WS/SparkCar_Perception/install/loop_fusion:/home/orangepi/Desktop/SparkCar_ROS2_WS/SparkCar_Perception/install/global_fusion:/home/orangepi/Desktop/SparkCar_ROS2_WS/SparkCar_Controller/install/target_follower:/home/orangepi/Desktop/SparkCar_ROS2_WS/SparkCar_Tools/install/kalibr:/home/orangepi/Desktop/SparkCar_ROS2_WS/SparkCar_Tools/install/incremental_calibration_python:/home/orangepi/Desktop/SparkCar_ROS2_WS/SparkCar_Tools/install/incremental_calibration:/home/orangepi/Desktop/SparkCar_ROS2_WS/SparkCar_Tools/install/aslam_splines_python:/home/orangepi/Desktop/SparkCar_ROS2_WS/SparkCar_Tools/install/bsplines_python:/home/orangepi/Desktop/SparkCar_ROS2_WS/SparkCar_Tools/install/aslam_cv_backend_python:/home/orangepi/Desktop/SparkCar_ROS2_WS/SparkCar_Tools/install/aslam_cv_python:/home/orangepi/Desktop/SparkCar_ROS2_WS/SparkCar_Tools/install/aslam_cv_error_terms:/home/orangepi/Desktop/SparkCar_ROS2_WS/SparkCar_Tools/install/aslam_cv_backend:/home/orangepi/Desktop/SparkCar_ROS2_WS/SparkCar_Tools/install/aslam_splines:/home/orangepi/Desktop/SparkCar_ROS2_WS/SparkCar_Tools/install/bsplines:/home/orangepi/Desktop/SparkCar_ROS2_WS/SparkCar_Tools/install/aslam_backend_python:/home/orangepi/Desktop/SparkCar_ROS2_WS/SparkCar_Tools/install/aslam_backend_expressions:/home/orangepi/Desktop/SparkCar_ROS2_WS/SparkCar_Tools/install/aslam_backend:/home/orangepi/Desktop/SparkCar_ROS2_WS/SparkCar_Tools/install/sparse_block_matrix:/home/orangepi/Desktop/SparkCar_ROS2_WS/SparkCar_Tools/install/aslam_cameras_april:/home/orangepi/Desktop/SparkCar_ROS2_WS/SparkCar_Tools/install/sm_python:/home/orangepi/Desktop/SparkCar_ROS2_WS/SparkCar_Tools/install/sm_timing:/home/orangepi/Desktop/SparkCar_ROS2_WS/SparkCar_Tools/install/aslam_imgproc:/home/orangepi/Desktop/SparkCar_ROS2_WS/SparkCar_Tools/install/aslam_cv_serialization:/home/orangepi/Desktop/SparkCar_ROS2_WS/SparkCar_Tools/install/aslam_cameras:/home/orangepi/Desktop/SparkCar_ROS2_WS/SparkCar_Tools/install/sm_kinematics:/home/orangepi/Desktop/SparkCar_ROS2_WS/SparkCar_Tools/install/sm_eigen:/home/orangepi/Desktop/SparkCar_ROS2_WS/SparkCar_Tools/install/sm_random:/home/orangepi/Desktop/SparkCar_ROS2_WS/SparkCar_Tools/install/sm_property_tree:/home/orangepi/Desktop/SparkCar_ROS2_WS/SparkCar_Tools/install/sm_opencv:/home/orangepi/Desktop/SparkCar_ROS2_WS/SparkCar_Tools/install/sm_matrix_archive:/home/orangepi/Desktop/SparkCar_ROS2_WS/SparkCar_Tools/install/sm_logging:/home/orangepi/Desktop/SparkCar_ROS2_WS/SparkCar_Tools/install/sm_boost:/home/orangepi/Desktop/SparkCar_ROS2_WS/SparkCar_Tools/install/sm_common:/home/orangepi/Desktop/SparkCar_ROS2_WS/SparkCar_Tools/install/python_module:/home/orangepi/Desktop/SparkCar_ROS2_WS/SparkCar_Tools/install/numpy_eigen:/home/orangepi/Desktop/SparkCar_ROS2_WS/SparkCar_Tools/install/ethz_apriltag2:/home/orangepi/Desktop/SparkCar_ROS2_WS/SparkCar_Tools/install/aslam_time:/opt/ros/humble PATH=/home/orangepi/Desktop/SparkCar_ROS2_WS/SparkCar_Perception/install/camera_models/bin:/home/orangepi/.local/bin:/home/orangepi/.local/bin:/home/orangepi/.vscode-server/data/User/globalStorage/github.copilot-chat/debugCommand:/home/orangepi/.vscode-server/data/User/globalStorage/github.copilot-chat/copilotCli:/home/orangepi/.vscode-server/cli/servers/Stable-7e7950df89d055b5a378379db9ee14290772148a/server/bin/remote-cli:/home/orangepi/.local/bin:/home/orangepi/.local/bin:/home/orangepi/.local/bin:/home/orangepi/Desktop/SparkCar_ROS2_WS/SparkCar_Perception/install/global_fusion/bin:/opt/ros/humble/bin:/home/orangepi/.local/bin:/usr/local/sbin:/usr/local/bin:/usr/sbin:/usr/bin:/sbin:/bin:/usr/games:/usr/local/games:/snap/bin /usr/bin/cmake --install /home/orangepi/Desktop/SparkCar_ROS2_WS/SparkCar_Perception/build/loop_fusion
[1.333s] Level 1:colcon.colcon_core.environment:checking '/home/orangepi/Desktop/SparkCar_ROS2_WS/SparkCar_Perception/install/loop_fusion' for CMake config files
[1.333s] Level 1:colcon.colcon_core.shell:create_environment_hook('loop_fusion', 'cmake_prefix_path')
[1.334s] INFO:colcon.colcon_core.shell:Creating environment hook '/home/orangepi/Desktop/SparkCar_ROS2_WS/SparkCar_Perception/install/loop_fusion/share/loop_fusion/hook/cmake_prefix_path.ps1'
[1.335s] INFO:colcon.colcon_core.shell:Creating environment descriptor '/home/orangepi/Desktop/SparkCar_ROS2_WS/SparkCar_Perception/install/loop_fusion/share/loop_fusion/hook/cmake_prefix_path.dsv'
[1.336s] INFO:colcon.colcon_core.shell:Creating environment hook '/home/orangepi/Desktop/SparkCar_ROS2_WS/SparkCar_Perception/install/loop_fusion/share/loop_fusion/hook/cmake_prefix_path.sh'
[1.337s] Level 1:colcon.colcon_core.environment:checking '/home/orangepi/Desktop/SparkCar_ROS2_WS/SparkCar_Perception/install/loop_fusion/lib'
[1.337s] Level 1:colcon.colcon_core.environment:checking '/home/orangepi/Desktop/SparkCar_ROS2_WS/SparkCar_Perception/install/loop_fusion/bin'
[1.338s] Level 1:colcon.colcon_core.environment:checking '/home/orangepi/Desktop/SparkCar_ROS2_WS/SparkCar_Perception/install/loop_fusion/lib/pkgconfig/loop_fusion.pc'
[1.338s] Level 1:colcon.colcon_core.environment:checking '/home/orangepi/Desktop/SparkCar_ROS2_WS/SparkCar_Perception/install/loop_fusion/lib/python3.10/site-packages'
[1.338s] Level 1:colcon.colcon_core.environment:checking '/home/orangepi/Desktop/SparkCar_ROS2_WS/SparkCar_Perception/install/loop_fusion/bin'
[1.339s] INFO:colcon.colcon_core.shell:Creating package script '/home/orangepi/Desktop/SparkCar_ROS2_WS/SparkCar_Perception/install/loop_fusion/share/loop_fusion/package.ps1'
[1.340s] INFO:colcon.colcon_core.shell:Creating package descriptor '/home/orangepi/Desktop/SparkCar_ROS2_WS/SparkCar_Perception/install/loop_fusion/share/loop_fusion/package.dsv'
[1.341s] INFO:colcon.colcon_core.shell:Creating package script '/home/orangepi/Desktop/SparkCar_ROS2_WS/SparkCar_Perception/install/loop_fusion/share/loop_fusion/package.sh'
[1.342s] INFO:colcon.colcon_core.shell:Creating package script '/home/orangepi/Desktop/SparkCar_ROS2_WS/SparkCar_Perception/install/loop_fusion/share/loop_fusion/package.bash'
[1.342s] INFO:colcon.colcon_core.shell:Creating package script '/home/orangepi/Desktop/SparkCar_ROS2_WS/SparkCar_Perception/install/loop_fusion/share/loop_fusion/package.zsh'
[1.343s] Level 1:colcon.colcon_core.environment:create_file_with_runtime_dependencies(/home/orangepi/Desktop/SparkCar_ROS2_WS/SparkCar_Perception/install/loop_fusion/share/colcon-core/packages/loop_fusion)
[1.344s] Level 1:colcon.colcon_core.environment:create_environment_scripts_only(loop_fusion)
[1.344s] Level 1:colcon.colcon_core.environment:checking '/home/orangepi/Desktop/SparkCar_ROS2_WS/SparkCar_Perception/install/loop_fusion' for CMake module files
[1.345s] Level 1:colcon.colcon_core.environment:checking '/home/orangepi/Desktop/SparkCar_ROS2_WS/SparkCar_Perception/install/loop_fusion' for CMake config files
[1.345s] Level 1:colcon.colcon_core.shell:create_environment_hook('loop_fusion', 'cmake_prefix_path')
[1.346s] INFO:colcon.colcon_core.shell:Creating environment hook '/home/orangepi/Desktop/SparkCar_ROS2_WS/SparkCar_Perception/install/loop_fusion/share/loop_fusion/hook/cmake_prefix_path.ps1'
[1.347s] INFO:colcon.colcon_core.shell:Creating environment descriptor '/home/orangepi/Desktop/SparkCar_ROS2_WS/SparkCar_Perception/install/loop_fusion/share/loop_fusion/hook/cmake_prefix_path.dsv'
[1.347s] INFO:colcon.colcon_core.shell:Creating environment hook '/home/orangepi/Desktop/SparkCar_ROS2_WS/SparkCar_Perception/install/loop_fusion/share/loop_fusion/hook/cmake_prefix_path.sh'
[1.348s] Level 1:colcon.colcon_core.environment:checking '/home/orangepi/Desktop/SparkCar_ROS2_WS/SparkCar_Perception/install/loop_fusion/lib'
[1.349s] Level 1:colcon.colcon_core.environment:checking '/home/orangepi/Desktop/SparkCar_ROS2_WS/SparkCar_Perception/install/loop_fusion/bin'
[1.349s] Level 1:colcon.colcon_core.environment:checking '/home/orangepi/Desktop/SparkCar_ROS2_WS/SparkCar_Perception/install/loop_fusion/lib/pkgconfig/loop_fusion.pc'
[1.349s] Level 1:colcon.colcon_core.environment:checking '/home/orangepi/Desktop/SparkCar_ROS2_WS/SparkCar_Perception/install/loop_fusion/lib/python3.10/site-packages'
[1.350s] Level 1:colcon.colcon_core.environment:checking '/home/orangepi/Desktop/SparkCar_ROS2_WS/SparkCar_Perception/install/loop_fusion/bin'
[1.350s] INFO:colcon.colcon_core.shell:Creating package script '/home/orangepi/Desktop/SparkCar_ROS2_WS/SparkCar_Perception/install/loop_fusion/share/loop_fusion/package.ps1'
[1.352s] INFO:colcon.colcon_core.shell:Creating package descriptor '/home/orangepi/Desktop/SparkCar_ROS2_WS/SparkCar_Perception/install/loop_fusion/share/loop_fusion/package.dsv'
[1.354s] INFO:colcon.colcon_core.shell:Creating package script '/home/orangepi/Desktop/SparkCar_ROS2_WS/SparkCar_Perception/install/loop_fusion/share/loop_fusion/package.sh'
[1.355s] INFO:colcon.colcon_core.shell:Creating package script '/home/orangepi/Desktop/SparkCar_ROS2_WS/SparkCar_Perception/install/loop_fusion/share/loop_fusion/package.bash'
[1.355s] INFO:colcon.colcon_core.shell:Creating package script '/home/orangepi/Desktop/SparkCar_ROS2_WS/SparkCar_Perception/install/loop_fusion/share/loop_fusion/package.zsh'
[1.356s] Level 1:colcon.colcon_core.environment:create_file_with_runtime_dependencies(/home/orangepi/Desktop/SparkCar_ROS2_WS/SparkCar_Perception/install/loop_fusion/share/colcon-core/packages/loop_fusion)
[1.374s] DEBUG:colcon.colcon_core.event_handler.log_command:Invoked command in '/home/orangepi/Desktop/SparkCar_ROS2_WS/SparkCar_Perception/build/realsense2_camera_msgs' returned '0': CMAKE_PREFIX_PATH=${CMAKE_PREFIX_PATH}:/opt/ros/humble /usr/bin/cmake --build /home/orangepi/Desktop/SparkCar_ROS2_WS/SparkCar_Perception/build/realsense2_camera_msgs -- -j8 -l8
[1.376s] DEBUG:colcon.colcon_core.event_handler.log_command:Invoking command in '/home/orangepi/Desktop/SparkCar_ROS2_WS/SparkCar_Perception/build/realsense2_camera_msgs': CMAKE_PREFIX_PATH=${CMAKE_PREFIX_PATH}:/opt/ros/humble /usr/bin/cmake --install /home/orangepi/Desktop/SparkCar_ROS2_WS/SparkCar_Perception/build/realsense2_camera_msgs
[1.503s] Level 1:colcon.colcon_core.environment:create_environment_scripts_only(realsense2_camera_msgs)
[1.504s] Level 1:colcon.colcon_core.environment:checking '/home/orangepi/Desktop/SparkCar_ROS2_WS/SparkCar_Perception/install/realsense2_camera_msgs' for CMake module files
[1.514s] Level 1:colcon.colcon_core.environment:checking '/home/orangepi/Desktop/SparkCar_ROS2_WS/SparkCar_Perception/install/realsense2_camera_msgs' for CMake config files
[1.519s] DEBUG:colcon.colcon_core.event_handler.log_command:Invoked command in '/home/orangepi/Desktop/SparkCar_ROS2_WS/SparkCar_Perception/build/vins' returned '0': CMAKE_PREFIX_PATH=/home/orangepi/Desktop/SparkCar_ROS2_WS/SparkCar_Perception/install/camera_models:/home/orangepi/Desktop/SparkCar_ROS2_WS/SparkCar_Perception/install/vins:/home/orangepi/Desktop/SparkCar_ROS2_WS/SparkCar_Perception/install/realsense2_description:/home/orangepi/Desktop/SparkCar_ROS2_WS/SparkCar_Perception/install/realsense2_camera:/home/orangepi/Desktop/SparkCar_ROS2_WS/SparkCar_Perception/install/realsense2_camera_msgs:/home/orangepi/Desktop/SparkCar_ROS2_WS/SparkCar_Perception/install/loop_fusion:/home/orangepi/Desktop/SparkCar_ROS2_WS/SparkCar_Perception/install/global_fusion:/home/orangepi/Desktop/SparkCar_ROS2_WS/SparkCar_Controller/install/target_follower:/home/orangepi/Desktop/SparkCar_ROS2_WS/SparkCar_Tools/install/kalibr:/home/orangepi/Desktop/SparkCar_ROS2_WS/SparkCar_Tools/install/incremental_calibration_python:/home/orangepi/Desktop/SparkCar_ROS2_WS/SparkCar_Tools/install/incremental_calibration:/home/orangepi/Desktop/SparkCar_ROS2_WS/SparkCar_Tools/install/aslam_splines_python:/home/orangepi/Desktop/SparkCar_ROS2_WS/SparkCar_Tools/install/bsplines_python:/home/orangepi/Desktop/SparkCar_ROS2_WS/SparkCar_Tools/install/aslam_cv_backend_python:/home/orangepi/Desktop/SparkCar_ROS2_WS/SparkCar_Tools/install/aslam_cv_python:/home/orangepi/Desktop/SparkCar_ROS2_WS/SparkCar_Tools/install/aslam_cv_error_terms:/home/orangepi/Desktop/SparkCar_ROS2_WS/SparkCar_Tools/install/aslam_cv_backend:/home/orangepi/Desktop/SparkCar_ROS2_WS/SparkCar_Tools/install/aslam_splines:/home/orangepi/Desktop/SparkCar_ROS2_WS/SparkCar_Tools/install/bsplines:/home/orangepi/Desktop/SparkCar_ROS2_WS/SparkCar_Tools/install/aslam_backend_python:/home/orangepi/Desktop/SparkCar_ROS2_WS/SparkCar_Tools/install/aslam_backend_expressions:/home/orangepi/Desktop/SparkCar_ROS2_WS/SparkCar_Tools/install/aslam_backend:/home/orangepi/Desktop/SparkCar_ROS2_WS/SparkCar_Tools/install/sparse_block_matrix:/home/orangepi/Desktop/SparkCar_ROS2_WS/SparkCar_Tools/install/aslam_cameras_april:/home/orangepi/Desktop/SparkCar_ROS2_WS/SparkCar_Tools/install/sm_python:/home/orangepi/Desktop/SparkCar_ROS2_WS/SparkCar_Tools/install/sm_timing:/home/orangepi/Desktop/SparkCar_ROS2_WS/SparkCar_Tools/install/aslam_imgproc:/home/orangepi/Desktop/SparkCar_ROS2_WS/SparkCar_Tools/install/aslam_cv_serialization:/home/orangepi/Desktop/SparkCar_ROS2_WS/SparkCar_Tools/install/aslam_cameras:/home/orangepi/Desktop/SparkCar_ROS2_WS/SparkCar_Tools/install/sm_kinematics:/home/orangepi/Desktop/SparkCar_ROS2_WS/SparkCar_Tools/install/sm_eigen:/home/orangepi/Desktop/SparkCar_ROS2_WS/SparkCar_Tools/install/sm_random:/home/orangepi/Desktop/SparkCar_ROS2_WS/SparkCar_Tools/install/sm_property_tree:/home/orangepi/Desktop/SparkCar_ROS2_WS/SparkCar_Tools/install/sm_opencv:/home/orangepi/Desktop/SparkCar_ROS2_WS/SparkCar_Tools/install/sm_matrix_archive:/home/orangepi/Desktop/SparkCar_ROS2_WS/SparkCar_Tools/install/sm_logging:/home/orangepi/Desktop/SparkCar_ROS2_WS/SparkCar_Tools/install/sm_boost:/home/orangepi/Desktop/SparkCar_ROS2_WS/SparkCar_Tools/install/sm_common:/home/orangepi/Desktop/SparkCar_ROS2_WS/SparkCar_Tools/install/python_module:/home/orangepi/Desktop/SparkCar_ROS2_WS/SparkCar_Tools/install/numpy_eigen:/home/orangepi/Desktop/SparkCar_ROS2_WS/SparkCar_Tools/install/ethz_apriltag2:/home/orangepi/Desktop/SparkCar_ROS2_WS/SparkCar_Tools/install/aslam_time:/opt/ros/humble PATH=/home/orangepi/Desktop/SparkCar_ROS2_WS/SparkCar_Perception/install/camera_models/bin:/home/orangepi/.local/bin:/home/orangepi/.local/bin:/home/orangepi/.vscode-server/data/User/globalStorage/github.copilot-chat/debugCommand:/home/orangepi/.vscode-server/data/User/globalStorage/github.copilot-chat/copilotCli:/home/orangepi/.vscode-server/cli/servers/Stable-7e7950df89d055b5a378379db9ee14290772148a/server/bin/remote-cli:/home/orangepi/.local/bin:/home/orangepi/.local/bin:/home/orangepi/.local/bin:/home/orangepi/Desktop/SparkCar_ROS2_WS/SparkCar_Perception/install/global_fusion/bin:/opt/ros/humble/bin:/home/orangepi/.local/bin:/usr/local/sbin:/usr/local/bin:/usr/sbin:/usr/bin:/sbin:/bin:/usr/games:/usr/local/games:/snap/bin /usr/bin/cmake --build /home/orangepi/Desktop/SparkCar_ROS2_WS/SparkCar_Perception/build/vins -- -j8 -l8
[1.528s] DEBUG:colcon.colcon_core.event_handler.log_command:Invoking command in '/home/orangepi/Desktop/SparkCar_ROS2_WS/SparkCar_Perception/build/vins': CMAKE_PREFIX_PATH=/home/orangepi/Desktop/SparkCar_ROS2_WS/SparkCar_Perception/install/camera_models:/home/orangepi/Desktop/SparkCar_ROS2_WS/SparkCar_Perception/install/vins:/home/orangepi/Desktop/SparkCar_ROS2_WS/SparkCar_Perception/install/realsense2_description:/home/orangepi/Desktop/SparkCar_ROS2_WS/SparkCar_Perception/install/realsense2_camera:/home/orangepi/Desktop/SparkCar_ROS2_WS/SparkCar_Perception/install/realsense2_camera_msgs:/home/orangepi/Desktop/SparkCar_ROS2_WS/SparkCar_Perception/install/loop_fusion:/home/orangepi/Desktop/SparkCar_ROS2_WS/SparkCar_Perception/install/global_fusion:/home/orangepi/Desktop/SparkCar_ROS2_WS/SparkCar_Controller/install/target_follower:/home/orangepi/Desktop/SparkCar_ROS2_WS/SparkCar_Tools/install/kalibr:/home/orangepi/Desktop/SparkCar_ROS2_WS/SparkCar_Tools/install/incremental_calibration_python:/home/orangepi/Desktop/SparkCar_ROS2_WS/SparkCar_Tools/install/incremental_calibration:/home/orangepi/Desktop/SparkCar_ROS2_WS/SparkCar_Tools/install/aslam_splines_python:/home/orangepi/Desktop/SparkCar_ROS2_WS/SparkCar_Tools/install/bsplines_python:/home/orangepi/Desktop/SparkCar_ROS2_WS/SparkCar_Tools/install/aslam_cv_backend_python:/home/orangepi/Desktop/SparkCar_ROS2_WS/SparkCar_Tools/install/aslam_cv_python:/home/orangepi/Desktop/SparkCar_ROS2_WS/SparkCar_Tools/install/aslam_cv_error_terms:/home/orangepi/Desktop/SparkCar_ROS2_WS/SparkCar_Tools/install/aslam_cv_backend:/home/orangepi/Desktop/SparkCar_ROS2_WS/SparkCar_Tools/install/aslam_splines:/home/orangepi/Desktop/SparkCar_ROS2_WS/SparkCar_Tools/install/bsplines:/home/orangepi/Desktop/SparkCar_ROS2_WS/SparkCar_Tools/install/aslam_backend_python:/home/orangepi/Desktop/SparkCar_ROS2_WS/SparkCar_Tools/install/aslam_backend_expressions:/home/orangepi/Desktop/SparkCar_ROS2_WS/SparkCar_Tools/install/aslam_backend:/home/orangepi/Desktop/SparkCar_ROS2_WS/SparkCar_Tools/install/sparse_block_matrix:/home/orangepi/Desktop/SparkCar_ROS2_WS/SparkCar_Tools/install/aslam_cameras_april:/home/orangepi/Desktop/SparkCar_ROS2_WS/SparkCar_Tools/install/sm_python:/home/orangepi/Desktop/SparkCar_ROS2_WS/SparkCar_Tools/install/sm_timing:/home/orangepi/Desktop/SparkCar_ROS2_WS/SparkCar_Tools/install/aslam_imgproc:/home/orangepi/Desktop/SparkCar_ROS2_WS/SparkCar_Tools/install/aslam_cv_serialization:/home/orangepi/Desktop/SparkCar_ROS2_WS/SparkCar_Tools/install/aslam_cameras:/home/orangepi/Desktop/SparkCar_ROS2_WS/SparkCar_Tools/install/sm_kinematics:/home/orangepi/Desktop/SparkCar_ROS2_WS/SparkCar_Tools/install/sm_eigen:/home/orangepi/Desktop/SparkCar_ROS2_WS/SparkCar_Tools/install/sm_random:/home/orangepi/Desktop/SparkCar_ROS2_WS/SparkCar_Tools/install/sm_property_tree:/home/orangepi/Desktop/SparkCar_ROS2_WS/SparkCar_Tools/install/sm_opencv:/home/orangepi/Desktop/SparkCar_ROS2_WS/SparkCar_Tools/install/sm_matrix_archive:/home/orangepi/Desktop/SparkCar_ROS2_WS/SparkCar_Tools/install/sm_logging:/home/orangepi/Desktop/SparkCar_ROS2_WS/SparkCar_Tools/install/sm_boost:/home/orangepi/Desktop/SparkCar_ROS2_WS/SparkCar_Tools/install/sm_common:/home/orangepi/Desktop/SparkCar_ROS2_WS/SparkCar_Tools/install/python_module:/home/orangepi/Desktop/SparkCar_ROS2_WS/SparkCar_Tools/install/numpy_eigen:/home/orangepi/Desktop/SparkCar_ROS2_WS/SparkCar_Tools/install/ethz_apriltag2:/home/orangepi/Desktop/SparkCar_ROS2_WS/SparkCar_Tools/install/aslam_time:/opt/ros/humble PATH=/home/orangepi/Desktop/SparkCar_ROS2_WS/SparkCar_Perception/install/camera_models/bin:/home/orangepi/.local/bin:/home/orangepi/.local/bin:/home/orangepi/.vscode-server/data/User/globalStorage/github.copilot-chat/debugCommand:/home/orangepi/.vscode-server/data/User/globalStorage/github.copilot-chat/copilotCli:/home/orangepi/.vscode-server/cli/servers/Stable-7e7950df89d055b5a378379db9ee14290772148a/server/bin/remote-cli:/home/orangepi/.local/bin:/home/orangepi/.local/bin:/home/orangepi/.local/bin:/home/orangepi/Desktop/SparkCar_ROS2_WS/SparkCar_Perception/install/global_fusion/bin:/opt/ros/humble/bin:/home/orangepi/.local/bin:/usr/local/sbin:/usr/local/bin:/usr/sbin:/usr/bin:/sbin:/bin:/usr/games:/usr/local/games:/snap/bin /usr/bin/cmake --install /home/orangepi/Desktop/SparkCar_ROS2_WS/SparkCar_Perception/build/vins
[1.544s] Level 1:colcon.colcon_core.shell:create_environment_hook('realsense2_camera_msgs', 'cmake_prefix_path')
[1.546s] INFO:colcon.colcon_core.shell:Creating environment hook '/home/orangepi/Desktop/SparkCar_ROS2_WS/SparkCar_Perception/install/realsense2_camera_msgs/share/realsense2_camera_msgs/hook/cmake_prefix_path.ps1'
[1.549s] INFO:colcon.colcon_core.shell:Creating environment descriptor '/home/orangepi/Desktop/SparkCar_ROS2_WS/SparkCar_Perception/install/realsense2_camera_msgs/share/realsense2_camera_msgs/hook/cmake_prefix_path.dsv'
[1.552s] INFO:colcon.colcon_core.shell:Creating environment hook '/home/orangepi/Desktop/SparkCar_ROS2_WS/SparkCar_Perception/install/realsense2_camera_msgs/share/realsense2_camera_msgs/hook/cmake_prefix_path.sh'
[1.553s] DEBUG:colcon.colcon_core.event_handler.log_command:Invoked command in '/home/orangepi/Desktop/SparkCar_ROS2_WS/SparkCar_Perception/build/realsense2_camera_msgs' returned '0': CMAKE_PREFIX_PATH=${CMAKE_PREFIX_PATH}:/opt/ros/humble /usr/bin/cmake --install /home/orangepi/Desktop/SparkCar_ROS2_WS/SparkCar_Perception/build/realsense2_camera_msgs
[1.557s] Level 1:colcon.colcon_core.environment:checking '/home/orangepi/Desktop/SparkCar_ROS2_WS/SparkCar_Perception/install/realsense2_camera_msgs/lib'
[1.558s] Level 1:colcon.colcon_core.shell:create_environment_hook('realsense2_camera_msgs', 'ld_library_path_lib')
[1.560s] INFO:colcon.colcon_core.shell:Creating environment hook '/home/orangepi/Desktop/SparkCar_ROS2_WS/SparkCar_Perception/install/realsense2_camera_msgs/share/realsense2_camera_msgs/hook/ld_library_path_lib.ps1'
[1.563s] INFO:colcon.colcon_core.shell:Creating environment descriptor '/home/orangepi/Desktop/SparkCar_ROS2_WS/SparkCar_Perception/install/realsense2_camera_msgs/share/realsense2_camera_msgs/hook/ld_library_path_lib.dsv'
[1.566s] INFO:colcon.colcon_core.shell:Creating environment hook '/home/orangepi/Desktop/SparkCar_ROS2_WS/SparkCar_Perception/install/realsense2_camera_msgs/share/realsense2_camera_msgs/hook/ld_library_path_lib.sh'
[1.570s] Level 1:colcon.colcon_core.environment:checking '/home/orangepi/Desktop/SparkCar_ROS2_WS/SparkCar_Perception/install/realsense2_camera_msgs/bin'
[1.571s] Level 1:colcon.colcon_core.environment:checking '/home/orangepi/Desktop/SparkCar_ROS2_WS/SparkCar_Perception/install/realsense2_camera_msgs/lib/pkgconfig/realsense2_camera_msgs.pc'
[1.573s] Level 1:colcon.colcon_core.environment:checking '/home/orangepi/Desktop/SparkCar_ROS2_WS/SparkCar_Perception/install/realsense2_camera_msgs/lib/python3.10/site-packages'
[1.575s] Level 1:colcon.colcon_core.environment:checking '/home/orangepi/Desktop/SparkCar_ROS2_WS/SparkCar_Perception/install/realsense2_camera_msgs/bin'
[1.578s] INFO:colcon.colcon_core.shell:Creating package script '/home/orangepi/Desktop/SparkCar_ROS2_WS/SparkCar_Perception/install/realsense2_camera_msgs/share/realsense2_camera_msgs/package.ps1'
[1.582s] INFO:colcon.colcon_core.shell:Creating package descriptor '/home/orangepi/Desktop/SparkCar_ROS2_WS/SparkCar_Perception/install/realsense2_camera_msgs/share/realsense2_camera_msgs/package.dsv'
[1.586s] INFO:colcon.colcon_core.shell:Creating package script '/home/orangepi/Desktop/SparkCar_ROS2_WS/SparkCar_Perception/install/realsense2_camera_msgs/share/realsense2_camera_msgs/package.sh'
[1.590s] INFO:colcon.colcon_core.shell:Creating package script '/home/orangepi/Desktop/SparkCar_ROS2_WS/SparkCar_Perception/install/realsense2_camera_msgs/share/realsense2_camera_msgs/package.bash'
[1.594s] INFO:colcon.colcon_core.shell:Creating package script '/home/orangepi/Desktop/SparkCar_ROS2_WS/SparkCar_Perception/install/realsense2_camera_msgs/share/realsense2_camera_msgs/package.zsh'
[1.597s] Level 1:colcon.colcon_core.environment:create_file_with_runtime_dependencies(/home/orangepi/Desktop/SparkCar_ROS2_WS/SparkCar_Perception/install/realsense2_camera_msgs/share/colcon-core/packages/realsense2_camera_msgs)
[1.602s] Level 1:colcon.colcon_core.environment:create_environment_scripts_only(realsense2_camera_msgs)
[1.603s] Level 1:colcon.colcon_core.environment:checking '/home/orangepi/Desktop/SparkCar_ROS2_WS/SparkCar_Perception/install/realsense2_camera_msgs' for CMake module files
[1.610s] Level 1:colcon.colcon_core.environment:checking '/home/orangepi/Desktop/SparkCar_ROS2_WS/SparkCar_Perception/install/realsense2_camera_msgs' for CMake config files
[1.621s] Level 1:colcon.colcon_core.shell:create_environment_hook('realsense2_camera_msgs', 'cmake_prefix_path')
[1.623s] INFO:colcon.colcon_core.shell:Creating environment hook '/home/orangepi/Desktop/SparkCar_ROS2_WS/SparkCar_Perception/install/realsense2_camera_msgs/share/realsense2_camera_msgs/hook/cmake_prefix_path.ps1'
[1.626s] INFO:colcon.colcon_core.shell:Creating environment descriptor '/home/orangepi/Desktop/SparkCar_ROS2_WS/SparkCar_Perception/install/realsense2_camera_msgs/share/realsense2_camera_msgs/hook/cmake_prefix_path.dsv'
[1.627s] INFO:colcon.colcon_core.shell:Creating environment hook '/home/orangepi/Desktop/SparkCar_ROS2_WS/SparkCar_Perception/install/realsense2_camera_msgs/share/realsense2_camera_msgs/hook/cmake_prefix_path.sh'
[1.630s] Level 1:colcon.colcon_core.environment:checking '/home/orangepi/Desktop/SparkCar_ROS2_WS/SparkCar_Perception/install/realsense2_camera_msgs/lib'
[1.630s] Level 1:colcon.colcon_core.shell:create_environment_hook('realsense2_camera_msgs', 'ld_library_path_lib')
[1.632s] INFO:colcon.colcon_core.shell:Creating environment hook '/home/orangepi/Desktop/SparkCar_ROS2_WS/SparkCar_Perception/install/realsense2_camera_msgs/share/realsense2_camera_msgs/hook/ld_library_path_lib.ps1'
[1.634s] INFO:colcon.colcon_core.shell:Creating environment descriptor '/home/orangepi/Desktop/SparkCar_ROS2_WS/SparkCar_Perception/install/realsense2_camera_msgs/share/realsense2_camera_msgs/hook/ld_library_path_lib.dsv'
[1.636s] INFO:colcon.colcon_core.shell:Creating environment hook '/home/orangepi/Desktop/SparkCar_ROS2_WS/SparkCar_Perception/install/realsense2_camera_msgs/share/realsense2_camera_msgs/hook/ld_library_path_lib.sh'
[1.639s] Level 1:colcon.colcon_core.environment:checking '/home/orangepi/Desktop/SparkCar_ROS2_WS/SparkCar_Perception/install/realsense2_camera_msgs/bin'
[1.639s] Level 1:colcon.colcon_core.environment:checking '/home/orangepi/Desktop/SparkCar_ROS2_WS/SparkCar_Perception/install/realsense2_camera_msgs/lib/pkgconfig/realsense2_camera_msgs.pc'
[1.641s] Level 1:colcon.colcon_core.environment:checking '/home/orangepi/Desktop/SparkCar_ROS2_WS/SparkCar_Perception/install/realsense2_camera_msgs/lib/python3.10/site-packages'
[1.642s] Level 1:colcon.colcon_core.environment:checking '/home/orangepi/Desktop/SparkCar_ROS2_WS/SparkCar_Perception/install/realsense2_camera_msgs/bin'
[1.644s] INFO:colcon.colcon_core.shell:Creating package script '/home/orangepi/Desktop/SparkCar_ROS2_WS/SparkCar_Perception/install/realsense2_camera_msgs/share/realsense2_camera_msgs/package.ps1'
[1.648s] INFO:colcon.colcon_core.shell:Creating package descriptor '/home/orangepi/Desktop/SparkCar_ROS2_WS/SparkCar_Perception/install/realsense2_camera_msgs/share/realsense2_camera_msgs/package.dsv'
[1.649s] INFO:colcon.colcon_core.shell:Creating package script '/home/orangepi/Desktop/SparkCar_ROS2_WS/SparkCar_Perception/install/realsense2_camera_msgs/share/realsense2_camera_msgs/package.sh'
[1.650s] INFO:colcon.colcon_core.shell:Creating package script '/home/orangepi/Desktop/SparkCar_ROS2_WS/SparkCar_Perception/install/realsense2_camera_msgs/share/realsense2_camera_msgs/package.bash'
[1.650s] INFO:colcon.colcon_core.shell:Creating package script '/home/orangepi/Desktop/SparkCar_ROS2_WS/SparkCar_Perception/install/realsense2_camera_msgs/share/realsense2_camera_msgs/package.zsh'
[1.651s] Level 1:colcon.colcon_core.environment:create_file_with_runtime_dependencies(/home/orangepi/Desktop/SparkCar_ROS2_WS/SparkCar_Perception/install/realsense2_camera_msgs/share/colcon-core/packages/realsense2_camera_msgs)
[1.652s] INFO:colcon.colcon_ros.task.ament_cmake.build:Building ROS package in '/home/orangepi/Desktop/SparkCar_ROS2_WS/SparkCar_Perception/src/realsense-ros/realsense2_camera' with build type 'ament_cmake'
[1.652s] INFO:colcon.colcon_cmake.task.cmake.build:Building CMake package in '/home/orangepi/Desktop/SparkCar_ROS2_WS/SparkCar_Perception/src/realsense-ros/realsense2_camera'
[1.653s] INFO:colcon.colcon_core.shell:Skip shell extension 'powershell' for command environment: Not usable outside of PowerShell
[1.653s] DEBUG:colcon.colcon_core.shell:Skip shell extension 'dsv' for command environment
[1.663s] INFO:colcon.colcon_ros.task.ament_cmake.build:Building ROS package in '/home/orangepi/Desktop/SparkCar_ROS2_WS/SparkCar_Perception/src/realsense-ros/realsense2_description' with build type 'ament_cmake'
[1.663s] INFO:colcon.colcon_cmake.task.cmake.build:Building CMake package in '/home/orangepi/Desktop/SparkCar_ROS2_WS/SparkCar_Perception/src/realsense-ros/realsense2_description'
[1.664s] INFO:colcon.colcon_core.shell:Skip shell extension 'powershell' for command environment: Not usable outside of PowerShell
[1.664s] DEBUG:colcon.colcon_core.shell:Skip shell extension 'dsv' for command environment
[1.673s] Level 1:colcon.colcon_core.environment:create_environment_scripts_only(vins)
[1.674s] Level 1:colcon.colcon_core.environment:checking '/home/orangepi/Desktop/SparkCar_ROS2_WS/SparkCar_Perception/install/vins' for CMake module files
[1.676s] DEBUG:colcon.colcon_core.event_handler.log_command:Invoked command in '/home/orangepi/Desktop/SparkCar_ROS2_WS/SparkCar_Perception/build/vins' returned '0': CMAKE_PREFIX_PATH=/home/orangepi/Desktop/SparkCar_ROS2_WS/SparkCar_Perception/install/camera_models:/home/orangepi/Desktop/SparkCar_ROS2_WS/SparkCar_Perception/install/vins:/home/orangepi/Desktop/SparkCar_ROS2_WS/SparkCar_Perception/install/realsense2_description:/home/orangepi/Desktop/SparkCar_ROS2_WS/SparkCar_Perception/install/realsense2_camera:/home/orangepi/Desktop/SparkCar_ROS2_WS/SparkCar_Perception/install/realsense2_camera_msgs:/home/orangepi/Desktop/SparkCar_ROS2_WS/SparkCar_Perception/install/loop_fusion:/home/orangepi/Desktop/SparkCar_ROS2_WS/SparkCar_Perception/install/global_fusion:/home/orangepi/Desktop/SparkCar_ROS2_WS/SparkCar_Controller/install/target_follower:/home/orangepi/Desktop/SparkCar_ROS2_WS/SparkCar_Tools/install/kalibr:/home/orangepi/Desktop/SparkCar_ROS2_WS/SparkCar_Tools/install/incremental_calibration_python:/home/orangepi/Desktop/SparkCar_ROS2_WS/SparkCar_Tools/install/incremental_calibration:/home/orangepi/Desktop/SparkCar_ROS2_WS/SparkCar_Tools/install/aslam_splines_python:/home/orangepi/Desktop/SparkCar_ROS2_WS/SparkCar_Tools/install/bsplines_python:/home/orangepi/Desktop/SparkCar_ROS2_WS/SparkCar_Tools/install/aslam_cv_backend_python:/home/orangepi/Desktop/SparkCar_ROS2_WS/SparkCar_Tools/install/aslam_cv_python:/home/orangepi/Desktop/SparkCar_ROS2_WS/SparkCar_Tools/install/aslam_cv_error_terms:/home/orangepi/Desktop/SparkCar_ROS2_WS/SparkCar_Tools/install/aslam_cv_backend:/home/orangepi/Desktop/SparkCar_ROS2_WS/SparkCar_Tools/install/aslam_splines:/home/orangepi/Desktop/SparkCar_ROS2_WS/SparkCar_Tools/install/bsplines:/home/orangepi/Desktop/SparkCar_ROS2_WS/SparkCar_Tools/install/aslam_backend_python:/home/orangepi/Desktop/SparkCar_ROS2_WS/SparkCar_Tools/install/aslam_backend_expressions:/home/orangepi/Desktop/SparkCar_ROS2_WS/SparkCar_Tools/install/aslam_backend:/home/orangepi/Desktop/SparkCar_ROS2_WS/SparkCar_Tools/install/sparse_block_matrix:/home/orangepi/Desktop/SparkCar_ROS2_WS/SparkCar_Tools/install/aslam_cameras_april:/home/orangepi/Desktop/SparkCar_ROS2_WS/SparkCar_Tools/install/sm_python:/home/orangepi/Desktop/SparkCar_ROS2_WS/SparkCar_Tools/install/sm_timing:/home/orangepi/Desktop/SparkCar_ROS2_WS/SparkCar_Tools/install/aslam_imgproc:/home/orangepi/Desktop/SparkCar_ROS2_WS/SparkCar_Tools/install/aslam_cv_serialization:/home/orangepi/Desktop/SparkCar_ROS2_WS/SparkCar_Tools/install/aslam_cameras:/home/orangepi/Desktop/SparkCar_ROS2_WS/SparkCar_Tools/install/sm_kinematics:/home/orangepi/Desktop/SparkCar_ROS2_WS/SparkCar_Tools/install/sm_eigen:/home/orangepi/Desktop/SparkCar_ROS2_WS/SparkCar_Tools/install/sm_random:/home/orangepi/Desktop/SparkCar_ROS2_WS/SparkCar_Tools/install/sm_property_tree:/home/orangepi/Desktop/SparkCar_ROS2_WS/SparkCar_Tools/install/sm_opencv:/home/orangepi/Desktop/SparkCar_ROS2_WS/SparkCar_Tools/install/sm_matrix_archive:/home/orangepi/Desktop/SparkCar_ROS2_WS/SparkCar_Tools/install/sm_logging:/home/orangepi/Desktop/SparkCar_ROS2_WS/SparkCar_Tools/install/sm_boost:/home/orangepi/Desktop/SparkCar_ROS2_WS/SparkCar_Tools/install/sm_common:/home/orangepi/Desktop/SparkCar_ROS2_WS/SparkCar_Tools/install/python_module:/home/orangepi/Desktop/SparkCar_ROS2_WS/SparkCar_Tools/install/numpy_eigen:/home/orangepi/Desktop/SparkCar_ROS2_WS/SparkCar_Tools/install/ethz_apriltag2:/home/orangepi/Desktop/SparkCar_ROS2_WS/SparkCar_Tools/install/aslam_time:/opt/ros/humble PATH=/home/orangepi/Desktop/SparkCar_ROS2_WS/SparkCar_Perception/install/camera_models/bin:/home/orangepi/.local/bin:/home/orangepi/.local/bin:/home/orangepi/.vscode-server/data/User/globalStorage/github.copilot-chat/debugCommand:/home/orangepi/.vscode-server/data/User/globalStorage/github.copilot-chat/copilotCli:/home/orangepi/.vscode-server/cli/servers/Stable-7e7950df89d055b5a378379db9ee14290772148a/server/bin/remote-cli:/home/orangepi/.local/bin:/home/orangepi/.local/bin:/home/orangepi/.local/bin:/home/orangepi/Desktop/SparkCar_ROS2_WS/SparkCar_Perception/install/global_fusion/bin:/opt/ros/humble/bin:/home/orangepi/.local/bin:/usr/local/sbin:/usr/local/bin:/usr/sbin:/usr/bin:/sbin:/bin:/usr/games:/usr/local/games:/snap/bin /usr/bin/cmake --install /home/orangepi/Desktop/SparkCar_ROS2_WS/SparkCar_Perception/build/vins
[1.677s] Level 1:colcon.colcon_core.environment:checking '/home/orangepi/Desktop/SparkCar_ROS2_WS/SparkCar_Perception/install/vins' for CMake config files
[1.677s] Level 1:colcon.colcon_core.shell:create_environment_hook('vins', 'cmake_prefix_path')
[1.677s] INFO:colcon.colcon_core.shell:Creating environment hook '/home/orangepi/Desktop/SparkCar_ROS2_WS/SparkCar_Perception/install/vins/share/vins/hook/cmake_prefix_path.ps1'
[1.678s] INFO:colcon.colcon_core.shell:Creating environment descriptor '/home/orangepi/Desktop/SparkCar_ROS2_WS/SparkCar_Perception/install/vins/share/vins/hook/cmake_prefix_path.dsv'
[1.679s] INFO:colcon.colcon_core.shell:Creating environment hook '/home/orangepi/Desktop/SparkCar_ROS2_WS/SparkCar_Perception/install/vins/share/vins/hook/cmake_prefix_path.sh'
[1.680s] Level 1:colcon.colcon_core.environment:checking '/home/orangepi/Desktop/SparkCar_ROS2_WS/SparkCar_Perception/install/vins/lib'
[1.680s] Level 1:colcon.colcon_core.environment:checking '/home/orangepi/Desktop/SparkCar_ROS2_WS/SparkCar_Perception/install/vins/bin'
[1.680s] Level 1:colcon.colcon_core.environment:checking '/home/orangepi/Desktop/SparkCar_ROS2_WS/SparkCar_Perception/install/vins/lib/pkgconfig/vins.pc'
[1.680s] Level 1:colcon.colcon_core.environment:checking '/home/orangepi/Desktop/SparkCar_ROS2_WS/SparkCar_Perception/install/vins/lib/python3.10/site-packages'
[1.681s] Level 1:colcon.colcon_core.environment:checking '/home/orangepi/Desktop/SparkCar_ROS2_WS/SparkCar_Perception/install/vins/bin'
[1.682s] INFO:colcon.colcon_core.shell:Creating package script '/home/orangepi/Desktop/SparkCar_ROS2_WS/SparkCar_Perception/install/vins/share/vins/package.ps1'
[1.683s] INFO:colcon.colcon_core.shell:Creating package descriptor '/home/orangepi/Desktop/SparkCar_ROS2_WS/SparkCar_Perception/install/vins/share/vins/package.dsv'
[1.683s] INFO:colcon.colcon_core.shell:Creating package script '/home/orangepi/Desktop/SparkCar_ROS2_WS/SparkCar_Perception/install/vins/share/vins/package.sh'
[1.684s] INFO:colcon.colcon_core.shell:Creating package script '/home/orangepi/Desktop/SparkCar_ROS2_WS/SparkCar_Perception/install/vins/share/vins/package.bash'
[1.685s] INFO:colcon.colcon_core.shell:Creating package script '/home/orangepi/Desktop/SparkCar_ROS2_WS/SparkCar_Perception/install/vins/share/vins/package.zsh'
[1.685s] Level 1:colcon.colcon_core.environment:create_file_with_runtime_dependencies(/home/orangepi/Desktop/SparkCar_ROS2_WS/SparkCar_Perception/install/vins/share/colcon-core/packages/vins)
[1.686s] Level 1:colcon.colcon_core.environment:create_environment_scripts_only(vins)
[1.687s] Level 1:colcon.colcon_core.environment:checking '/home/orangepi/Desktop/SparkCar_ROS2_WS/SparkCar_Perception/install/vins' for CMake module files
[1.687s] Level 1:colcon.colcon_core.environment:checking '/home/orangepi/Desktop/SparkCar_ROS2_WS/SparkCar_Perception/install/vins' for CMake config files
[1.688s] Level 1:colcon.colcon_core.shell:create_environment_hook('vins', 'cmake_prefix_path')
[1.688s] INFO:colcon.colcon_core.shell:Creating environment hook '/home/orangepi/Desktop/SparkCar_ROS2_WS/SparkCar_Perception/install/vins/share/vins/hook/cmake_prefix_path.ps1'
[1.689s] INFO:colcon.colcon_core.shell:Creating environment descriptor '/home/orangepi/Desktop/SparkCar_ROS2_WS/SparkCar_Perception/install/vins/share/vins/hook/cmake_prefix_path.dsv'
[1.689s] INFO:colcon.colcon_core.shell:Creating environment hook '/home/orangepi/Desktop/SparkCar_ROS2_WS/SparkCar_Perception/install/vins/share/vins/hook/cmake_prefix_path.sh'
[1.690s] Level 1:colcon.colcon_core.environment:checking '/home/orangepi/Desktop/SparkCar_ROS2_WS/SparkCar_Perception/install/vins/lib'
[1.691s] Level 1:colcon.colcon_core.environment:checking '/home/orangepi/Desktop/SparkCar_ROS2_WS/SparkCar_Perception/install/vins/bin'
[1.691s] Level 1:colcon.colcon_core.environment:checking '/home/orangepi/Desktop/SparkCar_ROS2_WS/SparkCar_Perception/install/vins/lib/pkgconfig/vins.pc'
[1.691s] Level 1:colcon.colcon_core.environment:checking '/home/orangepi/Desktop/SparkCar_ROS2_WS/SparkCar_Perception/install/vins/lib/python3.10/site-packages'
[1.691s] Level 1:colcon.colcon_core.environment:checking '/home/orangepi/Desktop/SparkCar_ROS2_WS/SparkCar_Perception/install/vins/bin'
[1.692s] INFO:colcon.colcon_core.shell:Creating package script '/home/orangepi/Desktop/SparkCar_ROS2_WS/SparkCar_Perception/install/vins/share/vins/package.ps1'
[1.693s] INFO:colcon.colcon_core.shell:Creating package descriptor '/home/orangepi/Desktop/SparkCar_ROS2_WS/SparkCar_Perception/install/vins/share/vins/package.dsv'
[1.694s] INFO:colcon.colcon_core.shell:Creating package script '/home/orangepi/Desktop/SparkCar_ROS2_WS/SparkCar_Perception/install/vins/share/vins/package.sh'
[1.694s] INFO:colcon.colcon_core.shell:Creating package script '/home/orangepi/Desktop/SparkCar_ROS2_WS/SparkCar_Perception/install/vins/share/vins/package.bash'
[1.695s] INFO:colcon.colcon_core.shell:Creating package script '/home/orangepi/Desktop/SparkCar_ROS2_WS/SparkCar_Perception/install/vins/share/vins/package.zsh'
[1.695s] Level 1:colcon.colcon_core.environment:create_file_with_runtime_dependencies(/home/orangepi/Desktop/SparkCar_ROS2_WS/SparkCar_Perception/install/vins/share/colcon-core/packages/vins)
[1.704s] DEBUG:colcon.colcon_core.event_handler.log_command:Invoking command in '/home/orangepi/Desktop/SparkCar_ROS2_WS/SparkCar_Perception/build/realsense2_camera': CMAKE_PREFIX_PATH=/home/orangepi/Desktop/SparkCar_ROS2_WS/SparkCar_Perception/install/realsense2_camera_msgs:/home/orangepi/Desktop/SparkCar_ROS2_WS/SparkCar_Perception/install/vins:/home/orangepi/Desktop/SparkCar_ROS2_WS/SparkCar_Perception/install/realsense2_description:/home/orangepi/Desktop/SparkCar_ROS2_WS/SparkCar_Perception/install/realsense2_camera:/home/orangepi/Desktop/SparkCar_ROS2_WS/SparkCar_Perception/install/loop_fusion:/home/orangepi/Desktop/SparkCar_ROS2_WS/SparkCar_Perception/install/global_fusion:/home/orangepi/Desktop/SparkCar_ROS2_WS/SparkCar_Perception/install/camera_models:/home/orangepi/Desktop/SparkCar_ROS2_WS/SparkCar_Controller/install/target_follower:/home/orangepi/Desktop/SparkCar_ROS2_WS/SparkCar_Tools/install/kalibr:/home/orangepi/Desktop/SparkCar_ROS2_WS/SparkCar_Tools/install/incremental_calibration_python:/home/orangepi/Desktop/SparkCar_ROS2_WS/SparkCar_Tools/install/incremental_calibration:/home/orangepi/Desktop/SparkCar_ROS2_WS/SparkCar_Tools/install/aslam_splines_python:/home/orangepi/Desktop/SparkCar_ROS2_WS/SparkCar_Tools/install/bsplines_python:/home/orangepi/Desktop/SparkCar_ROS2_WS/SparkCar_Tools/install/aslam_cv_backend_python:/home/orangepi/Desktop/SparkCar_ROS2_WS/SparkCar_Tools/install/aslam_cv_python:/home/orangepi/Desktop/SparkCar_ROS2_WS/SparkCar_Tools/install/aslam_cv_error_terms:/home/orangepi/Desktop/SparkCar_ROS2_WS/SparkCar_Tools/install/aslam_cv_backend:/home/orangepi/Desktop/SparkCar_ROS2_WS/SparkCar_Tools/install/aslam_splines:/home/orangepi/Desktop/SparkCar_ROS2_WS/SparkCar_Tools/install/bsplines:/home/orangepi/Desktop/SparkCar_ROS2_WS/SparkCar_Tools/install/aslam_backend_python:/home/orangepi/Desktop/SparkCar_ROS2_WS/SparkCar_Tools/install/aslam_backend_expressions:/home/orangepi/Desktop/SparkCar_ROS2_WS/SparkCar_Tools/install/aslam_backend:/home/orangepi/Desktop/SparkCar_ROS2_WS/SparkCar_Tools/install/sparse_block_matrix:/home/orangepi/Desktop/SparkCar_ROS2_WS/SparkCar_Tools/install/aslam_cameras_april:/home/orangepi/Desktop/SparkCar_ROS2_WS/SparkCar_Tools/install/sm_python:/home/orangepi/Desktop/SparkCar_ROS2_WS/SparkCar_Tools/install/sm_timing:/home/orangepi/Desktop/SparkCar_ROS2_WS/SparkCar_Tools/install/aslam_imgproc:/home/orangepi/Desktop/SparkCar_ROS2_WS/SparkCar_Tools/install/aslam_cv_serialization:/home/orangepi/Desktop/SparkCar_ROS2_WS/SparkCar_Tools/install/aslam_cameras:/home/orangepi/Desktop/SparkCar_ROS2_WS/SparkCar_Tools/install/sm_kinematics:/home/orangepi/Desktop/SparkCar_ROS2_WS/SparkCar_Tools/install/sm_eigen:/home/orangepi/Desktop/SparkCar_ROS2_WS/SparkCar_Tools/install/sm_random:/home/orangepi/Desktop/SparkCar_ROS2_WS/SparkCar_Tools/install/sm_property_tree:/home/orangepi/Desktop/SparkCar_ROS2_WS/SparkCar_Tools/install/sm_opencv:/home/orangepi/Desktop/SparkCar_ROS2_WS/SparkCar_Tools/install/sm_matrix_archive:/home/orangepi/Desktop/SparkCar_ROS2_WS/SparkCar_Tools/install/sm_logging:/home/orangepi/Desktop/SparkCar_ROS2_WS/SparkCar_Tools/install/sm_boost:/home/orangepi/Desktop/SparkCar_ROS2_WS/SparkCar_Tools/install/sm_common:/home/orangepi/Desktop/SparkCar_ROS2_WS/SparkCar_Tools/install/python_module:/home/orangepi/Desktop/SparkCar_ROS2_WS/SparkCar_Tools/install/numpy_eigen:/home/orangepi/Desktop/SparkCar_ROS2_WS/SparkCar_Tools/install/ethz_apriltag2:/home/orangepi/Desktop/SparkCar_ROS2_WS/SparkCar_Tools/install/aslam_time:/opt/ros/humble LD_LIBRARY_PATH=/home/orangepi/Desktop/SparkCar_ROS2_WS/SparkCar_Perception/install/realsense2_camera_msgs/lib:/home/orangepi/Desktop/SparkCar_ROS2_WS/SparkCar_Perception/install/realsense2_camera/lib:/home/orangepi/Desktop/SparkCar_ROS2_WS/SparkCar_Perception/install/camera_models/lib:/home/orangepi/Desktop/SparkCar_ROS2_WS/SparkCar_Tools/install/kalibr/lib:/home/orangepi/Desktop/SparkCar_ROS2_WS/SparkCar_Tools/install/incremental_calibration/lib:/home/orangepi/Desktop/SparkCar_ROS2_WS/SparkCar_Tools/install/aslam_cv_error_terms/lib:/home/orangepi/Desktop/SparkCar_ROS2_WS/SparkCar_Tools/install/aslam_cv_backend/lib:/home/orangepi/Desktop/SparkCar_ROS2_WS/SparkCar_Tools/install/aslam_splines/lib:/home/orangepi/Desktop/SparkCar_ROS2_WS/SparkCar_Tools/install/bsplines/lib:/home/orangepi/Desktop/SparkCar_ROS2_WS/SparkCar_Tools/install/aslam_backend_expressions/lib:/home/orangepi/Desktop/SparkCar_ROS2_WS/SparkCar_Tools/install/aslam_backend/lib:/home/orangepi/Desktop/SparkCar_ROS2_WS/SparkCar_Tools/install/sparse_block_matrix/lib:/home/orangepi/Desktop/SparkCar_ROS2_WS/SparkCar_Tools/install/aslam_cameras_april/lib:/home/orangepi/Desktop/SparkCar_ROS2_WS/SparkCar_Tools/install/sm_timing/lib:/home/orangepi/Desktop/SparkCar_ROS2_WS/SparkCar_Tools/install/aslam_imgproc/lib:/home/orangepi/Desktop/SparkCar_ROS2_WS/SparkCar_Tools/install/aslam_cv_serialization/lib:/home/orangepi/Desktop/SparkCar_ROS2_WS/SparkCar_Tools/install/aslam_cameras/lib:/home/orangepi/Desktop/SparkCar_ROS2_WS/SparkCar_Tools/install/sm_kinematics/lib:/home/orangepi/Desktop/SparkCar_ROS2_WS/SparkCar_Tools/install/sm_eigen/lib:/home/orangepi/Desktop/SparkCar_ROS2_WS/SparkCar_Tools/install/sm_random/lib:/home/orangepi/Desktop/SparkCar_ROS2_WS/SparkCar_Tools/install/sm_property_tree/lib:/home/orangepi/Desktop/SparkCar_ROS2_WS/SparkCar_Tools/install/sm_matrix_archive/lib:/home/orangepi/Desktop/SparkCar_ROS2_WS/SparkCar_Tools/install/sm_logging/lib:/home/orangepi/Desktop/SparkCar_ROS2_WS/SparkCar_Tools/install/sm_boost/lib:/home/orangepi/Desktop/SparkCar_ROS2_WS/SparkCar_Tools/install/sm_common/lib:/home/orangepi/Desktop/SparkCar_ROS2_WS/SparkCar_Tools/install/ethz_apriltag2/lib:/home/orangepi/Desktop/SparkCar_ROS2_WS/SparkCar_Tools/install/aslam_time/lib:/opt/ros/humble/opt/rviz_ogre_vendor/lib:/opt/ros/humble/lib/aarch64-linux-gnu:/opt/ros/humble/lib /usr/bin/cmake --build /home/orangepi/Desktop/SparkCar_ROS2_WS/SparkCar_Perception/build/realsense2_camera -- -j8 -l8
[1.712s] DEBUG:colcon.colcon_core.event_handler.log_command:Invoking command in '/home/orangepi/Desktop/SparkCar_ROS2_WS/SparkCar_Perception/build/realsense2_description': CMAKE_PREFIX_PATH=/home/orangepi/Desktop/SparkCar_ROS2_WS/SparkCar_Perception/install/realsense2_camera_msgs:/home/orangepi/Desktop/SparkCar_ROS2_WS/SparkCar_Perception/install/vins:/home/orangepi/Desktop/SparkCar_ROS2_WS/SparkCar_Perception/install/realsense2_description:/home/orangepi/Desktop/SparkCar_ROS2_WS/SparkCar_Perception/install/realsense2_camera:/home/orangepi/Desktop/SparkCar_ROS2_WS/SparkCar_Perception/install/loop_fusion:/home/orangepi/Desktop/SparkCar_ROS2_WS/SparkCar_Perception/install/global_fusion:/home/orangepi/Desktop/SparkCar_ROS2_WS/SparkCar_Perception/install/camera_models:/home/orangepi/Desktop/SparkCar_ROS2_WS/SparkCar_Controller/install/target_follower:/home/orangepi/Desktop/SparkCar_ROS2_WS/SparkCar_Tools/install/kalibr:/home/orangepi/Desktop/SparkCar_ROS2_WS/SparkCar_Tools/install/incremental_calibration_python:/home/orangepi/Desktop/SparkCar_ROS2_WS/SparkCar_Tools/install/incremental_calibration:/home/orangepi/Desktop/SparkCar_ROS2_WS/SparkCar_Tools/install/aslam_splines_python:/home/orangepi/Desktop/SparkCar_ROS2_WS/SparkCar_Tools/install/bsplines_python:/home/orangepi/Desktop/SparkCar_ROS2_WS/SparkCar_Tools/install/aslam_cv_backend_python:/home/orangepi/Desktop/SparkCar_ROS2_WS/SparkCar_Tools/install/aslam_cv_python:/home/orangepi/Desktop/SparkCar_ROS2_WS/SparkCar_Tools/install/aslam_cv_error_terms:/home/orangepi/Desktop/SparkCar_ROS2_WS/SparkCar_Tools/install/aslam_cv_backend:/home/orangepi/Desktop/SparkCar_ROS2_WS/SparkCar_Tools/install/aslam_splines:/home/orangepi/Desktop/SparkCar_ROS2_WS/SparkCar_Tools/install/bsplines:/home/orangepi/Desktop/SparkCar_ROS2_WS/SparkCar_Tools/install/aslam_backend_python:/home/orangepi/Desktop/SparkCar_ROS2_WS/SparkCar_Tools/install/aslam_backend_expressions:/home/orangepi/Desktop/SparkCar_ROS2_WS/SparkCar_Tools/install/aslam_backend:/home/orangepi/Desktop/SparkCar_ROS2_WS/SparkCar_Tools/install/sparse_block_matrix:/home/orangepi/Desktop/SparkCar_ROS2_WS/SparkCar_Tools/install/aslam_cameras_april:/home/orangepi/Desktop/SparkCar_ROS2_WS/SparkCar_Tools/install/sm_python:/home/orangepi/Desktop/SparkCar_ROS2_WS/SparkCar_Tools/install/sm_timing:/home/orangepi/Desktop/SparkCar_ROS2_WS/SparkCar_Tools/install/aslam_imgproc:/home/orangepi/Desktop/SparkCar_ROS2_WS/SparkCar_Tools/install/aslam_cv_serialization:/home/orangepi/Desktop/SparkCar_ROS2_WS/SparkCar_Tools/install/aslam_cameras:/home/orangepi/Desktop/SparkCar_ROS2_WS/SparkCar_Tools/install/sm_kinematics:/home/orangepi/Desktop/SparkCar_ROS2_WS/SparkCar_Tools/install/sm_eigen:/home/orangepi/Desktop/SparkCar_ROS2_WS/SparkCar_Tools/install/sm_random:/home/orangepi/Desktop/SparkCar_ROS2_WS/SparkCar_Tools/install/sm_property_tree:/home/orangepi/Desktop/SparkCar_ROS2_WS/SparkCar_Tools/install/sm_opencv:/home/orangepi/Desktop/SparkCar_ROS2_WS/SparkCar_Tools/install/sm_matrix_archive:/home/orangepi/Desktop/SparkCar_ROS2_WS/SparkCar_Tools/install/sm_logging:/home/orangepi/Desktop/SparkCar_ROS2_WS/SparkCar_Tools/install/sm_boost:/home/orangepi/Desktop/SparkCar_ROS2_WS/SparkCar_Tools/install/sm_common:/home/orangepi/Desktop/SparkCar_ROS2_WS/SparkCar_Tools/install/python_module:/home/orangepi/Desktop/SparkCar_ROS2_WS/SparkCar_Tools/install/numpy_eigen:/home/orangepi/Desktop/SparkCar_ROS2_WS/SparkCar_Tools/install/ethz_apriltag2:/home/orangepi/Desktop/SparkCar_ROS2_WS/SparkCar_Tools/install/aslam_time:/opt/ros/humble LD_LIBRARY_PATH=/home/orangepi/Desktop/SparkCar_ROS2_WS/SparkCar_Perception/install/realsense2_camera_msgs/lib:/home/orangepi/Desktop/SparkCar_ROS2_WS/SparkCar_Perception/install/realsense2_camera/lib:/home/orangepi/Desktop/SparkCar_ROS2_WS/SparkCar_Perception/install/camera_models/lib:/home/orangepi/Desktop/SparkCar_ROS2_WS/SparkCar_Tools/install/kalibr/lib:/home/orangepi/Desktop/SparkCar_ROS2_WS/SparkCar_Tools/install/incremental_calibration/lib:/home/orangepi/Desktop/SparkCar_ROS2_WS/SparkCar_Tools/install/aslam_cv_error_terms/lib:/home/orangepi/Desktop/SparkCar_ROS2_WS/SparkCar_Tools/install/aslam_cv_backend/lib:/home/orangepi/Desktop/SparkCar_ROS2_WS/SparkCar_Tools/install/aslam_splines/lib:/home/orangepi/Desktop/SparkCar_ROS2_WS/SparkCar_Tools/install/bsplines/lib:/home/orangepi/Desktop/SparkCar_ROS2_WS/SparkCar_Tools/install/aslam_backend_expressions/lib:/home/orangepi/Desktop/SparkCar_ROS2_WS/SparkCar_Tools/install/aslam_backend/lib:/home/orangepi/Desktop/SparkCar_ROS2_WS/SparkCar_Tools/install/sparse_block_matrix/lib:/home/orangepi/Desktop/SparkCar_ROS2_WS/SparkCar_Tools/install/aslam_cameras_april/lib:/home/orangepi/Desktop/SparkCar_ROS2_WS/SparkCar_Tools/install/sm_timing/lib:/home/orangepi/Desktop/SparkCar_ROS2_WS/SparkCar_Tools/install/aslam_imgproc/lib:/home/orangepi/Desktop/SparkCar_ROS2_WS/SparkCar_Tools/install/aslam_cv_serialization/lib:/home/orangepi/Desktop/SparkCar_ROS2_WS/SparkCar_Tools/install/aslam_cameras/lib:/home/orangepi/Desktop/SparkCar_ROS2_WS/SparkCar_Tools/install/sm_kinematics/lib:/home/orangepi/Desktop/SparkCar_ROS2_WS/SparkCar_Tools/install/sm_eigen/lib:/home/orangepi/Desktop/SparkCar_ROS2_WS/SparkCar_Tools/install/sm_random/lib:/home/orangepi/Desktop/SparkCar_ROS2_WS/SparkCar_Tools/install/sm_property_tree/lib:/home/orangepi/Desktop/SparkCar_ROS2_WS/SparkCar_Tools/install/sm_matrix_archive/lib:/home/orangepi/Desktop/SparkCar_ROS2_WS/SparkCar_Tools/install/sm_logging/lib:/home/orangepi/Desktop/SparkCar_ROS2_WS/SparkCar_Tools/install/sm_boost/lib:/home/orangepi/Desktop/SparkCar_ROS2_WS/SparkCar_Tools/install/sm_common/lib:/home/orangepi/Desktop/SparkCar_ROS2_WS/SparkCar_Tools/install/ethz_apriltag2/lib:/home/orangepi/Desktop/SparkCar_ROS2_WS/SparkCar_Tools/install/aslam_time/lib:/opt/ros/humble/opt/rviz_ogre_vendor/lib:/opt/ros/humble/lib/aarch64-linux-gnu:/opt/ros/humble/lib /usr/bin/cmake --build /home/orangepi/Desktop/SparkCar_ROS2_WS/SparkCar_Perception/build/realsense2_description -- -j8 -l8
[1.861s] DEBUG:colcon.colcon_core.event_handler.log_command:Invoked command in '/home/orangepi/Desktop/SparkCar_ROS2_WS/SparkCar_Perception/build/realsense2_description' returned '0': CMAKE_PREFIX_PATH=/home/orangepi/Desktop/SparkCar_ROS2_WS/SparkCar_Perception/install/realsense2_camera_msgs:/home/orangepi/Desktop/SparkCar_ROS2_WS/SparkCar_Perception/install/vins:/home/orangepi/Desktop/SparkCar_ROS2_WS/SparkCar_Perception/install/realsense2_description:/home/orangepi/Desktop/SparkCar_ROS2_WS/SparkCar_Perception/install/realsense2_camera:/home/orangepi/Desktop/SparkCar_ROS2_WS/SparkCar_Perception/install/loop_fusion:/home/orangepi/Desktop/SparkCar_ROS2_WS/SparkCar_Perception/install/global_fusion:/home/orangepi/Desktop/SparkCar_ROS2_WS/SparkCar_Perception/install/camera_models:/home/orangepi/Desktop/SparkCar_ROS2_WS/SparkCar_Controller/install/target_follower:/home/orangepi/Desktop/SparkCar_ROS2_WS/SparkCar_Tools/install/kalibr:/home/orangepi/Desktop/SparkCar_ROS2_WS/SparkCar_Tools/install/incremental_calibration_python:/home/orangepi/Desktop/SparkCar_ROS2_WS/SparkCar_Tools/install/incremental_calibration:/home/orangepi/Desktop/SparkCar_ROS2_WS/SparkCar_Tools/install/aslam_splines_python:/home/orangepi/Desktop/SparkCar_ROS2_WS/SparkCar_Tools/install/bsplines_python:/home/orangepi/Desktop/SparkCar_ROS2_WS/SparkCar_Tools/install/aslam_cv_backend_python:/home/orangepi/Desktop/SparkCar_ROS2_WS/SparkCar_Tools/install/aslam_cv_python:/home/orangepi/Desktop/SparkCar_ROS2_WS/SparkCar_Tools/install/aslam_cv_error_terms:/home/orangepi/Desktop/SparkCar_ROS2_WS/SparkCar_Tools/install/aslam_cv_backend:/home/orangepi/Desktop/SparkCar_ROS2_WS/SparkCar_Tools/install/aslam_splines:/home/orangepi/Desktop/SparkCar_ROS2_WS/SparkCar_Tools/install/bsplines:/home/orangepi/Desktop/SparkCar_ROS2_WS/SparkCar_Tools/install/aslam_backend_python:/home/orangepi/Desktop/SparkCar_ROS2_WS/SparkCar_Tools/install/aslam_backend_expressions:/home/orangepi/Desktop/SparkCar_ROS2_WS/SparkCar_Tools/install/aslam_backend:/home/orangepi/Desktop/SparkCar_ROS2_WS/SparkCar_Tools/install/sparse_block_matrix:/home/orangepi/Desktop/SparkCar_ROS2_WS/SparkCar_Tools/install/aslam_cameras_april:/home/orangepi/Desktop/SparkCar_ROS2_WS/SparkCar_Tools/install/sm_python:/home/orangepi/Desktop/SparkCar_ROS2_WS/SparkCar_Tools/install/sm_timing:/home/orangepi/Desktop/SparkCar_ROS2_WS/SparkCar_Tools/install/aslam_imgproc:/home/orangepi/Desktop/SparkCar_ROS2_WS/SparkCar_Tools/install/aslam_cv_serialization:/home/orangepi/Desktop/SparkCar_ROS2_WS/SparkCar_Tools/install/aslam_cameras:/home/orangepi/Desktop/SparkCar_ROS2_WS/SparkCar_Tools/install/sm_kinematics:/home/orangepi/Desktop/SparkCar_ROS2_WS/SparkCar_Tools/install/sm_eigen:/home/orangepi/Desktop/SparkCar_ROS2_WS/SparkCar_Tools/install/sm_random:/home/orangepi/Desktop/SparkCar_ROS2_WS/SparkCar_Tools/install/sm_property_tree:/home/orangepi/Desktop/SparkCar_ROS2_WS/SparkCar_Tools/install/sm_opencv:/home/orangepi/Desktop/SparkCar_ROS2_WS/SparkCar_Tools/install/sm_matrix_archive:/home/orangepi/Desktop/SparkCar_ROS2_WS/SparkCar_Tools/install/sm_logging:/home/orangepi/Desktop/SparkCar_ROS2_WS/SparkCar_Tools/install/sm_boost:/home/orangepi/Desktop/SparkCar_ROS2_WS/SparkCar_Tools/install/sm_common:/home/orangepi/Desktop/SparkCar_ROS2_WS/SparkCar_Tools/install/python_module:/home/orangepi/Desktop/SparkCar_ROS2_WS/SparkCar_Tools/install/numpy_eigen:/home/orangepi/Desktop/SparkCar_ROS2_WS/SparkCar_Tools/install/ethz_apriltag2:/home/orangepi/Desktop/SparkCar_ROS2_WS/SparkCar_Tools/install/aslam_time:/opt/ros/humble LD_LIBRARY_PATH=/home/orangepi/Desktop/SparkCar_ROS2_WS/SparkCar_Perception/install/realsense2_camera_msgs/lib:/home/orangepi/Desktop/SparkCar_ROS2_WS/SparkCar_Perception/install/realsense2_camera/lib:/home/orangepi/Desktop/SparkCar_ROS2_WS/SparkCar_Perception/install/camera_models/lib:/home/orangepi/Desktop/SparkCar_ROS2_WS/SparkCar_Tools/install/kalibr/lib:/home/orangepi/Desktop/SparkCar_ROS2_WS/SparkCar_Tools/install/incremental_calibration/lib:/home/orangepi/Desktop/SparkCar_ROS2_WS/SparkCar_Tools/install/aslam_cv_error_terms/lib:/home/orangepi/Desktop/SparkCar_ROS2_WS/SparkCar_Tools/install/aslam_cv_backend/lib:/home/orangepi/Desktop/SparkCar_ROS2_WS/SparkCar_Tools/install/aslam_splines/lib:/home/orangepi/Desktop/SparkCar_ROS2_WS/SparkCar_Tools/install/bsplines/lib:/home/orangepi/Desktop/SparkCar_ROS2_WS/SparkCar_Tools/install/aslam_backend_expressions/lib:/home/orangepi/Desktop/SparkCar_ROS2_WS/SparkCar_Tools/install/aslam_backend/lib:/home/orangepi/Desktop/SparkCar_ROS2_WS/SparkCar_Tools/install/sparse_block_matrix/lib:/home/orangepi/Desktop/SparkCar_ROS2_WS/SparkCar_Tools/install/aslam_cameras_april/lib:/home/orangepi/Desktop/SparkCar_ROS2_WS/SparkCar_Tools/install/sm_timing/lib:/home/orangepi/Desktop/SparkCar_ROS2_WS/SparkCar_Tools/install/aslam_imgproc/lib:/home/orangepi/Desktop/SparkCar_ROS2_WS/SparkCar_Tools/install/aslam_cv_serialization/lib:/home/orangepi/Desktop/SparkCar_ROS2_WS/SparkCar_Tools/install/aslam_cameras/lib:/home/orangepi/Desktop/SparkCar_ROS2_WS/SparkCar_Tools/install/sm_kinematics/lib:/home/orangepi/Desktop/SparkCar_ROS2_WS/SparkCar_Tools/install/sm_eigen/lib:/home/orangepi/Desktop/SparkCar_ROS2_WS/SparkCar_Tools/install/sm_random/lib:/home/orangepi/Desktop/SparkCar_ROS2_WS/SparkCar_Tools/install/sm_property_tree/lib:/home/orangepi/Desktop/SparkCar_ROS2_WS/SparkCar_Tools/install/sm_matrix_archive/lib:/home/orangepi/Desktop/SparkCar_ROS2_WS/SparkCar_Tools/install/sm_logging/lib:/home/orangepi/Desktop/SparkCar_ROS2_WS/SparkCar_Tools/install/sm_boost/lib:/home/orangepi/Desktop/SparkCar_ROS2_WS/SparkCar_Tools/install/sm_common/lib:/home/orangepi/Desktop/SparkCar_ROS2_WS/SparkCar_Tools/install/ethz_apriltag2/lib:/home/orangepi/Desktop/SparkCar_ROS2_WS/SparkCar_Tools/install/aslam_time/lib:/opt/ros/humble/opt/rviz_ogre_vendor/lib:/opt/ros/humble/lib/aarch64-linux-gnu:/opt/ros/humble/lib /usr/bin/cmake --build /home/orangepi/Desktop/SparkCar_ROS2_WS/SparkCar_Perception/build/realsense2_description -- -j8 -l8
[1.866s] DEBUG:colcon.colcon_core.event_handler.log_command:Invoking command in '/home/orangepi/Desktop/SparkCar_ROS2_WS/SparkCar_Perception/build/realsense2_description': CMAKE_PREFIX_PATH=/home/orangepi/Desktop/SparkCar_ROS2_WS/SparkCar_Perception/install/realsense2_camera_msgs:/home/orangepi/Desktop/SparkCar_ROS2_WS/SparkCar_Perception/install/vins:/home/orangepi/Desktop/SparkCar_ROS2_WS/SparkCar_Perception/install/realsense2_description:/home/orangepi/Desktop/SparkCar_ROS2_WS/SparkCar_Perception/install/realsense2_camera:/home/orangepi/Desktop/SparkCar_ROS2_WS/SparkCar_Perception/install/loop_fusion:/home/orangepi/Desktop/SparkCar_ROS2_WS/SparkCar_Perception/install/global_fusion:/home/orangepi/Desktop/SparkCar_ROS2_WS/SparkCar_Perception/install/camera_models:/home/orangepi/Desktop/SparkCar_ROS2_WS/SparkCar_Controller/install/target_follower:/home/orangepi/Desktop/SparkCar_ROS2_WS/SparkCar_Tools/install/kalibr:/home/orangepi/Desktop/SparkCar_ROS2_WS/SparkCar_Tools/install/incremental_calibration_python:/home/orangepi/Desktop/SparkCar_ROS2_WS/SparkCar_Tools/install/incremental_calibration:/home/orangepi/Desktop/SparkCar_ROS2_WS/SparkCar_Tools/install/aslam_splines_python:/home/orangepi/Desktop/SparkCar_ROS2_WS/SparkCar_Tools/install/bsplines_python:/home/orangepi/Desktop/SparkCar_ROS2_WS/SparkCar_Tools/install/aslam_cv_backend_python:/home/orangepi/Desktop/SparkCar_ROS2_WS/SparkCar_Tools/install/aslam_cv_python:/home/orangepi/Desktop/SparkCar_ROS2_WS/SparkCar_Tools/install/aslam_cv_error_terms:/home/orangepi/Desktop/SparkCar_ROS2_WS/SparkCar_Tools/install/aslam_cv_backend:/home/orangepi/Desktop/SparkCar_ROS2_WS/SparkCar_Tools/install/aslam_splines:/home/orangepi/Desktop/SparkCar_ROS2_WS/SparkCar_Tools/install/bsplines:/home/orangepi/Desktop/SparkCar_ROS2_WS/SparkCar_Tools/install/aslam_backend_python:/home/orangepi/Desktop/SparkCar_ROS2_WS/SparkCar_Tools/install/aslam_backend_expressions:/home/orangepi/Desktop/SparkCar_ROS2_WS/SparkCar_Tools/install/aslam_backend:/home/orangepi/Desktop/SparkCar_ROS2_WS/SparkCar_Tools/install/sparse_block_matrix:/home/orangepi/Desktop/SparkCar_ROS2_WS/SparkCar_Tools/install/aslam_cameras_april:/home/orangepi/Desktop/SparkCar_ROS2_WS/SparkCar_Tools/install/sm_python:/home/orangepi/Desktop/SparkCar_ROS2_WS/SparkCar_Tools/install/sm_timing:/home/orangepi/Desktop/SparkCar_ROS2_WS/SparkCar_Tools/install/aslam_imgproc:/home/orangepi/Desktop/SparkCar_ROS2_WS/SparkCar_Tools/install/aslam_cv_serialization:/home/orangepi/Desktop/SparkCar_ROS2_WS/SparkCar_Tools/install/aslam_cameras:/home/orangepi/Desktop/SparkCar_ROS2_WS/SparkCar_Tools/install/sm_kinematics:/home/orangepi/Desktop/SparkCar_ROS2_WS/SparkCar_Tools/install/sm_eigen:/home/orangepi/Desktop/SparkCar_ROS2_WS/SparkCar_Tools/install/sm_random:/home/orangepi/Desktop/SparkCar_ROS2_WS/SparkCar_Tools/install/sm_property_tree:/home/orangepi/Desktop/SparkCar_ROS2_WS/SparkCar_Tools/install/sm_opencv:/home/orangepi/Desktop/SparkCar_ROS2_WS/SparkCar_Tools/install/sm_matrix_archive:/home/orangepi/Desktop/SparkCar_ROS2_WS/SparkCar_Tools/install/sm_logging:/home/orangepi/Desktop/SparkCar_ROS2_WS/SparkCar_Tools/install/sm_boost:/home/orangepi/Desktop/SparkCar_ROS2_WS/SparkCar_Tools/install/sm_common:/home/orangepi/Desktop/SparkCar_ROS2_WS/SparkCar_Tools/install/python_module:/home/orangepi/Desktop/SparkCar_ROS2_WS/SparkCar_Tools/install/numpy_eigen:/home/orangepi/Desktop/SparkCar_ROS2_WS/SparkCar_Tools/install/ethz_apriltag2:/home/orangepi/Desktop/SparkCar_ROS2_WS/SparkCar_Tools/install/aslam_time:/opt/ros/humble LD_LIBRARY_PATH=/home/orangepi/Desktop/SparkCar_ROS2_WS/SparkCar_Perception/install/realsense2_camera_msgs/lib:/home/orangepi/Desktop/SparkCar_ROS2_WS/SparkCar_Perception/install/realsense2_camera/lib:/home/orangepi/Desktop/SparkCar_ROS2_WS/SparkCar_Perception/install/camera_models/lib:/home/orangepi/Desktop/SparkCar_ROS2_WS/SparkCar_Tools/install/kalibr/lib:/home/orangepi/Desktop/SparkCar_ROS2_WS/SparkCar_Tools/install/incremental_calibration/lib:/home/orangepi/Desktop/SparkCar_ROS2_WS/SparkCar_Tools/install/aslam_cv_error_terms/lib:/home/orangepi/Desktop/SparkCar_ROS2_WS/SparkCar_Tools/install/aslam_cv_backend/lib:/home/orangepi/Desktop/SparkCar_ROS2_WS/SparkCar_Tools/install/aslam_splines/lib:/home/orangepi/Desktop/SparkCar_ROS2_WS/SparkCar_Tools/install/bsplines/lib:/home/orangepi/Desktop/SparkCar_ROS2_WS/SparkCar_Tools/install/aslam_backend_expressions/lib:/home/orangepi/Desktop/SparkCar_ROS2_WS/SparkCar_Tools/install/aslam_backend/lib:/home/orangepi/Desktop/SparkCar_ROS2_WS/SparkCar_Tools/install/sparse_block_matrix/lib:/home/orangepi/Desktop/SparkCar_ROS2_WS/SparkCar_Tools/install/aslam_cameras_april/lib:/home/orangepi/Desktop/SparkCar_ROS2_WS/SparkCar_Tools/install/sm_timing/lib:/home/orangepi/Desktop/SparkCar_ROS2_WS/SparkCar_Tools/install/aslam_imgproc/lib:/home/orangepi/Desktop/SparkCar_ROS2_WS/SparkCar_Tools/install/aslam_cv_serialization/lib:/home/orangepi/Desktop/SparkCar_ROS2_WS/SparkCar_Tools/install/aslam_cameras/lib:/home/orangepi/Desktop/SparkCar_ROS2_WS/SparkCar_Tools/install/sm_kinematics/lib:/home/orangepi/Desktop/SparkCar_ROS2_WS/SparkCar_Tools/install/sm_eigen/lib:/home/orangepi/Desktop/SparkCar_ROS2_WS/SparkCar_Tools/install/sm_random/lib:/home/orangepi/Desktop/SparkCar_ROS2_WS/SparkCar_Tools/install/sm_property_tree/lib:/home/orangepi/Desktop/SparkCar_ROS2_WS/SparkCar_Tools/install/sm_matrix_archive/lib:/home/orangepi/Desktop/SparkCar_ROS2_WS/SparkCar_Tools/install/sm_logging/lib:/home/orangepi/Desktop/SparkCar_ROS2_WS/SparkCar_Tools/install/sm_boost/lib:/home/orangepi/Desktop/SparkCar_ROS2_WS/SparkCar_Tools/install/sm_common/lib:/home/orangepi/Desktop/SparkCar_ROS2_WS/SparkCar_Tools/install/ethz_apriltag2/lib:/home/orangepi/Desktop/SparkCar_ROS2_WS/SparkCar_Tools/install/aslam_time/lib:/opt/ros/humble/opt/rviz_ogre_vendor/lib:/opt/ros/humble/lib/aarch64-linux-gnu:/opt/ros/humble/lib /usr/bin/cmake --install /home/orangepi/Desktop/SparkCar_ROS2_WS/SparkCar_Perception/build/realsense2_description
[1.913s] Level 1:colcon.colcon_core.environment:create_environment_scripts_only(realsense2_description)
[1.916s] Level 1:colcon.colcon_core.environment:checking '/home/orangepi/Desktop/SparkCar_ROS2_WS/SparkCar_Perception/install/realsense2_description' for CMake module files
[1.922s] Level 1:colcon.colcon_core.environment:checking '/home/orangepi/Desktop/SparkCar_ROS2_WS/SparkCar_Perception/install/realsense2_description' for CMake config files
[1.922s] Level 1:colcon.colcon_core.shell:create_environment_hook('realsense2_description', 'cmake_prefix_path')
[1.922s] INFO:colcon.colcon_core.shell:Creating environment hook '/home/orangepi/Desktop/SparkCar_ROS2_WS/SparkCar_Perception/install/realsense2_description/share/realsense2_description/hook/cmake_prefix_path.ps1'
[1.924s] DEBUG:colcon.colcon_core.event_handler.log_command:Invoked command in '/home/orangepi/Desktop/SparkCar_ROS2_WS/SparkCar_Perception/build/realsense2_description' returned '0': CMAKE_PREFIX_PATH=/home/orangepi/Desktop/SparkCar_ROS2_WS/SparkCar_Perception/install/realsense2_camera_msgs:/home/orangepi/Desktop/SparkCar_ROS2_WS/SparkCar_Perception/install/vins:/home/orangepi/Desktop/SparkCar_ROS2_WS/SparkCar_Perception/install/realsense2_description:/home/orangepi/Desktop/SparkCar_ROS2_WS/SparkCar_Perception/install/realsense2_camera:/home/orangepi/Desktop/SparkCar_ROS2_WS/SparkCar_Perception/install/loop_fusion:/home/orangepi/Desktop/SparkCar_ROS2_WS/SparkCar_Perception/install/global_fusion:/home/orangepi/Desktop/SparkCar_ROS2_WS/SparkCar_Perception/install/camera_models:/home/orangepi/Desktop/SparkCar_ROS2_WS/SparkCar_Controller/install/target_follower:/home/orangepi/Desktop/SparkCar_ROS2_WS/SparkCar_Tools/install/kalibr:/home/orangepi/Desktop/SparkCar_ROS2_WS/SparkCar_Tools/install/incremental_calibration_python:/home/orangepi/Desktop/SparkCar_ROS2_WS/SparkCar_Tools/install/incremental_calibration:/home/orangepi/Desktop/SparkCar_ROS2_WS/SparkCar_Tools/install/aslam_splines_python:/home/orangepi/Desktop/SparkCar_ROS2_WS/SparkCar_Tools/install/bsplines_python:/home/orangepi/Desktop/SparkCar_ROS2_WS/SparkCar_Tools/install/aslam_cv_backend_python:/home/orangepi/Desktop/SparkCar_ROS2_WS/SparkCar_Tools/install/aslam_cv_python:/home/orangepi/Desktop/SparkCar_ROS2_WS/SparkCar_Tools/install/aslam_cv_error_terms:/home/orangepi/Desktop/SparkCar_ROS2_WS/SparkCar_Tools/install/aslam_cv_backend:/home/orangepi/Desktop/SparkCar_ROS2_WS/SparkCar_Tools/install/aslam_splines:/home/orangepi/Desktop/SparkCar_ROS2_WS/SparkCar_Tools/install/bsplines:/home/orangepi/Desktop/SparkCar_ROS2_WS/SparkCar_Tools/install/aslam_backend_python:/home/orangepi/Desktop/SparkCar_ROS2_WS/SparkCar_Tools/install/aslam_backend_expressions:/home/orangepi/Desktop/SparkCar_ROS2_WS/SparkCar_Tools/install/aslam_backend:/home/orangepi/Desktop/SparkCar_ROS2_WS/SparkCar_Tools/install/sparse_block_matrix:/home/orangepi/Desktop/SparkCar_ROS2_WS/SparkCar_Tools/install/aslam_cameras_april:/home/orangepi/Desktop/SparkCar_ROS2_WS/SparkCar_Tools/install/sm_python:/home/orangepi/Desktop/SparkCar_ROS2_WS/SparkCar_Tools/install/sm_timing:/home/orangepi/Desktop/SparkCar_ROS2_WS/SparkCar_Tools/install/aslam_imgproc:/home/orangepi/Desktop/SparkCar_ROS2_WS/SparkCar_Tools/install/aslam_cv_serialization:/home/orangepi/Desktop/SparkCar_ROS2_WS/SparkCar_Tools/install/aslam_cameras:/home/orangepi/Desktop/SparkCar_ROS2_WS/SparkCar_Tools/install/sm_kinematics:/home/orangepi/Desktop/SparkCar_ROS2_WS/SparkCar_Tools/install/sm_eigen:/home/orangepi/Desktop/SparkCar_ROS2_WS/SparkCar_Tools/install/sm_random:/home/orangepi/Desktop/SparkCar_ROS2_WS/SparkCar_Tools/install/sm_property_tree:/home/orangepi/Desktop/SparkCar_ROS2_WS/SparkCar_Tools/install/sm_opencv:/home/orangepi/Desktop/SparkCar_ROS2_WS/SparkCar_Tools/install/sm_matrix_archive:/home/orangepi/Desktop/SparkCar_ROS2_WS/SparkCar_Tools/install/sm_logging:/home/orangepi/Desktop/SparkCar_ROS2_WS/SparkCar_Tools/install/sm_boost:/home/orangepi/Desktop/SparkCar_ROS2_WS/SparkCar_Tools/install/sm_common:/home/orangepi/Desktop/SparkCar_ROS2_WS/SparkCar_Tools/install/python_module:/home/orangepi/Desktop/SparkCar_ROS2_WS/SparkCar_Tools/install/numpy_eigen:/home/orangepi/Desktop/SparkCar_ROS2_WS/SparkCar_Tools/install/ethz_apriltag2:/home/orangepi/Desktop/SparkCar_ROS2_WS/SparkCar_Tools/install/aslam_time:/opt/ros/humble LD_LIBRARY_PATH=/home/orangepi/Desktop/SparkCar_ROS2_WS/SparkCar_Perception/install/realsense2_camera_msgs/lib:/home/orangepi/Desktop/SparkCar_ROS2_WS/SparkCar_Perception/install/realsense2_camera/lib:/home/orangepi/Desktop/SparkCar_ROS2_WS/SparkCar_Perception/install/camera_models/lib:/home/orangepi/Desktop/SparkCar_ROS2_WS/SparkCar_Tools/install/kalibr/lib:/home/orangepi/Desktop/SparkCar_ROS2_WS/SparkCar_Tools/install/incremental_calibration/lib:/home/orangepi/Desktop/SparkCar_ROS2_WS/SparkCar_Tools/install/aslam_cv_error_terms/lib:/home/orangepi/Desktop/SparkCar_ROS2_WS/SparkCar_Tools/install/aslam_cv_backend/lib:/home/orangepi/Desktop/SparkCar_ROS2_WS/SparkCar_Tools/install/aslam_splines/lib:/home/orangepi/Desktop/SparkCar_ROS2_WS/SparkCar_Tools/install/bsplines/lib:/home/orangepi/Desktop/SparkCar_ROS2_WS/SparkCar_Tools/install/aslam_backend_expressions/lib:/home/orangepi/Desktop/SparkCar_ROS2_WS/SparkCar_Tools/install/aslam_backend/lib:/home/orangepi/Desktop/SparkCar_ROS2_WS/SparkCar_Tools/install/sparse_block_matrix/lib:/home/orangepi/Desktop/SparkCar_ROS2_WS/SparkCar_Tools/install/aslam_cameras_april/lib:/home/orangepi/Desktop/SparkCar_ROS2_WS/SparkCar_Tools/install/sm_timing/lib:/home/orangepi/Desktop/SparkCar_ROS2_WS/SparkCar_Tools/install/aslam_imgproc/lib:/home/orangepi/Desktop/SparkCar_ROS2_WS/SparkCar_Tools/install/aslam_cv_serialization/lib:/home/orangepi/Desktop/SparkCar_ROS2_WS/SparkCar_Tools/install/aslam_cameras/lib:/home/orangepi/Desktop/SparkCar_ROS2_WS/SparkCar_Tools/install/sm_kinematics/lib:/home/orangepi/Desktop/SparkCar_ROS2_WS/SparkCar_Tools/install/sm_eigen/lib:/home/orangepi/Desktop/SparkCar_ROS2_WS/SparkCar_Tools/install/sm_random/lib:/home/orangepi/Desktop/SparkCar_ROS2_WS/SparkCar_Tools/install/sm_property_tree/lib:/home/orangepi/Desktop/SparkCar_ROS2_WS/SparkCar_Tools/install/sm_matrix_archive/lib:/home/orangepi/Desktop/SparkCar_ROS2_WS/SparkCar_Tools/install/sm_logging/lib:/home/orangepi/Desktop/SparkCar_ROS2_WS/SparkCar_Tools/install/sm_boost/lib:/home/orangepi/Desktop/SparkCar_ROS2_WS/SparkCar_Tools/install/sm_common/lib:/home/orangepi/Desktop/SparkCar_ROS2_WS/SparkCar_Tools/install/ethz_apriltag2/lib:/home/orangepi/Desktop/SparkCar_ROS2_WS/SparkCar_Tools/install/aslam_time/lib:/opt/ros/humble/opt/rviz_ogre_vendor/lib:/opt/ros/humble/lib/aarch64-linux-gnu:/opt/ros/humble/lib /usr/bin/cmake --install /home/orangepi/Desktop/SparkCar_ROS2_WS/SparkCar_Perception/build/realsense2_description
[1.925s] INFO:colcon.colcon_core.shell:Creating environment descriptor '/home/orangepi/Desktop/SparkCar_ROS2_WS/SparkCar_Perception/install/realsense2_description/share/realsense2_description/hook/cmake_prefix_path.dsv'
[1.927s] INFO:colcon.colcon_core.shell:Creating environment hook '/home/orangepi/Desktop/SparkCar_ROS2_WS/SparkCar_Perception/install/realsense2_description/share/realsense2_description/hook/cmake_prefix_path.sh'
[1.930s] Level 1:colcon.colcon_core.environment:checking '/home/orangepi/Desktop/SparkCar_ROS2_WS/SparkCar_Perception/install/realsense2_description/bin'
[1.930s] Level 1:colcon.colcon_core.environment:checking '/home/orangepi/Desktop/SparkCar_ROS2_WS/SparkCar_Perception/install/realsense2_description/lib/pkgconfig/realsense2_description.pc'
[1.931s] Level 1:colcon.colcon_core.environment:checking '/home/orangepi/Desktop/SparkCar_ROS2_WS/SparkCar_Perception/install/realsense2_description/lib/python3.10/site-packages'
[1.933s] Level 1:colcon.colcon_core.environment:checking '/home/orangepi/Desktop/SparkCar_ROS2_WS/SparkCar_Perception/install/realsense2_description/bin'
[1.935s] INFO:colcon.colcon_core.shell:Creating package script '/home/orangepi/Desktop/SparkCar_ROS2_WS/SparkCar_Perception/install/realsense2_description/share/realsense2_description/package.ps1'
[1.939s] INFO:colcon.colcon_core.shell:Creating package descriptor '/home/orangepi/Desktop/SparkCar_ROS2_WS/SparkCar_Perception/install/realsense2_description/share/realsense2_description/package.dsv'
[1.941s] INFO:colcon.colcon_core.shell:Creating package script '/home/orangepi/Desktop/SparkCar_ROS2_WS/SparkCar_Perception/install/realsense2_description/share/realsense2_description/package.sh'
[1.944s] INFO:colcon.colcon_core.shell:Creating package script '/home/orangepi/Desktop/SparkCar_ROS2_WS/SparkCar_Perception/install/realsense2_description/share/realsense2_description/package.bash'
[1.946s] INFO:colcon.colcon_core.shell:Creating package script '/home/orangepi/Desktop/SparkCar_ROS2_WS/SparkCar_Perception/install/realsense2_description/share/realsense2_description/package.zsh'
[1.948s] Level 1:colcon.colcon_core.environment:create_file_with_runtime_dependencies(/home/orangepi/Desktop/SparkCar_ROS2_WS/SparkCar_Perception/install/realsense2_description/share/colcon-core/packages/realsense2_description)
[1.951s] Level 1:colcon.colcon_core.environment:create_environment_scripts_only(realsense2_description)
[1.951s] Level 1:colcon.colcon_core.environment:checking '/home/orangepi/Desktop/SparkCar_ROS2_WS/SparkCar_Perception/install/realsense2_description' for CMake module files
[1.953s] Level 1:colcon.colcon_core.environment:checking '/home/orangepi/Desktop/SparkCar_ROS2_WS/SparkCar_Perception/install/realsense2_description' for CMake config files
[1.955s] Level 1:colcon.colcon_core.shell:create_environment_hook('realsense2_description', 'cmake_prefix_path')
[1.956s] INFO:colcon.colcon_core.shell:Creating environment hook '/home/orangepi/Desktop/SparkCar_ROS2_WS/SparkCar_Perception/install/realsense2_description/share/realsense2_description/hook/cmake_prefix_path.ps1'
[1.958s] INFO:colcon.colcon_core.shell:Creating environment descriptor '/home/orangepi/Desktop/SparkCar_ROS2_WS/SparkCar_Perception/install/realsense2_description/share/realsense2_description/hook/cmake_prefix_path.dsv'
[1.959s] INFO:colcon.colcon_core.shell:Creating environment hook '/home/orangepi/Desktop/SparkCar_ROS2_WS/SparkCar_Perception/install/realsense2_description/share/realsense2_description/hook/cmake_prefix_path.sh'
[1.960s] Level 1:colcon.colcon_core.environment:checking '/home/orangepi/Desktop/SparkCar_ROS2_WS/SparkCar_Perception/install/realsense2_description/bin'
[1.960s] Level 1:colcon.colcon_core.environment:checking '/home/orangepi/Desktop/SparkCar_ROS2_WS/SparkCar_Perception/install/realsense2_description/lib/pkgconfig/realsense2_description.pc'
[1.961s] Level 1:colcon.colcon_core.environment:checking '/home/orangepi/Desktop/SparkCar_ROS2_WS/SparkCar_Perception/install/realsense2_description/lib/python3.10/site-packages'
[1.961s] Level 1:colcon.colcon_core.environment:checking '/home/orangepi/Desktop/SparkCar_ROS2_WS/SparkCar_Perception/install/realsense2_description/bin'
[1.962s] INFO:colcon.colcon_core.shell:Creating package script '/home/orangepi/Desktop/SparkCar_ROS2_WS/SparkCar_Perception/install/realsense2_description/share/realsense2_description/package.ps1'
[1.963s] INFO:colcon.colcon_core.shell:Creating package descriptor '/home/orangepi/Desktop/SparkCar_ROS2_WS/SparkCar_Perception/install/realsense2_description/share/realsense2_description/package.dsv'
[1.964s] INFO:colcon.colcon_core.shell:Creating package script '/home/orangepi/Desktop/SparkCar_ROS2_WS/SparkCar_Perception/install/realsense2_description/share/realsense2_description/package.sh'
[1.965s] INFO:colcon.colcon_core.shell:Creating package script '/home/orangepi/Desktop/SparkCar_ROS2_WS/SparkCar_Perception/install/realsense2_description/share/realsense2_description/package.bash'
[1.967s] INFO:colcon.colcon_core.shell:Creating package script '/home/orangepi/Desktop/SparkCar_ROS2_WS/SparkCar_Perception/install/realsense2_description/share/realsense2_description/package.zsh'
[1.968s] Level 1:colcon.colcon_core.environment:create_file_with_runtime_dependencies(/home/orangepi/Desktop/SparkCar_ROS2_WS/SparkCar_Perception/install/realsense2_description/share/colcon-core/packages/realsense2_description)
[2.006s] DEBUG:colcon.colcon_core.event_handler.log_command:Invoked command in '/home/orangepi/Desktop/SparkCar_ROS2_WS/SparkCar_Perception/build/realsense2_camera' returned '0': CMAKE_PREFIX_PATH=/home/orangepi/Desktop/SparkCar_ROS2_WS/SparkCar_Perception/install/realsense2_camera_msgs:/home/orangepi/Desktop/SparkCar_ROS2_WS/SparkCar_Perception/install/vins:/home/orangepi/Desktop/SparkCar_ROS2_WS/SparkCar_Perception/install/realsense2_description:/home/orangepi/Desktop/SparkCar_ROS2_WS/SparkCar_Perception/install/realsense2_camera:/home/orangepi/Desktop/SparkCar_ROS2_WS/SparkCar_Perception/install/loop_fusion:/home/orangepi/Desktop/SparkCar_ROS2_WS/SparkCar_Perception/install/global_fusion:/home/orangepi/Desktop/SparkCar_ROS2_WS/SparkCar_Perception/install/camera_models:/home/orangepi/Desktop/SparkCar_ROS2_WS/SparkCar_Controller/install/target_follower:/home/orangepi/Desktop/SparkCar_ROS2_WS/SparkCar_Tools/install/kalibr:/home/orangepi/Desktop/SparkCar_ROS2_WS/SparkCar_Tools/install/incremental_calibration_python:/home/orangepi/Desktop/SparkCar_ROS2_WS/SparkCar_Tools/install/incremental_calibration:/home/orangepi/Desktop/SparkCar_ROS2_WS/SparkCar_Tools/install/aslam_splines_python:/home/orangepi/Desktop/SparkCar_ROS2_WS/SparkCar_Tools/install/bsplines_python:/home/orangepi/Desktop/SparkCar_ROS2_WS/SparkCar_Tools/install/aslam_cv_backend_python:/home/orangepi/Desktop/SparkCar_ROS2_WS/SparkCar_Tools/install/aslam_cv_python:/home/orangepi/Desktop/SparkCar_ROS2_WS/SparkCar_Tools/install/aslam_cv_error_terms:/home/orangepi/Desktop/SparkCar_ROS2_WS/SparkCar_Tools/install/aslam_cv_backend:/home/orangepi/Desktop/SparkCar_ROS2_WS/SparkCar_Tools/install/aslam_splines:/home/orangepi/Desktop/SparkCar_ROS2_WS/SparkCar_Tools/install/bsplines:/home/orangepi/Desktop/SparkCar_ROS2_WS/SparkCar_Tools/install/aslam_backend_python:/home/orangepi/Desktop/SparkCar_ROS2_WS/SparkCar_Tools/install/aslam_backend_expressions:/home/orangepi/Desktop/SparkCar_ROS2_WS/SparkCar_Tools/install/aslam_backend:/home/orangepi/Desktop/SparkCar_ROS2_WS/SparkCar_Tools/install/sparse_block_matrix:/home/orangepi/Desktop/SparkCar_ROS2_WS/SparkCar_Tools/install/aslam_cameras_april:/home/orangepi/Desktop/SparkCar_ROS2_WS/SparkCar_Tools/install/sm_python:/home/orangepi/Desktop/SparkCar_ROS2_WS/SparkCar_Tools/install/sm_timing:/home/orangepi/Desktop/SparkCar_ROS2_WS/SparkCar_Tools/install/aslam_imgproc:/home/orangepi/Desktop/SparkCar_ROS2_WS/SparkCar_Tools/install/aslam_cv_serialization:/home/orangepi/Desktop/SparkCar_ROS2_WS/SparkCar_Tools/install/aslam_cameras:/home/orangepi/Desktop/SparkCar_ROS2_WS/SparkCar_Tools/install/sm_kinematics:/home/orangepi/Desktop/SparkCar_ROS2_WS/SparkCar_Tools/install/sm_eigen:/home/orangepi/Desktop/SparkCar_ROS2_WS/SparkCar_Tools/install/sm_random:/home/orangepi/Desktop/SparkCar_ROS2_WS/SparkCar_Tools/install/sm_property_tree:/home/orangepi/Desktop/SparkCar_ROS2_WS/SparkCar_Tools/install/sm_opencv:/home/orangepi/Desktop/SparkCar_ROS2_WS/SparkCar_Tools/install/sm_matrix_archive:/home/orangepi/Desktop/SparkCar_ROS2_WS/SparkCar_Tools/install/sm_logging:/home/orangepi/Desktop/SparkCar_ROS2_WS/SparkCar_Tools/install/sm_boost:/home/orangepi/Desktop/SparkCar_ROS2_WS/SparkCar_Tools/install/sm_common:/home/orangepi/Desktop/SparkCar_ROS2_WS/SparkCar_Tools/install/python_module:/home/orangepi/Desktop/SparkCar_ROS2_WS/SparkCar_Tools/install/numpy_eigen:/home/orangepi/Desktop/SparkCar_ROS2_WS/SparkCar_Tools/install/ethz_apriltag2:/home/orangepi/Desktop/SparkCar_ROS2_WS/SparkCar_Tools/install/aslam_time:/opt/ros/humble LD_LIBRARY_PATH=/home/orangepi/Desktop/SparkCar_ROS2_WS/SparkCar_Perception/install/realsense2_camera_msgs/lib:/home/orangepi/Desktop/SparkCar_ROS2_WS/SparkCar_Perception/install/realsense2_camera/lib:/home/orangepi/Desktop/SparkCar_ROS2_WS/SparkCar_Perception/install/camera_models/lib:/home/orangepi/Desktop/SparkCar_ROS2_WS/SparkCar_Tools/install/kalibr/lib:/home/orangepi/Desktop/SparkCar_ROS2_WS/SparkCar_Tools/install/incremental_calibration/lib:/home/orangepi/Desktop/SparkCar_ROS2_WS/SparkCar_Tools/install/aslam_cv_error_terms/lib:/home/orangepi/Desktop/SparkCar_ROS2_WS/SparkCar_Tools/install/aslam_cv_backend/lib:/home/orangepi/Desktop/SparkCar_ROS2_WS/SparkCar_Tools/install/aslam_splines/lib:/home/orangepi/Desktop/SparkCar_ROS2_WS/SparkCar_Tools/install/bsplines/lib:/home/orangepi/Desktop/SparkCar_ROS2_WS/SparkCar_Tools/install/aslam_backend_expressions/lib:/home/orangepi/Desktop/SparkCar_ROS2_WS/SparkCar_Tools/install/aslam_backend/lib:/home/orangepi/Desktop/SparkCar_ROS2_WS/SparkCar_Tools/install/sparse_block_matrix/lib:/home/orangepi/Desktop/SparkCar_ROS2_WS/SparkCar_Tools/install/aslam_cameras_april/lib:/home/orangepi/Desktop/SparkCar_ROS2_WS/SparkCar_Tools/install/sm_timing/lib:/home/orangepi/Desktop/SparkCar_ROS2_WS/SparkCar_Tools/install/aslam_imgproc/lib:/home/orangepi/Desktop/SparkCar_ROS2_WS/SparkCar_Tools/install/aslam_cv_serialization/lib:/home/orangepi/Desktop/SparkCar_ROS2_WS/SparkCar_Tools/install/aslam_cameras/lib:/home/orangepi/Desktop/SparkCar_ROS2_WS/SparkCar_Tools/install/sm_kinematics/lib:/home/orangepi/Desktop/SparkCar_ROS2_WS/SparkCar_Tools/install/sm_eigen/lib:/home/orangepi/Desktop/SparkCar_ROS2_WS/SparkCar_Tools/install/sm_random/lib:/home/orangepi/Desktop/SparkCar_ROS2_WS/SparkCar_Tools/install/sm_property_tree/lib:/home/orangepi/Desktop/SparkCar_ROS2_WS/SparkCar_Tools/install/sm_matrix_archive/lib:/home/orangepi/Desktop/SparkCar_ROS2_WS/SparkCar_Tools/install/sm_logging/lib:/home/orangepi/Desktop/SparkCar_ROS2_WS/SparkCar_Tools/install/sm_boost/lib:/home/orangepi/Desktop/SparkCar_ROS2_WS/SparkCar_Tools/install/sm_common/lib:/home/orangepi/Desktop/SparkCar_ROS2_WS/SparkCar_Tools/install/ethz_apriltag2/lib:/home/orangepi/Desktop/SparkCar_ROS2_WS/SparkCar_Tools/install/aslam_time/lib:/opt/ros/humble/opt/rviz_ogre_vendor/lib:/opt/ros/humble/lib/aarch64-linux-gnu:/opt/ros/humble/lib /usr/bin/cmake --build /home/orangepi/Desktop/SparkCar_ROS2_WS/SparkCar_Perception/build/realsense2_camera -- -j8 -l8
[2.011s] DEBUG:colcon.colcon_core.event_handler.log_command:Invoking command in '/home/orangepi/Desktop/SparkCar_ROS2_WS/SparkCar_Perception/build/realsense2_camera': CMAKE_PREFIX_PATH=/home/orangepi/Desktop/SparkCar_ROS2_WS/SparkCar_Perception/install/realsense2_camera_msgs:/home/orangepi/Desktop/SparkCar_ROS2_WS/SparkCar_Perception/install/vins:/home/orangepi/Desktop/SparkCar_ROS2_WS/SparkCar_Perception/install/realsense2_description:/home/orangepi/Desktop/SparkCar_ROS2_WS/SparkCar_Perception/install/realsense2_camera:/home/orangepi/Desktop/SparkCar_ROS2_WS/SparkCar_Perception/install/loop_fusion:/home/orangepi/Desktop/SparkCar_ROS2_WS/SparkCar_Perception/install/global_fusion:/home/orangepi/Desktop/SparkCar_ROS2_WS/SparkCar_Perception/install/camera_models:/home/orangepi/Desktop/SparkCar_ROS2_WS/SparkCar_Controller/install/target_follower:/home/orangepi/Desktop/SparkCar_ROS2_WS/SparkCar_Tools/install/kalibr:/home/orangepi/Desktop/SparkCar_ROS2_WS/SparkCar_Tools/install/incremental_calibration_python:/home/orangepi/Desktop/SparkCar_ROS2_WS/SparkCar_Tools/install/incremental_calibration:/home/orangepi/Desktop/SparkCar_ROS2_WS/SparkCar_Tools/install/aslam_splines_python:/home/orangepi/Desktop/SparkCar_ROS2_WS/SparkCar_Tools/install/bsplines_python:/home/orangepi/Desktop/SparkCar_ROS2_WS/SparkCar_Tools/install/aslam_cv_backend_python:/home/orangepi/Desktop/SparkCar_ROS2_WS/SparkCar_Tools/install/aslam_cv_python:/home/orangepi/Desktop/SparkCar_ROS2_WS/SparkCar_Tools/install/aslam_cv_error_terms:/home/orangepi/Desktop/SparkCar_ROS2_WS/SparkCar_Tools/install/aslam_cv_backend:/home/orangepi/Desktop/SparkCar_ROS2_WS/SparkCar_Tools/install/aslam_splines:/home/orangepi/Desktop/SparkCar_ROS2_WS/SparkCar_Tools/install/bsplines:/home/orangepi/Desktop/SparkCar_ROS2_WS/SparkCar_Tools/install/aslam_backend_python:/home/orangepi/Desktop/SparkCar_ROS2_WS/SparkCar_Tools/install/aslam_backend_expressions:/home/orangepi/Desktop/SparkCar_ROS2_WS/SparkCar_Tools/install/aslam_backend:/home/orangepi/Desktop/SparkCar_ROS2_WS/SparkCar_Tools/install/sparse_block_matrix:/home/orangepi/Desktop/SparkCar_ROS2_WS/SparkCar_Tools/install/aslam_cameras_april:/home/orangepi/Desktop/SparkCar_ROS2_WS/SparkCar_Tools/install/sm_python:/home/orangepi/Desktop/SparkCar_ROS2_WS/SparkCar_Tools/install/sm_timing:/home/orangepi/Desktop/SparkCar_ROS2_WS/SparkCar_Tools/install/aslam_imgproc:/home/orangepi/Desktop/SparkCar_ROS2_WS/SparkCar_Tools/install/aslam_cv_serialization:/home/orangepi/Desktop/SparkCar_ROS2_WS/SparkCar_Tools/install/aslam_cameras:/home/orangepi/Desktop/SparkCar_ROS2_WS/SparkCar_Tools/install/sm_kinematics:/home/orangepi/Desktop/SparkCar_ROS2_WS/SparkCar_Tools/install/sm_eigen:/home/orangepi/Desktop/SparkCar_ROS2_WS/SparkCar_Tools/install/sm_random:/home/orangepi/Desktop/SparkCar_ROS2_WS/SparkCar_Tools/install/sm_property_tree:/home/orangepi/Desktop/SparkCar_ROS2_WS/SparkCar_Tools/install/sm_opencv:/home/orangepi/Desktop/SparkCar_ROS2_WS/SparkCar_Tools/install/sm_matrix_archive:/home/orangepi/Desktop/SparkCar_ROS2_WS/SparkCar_Tools/install/sm_logging:/home/orangepi/Desktop/SparkCar_ROS2_WS/SparkCar_Tools/install/sm_boost:/home/orangepi/Desktop/SparkCar_ROS2_WS/SparkCar_Tools/install/sm_common:/home/orangepi/Desktop/SparkCar_ROS2_WS/SparkCar_Tools/install/python_module:/home/orangepi/Desktop/SparkCar_ROS2_WS/SparkCar_Tools/install/numpy_eigen:/home/orangepi/Desktop/SparkCar_ROS2_WS/SparkCar_Tools/install/ethz_apriltag2:/home/orangepi/Desktop/SparkCar_ROS2_WS/SparkCar_Tools/install/aslam_time:/opt/ros/humble LD_LIBRARY_PATH=/home/orangepi/Desktop/SparkCar_ROS2_WS/SparkCar_Perception/install/realsense2_camera_msgs/lib:/home/orangepi/Desktop/SparkCar_ROS2_WS/SparkCar_Perception/install/realsense2_camera/lib:/home/orangepi/Desktop/SparkCar_ROS2_WS/SparkCar_Perception/install/camera_models/lib:/home/orangepi/Desktop/SparkCar_ROS2_WS/SparkCar_Tools/install/kalibr/lib:/home/orangepi/Desktop/SparkCar_ROS2_WS/SparkCar_Tools/install/incremental_calibration/lib:/home/orangepi/Desktop/SparkCar_ROS2_WS/SparkCar_Tools/install/aslam_cv_error_terms/lib:/home/orangepi/Desktop/SparkCar_ROS2_WS/SparkCar_Tools/install/aslam_cv_backend/lib:/home/orangepi/Desktop/SparkCar_ROS2_WS/SparkCar_Tools/install/aslam_splines/lib:/home/orangepi/Desktop/SparkCar_ROS2_WS/SparkCar_Tools/install/bsplines/lib:/home/orangepi/Desktop/SparkCar_ROS2_WS/SparkCar_Tools/install/aslam_backend_expressions/lib:/home/orangepi/Desktop/SparkCar_ROS2_WS/SparkCar_Tools/install/aslam_backend/lib:/home/orangepi/Desktop/SparkCar_ROS2_WS/SparkCar_Tools/install/sparse_block_matrix/lib:/home/orangepi/Desktop/SparkCar_ROS2_WS/SparkCar_Tools/install/aslam_cameras_april/lib:/home/orangepi/Desktop/SparkCar_ROS2_WS/SparkCar_Tools/install/sm_timing/lib:/home/orangepi/Desktop/SparkCar_ROS2_WS/SparkCar_Tools/install/aslam_imgproc/lib:/home/orangepi/Desktop/SparkCar_ROS2_WS/SparkCar_Tools/install/aslam_cv_serialization/lib:/home/orangepi/Desktop/SparkCar_ROS2_WS/SparkCar_Tools/install/aslam_cameras/lib:/home/orangepi/Desktop/SparkCar_ROS2_WS/SparkCar_Tools/install/sm_kinematics/lib:/home/orangepi/Desktop/SparkCar_ROS2_WS/SparkCar_Tools/install/sm_eigen/lib:/home/orangepi/Desktop/SparkCar_ROS2_WS/SparkCar_Tools/install/sm_random/lib:/home/orangepi/Desktop/SparkCar_ROS2_WS/SparkCar_Tools/install/sm_property_tree/lib:/home/orangepi/Desktop/SparkCar_ROS2_WS/SparkCar_Tools/install/sm_matrix_archive/lib:/home/orangepi/Desktop/SparkCar_ROS2_WS/SparkCar_Tools/install/sm_logging/lib:/home/orangepi/Desktop/SparkCar_ROS2_WS/SparkCar_Tools/install/sm_boost/lib:/home/orangepi/Desktop/SparkCar_ROS2_WS/SparkCar_Tools/install/sm_common/lib:/home/orangepi/Desktop/SparkCar_ROS2_WS/SparkCar_Tools/install/ethz_apriltag2/lib:/home/orangepi/Desktop/SparkCar_ROS2_WS/SparkCar_Tools/install/aslam_time/lib:/opt/ros/humble/opt/rviz_ogre_vendor/lib:/opt/ros/humble/lib/aarch64-linux-gnu:/opt/ros/humble/lib /usr/bin/cmake --install /home/orangepi/Desktop/SparkCar_ROS2_WS/SparkCar_Perception/build/realsense2_camera
[2.058s] Level 1:colcon.colcon_core.environment:create_environment_scripts_only(realsense2_camera)
[2.059s] Level 1:colcon.colcon_core.environment:checking '/home/orangepi/Desktop/SparkCar_ROS2_WS/SparkCar_Perception/install/realsense2_camera' for CMake module files
[2.064s] Level 1:colcon.colcon_core.environment:checking '/home/orangepi/Desktop/SparkCar_ROS2_WS/SparkCar_Perception/install/realsense2_camera' for CMake config files
[2.067s] Level 1:colcon.colcon_core.shell:create_environment_hook('realsense2_camera', 'cmake_prefix_path')
[2.069s] INFO:colcon.colcon_core.shell:Creating environment hook '/home/orangepi/Desktop/SparkCar_ROS2_WS/SparkCar_Perception/install/realsense2_camera/share/realsense2_camera/hook/cmake_prefix_path.ps1'
[2.073s] INFO:colcon.colcon_core.shell:Creating environment descriptor '/home/orangepi/Desktop/SparkCar_ROS2_WS/SparkCar_Perception/install/realsense2_camera/share/realsense2_camera/hook/cmake_prefix_path.dsv'
[2.076s] DEBUG:colcon.colcon_core.event_handler.log_command:Invoked command in '/home/orangepi/Desktop/SparkCar_ROS2_WS/SparkCar_Perception/build/realsense2_camera' returned '0': CMAKE_PREFIX_PATH=/home/orangepi/Desktop/SparkCar_ROS2_WS/SparkCar_Perception/install/realsense2_camera_msgs:/home/orangepi/Desktop/SparkCar_ROS2_WS/SparkCar_Perception/install/vins:/home/orangepi/Desktop/SparkCar_ROS2_WS/SparkCar_Perception/install/realsense2_description:/home/orangepi/Desktop/SparkCar_ROS2_WS/SparkCar_Perception/install/realsense2_camera:/home/orangepi/Desktop/SparkCar_ROS2_WS/SparkCar_Perception/install/loop_fusion:/home/orangepi/Desktop/SparkCar_ROS2_WS/SparkCar_Perception/install/global_fusion:/home/orangepi/Desktop/SparkCar_ROS2_WS/SparkCar_Perception/install/camera_models:/home/orangepi/Desktop/SparkCar_ROS2_WS/SparkCar_Controller/install/target_follower:/home/orangepi/Desktop/SparkCar_ROS2_WS/SparkCar_Tools/install/kalibr:/home/orangepi/Desktop/SparkCar_ROS2_WS/SparkCar_Tools/install/incremental_calibration_python:/home/orangepi/Desktop/SparkCar_ROS2_WS/SparkCar_Tools/install/incremental_calibration:/home/orangepi/Desktop/SparkCar_ROS2_WS/SparkCar_Tools/install/aslam_splines_python:/home/orangepi/Desktop/SparkCar_ROS2_WS/SparkCar_Tools/install/bsplines_python:/home/orangepi/Desktop/SparkCar_ROS2_WS/SparkCar_Tools/install/aslam_cv_backend_python:/home/orangepi/Desktop/SparkCar_ROS2_WS/SparkCar_Tools/install/aslam_cv_python:/home/orangepi/Desktop/SparkCar_ROS2_WS/SparkCar_Tools/install/aslam_cv_error_terms:/home/orangepi/Desktop/SparkCar_ROS2_WS/SparkCar_Tools/install/aslam_cv_backend:/home/orangepi/Desktop/SparkCar_ROS2_WS/SparkCar_Tools/install/aslam_splines:/home/orangepi/Desktop/SparkCar_ROS2_WS/SparkCar_Tools/install/bsplines:/home/orangepi/Desktop/SparkCar_ROS2_WS/SparkCar_Tools/install/aslam_backend_python:/home/orangepi/Desktop/SparkCar_ROS2_WS/SparkCar_Tools/install/aslam_backend_expressions:/home/orangepi/Desktop/SparkCar_ROS2_WS/SparkCar_Tools/install/aslam_backend:/home/orangepi/Desktop/SparkCar_ROS2_WS/SparkCar_Tools/install/sparse_block_matrix:/home/orangepi/Desktop/SparkCar_ROS2_WS/SparkCar_Tools/install/aslam_cameras_april:/home/orangepi/Desktop/SparkCar_ROS2_WS/SparkCar_Tools/install/sm_python:/home/orangepi/Desktop/SparkCar_ROS2_WS/SparkCar_Tools/install/sm_timing:/home/orangepi/Desktop/SparkCar_ROS2_WS/SparkCar_Tools/install/aslam_imgproc:/home/orangepi/Desktop/SparkCar_ROS2_WS/SparkCar_Tools/install/aslam_cv_serialization:/home/orangepi/Desktop/SparkCar_ROS2_WS/SparkCar_Tools/install/aslam_cameras:/home/orangepi/Desktop/SparkCar_ROS2_WS/SparkCar_Tools/install/sm_kinematics:/home/orangepi/Desktop/SparkCar_ROS2_WS/SparkCar_Tools/install/sm_eigen:/home/orangepi/Desktop/SparkCar_ROS2_WS/SparkCar_Tools/install/sm_random:/home/orangepi/Desktop/SparkCar_ROS2_WS/SparkCar_Tools/install/sm_property_tree:/home/orangepi/Desktop/SparkCar_ROS2_WS/SparkCar_Tools/install/sm_opencv:/home/orangepi/Desktop/SparkCar_ROS2_WS/SparkCar_Tools/install/sm_matrix_archive:/home/orangepi/Desktop/SparkCar_ROS2_WS/SparkCar_Tools/install/sm_logging:/home/orangepi/Desktop/SparkCar_ROS2_WS/SparkCar_Tools/install/sm_boost:/home/orangepi/Desktop/SparkCar_ROS2_WS/SparkCar_Tools/install/sm_common:/home/orangepi/Desktop/SparkCar_ROS2_WS/SparkCar_Tools/install/python_module:/home/orangepi/Desktop/SparkCar_ROS2_WS/SparkCar_Tools/install/numpy_eigen:/home/orangepi/Desktop/SparkCar_ROS2_WS/SparkCar_Tools/install/ethz_apriltag2:/home/orangepi/Desktop/SparkCar_ROS2_WS/SparkCar_Tools/install/aslam_time:/opt/ros/humble LD_LIBRARY_PATH=/home/orangepi/Desktop/SparkCar_ROS2_WS/SparkCar_Perception/install/realsense2_camera_msgs/lib:/home/orangepi/Desktop/SparkCar_ROS2_WS/SparkCar_Perception/install/realsense2_camera/lib:/home/orangepi/Desktop/SparkCar_ROS2_WS/SparkCar_Perception/install/camera_models/lib:/home/orangepi/Desktop/SparkCar_ROS2_WS/SparkCar_Tools/install/kalibr/lib:/home/orangepi/Desktop/SparkCar_ROS2_WS/SparkCar_Tools/install/incremental_calibration/lib:/home/orangepi/Desktop/SparkCar_ROS2_WS/SparkCar_Tools/install/aslam_cv_error_terms/lib:/home/orangepi/Desktop/SparkCar_ROS2_WS/SparkCar_Tools/install/aslam_cv_backend/lib:/home/orangepi/Desktop/SparkCar_ROS2_WS/SparkCar_Tools/install/aslam_splines/lib:/home/orangepi/Desktop/SparkCar_ROS2_WS/SparkCar_Tools/install/bsplines/lib:/home/orangepi/Desktop/SparkCar_ROS2_WS/SparkCar_Tools/install/aslam_backend_expressions/lib:/home/orangepi/Desktop/SparkCar_ROS2_WS/SparkCar_Tools/install/aslam_backend/lib:/home/orangepi/Desktop/SparkCar_ROS2_WS/SparkCar_Tools/install/sparse_block_matrix/lib:/home/orangepi/Desktop/SparkCar_ROS2_WS/SparkCar_Tools/install/aslam_cameras_april/lib:/home/orangepi/Desktop/SparkCar_ROS2_WS/SparkCar_Tools/install/sm_timing/lib:/home/orangepi/Desktop/SparkCar_ROS2_WS/SparkCar_Tools/install/aslam_imgproc/lib:/home/orangepi/Desktop/SparkCar_ROS2_WS/SparkCar_Tools/install/aslam_cv_serialization/lib:/home/orangepi/Desktop/SparkCar_ROS2_WS/SparkCar_Tools/install/aslam_cameras/lib:/home/orangepi/Desktop/SparkCar_ROS2_WS/SparkCar_Tools/install/sm_kinematics/lib:/home/orangepi/Desktop/SparkCar_ROS2_WS/SparkCar_Tools/install/sm_eigen/lib:/home/orangepi/Desktop/SparkCar_ROS2_WS/SparkCar_Tools/install/sm_random/lib:/home/orangepi/Desktop/SparkCar_ROS2_WS/SparkCar_Tools/install/sm_property_tree/lib:/home/orangepi/Desktop/SparkCar_ROS2_WS/SparkCar_Tools/install/sm_matrix_archive/lib:/home/orangepi/Desktop/SparkCar_ROS2_WS/SparkCar_Tools/install/sm_logging/lib:/home/orangepi/Desktop/SparkCar_ROS2_WS/SparkCar_Tools/install/sm_boost/lib:/home/orangepi/Desktop/SparkCar_ROS2_WS/SparkCar_Tools/install/sm_common/lib:/home/orangepi/Desktop/SparkCar_ROS2_WS/SparkCar_Tools/install/ethz_apriltag2/lib:/home/orangepi/Desktop/SparkCar_ROS2_WS/SparkCar_Tools/install/aslam_time/lib:/opt/ros/humble/opt/rviz_ogre_vendor/lib:/opt/ros/humble/lib/aarch64-linux-gnu:/opt/ros/humble/lib /usr/bin/cmake --install /home/orangepi/Desktop/SparkCar_ROS2_WS/SparkCar_Perception/build/realsense2_camera
[2.077s] INFO:colcon.colcon_core.shell:Creating environment hook '/home/orangepi/Desktop/SparkCar_ROS2_WS/SparkCar_Perception/install/realsense2_camera/share/realsense2_camera/hook/cmake_prefix_path.sh'
[2.080s] Level 1:colcon.colcon_core.environment:checking '/home/orangepi/Desktop/SparkCar_ROS2_WS/SparkCar_Perception/install/realsense2_camera/lib'
[2.080s] Level 1:colcon.colcon_core.shell:create_environment_hook('realsense2_camera', 'ld_library_path_lib')
[2.081s] INFO:colcon.colcon_core.shell:Creating environment hook '/home/orangepi/Desktop/SparkCar_ROS2_WS/SparkCar_Perception/install/realsense2_camera/share/realsense2_camera/hook/ld_library_path_lib.ps1'
[2.083s] INFO:colcon.colcon_core.shell:Creating environment descriptor '/home/orangepi/Desktop/SparkCar_ROS2_WS/SparkCar_Perception/install/realsense2_camera/share/realsense2_camera/hook/ld_library_path_lib.dsv'
[2.084s] INFO:colcon.colcon_core.shell:Creating environment hook '/home/orangepi/Desktop/SparkCar_ROS2_WS/SparkCar_Perception/install/realsense2_camera/share/realsense2_camera/hook/ld_library_path_lib.sh'
[2.086s] Level 1:colcon.colcon_core.environment:checking '/home/orangepi/Desktop/SparkCar_ROS2_WS/SparkCar_Perception/install/realsense2_camera/bin'
[2.087s] Level 1:colcon.colcon_core.environment:checking '/home/orangepi/Desktop/SparkCar_ROS2_WS/SparkCar_Perception/install/realsense2_camera/lib/pkgconfig/realsense2_camera.pc'
[2.088s] Level 1:colcon.colcon_core.environment:checking '/home/orangepi/Desktop/SparkCar_ROS2_WS/SparkCar_Perception/install/realsense2_camera/lib/python3.10/site-packages'
[2.090s] Level 1:colcon.colcon_core.environment:checking '/home/orangepi/Desktop/SparkCar_ROS2_WS/SparkCar_Perception/install/realsense2_camera/bin'
[2.092s] INFO:colcon.colcon_core.shell:Creating package script '/home/orangepi/Desktop/SparkCar_ROS2_WS/SparkCar_Perception/install/realsense2_camera/share/realsense2_camera/package.ps1'
[2.095s] INFO:colcon.colcon_core.shell:Creating package descriptor '/home/orangepi/Desktop/SparkCar_ROS2_WS/SparkCar_Perception/install/realsense2_camera/share/realsense2_camera/package.dsv'
[2.097s] INFO:colcon.colcon_core.shell:Creating package script '/home/orangepi/Desktop/SparkCar_ROS2_WS/SparkCar_Perception/install/realsense2_camera/share/realsense2_camera/package.sh'
[2.099s] INFO:colcon.colcon_core.shell:Creating package script '/home/orangepi/Desktop/SparkCar_ROS2_WS/SparkCar_Perception/install/realsense2_camera/share/realsense2_camera/package.bash'
[2.101s] INFO:colcon.colcon_core.shell:Creating package script '/home/orangepi/Desktop/SparkCar_ROS2_WS/SparkCar_Perception/install/realsense2_camera/share/realsense2_camera/package.zsh'
[2.102s] Level 1:colcon.colcon_core.environment:create_file_with_runtime_dependencies(/home/orangepi/Desktop/SparkCar_ROS2_WS/SparkCar_Perception/install/realsense2_camera/share/colcon-core/packages/realsense2_camera)
[2.105s] Level 1:colcon.colcon_core.environment:create_environment_scripts_only(realsense2_camera)
[2.106s] Level 1:colcon.colcon_core.environment:checking '/home/orangepi/Desktop/SparkCar_ROS2_WS/SparkCar_Perception/install/realsense2_camera' for CMake module files
[2.108s] Level 1:colcon.colcon_core.environment:checking '/home/orangepi/Desktop/SparkCar_ROS2_WS/SparkCar_Perception/install/realsense2_camera' for CMake config files
[2.109s] Level 1:colcon.colcon_core.shell:create_environment_hook('realsense2_camera', 'cmake_prefix_path')
[2.110s] INFO:colcon.colcon_core.shell:Creating environment hook '/home/orangepi/Desktop/SparkCar_ROS2_WS/SparkCar_Perception/install/realsense2_camera/share/realsense2_camera/hook/cmake_prefix_path.ps1'
[2.112s] INFO:colcon.colcon_core.shell:Creating environment descriptor '/home/orangepi/Desktop/SparkCar_ROS2_WS/SparkCar_Perception/install/realsense2_camera/share/realsense2_camera/hook/cmake_prefix_path.dsv'
[2.114s] INFO:colcon.colcon_core.shell:Creating environment hook '/home/orangepi/Desktop/SparkCar_ROS2_WS/SparkCar_Perception/install/realsense2_camera/share/realsense2_camera/hook/cmake_prefix_path.sh'
[2.117s] Level 1:colcon.colcon_core.environment:checking '/home/orangepi/Desktop/SparkCar_ROS2_WS/SparkCar_Perception/install/realsense2_camera/lib'
[2.117s] Level 1:colcon.colcon_core.shell:create_environment_hook('realsense2_camera', 'ld_library_path_lib')
[2.118s] INFO:colcon.colcon_core.shell:Creating environment hook '/home/orangepi/Desktop/SparkCar_ROS2_WS/SparkCar_Perception/install/realsense2_camera/share/realsense2_camera/hook/ld_library_path_lib.ps1'
[2.120s] INFO:colcon.colcon_core.shell:Creating environment descriptor '/home/orangepi/Desktop/SparkCar_ROS2_WS/SparkCar_Perception/install/realsense2_camera/share/realsense2_camera/hook/ld_library_path_lib.dsv'
[2.121s] INFO:colcon.colcon_core.shell:Creating environment hook '/home/orangepi/Desktop/SparkCar_ROS2_WS/SparkCar_Perception/install/realsense2_camera/share/realsense2_camera/hook/ld_library_path_lib.sh'
[2.123s] Level 1:colcon.colcon_core.environment:checking '/home/orangepi/Desktop/SparkCar_ROS2_WS/SparkCar_Perception/install/realsense2_camera/bin'
[2.124s] Level 1:colcon.colcon_core.environment:checking '/home/orangepi/Desktop/SparkCar_ROS2_WS/SparkCar_Perception/install/realsense2_camera/lib/pkgconfig/realsense2_camera.pc'
[2.125s] Level 1:colcon.colcon_core.environment:checking '/home/orangepi/Desktop/SparkCar_ROS2_WS/SparkCar_Perception/install/realsense2_camera/lib/python3.10/site-packages'
[2.126s] Level 1:colcon.colcon_core.environment:checking '/home/orangepi/Desktop/SparkCar_ROS2_WS/SparkCar_Perception/install/realsense2_camera/bin'
[2.128s] INFO:colcon.colcon_core.shell:Creating package script '/home/orangepi/Desktop/SparkCar_ROS2_WS/SparkCar_Perception/install/realsense2_camera/share/realsense2_camera/package.ps1'
[2.132s] INFO:colcon.colcon_core.shell:Creating package descriptor '/home/orangepi/Desktop/SparkCar_ROS2_WS/SparkCar_Perception/install/realsense2_camera/share/realsense2_camera/package.dsv'
[2.136s] INFO:colcon.colcon_core.shell:Creating package script '/home/orangepi/Desktop/SparkCar_ROS2_WS/SparkCar_Perception/install/realsense2_camera/share/realsense2_camera/package.sh'
[2.139s] INFO:colcon.colcon_core.shell:Creating package script '/home/orangepi/Desktop/SparkCar_ROS2_WS/SparkCar_Perception/install/realsense2_camera/share/realsense2_camera/package.bash'
[2.142s] INFO:colcon.colcon_core.shell:Creating package script '/home/orangepi/Desktop/SparkCar_ROS2_WS/SparkCar_Perception/install/realsense2_camera/share/realsense2_camera/package.zsh'
[2.144s] Level 1:colcon.colcon_core.environment:create_file_with_runtime_dependencies(/home/orangepi/Desktop/SparkCar_ROS2_WS/SparkCar_Perception/install/realsense2_camera/share/colcon-core/packages/realsense2_camera)
[18.961s] DEBUG:colcon.colcon_core.event_handler.log_command:Invoked command in '/home/orangepi/Desktop/SparkCar_ROS2_WS/SparkCar_Perception/build/vision_to_mavros' returned '0': CMAKE_PREFIX_PATH=${CMAKE_PREFIX_PATH}:/opt/ros/humble /usr/bin/cmake --build /home/orangepi/Desktop/SparkCar_ROS2_WS/SparkCar_Perception/build/vision_to_mavros -- -j8 -l8
[18.967s] DEBUG:colcon.colcon_core.event_handler.log_command:Invoking command in '/home/orangepi/Desktop/SparkCar_ROS2_WS/SparkCar_Perception/build/vision_to_mavros': CMAKE_PREFIX_PATH=${CMAKE_PREFIX_PATH}:/opt/ros/humble /usr/bin/cmake --install /home/orangepi/Desktop/SparkCar_ROS2_WS/SparkCar_Perception/build/vision_to_mavros
[19.003s] Level 1:colcon.colcon_core.environment:create_environment_scripts_only(vision_to_mavros)
[19.005s] Level 1:colcon.colcon_core.environment:checking '/home/orangepi/Desktop/SparkCar_ROS2_WS/SparkCar_Perception/install/vision_to_mavros' for CMake module files
[19.007s] DEBUG:colcon.colcon_core.event_handler.log_command:Invoked command in '/home/orangepi/Desktop/SparkCar_ROS2_WS/SparkCar_Perception/build/vision_to_mavros' returned '0': CMAKE_PREFIX_PATH=${CMAKE_PREFIX_PATH}:/opt/ros/humble /usr/bin/cmake --install /home/orangepi/Desktop/SparkCar_ROS2_WS/SparkCar_Perception/build/vision_to_mavros
[19.008s] Level 1:colcon.colcon_core.environment:checking '/home/orangepi/Desktop/SparkCar_ROS2_WS/SparkCar_Perception/install/vision_to_mavros' for CMake config files
[19.008s] Level 1:colcon.colcon_core.shell:create_environment_hook('vision_to_mavros', 'cmake_prefix_path')
[19.008s] INFO:colcon.colcon_core.shell:Creating environment hook '/home/orangepi/Desktop/SparkCar_ROS2_WS/SparkCar_Perception/install/vision_to_mavros/share/vision_to_mavros/hook/cmake_prefix_path.ps1'
[19.009s] INFO:colcon.colcon_core.shell:Creating environment descriptor '/home/orangepi/Desktop/SparkCar_ROS2_WS/SparkCar_Perception/install/vision_to_mavros/share/vision_to_mavros/hook/cmake_prefix_path.dsv'
[19.010s] INFO:colcon.colcon_core.shell:Creating environment hook '/home/orangepi/Desktop/SparkCar_ROS2_WS/SparkCar_Perception/install/vision_to_mavros/share/vision_to_mavros/hook/cmake_prefix_path.sh'
[19.011s] Level 1:colcon.colcon_core.environment:checking '/home/orangepi/Desktop/SparkCar_ROS2_WS/SparkCar_Perception/install/vision_to_mavros/lib'
[19.011s] Level 1:colcon.colcon_core.environment:checking '/home/orangepi/Desktop/SparkCar_ROS2_WS/SparkCar_Perception/install/vision_to_mavros/bin'
[19.012s] Level 1:colcon.colcon_core.environment:checking '/home/orangepi/Desktop/SparkCar_ROS2_WS/SparkCar_Perception/install/vision_to_mavros/lib/pkgconfig/vision_to_mavros.pc'
[19.012s] Level 1:colcon.colcon_core.environment:checking '/home/orangepi/Desktop/SparkCar_ROS2_WS/SparkCar_Perception/install/vision_to_mavros/lib/python3.10/site-packages'
[19.013s] Level 1:colcon.colcon_core.environment:checking '/home/orangepi/Desktop/SparkCar_ROS2_WS/SparkCar_Perception/install/vision_to_mavros/bin'
[19.013s] INFO:colcon.colcon_core.shell:Creating package script '/home/orangepi/Desktop/SparkCar_ROS2_WS/SparkCar_Perception/install/vision_to_mavros/share/vision_to_mavros/package.ps1'
[19.015s] INFO:colcon.colcon_core.shell:Creating package descriptor '/home/orangepi/Desktop/SparkCar_ROS2_WS/SparkCar_Perception/install/vision_to_mavros/share/vision_to_mavros/package.dsv'
[19.016s] INFO:colcon.colcon_core.shell:Creating package script '/home/orangepi/Desktop/SparkCar_ROS2_WS/SparkCar_Perception/install/vision_to_mavros/share/vision_to_mavros/package.sh'
[19.016s] INFO:colcon.colcon_core.shell:Creating package script '/home/orangepi/Desktop/SparkCar_ROS2_WS/SparkCar_Perception/install/vision_to_mavros/share/vision_to_mavros/package.bash'
[19.017s] INFO:colcon.colcon_core.shell:Creating package script '/home/orangepi/Desktop/SparkCar_ROS2_WS/SparkCar_Perception/install/vision_to_mavros/share/vision_to_mavros/package.zsh'
[19.018s] Level 1:colcon.colcon_core.environment:create_file_with_runtime_dependencies(/home/orangepi/Desktop/SparkCar_ROS2_WS/SparkCar_Perception/install/vision_to_mavros/share/colcon-core/packages/vision_to_mavros)
[19.019s] Level 1:colcon.colcon_core.environment:create_environment_scripts_only(vision_to_mavros)
[19.019s] Level 1:colcon.colcon_core.environment:checking '/home/orangepi/Desktop/SparkCar_ROS2_WS/SparkCar_Perception/install/vision_to_mavros' for CMake module files
[19.020s] Level 1:colcon.colcon_core.environment:checking '/home/orangepi/Desktop/SparkCar_ROS2_WS/SparkCar_Perception/install/vision_to_mavros' for CMake config files
[19.020s] Level 1:colcon.colcon_core.shell:create_environment_hook('vision_to_mavros', 'cmake_prefix_path')
[19.021s] INFO:colcon.colcon_core.shell:Creating environment hook '/home/orangepi/Desktop/SparkCar_ROS2_WS/SparkCar_Perception/install/vision_to_mavros/share/vision_to_mavros/hook/cmake_prefix_path.ps1'
[19.021s] INFO:colcon.colcon_core.shell:Creating environment descriptor '/home/orangepi/Desktop/SparkCar_ROS2_WS/SparkCar_Perception/install/vision_to_mavros/share/vision_to_mavros/hook/cmake_prefix_path.dsv'
[19.022s] INFO:colcon.colcon_core.shell:Creating environment hook '/home/orangepi/Desktop/SparkCar_ROS2_WS/SparkCar_Perception/install/vision_to_mavros/share/vision_to_mavros/hook/cmake_prefix_path.sh'
[19.023s] Level 1:colcon.colcon_core.environment:checking '/home/orangepi/Desktop/SparkCar_ROS2_WS/SparkCar_Perception/install/vision_to_mavros/lib'
[19.023s] Level 1:colcon.colcon_core.environment:checking '/home/orangepi/Desktop/SparkCar_ROS2_WS/SparkCar_Perception/install/vision_to_mavros/bin'
[19.023s] Level 1:colcon.colcon_core.environment:checking '/home/orangepi/Desktop/SparkCar_ROS2_WS/SparkCar_Perception/install/vision_to_mavros/lib/pkgconfig/vision_to_mavros.pc'
[19.023s] Level 1:colcon.colcon_core.environment:checking '/home/orangepi/Desktop/SparkCar_ROS2_WS/SparkCar_Perception/install/vision_to_mavros/lib/python3.10/site-packages'
[19.024s] Level 1:colcon.colcon_core.environment:checking '/home/orangepi/Desktop/SparkCar_ROS2_WS/SparkCar_Perception/install/vision_to_mavros/bin'
[19.024s] INFO:colcon.colcon_core.shell:Creating package script '/home/orangepi/Desktop/SparkCar_ROS2_WS/SparkCar_Perception/install/vision_to_mavros/share/vision_to_mavros/package.ps1'
[19.025s] INFO:colcon.colcon_core.shell:Creating package descriptor '/home/orangepi/Desktop/SparkCar_ROS2_WS/SparkCar_Perception/install/vision_to_mavros/share/vision_to_mavros/package.dsv'
[19.026s] INFO:colcon.colcon_core.shell:Creating package script '/home/orangepi/Desktop/SparkCar_ROS2_WS/SparkCar_Perception/install/vision_to_mavros/share/vision_to_mavros/package.sh'
[19.026s] INFO:colcon.colcon_core.shell:Creating package script '/home/orangepi/Desktop/SparkCar_ROS2_WS/SparkCar_Perception/install/vision_to_mavros/share/vision_to_mavros/package.bash'
[19.027s] INFO:colcon.colcon_core.shell:Creating package script '/home/orangepi/Desktop/SparkCar_ROS2_WS/SparkCar_Perception/install/vision_to_mavros/share/vision_to_mavros/package.zsh'
[19.028s] Level 1:colcon.colcon_core.environment:create_file_with_runtime_dependencies(/home/orangepi/Desktop/SparkCar_ROS2_WS/SparkCar_Perception/install/vision_to_mavros/share/colcon-core/packages/vision_to_mavros)
[19.028s] DEBUG:colcon.colcon_parallel_executor.executor.parallel:closing loop
[19.029s] DEBUG:colcon.colcon_parallel_executor.executor.parallel:loop closed
[19.029s] DEBUG:colcon.colcon_parallel_executor.executor.parallel:run_until_complete finished with '0'
[19.029s] DEBUG:colcon.colcon_core.event_reactor:joining thread
[19.032s] DEBUG:colcon.colcon_core.event_reactor:joined thread
[19.033s] INFO:colcon.colcon_core.shell:Creating prefix script '/home/orangepi/Desktop/SparkCar_ROS2_WS/SparkCar_Perception/install/local_setup.ps1'
[19.034s] INFO:colcon.colcon_core.shell:Creating prefix util module '/home/orangepi/Desktop/SparkCar_ROS2_WS/SparkCar_Perception/install/_local_setup_util_ps1.py'
[19.037s] INFO:colcon.colcon_core.shell:Creating prefix chain script '/home/orangepi/Desktop/SparkCar_ROS2_WS/SparkCar_Perception/install/setup.ps1'
[19.041s] INFO:colcon.colcon_core.shell:Creating prefix script '/home/orangepi/Desktop/SparkCar_ROS2_WS/SparkCar_Perception/install/local_setup.sh'
[19.042s] INFO:colcon.colcon_core.shell:Creating prefix util module '/home/orangepi/Desktop/SparkCar_ROS2_WS/SparkCar_Perception/install/_local_setup_util_sh.py'
[19.043s] INFO:colcon.colcon_core.shell:Creating prefix chain script '/home/orangepi/Desktop/SparkCar_ROS2_WS/SparkCar_Perception/install/setup.sh'
[19.046s] INFO:colcon.colcon_core.shell:Creating prefix script '/home/orangepi/Desktop/SparkCar_ROS2_WS/SparkCar_Perception/install/local_setup.bash'
[19.047s] INFO:colcon.colcon_core.shell:Creating prefix chain script '/home/orangepi/Desktop/SparkCar_ROS2_WS/SparkCar_Perception/install/setup.bash'
[19.051s] INFO:colcon.colcon_core.shell:Creating prefix script '/home/orangepi/Desktop/SparkCar_ROS2_WS/SparkCar_Perception/install/local_setup.zsh'
[19.052s] INFO:colcon.colcon_core.shell:Creating prefix chain script '/home/orangepi/Desktop/SparkCar_ROS2_WS/SparkCar_Perception/install/setup.zsh'
